url,type,lastmod
https://www.realpage.com/blog/5-ways-to-help-residents-calculate-renters-insurance-coverage/,posts,2017-09-11T09:00:04-05:00
https://www.realpage.com/blog/accept-make-online-payments-easier-residents/,posts,2016-03-08T22:19:05-06:00
https://www.realpage.com/blog/tips-for-preventing-rental-drop-box-theft/,posts,2016-11-25T11:41:32-06:00
https://www.realpage.com/blog/risky-business-avoiding-transferring-and-mitigating-risk-in-property-management/,posts,2018-07-16T14:18:38-05:00
https://www.realpage.com/blog/3-misconceptions-regarding-ada-and-fair-housing-accessibility-laws/,posts,2021-05-12T00:00:00-05:00
https://www.realpage.com/blog/10-ways-maintenance-team-can-improve-resident-experience/,posts,2016-03-24T22:08:14-05:00
https://www.realpage.com/blog/vendor-credentialing-protection-ebook/,posts,2017-11-13T17:55:27-06:00
https://www.realpage.com/blog/realpage-spend-management-purchasing-decisions/,posts,2018-02-13T17:39:13-06:00
https://www.realpage.com/blog/connecting-property-managers-vendors-made-simple/,posts,2021-06-21T00:00:00-05:00
https://www.realpage.com/blog/five-energy-management-designations-and-certifications/,posts,2013-09-06T11:10:26-05:00
https://www.realpage.com/blog/utility-billing-services-less-risky-business-more-recovery/,posts,2018-02-07T09:00:49-06:00
https://www.realpage.com/blog/how-determine-asset-health-performance-kpis/,posts,2018-02-27T09:00:12-06:00
https://www.realpage.com/blog/an-inside-view-on-real-estate-profit-margins/,posts,2016-06-08T15:55:09-05:00
https://www.realpage.com/blog/benchmarking-amenities-determine-true-value-price/,posts,2017-11-22T09:05:14-06:00
https://www.realpage.com/blog/user-management-made-simple-unified-platform/,posts,2018-07-17T11:22:38-05:00
https://www.realpage.com/blog/creating-amazing-resident-experiences-renter-lifecycle/,posts,2018-07-17T11:18:14-05:00
https://www.realpage.com/blog/qs-successful-revenue-managers-iq-eq-mq/,posts,2017-05-11T16:24:38-05:00
https://www.realpage.com/blog/8-key-segments-operation-master-property-management/,posts,2021-05-13T00:00:00-05:00
https://www.realpage.com/blog/4-areas-to-focus-on-to-better-understand-financial-budget-variances/,posts,2017-12-14T20:15:00-06:00
https://www.realpage.com/blog/7-tips-improve-property-management-expenses-financials/,posts,2017-10-16T10:00:13-05:00
https://www.realpage.com/blog/three-keys-successful-property-budget/,posts,2017-11-16T16:45:02-06:00
https://www.realpage.com/blog/navigating-multifamily-accounting-operations-software/,posts,2018-01-11T09:00:42-06:00
https://www.realpage.com/blog/job-costing-solution-improve-multifamily-project-management/,posts,2021-05-24T00:00:00-05:00
https://www.realpage.com/blog/portfolio-asset-metric-management/,posts,2018-03-07T09:00:31-06:00
https://www.realpage.com/blog/onesite-leasing-rents-enchanced-user-experience/,posts,2018-08-08T14:00:41-05:00
https://www.realpage.com/blog/avoiding-fraud-next-generation-identity-verification/,posts,2019-05-08T09:42:04-05:00
https://www.realpage.com/blog/artificial-intelligence-revolutionizing-resident-screening/,posts,2019-06-26T09:00:23-05:00
https://www.realpage.com/blog/the-rabbit-hole-of-rent-control/,posts,2019-11-28T12:00:00-06:00
https://www.realpage.com/blog/self-guided-tours-the-new-frontier-of-apartment-property-management/,posts,2020-01-29T17:00:00-06:00
https://www.realpage.com/blog/energy-summit-re-enforces-that-multifamily-wins-through-utility-management/,posts,2020-03-04T13:30:00-06:00
https://www.realpage.com/news/realpage-announces-ai-revenue-management/,posts,2020-02-27T13:08:55-06:00
https://www.realpage.com/news/apartment-developers-keep-building-despite-fears-rent-control-laws/,posts,2020-02-26T17:06:43-06:00
https://www.realpage.com/news/rentals-everywhere-no-place-live/,posts,2020-02-07T15:11:34-06:00
https://www.realpage.com/news/multifamily-faces-packed-development-pipeline/,posts,2020-02-04T10:53:22-06:00
https://www.realpage.com/news/coworking-spaces-amazon-drop-offs-karaoke-rooms-interactive-gyms-becoming-norm-luxury-orlando-apartments/,posts,2020-01-31T14:08:47-06:00
https://www.realpage.com/news/the-transformational-leadership-talks-series-featuring-taiwan-brown-vice-president-of-inclusion-community-relations/,posts,2020-01-30T10:14:12-06:00
https://www.realpage.com/news/raleigh-top-market-investing-rental-property-isnt-surprise/,posts,2020-01-29T10:10:05-06:00
https://www.realpage.com/news/huntsville-apartment-rents-jumped-nearly-8-percent-2019/,posts,2020-01-21T16:59:10-06:00
https://www.realpage.com/news/whats-horizon-charlottes-apartment-market-year/,posts,2020-01-20T14:07:34-06:00
https://www.realpage.com/news/student-housing-leader-campus-advantage-selects-realpage-student-renter-engagement-suite-increase-yields/,posts,2020-01-20T09:11:13-06:00
https://www.realpage.com/news/even-climbing-rents-phoenix-still-affordable-market/,posts,2020-01-17T10:39:03-06:00
https://www.realpage.com/news/aiming-wealthy-renters-developers-build-luxury-apartments-decades/,posts,2020-01-16T13:18:36-06:00
https://www.realpage.com/news/tech-sector-bolsters-housing-market-seattle-surrounding-area/,posts,2020-01-15T10:17:22-06:00
https://www.realpage.com/news/resident-retention-occupancy-levels-remain-high-miami/,posts,2020-01-14T10:06:57-06:00
https://www.realpage.com/news/residential-construction-remains-strong-denver/,posts,2020-01-13T12:12:55-06:00
https://www.realpage.com/news/student-housing-party-wall-street-may/,posts,2020-01-02T10:45:50-06:00
https://www.realpage.com/news/heres-will-happen-multifamily-real-estate-2020/,posts,2019-12-17T11:06:45-06:00
https://www.realpage.com/news/dallas-fort-worth-home-construction-sales-will-head-higher-2020/,posts,2019-12-16T12:52:28-06:00
https://www.realpage.com/news/huntsville-rents-rise-city-keeps-growing/,posts,2019-12-09T16:24:19-06:00
https://www.realpage.com/news/heres-whats-fueling-south-floridas-student-housing-construction-boom/,posts,2019-11-26T14:53:15-06:00
https://www.realpage.com/news/robots-taking-rental-screening-process/,posts,2019-11-25T11:01:58-06:00
https://www.realpage.com/news/report-austin-ranks-second-country-multifamily-housing-permits/,posts,2019-11-14T13:50:42-06:00
https://www.realpage.com/news/realpage-launches-corporate-citizenship-initiative-realpagegives/,posts,2019-11-12T09:37:30-06:00
https://www.realpage.com/news/communities-make-sustainability-improvements/,posts,2019-11-08T10:34:15-06:00
https://www.realpage.com/news/digital-lens-vr-can-inspire-better-managers/,posts,2019-11-07T16:26:50-06:00
https://www.realpage.com/news/major-miami-investor-buys-first-austin-multifamily-property-looks/,posts,2019-10-22T15:54:00-05:00
https://www.realpage.com/news/rents-new-mexicos-largest-city-appear-rising/,posts,2019-10-17T14:59:46-05:00
https://www.realpage.com/news/economist-predicts-mild-recession-store/,posts,2019-10-16T14:20:27-05:00
https://www.realpage.com/news/high-end-apartments-dominate-new-stock-dallas/,posts,2019-10-10T10:46:37-05:00
https://www.realpage.com/news/annette-vanduren-interviews-smartsource-accounting/,posts,2019-10-08T11:52:41-05:00
https://www.realpage.com/news/clickpay-realpage-company-expands-footprint-hackensack-nj/,posts,2019-10-03T14:22:14-05:00
https://www.realpage.com/news/realpage-mixed-use-assets-require-tailored-valuation-approach/,posts,2019-10-03T11:20:03-05:00
https://www.realpage.com/news/crow-holdings-enters-strategic-partnership-realpage/,posts,2019-07-23T11:16:30-05:00
https://www.realpage.com/news/realpage-releases-ai-screening/,posts,2019-06-26T09:00:08-05:00
https://www.realpage.com/news/propertyware-brings-exciting-new-leadership-offerings-imn-east/,posts,2019-05-29T12:21:49-05:00
https://www.realpage.com/news/realpage-hosts-executive-student-summit/,posts,2019-05-08T11:00:04-05:00
https://www.realpage.com/news/developer-looks-add-even-apartments-bustling-downtown-durham/,posts,2019-05-02T12:00:44-05:00
https://www.realpage.com/news/renter-boom-apartments-filling-faster-seattle-area-anywhere-u-s/,posts,2019-04-19T12:00:40-05:00
https://www.realpage.com/news/realpage-introduces-one-click-financial-close-management/,posts,2019-03-26T11:34:44-05:00
https://www.realpage.com/news/tech-war-talent-retention/,posts,2019-02-27T10:09:21-06:00
https://www.realpage.com/news/recession-watch-will-another-downturn-rock-housing-market/,posts,2019-02-21T10:00:15-06:00
https://www.realpage.com/news/amazons-nyc-pullout-shouldnt-long-term-impact-cre-market-experts/,posts,2019-02-15T12:00:00-06:00
https://www.realpage.com/news/amazon-new-york-city-fuggedaboutit/,posts,2019-02-15T10:45:35-06:00
https://www.realpage.com/news/report-providence-apartment-market-among-lowest-turnover-nation/,posts,2019-02-14T10:00:49-06:00
https://www.realpage.com/news/leaving-long-island-city-losing-amazon-hq2-mean-nycs-future/,posts,2019-02-13T12:00:20-06:00
https://www.realpage.com/news/renters-renewing-leases-ever/,posts,2019-02-08T12:00:48-06:00
https://www.realpage.com/news/realpage-awarded-second-place-leadership-development-category-atd-axis-awards/,posts,2019-01-31T11:26:32-06:00
https://www.realpage.com/news/apartment-rents-triangle-growing-faster-us-average/,posts,2019-01-30T12:00:45-06:00
https://www.realpage.com/news/houston-apartment-market-projected-improve-2019/,posts,2019-01-22T12:00:36-06:00
https://www.realpage.com/news/houston-major-u-s-market-lose-renters-2018/,posts,2019-01-18T12:00:03-06:00
https://www.realpage.com/news/microsoft-pledges-500-million-tackle-housing-crisis-seattle-eastside/,posts,2019-01-16T10:00:02-06:00
https://www.realpage.com/news/gamma-real-estate-chooses-realpage-portfolio-asset-management/,posts,2019-01-16T08:32:01-06:00
https://www.realpage.com/news/cre-investors-showing-growing-appetite-higher-yielding-alternative-assets/,posts,2019-01-15T14:05:51-06:00
https://www.realpage.com/news/lull-bay-area-rents-rising-not-like/,posts,2019-01-12T14:04:20-06:00
https://www.realpage.com/news/landlords-boosted-rents-last-year-tenants-may-soon-edge/,posts,2019-01-07T14:03:29-06:00
https://www.realpage.com/news/conti-organization-adopts-realpage-investment-accounting-platform/,posts,2019-01-03T12:12:47-06:00
https://www.realpage.com/news/12-cities-renters-bargaining-power-winter/,posts,2018-12-03T12:00:32-06:00
https://www.realpage.com/news/atlantas-near-top-relocation-destination/,posts,2018-11-28T12:00:01-06:00
https://www.realpage.com/news/will-nearly-1000-new-apartments-mean-downtown-east-lansing/,posts,2018-10-25T12:00:47-05:00
https://www.realpage.com/news/realpage-ftc-settlement-statement/,posts,2018-10-16T14:34:40-05:00
https://www.realpage.com/news/hoping-seattle-area-rents-get-cheap-dont-hold-breath/,posts,2018-10-12T12:00:23-05:00
https://www.realpage.com/news/seattle-rent-still-stalling-luxury-markets/,posts,2018-10-08T13:00:14-05:00
https://www.realpage.com/news/nine-cre-experts-weigh-impact-feds-likely-interest-rate-increase/,posts,2018-09-14T12:00:00-05:00
https://www.realpage.com/news/realpage-launches-commercial-property-management/,posts,2018-09-12T12:14:28-05:00
https://www.realpage.com/news/can-new-luxury-oakland-apartment-complex-snag-8000-townhouse/,posts,2018-09-12T12:00:03-05:00
https://www.realpage.com/news/walker-reynolds-selects-realpage-for-performance-analysis/,posts,2018-08-10T14:34:25-05:00
https://www.realpage.com/news/apartment-construction-denver-outpacing-national-trend/,posts,2018-07-28T10:00:13-05:00
https://www.realpage.com/news/security-deposit-alternatives-gaining-ground-rental-industry/,posts,2018-07-27T10:00:11-05:00
https://www.realpage.com/news/realpage-launches-kigohospitality-multifamily-short-term-rentals/,posts,2018-07-16T06:05:40-05:00
https://www.realpage.com/news/nps-rent-assurance-certified-realpage-exchange-apppartner/,posts,2018-07-12T06:00:53-05:00
https://www.realpage.com/news/real-estate-report-air-conditioning-gives-boost-home-sale-price/,posts,2018-07-08T10:00:58-05:00
https://www.realpage.com/news/apartment-rents-keep-rising-hot-hot-central-ohio/,posts,2018-07-06T12:00:25-05:00
https://www.realpage.com/news/home-prices-rental-rates-surge-jacksonville/,posts,2018-07-02T12:15:45-05:00
https://www.realpage.com/news/apartment-rents-actually-falling-d-fw-neighborhoods/,posts,2018-07-02T12:00:40-05:00
https://www.realpage.com/news/looking-apartment-great-time-rent/,posts,2018-06-27T11:00:25-05:00
https://www.realpage.com/news/focus-student-housing-amenities-changes-luxury-health-wellness/,posts,2018-06-15T16:00:29-05:00
https://www.realpage.com/news/princeton-rolling-out-realpage-solutions/,posts,2018-06-05T07:00:28-05:00
https://www.realpage.com/news/lots-apartments-built-fort-worth-rich-enough-rent-one/,posts,2018-06-04T15:33:48-05:00
https://www.realpage.com/news/charleston-based-greystar-keeps-lead-largest-apartment-property-manager/,posts,2018-06-02T15:38:03-05:00
https://www.realpage.com/news/realpage-announces-pricing-follow-public-offering-common-stock/,posts,2018-05-24T11:35:16-05:00
https://www.realpage.com/news/kigo-marketplace-powered-yapstone-launches-tackle-170-billion-vacation-rental-market/,posts,2018-05-22T12:00:28-05:00
https://www.realpage.com/news/concessions-lease-properties-still-common-many-markets/,posts,2018-05-15T12:00:55-05:00
https://www.realpage.com/news/dallas-apartments-offering-free-rent-bring-new-residents/,posts,2018-05-14T12:00:47-05:00
https://www.realpage.com/news/dallas-apartments-offer-one-countrys-largest-shares-free-rent/,posts,2018-05-14T12:00:44-05:00
https://www.realpage.com/news/atlanta-leads-country-apartment-lease-giveaways-analysis-finds/,posts,2018-05-14T10:00:28-05:00
https://www.realpage.com/news/proposed-hud-rent-reforms-locals-worrying-wondering/,posts,2018-05-11T12:00:17-05:00
https://www.realpage.com/news/developers-opening-building-apartment-amenities-outside-use-way-generate-interest-properties/,posts,2018-05-09T12:00:03-05:00
https://www.realpage.com/news/sacramento-will-faster-apartment-growth-large-u-s-city-analyst-predicts/,posts,2018-05-08T10:00:48-05:00
https://www.realpage.com/news/realpage-acquires-electronic-payment-platform-218-5m-deal/,posts,2018-04-20T14:25:07-05:00
https://www.realpage.com/news/richardson-based-realpage-bags-another-big-business-buy/,posts,2018-04-20T14:22:05-05:00
https://www.realpage.com/news/realpage-continues-growing-set-to-acquire-clickpay/,posts,2018-04-20T14:19:21-05:00
https://www.realpage.com/news/homeriver-group-selects-propertyware/,posts,2018-04-17T01:00:34-05:00
https://www.realpage.com/news/rents-metro-atlanta-still-competitive-cities/,posts,2018-04-13T12:00:09-05:00
https://www.realpage.com/news/austin-rent-prices-hitting-peaks/,posts,2018-04-07T12:00:17-05:00
https://www.realpage.com/news/rent-rising-slowly-easing-strain-americans/,posts,2018-03-29T12:00:13-05:00
https://www.realpage.com/news/greater-washington-becoming-renters-market-apartments/,posts,2018-03-22T13:45:37-05:00
https://www.realpage.com/news/exclusive-butler-service-included-rent-new-high-end-luxury-apartment-tower-soma/,posts,2018-03-21T12:00:04-05:00
https://www.realpage.com/news/outside-californias-bay-area-metro-denver-biggest-rent-increases-decade/,posts,2018-03-20T12:00:23-05:00
https://www.realpage.com/news/apartment-construction-booming-twin-cities-boom-even/,posts,2018-03-18T12:00:23-05:00
https://www.realpage.com/news/bay-area-rents-rise-cooling-off-period-real-estate-data-firm-reports/,posts,2018-03-15T12:00:47-05:00
https://www.realpage.com/news/winnresidential-converts-software-platform/,posts,2018-02-26T09:30:49-06:00
https://www.realpage.com/news/major-apartment-developer-acute-crisis-headed-way/,posts,2018-02-16T11:16:03-06:00
https://www.realpage.com/news/survey-break-austin-area-apartment-renters-last/,posts,2018-02-11T12:00:44-06:00
https://www.realpage.com/news/apartment-completions-reach-30-year-high-2017/,posts,2018-02-07T12:00:54-06:00
https://www.realpage.com/news/moorfield-group-selects-yieldstar-revenue-management/,posts,2018-02-06T10:49:31-06:00
https://www.realpage.com/news/apt-completions-hit-30-year-high/,posts,2018-01-30T12:00:44-06:00
https://www.realpage.com/news/housing-stock-give-dallas-edge-comes-amazons-hq2/,posts,2018-01-26T12:00:25-06:00
https://www.realpage.com/news/d-fw-can-house-amazons-thousands-hq2-workers-without-stressing-market/,posts,2018-01-26T12:00:11-06:00
https://www.realpage.com/news/seattle-area-added-12000-residential-units-2017-similar-outlook-2018/,posts,2018-01-26T12:00:04-06:00
https://www.realpage.com/news/d-c-ranks-fourth-place-u-s-metro-areas-rentals-delivered-2017/,posts,2018-01-26T10:00:39-06:00
https://www.realpage.com/news/dallas-passes-houston-top-spot-apartment-completions/,posts,2018-01-24T10:00:52-06:00
https://www.realpage.com/news/forecast-2018-dfw-will-still-top-u-s-apartment-market/,posts,2018-01-24T10:00:19-06:00
https://www.realpage.com/news/dallas-new-apartments-u-s-metro-2017/,posts,2018-01-23T10:00:24-06:00
https://www.realpage.com/news/seven-predictions-multifamily-sector-2018/,posts,2018-01-16T16:24:39-06:00
https://www.realpage.com/news/seattle-area-rents-drop-significantly-first-time-decade-new-apartments-sit-empty/,posts,2018-01-12T12:00:34-06:00
https://www.realpage.com/news/denvers-solution-housing-crisis-subsidize-rent-expensive-empty-apartments/,posts,2018-01-12T12:00:30-06:00
https://www.realpage.com/news/seattle-rent-theres-light-end-tunnel/,posts,2018-01-12T12:00:01-06:00
https://www.realpage.com/news/realpage-market-stable-number-unit-starts-less-certain-2018/,posts,2018-01-11T10:00:13-06:00
https://www.realpage.com/news/metro-denver-expects-another-12000-apartments-come-market-2018/,posts,2018-01-09T17:31:48-06:00
https://www.realpage.com/news/pem-real-estate-group-business-intelligence-solution/,posts,2018-01-08T16:47:00-06:00
https://www.realpage.com/news/guess-biggest-development-pipeline-apartments-u-s/,posts,2018-01-04T12:00:08-06:00
https://www.realpage.com/news/u-s-apartment-market-softens-supply-increases/,posts,2018-01-02T12:00:35-06:00
https://www.realpage.com/news/separating-apartment-affordability-facts-fiction/,posts,2017-12-30T10:00:18-06:00
https://www.realpage.com/news/10-markets-planned-multifamily-units/,posts,2017-12-18T12:00:51-06:00
https://www.realpage.com/news/multifamily-permits-plateauing/,posts,2017-12-15T12:00:36-06:00
https://www.realpage.com/news/d-fw-led-country-apartment-building-permits-october/,posts,2017-12-14T17:29:45-06:00
https://www.realpage.com/news/cre-industry-reacts-another-fed-rate-hike/,posts,2017-12-14T12:00:54-06:00
https://www.realpage.com/news/pipeline-thins-major-apt-markets/,posts,2017-12-11T14:07:47-06:00
https://www.realpage.com/news/realpage-revives-richardson-holiday-tradition-drivers-may-appreciate/,posts,2017-12-05T12:00:10-06:00
https://www.realpage.com/news/realpage-awarded-2017-edge-newcomer-business-award/,posts,2017-11-21T14:35:02-06:00
https://www.realpage.com/news/houston-apartment-rents-rebound/,posts,2017-11-21T12:00:45-06:00
https://www.realpage.com/news/business-intelligence-holds-answer-multifamilys-future/,posts,2017-11-20T12:00:27-06:00
https://www.realpage.com/news/dallas-area-apartment-rent-gains-slowed-october/,posts,2017-11-18T12:00:57-06:00
https://www.realpage.com/news/apartment-investors-eye-orlando/,posts,2017-11-13T12:23:52-06:00
https://www.realpage.com/news/orlando-no-1-apartment-building-sales/,posts,2017-11-13T12:00:44-06:00
https://www.realpage.com/news/civitas-senior-living-deploys-realpage-software/,posts,2017-11-09T12:36:29-06:00
https://www.realpage.com/news/wave-apartment-deliveries-keyed-hit-dfw-suburbs-2018/,posts,2017-11-09T12:00:50-06:00
https://www.realpage.com/news/amid-housing-crisis-builders-just-arent-delivering-sorely-needed-apartments/,posts,2017-11-09T12:00:07-06:00
https://www.realpage.com/news/charlotte-among-top-u-s-metros-new-apartments-q3-heres-theyre-going/,posts,2017-11-08T12:00:21-06:00
https://www.realpage.com/news/dallas-area-builders-play-catch-apartment-construction-permits/,posts,2017-11-07T12:00:33-06:00
https://www.realpage.com/news/denver-remains-leader-market-strength/,posts,2017-11-01T12:00:20-05:00
https://www.realpage.com/news/south-florida-apartment-occupancy-rates-decline-q3-amid-rising-supply/,posts,2017-10-27T12:00:40-05:00
https://www.realpage.com/news/apartment-demand-east-valley-warnings-sounded/,posts,2017-10-23T12:00:56-05:00
https://www.realpage.com/news/much-rent-go-october-2017-edition/,posts,2017-10-23T12:00:18-05:00
https://www.realpage.com/news/propertyware-named-vendor-of-the-year/,posts,2017-10-18T11:11:50-05:00
https://www.realpage.com/news/lyon-living-adopts-realpage-solutions/,posts,2017-10-18T05:34:42-05:00
https://www.realpage.com/news/rents-declining-apartments-sitting-vacant-multifamily-glut-hits-philadelphia/,posts,2017-10-17T12:00:16-05:00
https://www.realpage.com/news/renters-market-philly-landlords-cut-prices-offer-enticements-woo-tenants/,posts,2017-10-16T12:00:08-05:00
https://www.realpage.com/news/deadly-california-fires-stretch-already-tight-housing-market/,posts,2017-10-13T12:00:05-05:00
https://www.realpage.com/news/study-harvey-damaged-43000-apartments-houston/,posts,2017-10-06T12:00:28-05:00
https://www.realpage.com/news/apartment-rents-rising-harveys-wake/,posts,2017-10-06T12:00:01-05:00
https://www.realpage.com/news/seattle-tops-nation-new-apartments-theyre-expensive-full-millennials/,posts,2017-10-05T12:00:19-05:00
https://www.realpage.com/news/hurricane-harvey-flooded-6-percent-houston-apartments-data-firm-estimates/,posts,2017-10-04T12:00:46-05:00
https://www.realpage.com/news/good-news-dallas-area-apartment-residents-rent-increases-slowing/,posts,2017-10-03T12:00:41-05:00
https://www.realpage.com/news/labor-shortages-high-cost-building-materials-delay-56000-apartments/,posts,2017-10-03T12:00:32-05:00
https://www.realpage.com/news/building-boom-10-cities-approving-multifamily-permits/,posts,2017-09-24T12:00:35-05:00
https://www.realpage.com/news/rents-keep-rising-incomes-grow-keep-areas/,posts,2017-09-18T12:00:48-05:00
https://www.realpage.com/news/rising-rent-myth-many-incomes-seem-keeping/,posts,2017-09-17T12:00:56-05:00
https://www.realpage.com/news/dallas-apartment-permits-dip-20-percent-first-real-sign-building-slowdown/,posts,2017-09-12T12:00:45-05:00
https://www.realpage.com/news/large-number-vacant-apartments-will-help-houston-harvey-aftermath/,posts,2017-08-30T12:00:53-05:00
https://www.realpage.com/news/houstons-apartment-surplus-will-come-handy-harvey/,posts,2017-08-30T12:00:03-05:00
https://www.realpage.com/news/apartments-markets-hot-cooling-phoenix-stands/,posts,2017-08-25T12:00:59-05:00
https://www.realpage.com/news/close-look-urban-core-apartment-market-performances/,posts,2017-08-22T12:00:03-05:00
https://www.realpage.com/news/richardson-rental-company-realpage-creating-150-new-jobs-south-carolina/,posts,2017-08-09T12:00:14-05:00
https://www.realpage.com/news/mercy-housing-selects-realpage-to-manage-all-assets/,posts,2017-08-08T07:00:01-05:00
https://www.realpage.com/news/realpage-add-150-jobs-contact-center/,posts,2017-08-07T12:00:38-05:00
https://www.realpage.com/news/realpage-acquire-leasing-platform-site/,posts,2017-08-03T12:00:53-05:00
https://www.realpage.com/news/realpage-acquires-fourth-company-year-250m/,posts,2017-08-03T12:00:35-05:00
https://www.realpage.com/news/realpage-reports-second-quarter-2017-financial-results/,posts,2017-08-02T12:53:21-05:00
https://www.realpage.com/news/richardsons-realpage-pays-250-million-california-firm/,posts,2017-08-02T12:00:56-05:00
https://www.realpage.com/news/realpage-continues-expanding-agrees-buy-site-250-million/,posts,2017-08-02T12:00:04-05:00
https://www.realpage.com/news/investors-dfw-apartments-coming-going/,posts,2017-08-01T12:00:31-05:00
https://www.realpage.com/news/capreit-residential-management-chooses-realpage-software-following-competitive-review/,posts,2017-07-12T17:53:34-05:00
https://www.realpage.com/news/apartment-rents-increasing-demand-remains-strong/,posts,2017-07-07T12:00:29-05:00
https://www.realpage.com/news/apartment-occupancy-rate-nears-record-high/,posts,2017-07-06T12:00:18-05:00
https://www.realpage.com/news/think-d-fw-apartment-rents-high-aint-seen-nothing-yet/,posts,2017-07-06T09:53:58-05:00
https://www.realpage.com/news/renter-demand-near-record-levels-2/,posts,2017-06-30T12:12:44-05:00
https://www.realpage.com/news/residential-us-no-fixed-abode/,posts,2017-06-30T12:00:59-05:00
https://www.realpage.com/news/u-s-apartment-inventory-nearly-full-highlighting-supply-crunch/,posts,2017-06-30T12:00:10-05:00
https://www.realpage.com/news/even-thousands-new-apartments-dfw-outpaces-u-s-rental-rate-growth/,posts,2017-06-29T12:13:09-05:00
https://www.realpage.com/news/sacramento-rents-fastest-rising-nation/,posts,2017-06-29T12:00:56-05:00
https://www.realpage.com/news/apartment-demand-near-record-highs/,posts,2017-06-29T12:00:39-05:00
https://www.realpage.com/news/d-fw-apartment-leasing-highest-level-decade/,posts,2017-06-29T12:00:32-05:00
https://www.realpage.com/news/report-houston-rents-occupancy-unchanged-earlier-year/,posts,2017-06-29T12:00:15-05:00
https://www.realpage.com/news/report-houston-apartment-supply-vs-demand-tipping-point/,posts,2017-06-29T12:00:04-05:00
https://www.realpage.com/news/many-luxury-apartments-can-denverites-fill-experts-say-market-topping/,posts,2017-06-25T12:00:21-05:00
https://www.realpage.com/news/realpage-snaps-another-company-toward-goal-1b-powerhouse/,posts,2017-06-20T12:59:46-05:00
https://www.realpage.com/news/70m-acquisition-realpage-taps-new-energy-management-platform/,posts,2017-06-20T12:54:41-05:00
https://www.realpage.com/news/richardsons-realpage-buys-american-utility-management-70-million/,posts,2017-06-19T13:08:38-05:00
https://www.realpage.com/news/realpage-expanding-acquires-american-utility-management/,posts,2017-06-19T13:05:27-05:00
https://www.realpage.com/news/realpages-latest-acquisition-expands-firms-resident-utility-management-platform/,posts,2017-06-19T13:02:52-05:00
https://www.realpage.com/news/realpage-acquires-utility-mgmt-provider/,posts,2017-06-19T13:01:44-05:00
https://www.realpage.com/news/wake-call-really-10-years-behind/,posts,2017-06-13T16:00:45-05:00
https://www.realpage.com/news/500m-new-apartments-designed-help-seattles-middle-class/,posts,2017-06-10T16:58:25-05:00
https://www.realpage.com/news/renter-demand-near-record-levels/,posts,2017-06-10T12:00:44-05:00
https://www.realpage.com/news/realpage-reacts-texas-governor-greg-abbott-signing-senate-bill-873-law-2/,posts,2017-06-09T15:36:53-05:00
https://www.realpage.com/news/realpage-reacts-texas-governor-greg-abbott-signing-senate-bill-873-law/,posts,2017-06-08T15:34:55-05:00
https://www.realpage.com/news/cities-biggest-shortage-lihtc-apartments/,posts,2017-05-15T16:19:52-05:00
https://www.realpage.com/news/cres-forgotten-software-user-solution/,posts,2017-05-15T16:02:51-05:00
https://www.realpage.com/news/how-charlottes-apartment-projects-planned-three-years-ago-have-come-to-fruition/,posts,2017-05-11T16:24:28-05:00
https://www.realpage.com/news/report-houston-among-top-5-cities-for-apartment-completions-despite-oil-slump/,posts,2017-05-03T16:28:54-05:00
https://www.realpage.com/news/delays-on-apartment-projects-keep-vacancies-low-for-now/,posts,2017-05-02T16:33:30-05:00
https://www.realpage.com/news/inside-realpages-new-interactive-campus-richardsons-telecom-corridor/,posts,2017-05-01T14:43:44-05:00
https://www.realpage.com/news/former-telecom-corridor-hub-gets-new-life-realpage-hq/,posts,2017-04-27T14:35:46-05:00
https://www.realpage.com/news/pccp-llc-selects-realpage-portfolio-asset-management-tool/,posts,2017-04-12T09:05:01-05:00
https://www.realpage.com/news/higher-rents-bite-d-fw-apartment-residents-first-quarter/,posts,2017-03-31T11:22:24-05:00
https://www.realpage.com/news/america-building-apartments-renters-want/,posts,2017-03-31T11:21:02-05:00
https://www.realpage.com/news/occupancy-falls-apartment-landlords-sweeten-pot/,posts,2017-03-31T10:32:18-05:00
https://www.realpage.com/news/delivery-uptick-meets-seasonal-leasing-dip/,posts,2017-03-30T11:26:02-05:00
https://www.realpage.com/news/real-estate-advisory-firm-rclco-selects-realpage-portfolio-asset-management-software/,posts,2017-03-27T09:30:27-05:00
https://www.realpage.com/news/multifamilys-lowest-risk-markets-highest/,posts,2017-03-20T10:00:54-05:00
https://www.realpage.com/news/software-transforms-property-management-learn/,posts,2017-03-15T08:50:39-05:00
https://www.realpage.com/news/introducing-realpage-asset-investment-management-solutions/,posts,2017-03-10T10:23:30-06:00
https://www.realpage.com/news/checks-and-balances/,posts,2017-03-01T23:11:38-06:00
https://www.realpage.com/news/morgan-properties-extends-relationship-with-realpage-contact-center/,posts,2017-02-22T16:59:44-06:00
https://www.realpage.com/news/realpage-names-brock-maclean-to-svp-of-business-development/,posts,2017-02-13T04:27:55-06:00
https://www.realpage.com/news/reports-show-rental-cooloff-silicon-valley/,posts,2017-02-06T19:27:11-06:00
https://www.realpage.com/news/realpage-portfolio-asset-management-tool-chosen-by-global-investment-firm-harbert-management-corp/,posts,2017-02-06T00:56:51-06:00
https://www.realpage.com/news/realpage-launches-new-easylms-platform-transform-property-management-employees-learn/,posts,2017-01-31T02:44:39-06:00
https://www.realpage.com/news/apartment-market-data-firm-axiometrics-acquired/,posts,2017-01-25T23:01:58-06:00
https://www.realpage.com/news/realpage-seeks-build-apartment-data-giant-acquisition-axiometrics/,posts,2017-01-25T23:00:49-06:00
https://www.realpage.com/news/realpage-acquire-dallas-based-apartment-research-firm-75m/,posts,2017-01-24T20:35:17-06:00
https://www.realpage.com/news/top-north-texas-apartment-analysts-merging-operations/,posts,2017-01-24T20:00:58-06:00
https://www.realpage.com/news/weeks-dallas-fort-worth-deal-sheet/,posts,2017-01-24T19:54:37-06:00
https://www.realpage.com/news/brief-realpage-buy-axiometrics-75-mln/,posts,2017-01-24T17:44:22-06:00
https://www.realpage.com/news/realpage-certifies-major-consulting-partners-accelerate-adoption-institutional-offerings/,posts,2017-01-16T15:30:47-06:00
https://www.realpage.com/news/houston-ranked-no-1-metro-apartment-completions-2016/,posts,2017-01-10T23:02:44-06:00
https://www.realpage.com/news/fort-worth-dallas-lead-nation-2016-rent-increases-no-relief-sight-say-experts-2/,posts,2017-01-09T23:29:02-06:00
https://www.realpage.com/news/depending-area-apartment-rents-head-opposite-directions/,posts,2017-01-07T23:01:56-06:00
https://www.realpage.com/news/houston-leads-nation-apartment-construction/,posts,2017-01-04T23:01:23-06:00
https://www.realpage.com/news/rent-increases-slowing-charlotte-prices-still-going-way-faster-average/,posts,2017-01-04T22:59:59-06:00
https://www.realpage.com/news/luxury-apartment-bust/,posts,2017-01-03T23:24:23-06:00
https://www.realpage.com/news/luxury-apartment-boom-looks-set-fizzle-2017/,posts,2017-01-02T22:54:02-06:00
https://www.realpage.com/news/seattles-record-apartment-boom-ready-explode/,posts,2016-12-30T22:53:34-06:00
https://www.realpage.com/news/developers-dfw-ante-apartments-2017/,posts,2016-12-30T22:52:29-06:00
https://www.realpage.com/news/milwaukee-high-rise-apartment-rents-past-year/,posts,2016-12-26T22:51:37-06:00
https://www.realpage.com/news/houstons-high-rise-apartment-rents-fell-nationally-2016/,posts,2016-12-22T22:52:01-06:00
https://www.realpage.com/news/much-will-local-apartment-rents-rise-2017-heres-one-firm-says/,posts,2016-12-16T22:49:24-06:00
https://www.realpage.com/news/forecast-houston-multifamily-market-remain-soft-2017/,posts,2016-12-09T22:34:51-06:00
https://www.realpage.com/news/developers-arent-building-affordable-apartments-houston/,posts,2016-12-09T22:33:15-06:00
https://www.realpage.com/news/spokane-area-apartment-occupancy-rate-ranks-high-nationally/,posts,2016-12-01T22:46:16-06:00
https://www.realpage.com/news/rental-gap-widens-c-product/,posts,2016-12-01T22:24:38-06:00
https://www.realpage.com/news/investors-business-daily-realpage-delivers-impressive-growth/,posts,2016-11-21T19:29:31-06:00
https://www.realpage.com/news/mpf-research-featured-in-publications-reveals-apartment-occupancy-at-record-16-year-high-and-what-that-means-for-supply-and-demand/,posts,2016-10-03T17:48:33-05:00
https://www.realpage.com/news/urbanland-magazine-klyde-warren-park-and-the-katy-trail/,posts,2016-09-28T13:38:38-05:00
https://www.realpage.com/news/realpage-to-present-at-smash-2016/,posts,2016-09-15T21:15:16-05:00
https://www.realpage.com/news/publications-use-mpf-research-to-support-market-rise/,posts,2016-08-29T22:08:06-05:00
https://www.realpage.com/news/nmhc-launches-new-non-profit-research-foundation-to-expand-industrys-body-of-research-and-analysis/,posts,2016-08-16T22:57:30-05:00
https://www.realpage.com/news/greg-willett/,posts,2016-07-21T20:31:54-05:00
https://www.realpage.com/news/senior-housing/,posts,2016-07-21T20:31:02-05:00
https://www.realpage.com/news/realpage-top-15-cloud-market/,posts,2016-07-21T19:57:59-05:00
https://www.realpage.com/news/mtec-2016-recap/,posts,2016-07-21T18:33:03-05:00
https://www.realpage.com/news/2630-2/,posts,2016-07-21T18:16:39-05:00
https://www.realpage.com/news/pcbc-conference-featured-presenters/,posts,2016-07-21T17:00:10-05:00
https://www.realpage.com/news/mpf-research-drives-real-estate-discussion-media/,posts,2016-06-24T18:55:42-05:00
https://www.realpage.com/news/chief-economist-of-realpage-gives-mid-year-forecast-at-naree/,posts,2016-06-24T16:23:21-05:00
https://www.realpage.com/news/realpage-financial-solutions-featured-pubs/,posts,2016-06-24T15:53:28-05:00
https://www.realpage.com/news/mpf-research-vp-conference-panels/,posts,2016-06-24T15:52:38-05:00
https://www.realpage.com/news/realpage-leads-conversation-naa-conference/,posts,2016-06-24T15:52:19-05:00
https://www.realpage.com/news/senior-housing-forum-proposes-importance-of-resident-insurance/,posts,2016-06-24T15:51:54-05:00
https://www.realpage.com/news/senior-housing-forum-introduces-online-payment/,posts,2016-06-24T15:51:26-05:00
https://www.realpage.com/news/apts-magazine-features/,posts,2016-06-24T14:51:48-05:00
https://www.realpage.com/news/mpf-research-data-draws-pivotal-conclusions-in-market/,posts,2016-06-22T20:41:01-05:00
https://www.realpage.com/news/enterprise-accounting-solution/,posts,2016-06-20T14:22:02-05:00
https://www.realpage.com/news/realpage-acquires-esupply-systems/,posts,2016-06-16T17:17:32-05:00
https://www.realpage.com/news/realpage-acquires-asseteye/,posts,2016-05-17T14:59:22-05:00
https://www.realpage.com/news/realpage-launches-var-partner-program-commercial-solution/,posts,2016-05-11T16:38:07-05:00
https://www.realpage.com/news/aim-conference-to-feature-realpage-experts/,posts,2016-04-26T15:11:20-05:00
https://www.realpage.com/news/research-from-realpage-shows-mandatory-renters-insurance-does-not-negatively-impact-revenue-performance/,posts,2016-04-11T16:05:20-05:00
https://www.realpage.com/news/realpage-rental-housing-experts-to-speak-at-nmhc-research-forum/,posts,2016-03-16T20:46:03-05:00
https://www.realpage.com/news/realpage-student-experts-to-speak-at-broadband-communities/,posts,2016-03-14T20:35:05-05:00
https://www.realpage.com/news/kigo-expert-to-speak-at-world-travel-market-latin-america/,posts,2016-03-14T20:19:27-05:00
https://www.realpage.com/news/kigo-vice-president-matt-hoffman-to-speak-at-vrma-europe/,posts,2016-03-14T20:09:55-05:00
https://www.realpage.com/news/realpage-screening-in-senior-living-is-a-must/,posts,2016-01-14T17:38:40-06:00
https://www.realpage.com/news/mpf-research-discussed-latest-apartment-market-news/,posts,2016-01-05T16:33:20-06:00
https://www.realpage.com/news/realpage-senior-living-talks-screening-with-mcknights/,posts,2015-12-18T19:47:36-06:00
https://www.realpage.com/news/realpage-payment-options-curbs-theft/,posts,2015-12-14T19:45:34-06:00
https://www.realpage.com/news/mpf-researchs-parsons-questions-affordable-housing-crisis/,posts,2015-12-02T15:47:13-06:00
https://www.realpage.com/news/realpage-to-moderate-panel-at-interface-multifamily-southeast/,posts,2015-12-02T15:31:43-06:00
https://www.realpage.com/news/realpage-stays-connected-with-student-housing-business/,posts,2015-11-06T19:56:24-06:00
https://www.realpage.com/news/realpage-at-nmhc-optech-2015/,posts,2015-11-06T19:38:07-06:00
https://www.realpage.com/news/kigo-releases-enhancements-to-save-time-reduce-costs-and-improve-owner-staff-and-guest-relations/,posts,2015-10-27T14:46:04-05:00
https://www.realpage.com/news/willett-realshare-apartments-2015/,posts,2015-10-14T15:57:23-05:00
https://www.realpage.com/news/senior-living-10-tips-to-creating-your-best-budget-ever/,posts,2015-10-14T14:46:17-05:00
https://www.realpage.com/news/mpf-expert-speaks-2015-mfe-conference/,posts,2015-10-01T16:38:46-05:00
https://www.realpage.com/news/realpage-chief-economist-to-speak-to-arizona-multihousing-association/,posts,2015-09-18T14:50:40-05:00
https://www.realpage.com/news/mpf-researchs-insights-on-renewals-highlighted-on-globest-and-inman-news/,posts,2015-09-16T14:26:25-05:00
https://www.realpage.com/news/mcknights-assisted-living-senior-housing-forum-feature-realpage/,posts,2015-09-10T18:05:56-05:00
https://www.realpage.com/news/yieldstar-president-to-speak-at-naa-maximize-2015/,posts,2015-09-10T16:25:01-05:00
https://www.realpage.com/news/mpf-research-shares-insights-on-apartment-markets/,posts,2015-09-10T16:07:56-05:00
https://www.realpage.com/news/interface-multifamily-texas-features-realpage-chief-economist/,posts,2015-08-25T19:50:57-05:00
https://www.realpage.com/news/realpage-to-speak-at-realshare-student-housing/,posts,2015-08-25T19:35:28-05:00
https://www.realpage.com/news/realpage-products-featured-in-industry-pubs/,posts,2015-08-12T16:37:22-05:00
https://www.realpage.com/news/realpage-appoints-kathryn-v-marinello-to-board-of-directors/,posts,2015-07-13T15:45:37-05:00
https://www.realpage.com/news/yieldstars-keith-dunkin-featured-on-naatv/,posts,2015-07-08T15:22:29-05:00
https://www.realpage.com/news/the-home-depot-joins-the-realpage-vendor-network/,posts,2015-06-24T18:15:57-05:00
https://www.realpage.com/news/realpage-at-2015-naa-education-conference/,posts,2015-06-11T19:22:51-05:00
https://www.realpage.com/news/mpf-vice-president-to-speak-at-pcbc-conference/,posts,2015-06-10T19:08:46-05:00
https://www.realpage.com/news/realpage-promotes-david-monk-to-chief-legal-officer/,posts,2015-05-07T14:54:00-05:00
https://www.realpage.com/news/realpage-to-speak-at-aim-conference/,posts,2015-04-29T19:01:16-05:00
https://www.realpage.com/news/realpage-mpf-to-speak-at-crittenden-multifamily-west/,posts,2015-04-27T19:02:49-05:00
https://www.realpage.com/news/kigo-announces-revenue-management-solution-for-vacation-rentals/,posts,2015-04-24T20:20:51-05:00
https://www.realpage.com/news/realpage-senior-living-speak-ohca-event/,posts,2015-04-16T15:45:33-05:00
https://www.realpage.com/news/realpage-to-present-at-william-blair-real-estate-services-technology-summit/,posts,2015-03-20T20:43:52-05:00
https://www.realpage.com/news/realpage-acquires-integrates-two-vacation-rental-management-platforms/,posts,2015-03-16T20:48:56-05:00
https://www.realpage.com/news/realpage-group-vp-speak-crittenden-multifamily/,posts,2015-03-01T18:00:38-06:00
https://www.realpage.com/news/interstate-realty-management-company-selects-realpage/,posts,2015-02-23T20:04:41-06:00
https://www.realpage.com/news/narpm-brokerowner-event-feature-realpage-social-media-strategist/,posts,2015-02-02T15:36:18-06:00
https://www.realpage.com/news/caa-professional-property-managers-forum-welcomes-mpf-researchs-greg-willett/,posts,2015-01-07T16:12:13-06:00
https://www.realpage.com/news/realpage-speak-multifamily-social-media-summit/,posts,2015-01-07T16:11:18-06:00
https://www.realpage.com/news/mpf-researchs-parsons-willett-speak-nmhc-apartment-strategies-outlook-conference/,posts,2015-01-05T16:52:21-06:00
https://www.realpage.com/news/mpf-research-gains-regional-coverage-miami-charlotte-austin-san-antonio/,posts,2014-12-17T21:18:28-06:00
https://www.realpage.com/news/realpage-moderate-panel-interface-multifamily-southeast/,posts,2014-12-01T16:03:07-06:00
https://www.realpage.com/news/realpage-extends-commitment-transforming-customer-experience/,posts,2014-11-18T16:21:07-06:00
https://www.realpage.com/news/realpage-contributes-units-article-collections/,posts,2014-11-05T18:20:19-06:00
https://www.realpage.com/news/mpfs-willett-speaking-nmhc-optech-2014/,posts,2014-11-05T17:35:17-06:00
https://www.realpage.com/news/mpfs-parsons-debates-elusive-millennial-generation/,posts,2014-10-22T17:38:17-05:00
https://www.realpage.com/news/multifamily-economists-weigh-liberal-mortgage-standards/,posts,2014-10-22T17:13:01-05:00
https://www.realpage.com/news/realpage-vacation-rental-solutions-wired-vrm-intel-skift/,posts,2014-10-21T15:40:00-05:00
https://www.realpage.com/news/mpf-talks-apartment-markets-multifamily-executive/,posts,2014-10-21T15:30:09-05:00
https://www.realpage.com/news/debra-stockton-sit-panel-napbs-annual-conference/,posts,2014-10-09T15:36:28-05:00
https://www.realpage.com/news/realpages-vice-president-of-leasestar-to-speak-at-multifamilypros-brainstorming-sessions/,posts,2014-10-09T12:05:51-05:00
https://www.realpage.com/news/narpm-annual-feature-propertyware-leaders/,posts,2014-10-08T20:19:35-05:00
https://www.realpage.com/news/mpf-research-parsons-sit-next-gen-panel-realshare-apartments/,posts,2014-10-08T20:09:50-05:00
https://www.realpage.com/news/mpf-researchs-parsons-selected-speak-uli/,posts,2014-09-29T17:38:08-05:00
https://www.realpage.com/news/mpf-research-yieldstar-speakers-marcus-millichap-forum/,posts,2014-09-24T19:20:47-05:00
https://www.realpage.com/news/realpages-fullaway-featured-senior-living-executive/,posts,2014-09-22T22:14:40-05:00
https://www.realpage.com/news/parsons-chats-multifamily-banking-newsmax-finance/,posts,2014-09-22T21:44:04-05:00
https://www.realpage.com/news/dallas-morning-news-mpf-research-report-new-urban-developments/,posts,2014-09-22T16:04:50-05:00
https://www.realpage.com/news/parsons-bylines-american-banker-article-multifamily-banking/,posts,2014-09-18T18:32:03-05:00
https://www.realpage.com/news/realpage-senior-living-expert-fullaway-speak-ohca-conference/,posts,2014-09-09T19:02:55-05:00
https://www.realpage.com/news/realpage-honored-2014-mhn-tech-choice-awards/,posts,2014-09-08T15:57:23-05:00
https://www.realpage.com/news/mpf-researchs-parsons-talks-urban-dwelling/,posts,2014-08-20T21:55:56-05:00
https://www.realpage.com/news/seasonal-bids-names-propertyware-must-software/,posts,2014-08-14T15:10:14-05:00
https://www.realpage.com/news/mpf-research-predicts-central-florida-market-globest-com/,posts,2014-08-14T15:01:47-05:00
https://www.realpage.com/news/apps-run-world-names-realpage-top-enterprise-application-vendor/,posts,2014-08-14T14:51:59-05:00
https://www.realpage.com/news/leasestar-president-speak-socal-caa-connect-expo/,posts,2014-08-01T09:25:17-05:00
https://www.realpage.com/news/listen-mpf-expert-willett-commerical-real-estate-show/,posts,2014-07-25T16:05:09-05:00
https://www.realpage.com/news/realpage-pledges-half-million-dollars-naaei-now-capital-campaign/,posts,2014-07-21T12:07:23-05:00
https://www.realpage.com/news/realpage-zillow-form-new-partnership/,posts,2014-07-21T11:02:17-05:00
https://www.realpage.com/news/mpf-researchs-parsons-provides-expert-advice-millennials/,posts,2014-07-16T21:36:15-05:00
https://www.realpage.com/news/instamanagers-hoffman-published-vrma-magazine/,posts,2014-07-11T20:42:35-05:00
https://www.realpage.com/news/realpages-massey-awarded-paragon-award/,posts,2014-07-10T21:23:56-05:00
https://www.realpage.com/news/realpage-recognized-dallas-business-journal/,posts,2014-07-08T16:34:37-05:00
https://www.realpage.com/news/leasestar-president-talks-lead-management-multi-housing-news/,posts,2014-07-08T14:58:25-05:00
https://www.realpage.com/news/new-york-daily-news-talks-climbing-rents-yieldstar/,posts,2014-06-27T14:55:00-05:00
https://www.realpage.com/news/mpf-researchs-parsons-helps-figure-gen-y-generation/,posts,2014-06-27T14:10:50-05:00
https://www.realpage.com/news/instamanagers-hoffman-gives-qa-dwellable-blog/,posts,2014-06-18T19:08:30-05:00
https://www.realpage.com/news/lowes-proservices-enters-strategic-agreement-realpages-opstechnology/,posts,2014-06-17T14:30:37-05:00
https://www.realpage.com/news/mpfs-willett-speak-multifamily-trends-conference/,posts,2014-06-16T09:37:33-05:00
https://www.realpage.com/news/west-dallas-new-apartment-hotspot-according-dallas-morning-news/,posts,2014-06-06T15:23:34-05:00
https://www.realpage.com/news/realpage-acquires-notivus-multi-family-llc/,posts,2014-05-14T19:31:11-05:00
https://www.realpage.com/news/realpage-expert-speak-realshare-student-housing-conference/,posts,2014-05-13T19:35:00-05:00
https://www.realpage.com/news/realpage-hires-former-homes-com-executive-jason-doyle/,posts,2014-05-12T17:45:37-05:00
https://www.realpage.com/news/mpf-research-talks-millennials-mfe-magazine/,posts,2014-05-08T17:45:41-05:00
https://www.realpage.com/news/realpages-realworld-user-conference-video-named-runner/,posts,2014-05-08T17:40:56-05:00
https://www.realpage.com/news/mpf-research-yieldstar-talk-rent-pricing-charlotte-observer/,posts,2014-04-28T16:56:52-05:00
https://www.realpage.com/news/realpage-talks-social-media-aagd-education-event/,posts,2014-04-28T16:42:21-05:00
https://www.realpage.com/news/apartment-stars-tour-features-realpage-social-media-experts/,posts,2014-04-23T18:46:59-05:00
https://www.realpage.com/news/mpf-research-experts-chat-multifamily-executive-magazine/,posts,2014-04-23T18:32:29-05:00
https://www.realpage.com/news/mynewplace-announces-newest-addition-mobile-family/,posts,2014-04-02T16:45:04-05:00
https://www.realpage.com/news/realpage-announces-chief-financial-officer-transition/,posts,2014-03-24T19:59:36-05:00
https://www.realpage.com/news/propertyware-contact-center-redefines-customer-service-access-property-management-group/,posts,2014-03-07T15:56:31-06:00
https://www.realpage.com/news/realpage-welcomes-23-year-real-estate-technology-industry-vet-ed-wolff/,posts,2014-03-04T16:29:55-06:00
https://www.realpage.com/news/realpage-announces-legendary-chicago-bears-football-coach-mike-ditka-keynote-2014-realworld-user-conference/,posts,2014-02-04T17:17:02-06:00
https://www.realpage.com/news/realpage-acquires-activebuilding/,posts,2013-10-29T14:49:33-05:00
https://www.realpage.com/news/realpage-acquires-windsor-compliance-services/,posts,2013-10-25T16:22:34-05:00
https://www.realpage.com/news/propertyware-presents-narpm-annual-convention-trade-show/,posts,2013-10-04T15:11:48-05:00
https://www.realpage.com/news/realpage-executive-announcement-jeffery-hook/,posts,2013-05-23T16:03:22-05:00
https://www.realpage.com/news/realpage-announces-ann-handley-chief-content-officer-of-marketingprofs-as-featured-speaker-at-2013-realworld-user-conference/,posts,2013-05-07T14:03:30-05:00
https://www.realpage.com/news/realpage-launches-new-propertyware-inspections-for-both-the-desktop-and-ios-platforms/,posts,2013-03-11T15:30:04-05:00
https://www.realpage.com/news/brookdale-selects-realpage-senior-contact-center/,posts,2013-03-04T18:17:12-06:00
https://www.realpage.com/news/realpage-announces-release-of-tel-ivr-resident-payments-option/,posts,2013-02-28T06:00:00-06:00
https://www.realpage.com/news/realpage-announces-launch-of-prelease-management-for-student-living/,posts,2013-02-25T19:18:28-06:00
https://www.realpage.com/news/realpage-executive-announcement-suzanne-kosub/,posts,2013-01-25T17:23:49-06:00
https://www.realpage.com/news/realpage-executive-announcement-mike-daley/,posts,2013-01-16T16:48:48-06:00
https://www.realpage.com/news/level-one-celebrates-10-years-serving-the-multifamily-industry/,posts,2012-10-24T19:47:29-05:00
https://www.realpage.com/news/realpage-executive-announcement-alex-chang/,posts,2012-10-05T17:58:41-05:00
https://www.realpage.com/news/realpage-executive-announcement-john-lis/,posts,2012-08-30T15:39:58-05:00
https://www.realpage.com/news/realpage-names-jennifer-lester-vice-president-supplier-partnerships-for-opssolutions/,posts,2012-07-19T13:18:42-05:00
https://www.realpage.com/news/realpage-ceo-steve-winn-is-an-ernst-amp-young-entrepreneur-of-the-year-2012-award-winner-in-southwest-area/,posts,2012-07-02T17:21:00-05:00
https://www.realpage.com/news/realpage-announces-steven-wiley-as-opening-day-speaker-at-2012-realworld-user-conference/,posts,2012-06-12T13:42:32-05:00
https://www.realpage.com/news/realpage-releases-new-emoney-order-functionality/,posts,2012-04-24T13:46:49-05:00
https://www.realpage.com/news/realpage-eliminates-need-for-spreadsheets-in-budgeting-multifamily-portfolios/,posts,2012-04-20T14:43:32-05:00
https://www.realpage.com/news/realpage-releases-public-housing-50058-functionality-for-affordable-housing-property-managers/,posts,2012-03-08T14:56:21-06:00
https://www.realpage.com/news/realpage-launches-onesite-accounting-2012-winter-release/,posts,2012-02-14T15:12:35-06:00
https://www.realpage.com/news/realpage-introduces-senior-living-solution/,posts,2012-02-09T15:06:11-06:00
https://www.realpage.com/news/realpage-launches-industry-first-split-check-enhancement-for-realpage-paymentsamptrade/,posts,2011-12-15T06:00:00-06:00
https://www.realpage.com/news/realpage-offers-early-registration-discount-for-2012-realworld-user-conference/,posts,2011-12-13T06:00:00-06:00
https://www.realpage.com/news/realpage-paperless-invoicing-provides-bell-partners-six-figure-savings/,posts,2011-10-03T06:00:00-05:00
https://www.realpage.com/news/realpage-launches-opsbid-comprehensive-multifamily-capital-spend-management-solution/,posts,2011-09-13T02:02:07-05:00
https://www.realpage.com/news/realpage-to-acquire-mynewplace/,posts,2011-08-22T23:12:47-05:00
https://www.realpage.com/news/realpage-executive-participates-in-white-house-domestic-policy-council-stakeholder-meeting-on-federal-affordable-rental-housing-programs/,posts,2011-07-29T00:00:00-05:00
https://www.realpage.com/news/realpage-highlights-featured-speakers-for-the-11th-annual-realworld-user-conference/,posts,2011-07-25T00:00:00-05:00
https://www.realpage.com/news/realpage-names-kurt-twining-chief-people-officer/,posts,2011-07-06T00:00:00-05:00
https://www.realpage.com/news/realpages-leasingdesk-introduces-erenterplan-renters-insurance-to-single-family-market/,posts,2011-06-28T14:23:03-05:00
https://www.realpage.com/news/realpage-onesite-budgeting-streamlines-budgeting-process-for-hud-properties/,posts,2011-06-20T19:46:19-05:00
https://www.realpage.com/news/realpage-acquires-compliance-depot-vendor-risk-compliance/,posts,2011-05-05T20:07:56-05:00
https://www.realpage.com/news/realpage-online-renewals-reduces-turnover-by-2-percent-and-increases-asking-rents-by-3-percent-at-udr/,posts,2011-05-02T17:30:17-05:00
https://www.realpage.com/news/realpage-sets-stage-in-vegas-for-11th-annual-realworld-user-conference/,posts,2011-03-14T15:15:28-05:00
https://www.realpage.com/news/realpage-launches-automated-repayment-program-for-affordable-housing-property-managers/,posts,2011-02-15T15:37:22-06:00
https://www.realpage.com/news/realpage-defends-open-marketplace-against-yardi-lawsuit/,posts,2011-01-25T15:22:36-06:00
https://www.realpage.com/news/realpage-announces-that-ft-leavenworth-post-deploys-onesite-military-housing/,posts,2010-12-02T16:43:53-06:00
https://www.realpage.com/news/pinnacle-deploys-the-realpage-cloud-to-expand-it-services/,posts,2010-11-11T01:49:40-06:00
https://www.realpage.com/news/realpage-announces-free-mobile-iphone-application-for-opstechnology-spend-management-systems/,posts,2010-09-28T00:00:00-05:00
https://www.realpage.com/news/crossfire-launches-portals-for-mobile-devices/,posts,2010-09-07T00:00:00-05:00
https://www.realpage.com/news/mpf-research-division-of-realpage-announces-keynote-speakers-for-apartment-markets-conferences/,posts,2010-08-31T00:00:00-05:00
https://www.realpage.com/news/leasingdesk-launches-credit-optimizer/,posts,2010-08-24T00:00:00-05:00
https://www.realpage.com/news/pinnacle-selects-yieldstar-price-optimizer/,posts,2010-08-19T00:00:00-05:00
https://www.realpage.com/news/riverstone-residential-group-selects-the-realpage-cloud-to-expand-it-services/,posts,2010-07-15T00:00:00-05:00
https://www.realpage.com/news/leasingdesk-introduces-event-liability-insurance-for-residents/,posts,2010-07-13T00:00:00-05:00
https://www.realpage.com/news/realpage-acquires-erei/,posts,2010-06-23T00:00:00-05:00
https://www.realpage.com/news/michaels-military-selects-realpage-as-strategic-technology-partner-in-privatized-military-family-housing/,posts,2010-06-21T00:00:00-05:00
https://www.realpage.com/news/three-realpage-executives-named-to-broadband-properties-mdu-technology-leaders-listing/,posts,2010-06-02T00:00:00-05:00
https://www.realpage.com/news/leasingdesk-adds-two-endorsements-to-erenterplan/,posts,2010-05-20T00:00:00-05:00
https://www.realpage.com/news/realpage-launches-onesite-budgeting/,posts,2010-05-18T00:00:00-05:00
https://www.realpage.com/news/propertyware-named-2010-editors-choice-for-best-property-management-system/,posts,2010-05-12T00:00:00-05:00
https://www.realpage.com/news/realpage-inc-files-registration-statement-for-proposed-initial-public-offering/,posts,2010-04-29T00:00:00-05:00
https://www.realpage.com/news/leasingdesk-launches-unique-insurance-product-to-protect-against-gaps-in-resident-liability-coverage/,posts,2010-03-17T00:00:00-05:00
https://www.realpage.com/news/realpage-virtual-road-show-focuses-on-benefits-of-web-based-solutions-for-affordable-housing/,posts,2010-03-15T00:00:00-05:00
https://www.realpage.com/news/new-velocityamptrade-ebill-feature-helps-communities-go-green-with-paperless-statements/,posts,2010-03-15T00:00:00-05:00
https://www.realpage.com/news/realpage-acquires-domin-8/,posts,2010-02-16T00:00:00-06:00
https://www.realpage.com/news/equity-residential-selects-realpage-as-its-military-software-platform/,posts,2010-01-28T00:00:00-06:00
https://www.realpage.com/news/realpage-launches-integration-with-navy-housing-system-enh/,posts,2010-01-26T00:00:00-06:00
https://www.realpage.com/news/crossfire-launches-new-sales-and-marketing-service-web-sites/,posts,2010-01-19T00:00:00-06:00
https://www.realpage.com/news/realpage-automates-bah-rate-management-for-military-housing/,posts,2010-01-12T00:00:00-06:00
https://www.realpage.com/news/realpage-acquires-propertyware/,posts,2009-11-10T00:00:00-06:00
https://www.realpage.com/news/leasingdesk-launches-new-web-site/,posts,2009-10-01T00:00:00-05:00
https://www.realpage.com/news/realpage-acquires-evergreen-solutions/,posts,2009-09-23T00:00:00-05:00
https://www.realpage.com/news/new-realpage-cloud-computing-division-the-quotcloudquot-formed/,posts,2009-09-22T00:00:00-05:00
https://www.realpage.com/news/realpage-enters-senior-living-market/,posts,2009-09-21T00:00:00-05:00
https://www.realpage.com/news/mpf-research-data-sample-size-surpasses-5-million-units/,posts,2009-08-25T00:00:00-05:00
https://www.realpage.com/news/michael-britti-joins-realpage-as-svp-mergers-amp-acquisitions/,posts,2009-08-19T00:00:00-05:00
https://www.realpage.com/news/mpf-research-gears-up-to-present-southeast-apartment-market-trends-and-outlook/,posts,2009-08-05T00:00:00-05:00
https://www.realpage.com/news/strategically-placed-3d-floor-plans-increase-site-usage-by-400/,posts,2009-06-16T00:00:00-05:00
https://www.realpage.com/news/leasingdesk-enhances-erenterplan-with-new-insurance-products/,posts,2009-05-28T00:00:00-05:00
https://www.realpage.com/news/realpage-launches-redesigned-yieldstaramptrade-and-mpf-research-web-sites/,posts,2009-05-28T00:00:00-05:00
https://www.realpage.com/news/velocityamptrade-applauds-passage-of-new-utility-billing-legislation-for-multifamily-industry-in-texas/,posts,2009-05-27T00:00:00-05:00
https://www.realpage.com/news/leasingdesk-announces-vice-president-of-operations/,posts,2009-05-12T00:00:00-05:00
https://www.realpage.com/news/velocityamptrade-convergent-billing-service-wins-outstanding-multifamily-partner-award/,posts,2009-04-29T00:00:00-05:00
https://www.realpage.com/news/mynewplaceamptrade-apartment-internet-listing-service-implements-ebilling-with-opstechnologyamptrade/,posts,2009-04-15T00:00:00-05:00
https://www.realpage.com/news/realpage-expands-its-carrollton-texas-headquarters/,posts,2009-04-06T00:00:00-05:00
https://www.realpage.com/news/sequoia-equities-selects-opstechnologyamptrade-spend-management-systems-to-reduce-operating-costs/,posts,2009-04-01T00:00:00-05:00
https://www.realpage.com/news/realpage-launches-military-housing-solution/,posts,2009-01-19T00:00:00-06:00
https://www.realpage.com/news/realpage-adds-new-resident-technology-solutions-group/,posts,2008-12-29T00:00:00-06:00
https://www.realpage.com/news/get-the-big-picture-for-the-multifamily-industry/,posts,2008-12-08T00:00:00-06:00
https://www.realpage.com/news/california-fires-deal-multifamily-industry-another-devastating-blow/,posts,2008-11-26T00:00:00-06:00
https://www.realpage.com/news/3dview-turns-2d-floor-plans-into-powerful-3d-sales-tools/,posts,2008-11-17T00:00:00-06:00
https://www.realpage.com/news/renters-insurance-claims-spike-in-the-aftermath-of-hurricane/,posts,2008-10-21T00:00:00-05:00
https://www.realpage.com/news/realpage-acquires-opstechnology/,posts,2008-10-14T00:00:00-05:00
https://www.realpage.com/news/texas-just-got-bigger/,posts,2008-09-24T00:00:00-05:00
https://www.realpage.com/news/realpage-provides-patrician-management-with-disaster-readiness-support/,posts,2008-09-17T00:00:00-05:00
https://www.realpage.com/news/velocity-announces-online-access-to-all-in-one-resident-bills/,posts,2008-08-26T00:00:00-05:00
https://www.realpage.com/news/realpage-earns-technology-awards-from-multi-housing-news/,posts,2008-08-19T00:00:00-05:00
https://www.realpage.com/news/velocitys-invoice-dashboards-make-utility-costs-easy-to-manage/,posts,2008-08-07T00:00:00-05:00
https://www.realpage.com/news/apartment-construction-soars-in-texas/,posts,2008-08-05T00:00:00-05:00
https://www.realpage.com/news/realpage-the-naa-national-lease-program-texas-apartment-association-and-blue-moon-software-partner-to-integrate-esignatureamptrade-technology/,posts,2008-06-26T00:00:00-05:00
https://www.realpage.com/news/leasingdesk-launches-corporate-housing-screening/,posts,2008-06-02T00:00:00-05:00
https://www.realpage.com/news/essex-profits-climb-with-mpf-yieldstar-price-optimizer/,posts,2008-05-05T00:00:00-05:00
https://www.realpage.com/news/leasingdesk-amp-american-modern-insurance-group-proactively-contact-policyholders-affected-by-atlanta-tornado/,posts,2008-03-21T00:00:00-05:00
https://www.realpage.com/news/realpage-completes-2007-sas-70-type-ii-audit/,posts,2008-03-19T00:00:00-05:00
https://www.realpage.com/news/save-the-date-for-making-connections-the-realpage-2008-user-conference/,posts,2008-03-18T00:00:00-05:00
https://www.realpage.com/news/realpages-document-management-system-now-offers-barcode-functionality-to-multifamily-clients/,posts,2008-03-05T00:00:00-06:00
https://www.realpage.com/news/realpage-acquires-webroomzamptrade-student-living-software/,posts,2008-02-04T00:00:00-06:00
https://www.realpage.com/news/realpage-enhances-resident-screening-with-new-foreclosure-settings/,posts,2008-01-14T00:00:00-06:00
https://www.realpage.com/news/document-management-systems-offer-business-value-for-multifamily-industry/,posts,2007-11-06T00:00:00-06:00
https://www.realpage.com/news/multifamily-owners-gain-new-tool-to-protect-against-loss/,posts,2007-10-22T00:00:00-05:00
https://www.realpage.com/news/able-real-estate-services-selects-realpages-onesite-affordable-as-its-service-bureau-software/,posts,2007-08-23T00:00:00-05:00
https://www.realpage.com/news/realpage-heads-back-to-vegas-for-2008-conference/,posts,2007-08-01T00:00:00-05:00
https://www.realpage.com/news/realpage-announces-release-of-rural-housing-combo-product/,posts,2007-07-10T00:00:00-05:00
https://www.realpage.com/news/expanded-leasingdesk-automates-entire-leasing-process/,posts,2007-06-28T00:00:00-05:00
https://www.realpage.com/news/leasingdesk-is-now-the-only-renters-insurance-provider-in-all-50-states/,posts,2007-06-05T00:00:00-05:00
https://www.realpage.com/news/udr-selects-yieldstar-for-revenue-management/,posts,2007-06-04T00:00:00-05:00
https://www.realpage.com/news/mpf-yieldstar-sets-dates-locations-for-upcoming-southeast-amp-texas-apartment-markets-conferences/,posts,2007-05-16T00:00:00-05:00
https://www.realpage.com/news/mpf-yieldstar-strengthens-leadership-with-revenue-management-innovator-jeffrey-roper/,posts,2007-04-30T00:00:00-05:00
https://www.realpage.com/news/new-document-management-system-from-realpage-streamlines-business-processes-for-multifamily-properties/,posts,2007-04-23T00:00:00-05:00
https://www.realpage.com/news/realpage-acquires-leasingdesk-insurance-services/,posts,2007-04-16T00:00:00-05:00
https://www.realpage.com/news/velocity-invoice-processing-services-help-apartments-manage-utility-costs/,posts,2007-04-05T00:00:00-05:00
https://www.realpage.com/news/paulhus-amp-associates-selects-realpages-onesite-affordable-as-its-service-bureau-software/,posts,2006-09-12T00:00:00-05:00
https://www.realpage.com/news/realpages-velocity-now-offers-convergent-billing-services-to-multifamily-clients/,posts,2006-04-26T00:00:00-05:00
https://www.realpage.com/news/realpage-completes-2005-sas-70-type-ii-audit/,posts,2006-01-13T00:00:00-06:00
https://www.realpage.com/news/new-software-from-realpage-addresses-student-living-requirements/,posts,2005-11-17T00:00:00-06:00
https://www.realpage.com/news/realpage-to-host-series-of-tracs-2-0-2b-seminars-for-multifamily-clients-in-13-locations-nationwide/,posts,2005-09-30T00:00:00-05:00
https://www.realpage.com/news/realpages-yieldstaramptrade-revenue-management-system-empowering-on-site-staff-managers-at-camden/,posts,2005-09-12T00:00:00-05:00
https://www.realpage.com/news/new-features-highlight-latest-version-of-realpages-on-demand-affordable-housing-software/,posts,2005-07-29T00:00:00-05:00
https://www.realpage.com/news/intacct-launches-on-demand-platform-services-for-customizing/,posts,2005-06-15T00:00:00-05:00
https://www.realpage.com/news/nwp-services-corporation-announces-its-advanced-data-exchange-system-developed/,posts,2005-06-02T00:00:00-05:00
https://www.realpage.com/news/realpage-acquires-the-pleco-group-offers-utility-billing-platform-for-multifamily-industry/,posts,2005-05-10T00:00:00-05:00
https://www.realpage.com/news/realpage-completes-sas-70-type-ii-audit/,posts,2005-04-06T00:00:00-05:00
https://www.realpage.com/news/affordable-housing-software-leaders-hds-and-realpage-announce-ca-netamptrade/,posts,2005-04-04T00:00:00-05:00
https://www.realpage.com/news/intacct-realpage-ink-3-million-agreement/,posts,2005-03-28T00:00:00-06:00
https://www.realpage.com/news/realpage-on-demand-tax-credits-software-drives-compliance-at-the-site-level/,posts,2005-03-22T00:00:00-06:00
https://www.realpage.com/news/realpage-rides-wave-of-new-functionality-into-2005-user-conference/,posts,2005-03-08T00:00:00-06:00
https://www.realpage.com/news/realpage-selects-joint-ibm-and-intacct-erp-on-demand-solution-to-expand-market-reach/,posts,2004-11-09T00:00:00-06:00
https://www.realpage.com/news/realpage-expands-mpf-research-product-line-with-acquisition-of-re-opt/,posts,2004-06-16T00:00:00-05:00
https://www.realpage.com/news/realpage-secures-20-million-in-financing-from-apax-partners/,posts,2004-01-08T00:00:00-06:00
https://www.realpage.com/news/alliance-residential-opts-for-realpages-onesite-integrated-suite-of-products/,posts,2003-01-23T00:00:00-06:00
https://www.realpage.com/news/realpage-technology-conference-2003-will-kick-it-up-a-notch-in-new-orleans/,posts,2003-01-17T00:00:00-06:00
https://www.realpage.com/news/realpage-acquires-resident-awards-unique-incentive-program-that-replaces-rent-concessions-in-multifamily-industry/,posts,2003-01-15T00:00:00-06:00
https://www.realpage.com/news/lane-selects-realpages-onesite-web-based-property-management-system/,posts,2003-01-13T00:00:00-06:00
https://www.realpage.com/news/realpage-acquires-yieldstar-multifamily-revenue-management-system/,posts,2002-07-19T00:00:00-05:00
https://www.realpage.com/news/camden-selects-realpages-onesite-web-based-property-management-system/,posts,2002-07-15T00:00:00-05:00
https://www.realpage.com/news/realpage-to-provide-real-time-rental-updates-for-apartment-communities-at-homestore-comamptrade/,posts,2002-04-18T00:00:00-05:00
https://www.realpage.com/news/lasalle-group-first-in-multifamily-industry-to-send-wireless-work-order-using-realpages-onesite-facilities/,posts,2002-04-15T00:00:00-05:00
https://www.realpage.com/news/all-roads-lead-to-vegas-for-realpage-technology-conference-2002/,posts,2002-01-16T00:00:00-06:00
https://www.realpage.com/news/realpages-onesiteamptrade-facilities-offers-improved-maintenance-productivity-response-to-resident-needs/,posts,2001-11-05T00:00:00-06:00
https://www.realpage.com/news/berkshire-realty-holdings-l-p-launches-web-site-using-realpages-onesiteamptrade-property/,posts,2001-11-01T00:00:00-06:00
https://www.realpage.com/news/practical-technologies-founder-paul-mitnick-joins-realpage-as-chief-product-officer/,posts,2001-08-06T00:00:00-05:00
https://www.realpage.com/news/realpage-earns-trusecure-certification-for-online-applicant-screening/,posts,2001-04-12T00:00:00-05:00
https://www.realpage.com/news/melson-leaves-realpage-returns-to-independent-management-consulting/,posts,2000-11-10T00:00:00-06:00
https://www.realpage.com/news/realpage-acquires-leading-multifamily-wireless-technology-supplier-channeltech/,posts,2000-11-03T00:00:00-06:00
https://www.realpage.com/news/max-hopper-joins-realpage-board-of-directors/,posts,2000-06-07T00:00:00-05:00
https://www.realpage.com/news/mpf-research-expands-apartment-market-coverage/,posts,2000-05-16T00:00:00-05:00
https://www.realpage.com/news/springstreet-founder-invests-in-realpages-onesite/,posts,2000-04-07T00:00:00-05:00
https://www.realpage.com/news/for-rent-magazine-internet-listing-service-to-link-to-realpages-onesiteamptrade-system/,posts,2000-03-23T00:00:00-06:00
https://www.realpage.com/news/realpage-inc-completes-19-75-million-private-placement-of-convertible-participating-preferred-stock/,posts,2000-01-06T00:00:00-06:00
https://www.realpage.com/news/completions-again-top-demand-in-dallas-office-market-fort-worth-performance-strengthens/,posts,1999-12-20T00:00:00-06:00
https://www.realpage.com/news/realpage-inc-leases-new-office-space-in-international-business-park/,posts,1999-07-29T00:00:00-05:00
https://www.realpage.com/news/realpage-to-offer-hilgraeves-dropchute/,posts,1999-06-07T00:00:00-05:00
https://www.realpage.com/news/realpage-has-activated-its-enterprise-business-continuity-business-plan/,posts,2020-03-24T07:00:00-05:00
https://www.realpage.com/news/rental-squeeze-could-ease-bit-2020-with-more-units-scheduled-open/,posts,2020-03-19T12:00:00-05:00
https://www.realpage.com/news/coronavirus-fuels-calls-from-triangle-renters-for-freezes-on-evictions-and-rents/,posts,2020-03-23T12:00:00-05:00
https://www.realpage.com/news/orlando-housing-market-uncertain-in-midst-of-coronavirus-but-economists-say-this-wont-be-like-2008/,posts,2020-03-26T12:00:00-05:00
https://www.realpage.com/news/multifamily-remains-long-term-investment-vehicle/,posts,2020-03-27T10:00:00-05:00
https://www.realpage.com/news/tenants-ask-for-rent-relief-as-pandemic-shuts-down-business/,posts,2020-03-28T09:00:00-05:00
https://www.realpage.com/news/now-is-the-time-to-prepare-for-the-future-of-multifamily/,posts,2020-03-29T08:00:00-05:00
https://www.realpage.com/news/with-rent-soon-due-apartment-industry-already-copes-with-coronavirus-effects/,posts,2020-03-30T09:00:00-05:00
https://www.realpage.com/news/how-renters-could-save-a-little-money-right-now/,posts,2020-03-31T07:30:00-05:00
https://www.realpage.com/news/latest-d-fw-apartment-stats-dont-hint-at-the-coming-storm/,posts,2020-04-01T12:30:00-05:00
https://www.realpage.com/news/people-without-paychecks/,posts,2020-04-01T14:00:00-05:00
https://www.realpage.com/news/multifamily-market-permits-continue-to-decline/,posts,2020-04-03T09:30:00-05:00
https://www.realpage.com/news/missing-20000-d-fw-apartment-renters-to-fill-new-units/,posts,2020-04-06T12:00:00-05:00
https://www.realpage.com/news/apartment-analysts-discuss-project-delays-rents-and-renewals-amid-covid-19/,posts,2020-04-08T12:00:00-05:00
https://www.realpage.com/news/houston-leads-texas-in-rent-nonpayments-amid-coronavirus-pandemic/,posts,2020-04-09T09:00:00-05:00
https://www.realpage.com/news/how-to-manage-credit-card-debt-amid-covid-19-to-focus-on-essential-spending/,posts,2020-04-09T10:00:00-05:00
https://www.realpage.com/news/april-multifamily-rent-payments-fall-to-69-but-improvements-expected-as-month-continues/,posts,2020-04-10T07:00:00-05:00
https://www.realpage.com/news/multifamily-data-starting-to-show-early-impacts-of-covid19/,posts,2020-04-10T09:15:00-05:00
https://www.realpage.com/news/charlotte-area-renters-miss-rental-payments/,posts,2020-04-10T13:30:00-05:00
https://www.realpage.com/blog/avoiding-the-over-and-under-gamble-of-utility-expense-billing/,posts,2020-04-29T09:00:00-05:00
https://www.realpage.com/news/vast-majority-of-portland-tenants-paid-april-rent-despite-economic-fallout-from-coronavirus/,posts,2020-04-15T12:00:00-05:00
https://www.realpage.com/news/most-d-fw-apartment-residents-are-keeping-up-with-their-rent/,posts,2020-04-15T12:00:00-05:00
https://www.realpage.com/news/real-estate-insider-mid-high-rise-project-formally-scraps-condos/,posts,2020-04-14T12:00:00-05:00
https://www.realpage.com/news/houston-apartment-association-donates-100k/,posts,2020-04-17T12:00:00-05:00
https://www.realpage.com/news/colorado-apartment-renters-finding-way-to-meet-april-rent/,posts,2020-04-18T12:00:00-05:00
https://www.realpage.com/news/only-8-of-d-fw-apartment-residents-have-missed-their-rent/,posts,2020-04-22T12:00:00-05:00
https://www.realpage.com/news/outlook-class-c-apartments-muddied-tenants-loss-income/,posts,2020-04-21T12:00:00-05:00
https://www.realpage.com/news/multifamily-executives-worry-that-strong-rent-performance-wont-last/,posts,2020-04-23T11:00:00-05:00
https://www.realpage.com/blog/safe-remote-payment-options-that-help-mitigate-risk-and-protect-residents-staff/,posts,2020-04-28T12:00:00-05:00
https://www.realpage.com/news/rent-payments-are-now-stronger-than-expected-but-may-could-change-that/,posts,2020-04-28T12:00:00-05:00
https://www.realpage.com/news/economy-is-struggling/,posts,2020-04-29T12:00:00-05:00
https://www.realpage.com/news/d-fw-apartment-demand-bounces-back/,posts,2020-04-30T08:00:00-05:00
https://www.realpage.com/news/houston-tops-texas-in-crowded-apartment-living/,posts,2020-05-01T12:00:00-05:00
https://www.realpage.com/news/adds-ai-chatbot-to-virtual-leasing/,posts,2020-05-05T08:30:00-05:00
https://www.realpage.com/news/d-c-considers-bill-that-would-require-rent-repayment-plans-for-struggling-tenants/,posts,2020-05-05T09:00:00-05:00
https://www.realpage.com/blog/new-ways-business-intelligence-is-better-positioning-affordable-operators/,posts,2020-05-11T11:00:00-05:00
https://www.realpage.com/news/most-d-fw-apartment-residents-are-still-paying-their-rent/,posts,2020-05-08T12:00:00-05:00
https://www.realpage.com/news/atlanta-landlords-rent-payments-may/,posts,2020-05-09T08:00:00-05:00
https://www.realpage.com/news/for-renters-and-landlords-the-worst-might-be-yet-to-come/,posts,2020-05-10T12:00:00-05:00
https://www.realpage.com/news/may-rent-payments-surpasses-expectations/,posts,2020-05-11T08:00:00-05:00
https://www.realpage.com/news/more-charlotte-renters-pay-on-time/,posts,2020-05-11T12:00:00-05:00
https://www.realpage.com/news/ai-revenue-management-boosts-yields-in-uncertain-times/,posts,2020-05-11T12:00:00-05:00
https://www.realpage.com/news/as-more-renters-stay-put-apartment-retention-breaks-records-but-revenue-suffers/,posts,2020-05-12T08:00:00-05:00
https://www.realpage.com/news/on-time-rent-payments-drop-in-may/,posts,2020-05-12T12:00:00-05:00
https://www.realpage.com/blog/covid-19-impact-on-payments-webcast-summary/,posts,2020-05-20T12:00:00-05:00
https://www.realpage.com/news/may-rent-collections-running-ahead-of-last-months-rate/,posts,2020-05-17T12:00:00-05:00
https://www.realpage.com/news/coronavirus-impact-housing-market-still-buying/,posts,2020-05-18T12:00:00-05:00
https://www.realpage.com/news/more-colleges-are-going-online-this-fall-thats-bad-news-for-student-housing/,posts,2020-05-19T08:00:00-05:00
https://www.realpage.com/news/chicago-apartment-landlords-holding-up-so-far/,posts,2020-05-20T07:30:00-05:00
https://www.realpage.com/news/multifamilywhy-multifamily-rents-are-holding-better-expected/,posts,2020-05-20T08:00:00-05:00
https://www.realpage.com/news/triangle-rent-payments-made-despite-pandemic-raleigh/,posts,2020-05-22T12:00:00-05:00
https://www.realpage.com/news/the-anxiety-is-definitely-setting-in/,posts,2020-05-25T12:00:00-05:00
https://www.realpage.com/news/d-fw-renters-are-still-keeping-up-with-their-monthly-apartment-payments/,posts,2020-05-31T12:00:00-05:00
https://www.realpage.com/news/apartment-investors-dig-data/,posts,2020-06-01T12:00:00-05:00
https://www.realpage.com/news/business-as-unusual/,posts,2020-06-03T08:00:00-05:00
https://www.realpage.com/news/student-housing-owners-look-forward-fall-semester/,posts,2020-06-02T12:00:00-05:00
https://www.realpage.com/news/wake-unemployment-rate-highest-in-decades/,posts,2020-06-04T08:00:00-05:00
https://www.realpage.com/news/coronavirus-is-sending-luxury-rental-markets-on-a-rollercoaster-ride/,posts,2020-06-05T08:00:00-05:00
https://www.realpage.com/news/coronavirus-can-gov-newsom-make-rent-mortgage-debt-vanish/,posts,2020-06-06T08:00:00-05:00
https://www.realpage.com/news/coronavirus-economy-los-angeles-rents-fall-3-percent-may/,posts,2020-06-05T12:00:00-05:00
https://www.realpage.com/news/coronavirus-pushes-down-rents-in-la-county/,posts,2020-06-08T12:00:00-05:00
https://www.realpage.com/news/los-angeles-area-apartment-rents-fell-3-may-year-ago/,posts,2020-06-07T12:00:00-05:00
https://www.realpage.com/news/charlotte-apartment-market-amid-pandemic/,posts,2020-06-09T12:00:00-05:00
https://www.realpage.com/news/most-rents-in-seattle-area-stagnate-but-drop-for-cheaper-apartments-and-those-in-west-seattle/,posts,2020-06-10T08:00:00-05:00
https://www.realpage.com/news/coronavirus-bay-area-tenants-still-paying-rent-despite-upheavals/,posts,2020-06-11T08:00:00-05:00
https://www.realpage.com/news/apartment-builders-hit-pause-button-during-pandemic/,posts,2020-06-15T08:00:00-05:00
https://www.realpage.com/news/coronavirus-small-landlords/,posts,2020-06-12T12:00:00-05:00
https://www.realpage.com/news/rental-payments-reach-89-percent/,posts,2020-06-16T12:00:00-05:00
https://www.realpage.com/news/more-people-are-paying-rent-despite-the-coronavirus-pandemic/,posts,2020-06-17T08:00:00-05:00
https://www.realpage.com/news/once-booming-san-francisco-apartment-market-goes-in-reverse/,posts,2020-06-18T08:00:00-05:00
https://www.realpage.com/news/texas-apartment-markets-will-slowly-rebound/,posts,2020-06-22T08:00:00-05:00
https://www.realpage.com/news/inland-empire-is-now-southern-californias-housing-hot-spot/,posts,2020-06-23T08:00:00-05:00
https://www.realpage.com/news/rent-is-dropping-across-the-country/,posts,2020-06-24T08:00:00-05:00
https://www.realpage.com/news/national-multifamily/,posts,2020-06-29T08:00:00-05:00
https://www.realpage.com/news/oregon-lawmakers-extend-commercial-residential-eviction-moratorium-through-september/,posts,2020-06-30T08:00:00-05:00
https://www.realpage.com/news/rents-are-rebounding-in-cities-like-nashville-tampa-columbus-and-kansas-city/,posts,2020-06-30T08:00:00-05:00
https://www.realpage.com/news/are-d-fw-renters-running-to-the-burbs/,posts,2020-07-06T12:00:00-05:00
https://www.realpage.com/news/realpage-expands-resident-living-solutions-with-lockbox-eliminating-in-office-payments/,posts,2020-07-09T09:00:00-05:00
https://www.realpage.com/news/floridians-hit-hard-financially-by-coronavirus/,posts,2020-07-10T08:00:00-05:00
https://www.realpage.com/news/fewer-u-s-tenants-paid-julys-rent/,posts,2020-07-12T08:00:00-05:00
https://www.realpage.com/news/d-fw-on-time-rent-payments-fall-slightly/,posts,2020-07-13T08:00:00-05:00
https://www.realpage.com/news/dallas-area-apartment-building-permits-are-falling/,posts,2020-07-14T08:00:00-05:00
https://www.realpage.com/news/phones-in-hand-leasing-staff-takes-on-marketing/,posts,2020-07-14T09:00:00-05:00
https://www.realpage.com/news/boston-multifamilys-june-numbers-suffer-and-more-damage-may-be-on-the-horizon/,posts,2020-07-15T08:00:00-05:00
https://www.realpage.com/news/trouble-on-horizon-for-south-florida-housing-market/,posts,2020-07-16T08:00:00-05:00
https://www.realpage.com/news/boston-rents-see-nearly-6-drop-in-pandemic/,posts,2020-07-17T08:00:00-05:00
https://www.realpage.com/news/metro-atlanta-home-prices-rose-in-june-amid-high-demand-few-listings/,posts,2020-07-20T08:00:00-05:00
https://www.realpage.com/news/new-york-la-nightlife-lockdowns-sending-renters-to-suburbs/,posts,2020-07-20T09:00:00-05:00
https://www.realpage.com/news/d-fw-still-leads-us-in-apartment-leasing/,posts,2020-07-21T08:00:00-05:00
https://www.realpage.com/news/news-some-student-housing-foiled-by-online-classes-unclear-plans/,posts,2020-07-21T10:00:00-05:00
https://www.realpage.com/news/nyc-apartment-rents-are-dropping-as-residents-leave-in-droves/,posts,2020-07-27T08:00:00-05:00
https://www.realpage.com/news/no-work-no-rent-tenants-grapple-with-mounting-debt-shrinking-benefits/,posts,2020-07-27T09:00:00-05:00
https://www.realpage.com/blog/how-business-intelligence-can-clear-up-a-cloudy-forecast/,posts,2020-07-29T11:00:00-05:00
https://www.realpage.com/news/realpage-announces-integrated-front-to-back-solution-for-real-estate-investment-managers/,posts,2020-07-28T08:00:00-05:00
https://www.realpage.com/news/how-apartment-renter-preferences-are-changing-because-of-the-pandemic/,posts,2020-07-29T08:00:00-05:00
https://www.realpage.com/news/realpage-sees-success-with-ai-chatbot-named-paige/,posts,2020-07-29T11:00:00-05:00
https://www.realpage.com/news/we-have-each-other-saddled-with-remote-learning-college-students-create-off-campus-dorm-experiences-of-their-own/,posts,2020-07-30T08:00:00-05:00
https://www.realpage.com/news/realpage-launches-online-vendor-payments-powered-by-avidxchange/,posts,2020-07-30T12:00:00-05:00
https://www.realpage.com/news/as-campus-housing-de-densifies-private-student-housing-owners-reap-the-benefits/,posts,2020-07-31T08:00:00-05:00
https://www.realpage.com/news/decade-of-rent-hikes-end-in-la-orange-counties/,posts,2020-08-03T08:00:00-05:00
https://www.realpage.com/news/apartment-developer-camden-faces-houston-headwinds/,posts,2020-08-04T12:00:00-05:00
https://www.realpage.com/news/how-will-student-housing-operators-fare-this-fall-the-answer-depends-on-which-universities-they-serve/,posts,2020-08-05T12:00:00-05:00
https://www.realpage.com/news/realpage-shows-more-optimism-as-covid19-brings-change/,posts,2020-08-06T08:00:00-05:00
https://www.realpage.com/news/august-rent-payments-hit-79-percent-nmhc/,posts,2020-08-10T08:00:00-05:00
https://www.realpage.com/news/landlords-see-cracks-in-august-rent-as-stimulus-talks-stall/,posts,2020-08-10T12:00:00-05:00
https://www.realpage.com/news/la-rent-is-falling-with-some-big-drops-in-luxury-buildings/,posts,2020-08-11T08:00:00-05:00
https://www.realpage.com/blog/returning-to-normal-evictions-collections/,posts,2020-08-18T00:00:00-05:00
https://www.realpage.com/news/rent-payments-collected-in-august-tick-down/,posts,2020-08-12T12:00:00-05:00
https://www.realpage.com/news/arizona-rental-property-owners-and-associations-sue-to-overturn-eviction-moratorium/,posts,2020-08-13T08:00:00-05:00
https://www.realpage.com/news/fewer-oregonians-paid-rent-on-time-this-month/,posts,2020-08-14T08:00:00-05:00
https://www.realpage.com/news/apartment-survey-finds-august-rent-payments-held-up-fairly-well/,posts,2020-08-14T12:00:00-05:00
https://www.realpage.com/news/mid-august-rent-payments-tick-up-to-near-normal-levels/,posts,2020-08-21T08:00:00-05:00
https://www.realpage.com/news/developers-propose-25-story-student-housing-tower-amid-georgia-state-university-campus/,posts,2020-08-24T12:00:00-05:00
https://www.realpage.com/news/new-york-residents-businesses-look-beyond-city-borders-for-pandemic-relief/,posts,2020-08-27T12:00:00-05:00
https://www.realpage.com/news/pandemic-takes-toll-on-dallas-fort-worth-multifamily-market/,posts,2020-08-28T12:00:00-05:00
https://www.realpage.com/news/realpage-acquires-stratis-iot/,posts,2020-08-31T08:00:00-05:00
https://www.realpage.com/news/as-eviction-moratoriums-end-what-will-happen-in-pennsylvania-nevada-florida-and-california/,posts,2020-08-31T12:00:00-05:00
https://www.realpage.com/blog/maximizing-revenues-by-getting-the-most-out-of-huds-special-claims-provision/,posts,2020-09-16T00:00:00-05:00
https://www.realpage.com/news/stratis-iot-and-realpage-team-up-with-amazon/,posts,2020-09-03T12:00:00-05:00
https://www.realpage.com/news/stratis-iot-a-realpage-company-named-founding-member-of-z-wave-alliance-standards-development-organization/,posts,2020-09-08T12:00:00-05:00
https://www.realpage.com/news/realpage-introduces-waste-management-solution/,posts,2020-09-14T12:00:00-05:00
https://www.realpage.com/news/camden-signs-50000-unit-order-to-deploy-realpage-communityconnect/,posts,2020-09-22T00:00:00-05:00
https://www.realpage.com/news/realpage-adds-online-reputation-assessment-ora-scores/,posts,2020-11-04T08:00:00-06:00
https://www.realpage.com/blog/automated-multifamily-vendor-payment-processing-is-saving-time-money-and-headaches/,posts,2020-11-16T00:00:00-06:00
https://www.realpage.com/blog/initial-certifications-are-critical-in-securing-low-income-housing-tax-credits/,posts,2020-11-25T00:00:00-06:00
https://www.realpage.com/blog/multifamily-reputation-management-your-ora-scores-and-why-you-need-to-understand-them/,posts,2020-12-21T00:00:00-06:00
https://www.realpage.com/news/realpage-to-be-acquired-by-thoma-bravo/,posts,2020-12-21T04:00:00-06:00
https://www.realpage.com/blog/small-multifamily-portfolios-can-save-with-group-purchasing/,posts,2021-02-08T00:00:00-06:00
https://www.realpage.com/news/data-reinforcing-value-of-ai-screening/,posts,2021-02-11T00:00:00-06:00
https://www.realpage.com/blog/ai-tenant-screening-is-boosting-noi/,posts,2021-02-24T00:00:00-06:00
https://www.realpage.com/blog/growing-apartment-waste-management-problem-and-solution/,posts,2021-03-03T00:00:00-06:00
https://www.realpage.com/blog/greystar-reaps-big-payday-upgrading-utility-submeters/,posts,2021-03-18T00:00:00-05:00
https://www.realpage.com/blog/comprehensive-renters-insurance-is-a-must-not-an-option/,posts,2021-03-09T00:00:00-06:00
https://www.realpage.com/news/realpage-honored-as-epa-2021-energy-star-partner-of-the-year/,posts,2021-04-14T00:00:00-05:00
https://www.realpage.com/news/thoma-bravo-completes-acquisition-of-realpage/,posts,2021-04-22T00:00:00-05:00
https://www.realpage.com/blog/realpage-gives-back-with-distributions-from-record-campaign/,posts,2021-05-19T00:00:00-05:00
https://www.realpage.com/news/realpage-partners-with-naa-providing-free-continuing-education/,posts,2021-05-04T00:00:00-05:00
https://www.realpage.com/news/realpage-launches-identity-verification-across-leasing-screening-and-payments/,posts,2021-06-10T08:35:00-05:00
https://www.realpage.com/news/cardinal-management-expands-agreement-with-realpage-on-utility-billing-with-simplebills/,posts,2021-06-14T08:57:00-05:00
https://www.realpage.com/blog/budget-breakdowns-understanding-and-reporting-on-multifamily-budget-variances/,posts,2021-06-21T00:00:00-05:00
https://www.realpage.com/news/realpage-appoints-dana-jones-as-chief-executive-officer/,posts,2021-06-29T10:25:00-05:00
https://www.realpage.com/blog/what-property-managers-need-to-know-about-deposit-insurance/,posts,2021-07-07T00:00:00-05:00
https://www.realpage.com/news/realpage-announces-simplebills-leader-to-drive-strategy-for-the-student-housing-market/,posts,2021-07-01T12:00:00-05:00
https://www.realpage.com/news/realpage-launches-revolutionary-water-management-solution-smart-water/,posts,2021-07-06T10:30:00-05:00
https://www.realpage.com/news/realpage-to-acquire-g5-leader-in-real-estate-marketing-optimization/,posts,2021-07-20T15:02:00-05:00
https://www.realpage.com/blog/unveiling-the-new-activebuilding-resident-portal/,posts,2021-08-20T00:00:00-05:00
https://www.realpage.com/blog/simple-seamless-lease-application-is-a-critical-part-of-the-user-experience/,posts,2021-11-01T00:00:00-05:00
https://www.realpage.com/blog/vacant-cost-recovery-closes-the-gap-on-apartment-utility-costs/,posts,2021-10-27T00:00:00-05:00
https://www.realpage.com/blog/easing-the-burden-of-chargebacks-in-multifamily/,posts,2021-11-05T00:00:00-05:00
https://www.realpage.com/news/realpage-agrees-to-acquire-homewisedocs/,posts,2021-12-07T07:00:00-06:00
https://www.realpage.com/blog/removing-the-risks-of-paper-payments-money-orders-at-affordable-properties/,posts,2021-12-16T00:00:00-06:00
https://www.realpage.com/blog/5-ways-to-make-your-organization-a-great-place-to-work/,posts,2021-12-21T11:00:00-06:00
https://www.realpage.com/blog/realpage-accounting-helps-cortland-grow-without-growing-accounting-staff/,posts,2022-01-25T00:00:00-06:00
https://www.realpage.com/news/realpage-and-measurabl-partner-to-streamline-esg-for-multifamily-real-estate/,posts,2022-02-10T09:00:00-06:00
https://www.realpage.com/blog/camden-cuts-maintenance-time-with-mobile-facilities-app/,posts,2022-03-24T07:00:00-05:00
https://www.realpage.com/news/realpage-earns-2022-energy-star-partner-of-the-year-award/,posts,2022-05-05T07:55:00-05:00
https://www.realpage.com/news/realpage-releases-2022-market-rate-apartment-affordability-report/,posts,2022-07-18T08:00:00-05:00
https://www.realpage.com/blog/realworld-2022-customer-conference-recap/,posts,2022-07-29T16:45:00-05:00
https://www.realpage.com/news/realpage-software-allows-rose-associates-to-optimize-pricing-and-reduce-vacancies/,posts,2022-08-16T06:00:00-05:00
https://www.realpage.com/blog/build-to-rent-communities-emerging-as-housings-next-great-niche/,posts,2022-08-15T12:00:00-05:00
https://www.realpage.com/analytics/nations-top-10-submarkets-cedar-park/,posts,2014-12-09T00:05:31-06:00
https://www.realpage.com/analytics/nations-top-10-busiest-submarkets-9-far-north-central-san-antonio-texas/,posts,2014-12-10T00:40:27-06:00
https://www.realpage.com/analytics/nations-top-10-busiest-submarkets-8-downtown-indianapolis-indiana/,posts,2014-12-11T01:08:41-06:00
https://www.realpage.com/analytics/nations-top-10-busiest-submarkets-7-far-north-west-san-antonio-texas/,posts,2014-12-11T23:32:21-06:00
https://www.realpage.com/analytics/nations-top-10-busiest-submarkets-6-friscoprosper-texas/,posts,2014-12-13T00:40:27-06:00
https://www.realpage.com/analytics/nations-top-10-busiest-submarkets-5-mooresville-north-carolina/,posts,2014-12-16T01:00:21-06:00
https://www.realpage.com/analytics/nations-top-10-busiest-submarkets-4-central-nashville-tennessee/,posts,2014-12-17T00:59:05-06:00
https://www.realpage.com/analytics/nations-top-10-busiest-submarkets-3-franklinwilliamson-county-tennessee/,posts,2014-12-18T00:32:56-06:00
https://www.realpage.com/analytics/nations-top-10-busiest-submarkets-1-uptownsouth-end-charlotte-nc/,posts,2014-12-19T21:41:10-06:00
https://www.realpage.com/analytics/property-classification-its-important-to-get-right/,posts,2016-03-21T15:04:53-05:00
https://www.realpage.com/analytics/size-matters-investigating-operating-expenses-across-multifamily-product/,posts,2016-06-23T19:44:20-05:00
https://www.realpage.com/analytics/mpf-research-examines-nations-10-busiest-submarkets-for-apartment-construction/,posts,2016-07-05T16:37:02-05:00
https://www.realpage.com/analytics/the-nations-10-busiest-submarkets-for-construction-cedar-park-texas/,posts,2016-07-07T14:47:05-05:00
https://www.realpage.com/analytics/the-nations-10-busiest-submarkets-for-construction-downtownhighlandslincoln-park-colorado/,posts,2016-07-28T16:33:26-05:00
https://www.realpage.com/analytics/the-nations-10-busiest-submarkets-for-construction-uptownsouth-end-charlotte-north-carolina/,posts,2016-08-24T20:20:29-05:00
https://www.realpage.com/analytics/apartment-construction-longer-than-ever/,posts,2017-01-10T20:20:55-06:00
https://www.realpage.com/analytics/axiometrics-to-be-acquired-by-realpage-merge-with-mpf-research/,posts,2017-01-24T21:10:11-06:00
https://www.realpage.com/analytics/lihtc-units-most-scarce-metro-level/,posts,2017-05-02T16:30:52-05:00
https://www.realpage.com/analytics/new-deliveries-performance-student-housing-markets/,posts,2017-05-04T16:25:01-05:00
https://www.realpage.com/analytics/invitation-starwood-slate-merger-of-equals-in-single-family-rentals/,posts,2017-09-08T19:15:00-05:00
https://www.realpage.com/analytics/job-data-revisions-shift-employment-picture-2017/,posts,2018-03-28T19:24:40-05:00
https://www.realpage.com/analytics/university-living-requirements-affect-off-campus-student-housing/,posts,2018-08-24T18:38:29-05:00
https://www.realpage.com/analytics/california-markets-apartment-rent-per-square-foot/,posts,2019-03-18T18:18:04-05:00
https://www.realpage.com/analytics/more-beds-per-student-campuses-living-requirements/,posts,2019-03-22T17:02:19-05:00
https://www.realpage.com/analytics/southern-schools-highest-off-campus-housing-ratios/,posts,2019-05-10T16:57:58-05:00
https://www.realpage.com/analytics/cares-act-impacts-apartments-faqs/,posts,2020-04-08T13:16:47-05:00
https://www.realpage.com/analytics/top-four-apartment-rent-payment-plans-and-implications-for-collections/,posts,2020-04-30T13:45:13-05:00
https://www.realpage.com/analytics/worst-ever-gdp-decline-in-history/,posts,2020-08-06T21:28:03-05:00
https://www.realpage.com/analytics/apartment-lease-renewal-rates-continue-climb/,posts,2020-09-01T20:24:17-05:00
https://www.realpage.com/analytics/manhattan-brings-new-york-apartment-performance/,posts,2020-09-10T16:13:47-05:00
https://www.realpage.com/analytics/steep-declines-drop-rents-san-francisco-within-300-oakland-prices/,posts,2020-10-12T15:59:47-05:00
https://www.realpage.com/analytics/largest-apartment-projects-scheduled-complete-2021/,posts,2021-02-25T17:28:05-06:00
https://www.realpage.com/analytics/downtown-los-angeles-sees-sizable-apartment-inventory-growth/,posts,2021-06-11T13:32:01-05:00
https://www.realpage.com/analytics/washington-dc-occupancy-consistent-despite-big-supply-volumes/,posts,2021-08-16T14:45:49-05:00
https://www.realpage.com/analytics/typical-new-apartment-project-size-varies-sharply-across-metros/,posts,2021-08-31T14:28:54-05:00
https://www.realpage.com/analytics/states-beds-per-student-housing-unit/,posts,2021-11-11T16:03:28-06:00
https://www.realpage.com/analytics/u-s-inflation-near-four-decade-high/,posts,2021-12-13T14:49:41-06:00
https://www.realpage.com/analytics/largest-apartment-projects-scheduled-complete-2022/,posts,2021-12-13T16:38:25-06:00
https://www.realpage.com/analytics/student-housing-supply-hit-11-year-low-2022/,posts,2022-01-04T14:30:22-06:00
https://www.realpage.com/analytics/2022-will-be-a-record-year-for-apartment-construction/,posts,2022-01-04T20:03:10-06:00
https://www.realpage.com/analytics/renter-segmentation-and-what-it-can-tell-us/,posts,2022-01-12T15:00:07-06:00
https://www.realpage.com/analytics/u-s-inflation-highest-since-early-1980s-recession/,posts,2022-01-12T17:06:22-06:00
https://www.realpage.com/analytics/the-largest-renter-cohort-starting-out-singles/,posts,2022-01-17T18:49:40-06:00
https://www.realpage.com/analytics/roommates-by-necessity/,posts,2022-01-24T18:58:05-06:00
https://www.realpage.com/analytics/occupancy-skyrockets-in-supply-heavy-college-station/,posts,2022-02-11T13:53:21-06:00
https://www.realpage.com/analytics/five-largest-apartment-transactions-4th-quarter/,posts,2022-02-18T14:20:20-06:00
https://www.realpage.com/analytics/average-student-housing-rents-ranked-state/,posts,2022-04-18T14:10:16-05:00
https://www.realpage.com/analytics/california-apartment-markets-ranked-rent-per-square-foot/,posts,2022-04-22T15:38:44-05:00
https://www.realpage.com/analytics/ranking-florida-apartment-rents-per-square-foot/,posts,2022-05-02T15:59:13-05:00
https://www.realpage.com/analytics/apartment-renters-renewing-leases-record-levels-even-rents-increase/,posts,2022-05-12T20:45:26-05:00
https://www.realpage.com/analytics/five-largest-apartment-transactions-1st-quarter-2022/,posts,2022-05-20T13:20:41-05:00
https://www.realpage.com/analytics/markets-fortune-500-headquarters-2/,posts,2022-06-13T14:47:02-05:00
https://www.realpage.com/analytics/u-s-inflation-reaches-new-40-year-high/,posts,2022-07-13T15:46:24-05:00
https://www.realpage.com/analytics/market-rate-apartment-renters-spending-23-percent/,posts,2022-07-18T02:08:00-05:00
https://www.realpage.com/analytics/five-largest-build-rent-communities-construction/,posts,2022-08-29T13:43:19-05:00
https://www.realpage.com/blog/realpage-unveils-core-values/,posts,2022-09-30T12:00:00-05:00
https://www.realpage.com/analytics/us-apartment-demand-plunges-3rd-quarter/,posts,2022-10-04T10:10:00-05:00
https://www.realpage.com/analytics/how-will-hurricane-ian-impact-floridas-apartment-market/,posts,2022-10-06T10:15:00-05:00
https://www.realpage.com/analytics/is-apartment-demand-weakening-due-to-high-rents-look-for-these-3-signals/,posts,2022-10-10T10:00:00-05:00
https://www.realpage.com/analytics/investment-sun-belt-markets-growing-much-faster-than-gateway-metros/,posts,2022-10-10T11:30:00-05:00
https://www.realpage.com/analytics/inflation-eased-again-but-still-hovers-near-40-year-highs/,posts,2022-10-13T11:08:00-05:00
https://www.realpage.com/blog/6-tech-tips-for-2023-from-top-multifamily-leaders-naa-takeover-recap/,posts,2022-10-10T12:00:00-05:00
https://www.realpage.com/analytics/evolution-detroit-apartment-market/,posts,2022-10-19T09:40:00-05:00
https://www.realpage.com/analytics/comparing-apartment-markets-philadelphia-vs-pittsburgh/,posts,2022-10-25T14:25:00-05:00
https://www.realpage.com/analytics/record-apartment-construction-volumes-across-the-us/,posts,2022-10-27T13:30:00-05:00
https://www.realpage.com/analytics/apartment-investment-in-sun-belt-markets-still-a-bargain/,posts,2022-10-28T13:50:00-05:00
https://www.realpage.com/analytics/octobers-rent-cut-ranks-as-third-largest-since-2010/,posts,2022-11-03T15:15:00-05:00
https://www.realpage.com/analytics/apartment-performance-slows-in-raleigh-but-remains-above-market-norms/,posts,2022-11-07T10:00:00-06:00
https://www.realpage.com/analytics/loss-to-lease-is-plunging-suggesting-renewal-rent-growth-will-cool-off/,posts,2022-11-08T08:00:00-06:00
https://www.realpage.com/analytics/10-common-themes-amongst-apartment-reits-in-3q22/,posts,2022-11-14T08:00:00-06:00
https://www.realpage.com/analytics/ten-thoughts-on-octobers-cpi-report-and-the-role-of-rents/,posts,2022-11-11T12:55:00-06:00
https://www.realpage.com/analytics/as-expenses-surge-operators-focus-on-cost-controls-for-2023/,posts,2022-11-16T13:00:00-06:00
https://www.realpage.com/analytics/st-louis-holds-on-to-demand-and-rent-growth/,posts,2022-11-18T08:00:00-06:00
https://www.realpage.com/analytics/multifamily-delivery-delays-worsen-as-pandemic-labor-material-shortages-persist/,posts,2022-11-18T08:45:00-06:00
https://www.realpage.com/analytics/the-five-largest-apartment-transactions-in-3rd-quarter-2022/,posts,2022-11-21T11:00:00-06:00
https://www.realpage.com/analytics/these-five-states-are-building-the-most-apartments/,posts,2022-12-12T08:00:00-06:00
https://www.realpage.com/analytics/loss-to-lease-markets-to-watch-in-2023/,posts,2022-11-28T09:10:00-06:00
https://www.realpage.com/analytics/west-region-markets-have-nations-lowest-cap-rates/,posts,2022-12-05T08:00:00-06:00
https://www.realpage.com/analytics/apartment-rents-fall-again-in-november-as-leasing-traffic-remains-soft/,posts,2022-12-06T11:40:00-06:00
https://www.realpage.com/analytics/largest-apartment-projects-scheduled-to-complete-in-2023/,posts,2022-12-16T08:00:00-06:00
https://www.realpage.com/blog/affordable-housing-innovation/,posts,2022-12-12T08:00:00-06:00
https://www.realpage.com/analytics/rent-hikes-in-wilmington-nc-trend-above-us-norm/,posts,2022-12-14T08:00:00-06:00
https://www.realpage.com/analytics/student-housing-deliveries-jump-in-fall-2023/,posts,2023-01-06T08:00:00-06:00
https://www.realpage.com/analytics/only-600-available-apartment-units-in-portland-me/,posts,2022-12-21T08:00:00-06:00
https://www.realpage.com/analytics/phoenixs-apartment-rent-growth-slips-to-decade-low/,posts,2022-12-30T08:00:00-06:00
https://www.realpage.com/analytics/miami-records-lowest-unemployment-among-major-markets/,posts,2023-01-03T08:30:00-06:00
https://www.realpage.com/analytics/three-types-of-markets-that-could-outperform-in-2023/,posts,2023-01-03T12:05:00-06:00
https://www.realpage.com/analytics/5-big-stories-on-rental-housing-you-missed-during-the-holiday-break/,posts,2023-01-04T10:10:00-06:00
https://www.realpage.com/analytics/inflation-continues-to-outstrip-wage-increases/,posts,2023-01-05T08:00:00-06:00
https://www.realpage.com/analytics/apartment-demand-turns-negative-for-the-first-time-since-2009/,posts,2023-01-05T12:30:00-06:00
https://www.realpage.com/analytics/three-types-of-markets-that-could-struggle-in-2023/,posts,2023-01-09T08:00:00-06:00
https://www.realpage.com/analytics/apartment-markets-expecting-the-most-inventory-growth/,posts,2023-01-09T08:00:00-06:00
https://www.realpage.com/analytics/us-labor-market-remains-stronger-than-expected/,posts,2023-01-10T08:00:00-06:00
https://www.realpage.com/analytics/small-apartment-markets-with-big-inventory-growth/,posts,2023-01-11T08:00:00-06:00
https://www.realpage.com/analytics/permits-doubled-yoy-in-three-key-apartment-markets/,posts,2023-01-16T08:00:00-06:00
https://www.realpage.com/analytics/student-housing-outlook-for-2023/,posts,2023-01-12T13:30:00-06:00
https://www.realpage.com/analytics/inflation-continues-to-ease/,posts,2023-01-13T08:00:00-06:00
https://www.realpage.com/analytics/apartment-occupancy-lags-in-urban-cores/,posts,2023-01-16T11:40:00-06:00
https://www.realpage.com/analytics/top-five-markets-with-the-most-apartment-construction-activity/,posts,2023-01-18T08:00:00-06:00
https://www.realpage.com/analytics/top-10-small-market-apartment-occupancy-leaders/,posts,2023-01-18T08:00:00-06:00
https://www.realpage.com/analytics/while-faded-apartment-retention-still-solid-in-2022/,posts,2023-01-20T08:00:00-06:00
https://www.realpage.com/analytics/december-pre-lease-rate-surpasses-40/,posts,2023-01-20T08:00:00-06:00
https://www.realpage.com/analytics/while-recovering-leisurehospitality-services-jobs-remain-well-below-pre-pandemic-levels/,posts,2023-01-23T08:00:00-06:00
https://www.realpage.com/analytics/markets-with-the-most-build-for-rent-properties-under-construction/,posts,2023-01-23T16:25:00-06:00
https://www.realpage.com/analytics/seattle-apartment-demand-fades-from-recent-peaks/,posts,2023-02-16T08:40:00-06:00
https://www.realpage.com/analytics/fact-or-fiction-urban-core-submarkets/,posts,2023-01-25T08:35:00-06:00
https://www.realpage.com/analytics/very-little-apartment-vacancy-in-mcallenbrownsville/,posts,2023-01-25T09:05:00-06:00
https://www.realpage.com/analytics/east-coast-urban-cores-performing-better-than-west-coast/,posts,2023-01-27T08:00:00-06:00
https://www.realpage.com/analytics/annual-job-gains-in-top-markets-continue-slowing/,posts,2023-01-27T08:00:00-06:00
https://www.realpage.com/analytics/multifamily-starts-slow-as-permitting-picks-up-slightly/,posts,2023-01-30T12:00:00-06:00
https://www.realpage.com/analytics/single-family-home-price-increases-continue-to-deflate/,posts,2023-01-31T11:20:00-06:00
https://www.realpage.com/analytics/apartment-market-comparison-dallas-vs-fort-worth/,posts,2023-02-01T08:00:00-06:00
https://www.realpage.com/analytics/jackson-ms-is-only-us-market-losing-jobs/,posts,2023-02-01T08:00:00-06:00
https://www.realpage.com/analytics/new-lease-trade-out-varies-along-the-west-coast/,posts,2023-02-03T08:00:00-06:00
https://www.realpage.com/analytics/5-takeaways-from-nmhcs-annual-meeting/,posts,2023-02-02T10:26:00-06:00
https://www.realpage.com/analytics/states-with-double-digit-inventory-growth-on-tap/,posts,2023-02-06T12:00:00-06:00
https://www.realpage.com/analytics/us-job-growth-surprisingly-strong-in-january/,posts,2023-02-06T08:19:00-06:00
https://www.realpage.com/analytics/even-amid-softened-demand-sioux-falls-occupancy-persists/,posts,2023-02-08T09:00:00-06:00
https://www.realpage.com/analytics/apartment-occupancy-falls-across-every-major-california-market/,posts,2023-02-08T10:20:00-06:00
https://www.realpage.com/analytics/apartment-leasing-traffic-ticks-up-as-cooling-rents-incentivize-relocations/,posts,2023-02-09T11:50:00-06:00
https://www.realpage.com/analytics/nearly-half-of-student-housing-beds-leased-for-fall-2023/,posts,2023-02-10T08:00:00-06:00
https://www.realpage.com/analytics/4q22-absorption-might-signal-a-shift-toward-a-more-normal-2023/,posts,2023-02-10T08:15:00-06:00
https://www.realpage.com/analytics/the-five-largest-apartment-transactions-in-4th-quarter-2022/,posts,2023-02-14T08:00:00-06:00
https://www.realpage.com/analytics/while-concessions-ticked-up-in-4q-discounts-remain-limited/,posts,2023-02-13T10:45:00-06:00
https://www.realpage.com/analytics/this-small-florida-market-led-the-nation-in-4th-quarter-apartment-demand/,posts,2023-02-15T08:00:00-06:00
https://www.realpage.com/analytics/midwest-markets-have-some-of-nations-highest-cap-rates/,posts,2023-02-17T08:00:00-06:00
https://www.realpage.com/analytics/inflation-continues-downward-trend/,posts,2023-02-14T10:10:00-06:00
https://www.realpage.com/analytics/great-lakes-apartment-markets-retain-hallmark-consistency/,posts,2023-02-20T08:00:00-06:00
https://www.realpage.com/analytics/apartment-market-comparison-the-south-florida-trio/,posts,2023-02-20T08:00:00-06:00
https://www.realpage.com/analytics/product-class-apartment-performance-narrows/,posts,2023-02-21T08:00:00-06:00
https://www.realpage.com/analytics/corpus-christi-is-the-nations-worst-apartment-occupancy-performer/,posts,2023-02-22T08:00:00-06:00
https://www.realpage.com/analytics/jacksonville-homeownership-rate-climbs-as-apartment-construction-mounts/,posts,2023-02-24T08:00:00-06:00
https://www.realpage.com/analytics/top-5-themes-apartment-reits-are-monitoring-in-1q23/,posts,2023-02-22T11:35:00-06:00
https://www.realpage.com/analytics/backlog-of-units-permitted-but-not-started-shows-more-starts-will-eventually-arrive/,posts,2023-02-24T08:00:00-06:00
https://www.realpage.com/analytics/here-are-4-implications-of-loss-to-lease-dropping-below-long-term-average/,posts,2023-02-27T08:00:00-06:00
https://www.realpage.com/analytics/multifamily-permits-and-starts-both-decline/,posts,2023-02-28T09:00:00-06:00
https://www.realpage.com/analytics/apartment-market-comparison-the-bay-area-trio/,posts,2023-03-01T08:00:00-06:00
https://www.realpage.com/analytics/southeast-markets-continue-to-lead-in-home-price-gains/,posts,2023-02-28T10:35:00-06:00
https://www.realpage.com/analytics/apartment-occupancy-plunges-in-myrtle-beach/,posts,2023-03-01T08:00:00-06:00
https://www.realpage.com/analytics/texas-apartment-construction-and-permitting-reach-all-time-highs/,posts,2023-03-03T08:00:00-06:00
https://www.realpage.com/analytics/record-apartment-deliveries-on-tap-in-albuquerque/,posts,2023-03-08T08:00:00-06:00
https://www.realpage.com/analytics/apartment-market-comparison-baltimore-vs-washington-dc/,posts,2023-03-06T08:00:00-06:00
https://www.realpage.com/analytics/dallas-submarkets-with-prolific-apartment-construction/,posts,2023-03-06T08:00:00-06:00
https://www.realpage.com/analytics/knoxville-is-among-the-nations-strongest-apartment-markets/,posts,2023-03-08T08:00:00-06:00
https://www.realpage.com/analytics/rent-growth-hits-another-high-in-fall-2023-pre-leasing-season/,posts,2023-03-10T08:00:00-06:00
https://www.realpage.com/analytics/occupancy-decline-differs-across-the-three-florida-regions/,posts,2023-03-10T08:00:00-06:00
https://www.realpage.com/analytics/apartment-rent-collections-reach-highest-mark-since-pre-covid/,posts,2023-03-09T11:30:00-06:00
https://www.realpage.com/analytics/las-vegas-apartment-operators-resort-to-rent-cuts/,posts,2023-03-13T08:00:00-05:00
https://www.realpage.com/analytics/the-us-labor-market-remains-resilient/,posts,2023-03-13T09:00:00-05:00
https://www.realpage.com/analytics/class-a-rents-commanding-28-percent-premium-over-class-b-prices/,posts,2023-03-14T11:15:00-05:00
https://www.realpage.com/analytics/inflation-trends-down-for-the-eighth-straight-month/,posts,2023-03-14T11:00:00-05:00
https://www.realpage.com/analytics/revisions-boost-2022-employment-but-slowdown-continues/,posts,2023-03-15T08:00:00-05:00
https://www.realpage.com/analytics/des-moines-apartment-inventory-jumps-notably/,posts,2023-03-15T08:00:00-05:00
https://www.realpage.com/analytics/apartment-construction-activity-surges-in-the-carolinas/,posts,2023-03-17T08:00:00-05:00
https://www.realpage.com/analytics/apartment-market-comparison-los-angeles-vs-anaheim/,posts,2023-03-17T08:00:00-05:00
https://www.realpage.com/analytics/phoenix-submarkets-with-prolific-apartment-construction/,posts,2023-03-20T08:00:00-05:00
https://www.realpage.com/analytics/the-best-and-worst-performing-submarkets-since-the-pandemic/,posts,2023-03-20T08:00:00-05:00
https://www.realpage.com/analytics/florida-beach-towns-see-big-waves-of-apartment-supply/,posts,2023-03-22T08:00:00-05:00
https://www.realpage.com/analytics/southeast-apartment-occupancy-falters/,posts,2023-03-24T08:00:00-05:00
https://www.realpage.com/analytics/apartment-market-comparison-new-york-vs-newark/,posts,2023-03-22T08:00:00-05:00
https://www.realpage.com/analytics/mitigating-risk-among-local-apartment-markets/,posts,2023-03-24T11:55:00-05:00
https://www.realpage.com/analytics/multifamily-permits-surge-february/,posts,2023-03-27T09:30:00-05:00
https://www.realpage.com/news/realpage-energy-star-partner-of-the-year-2023/,posts,2023-03-28T08:00:00-05:00
https://www.realpage.com/analytics/small-apartment-markets-with-big-demand/,posts,2023-03-29T08:00:00-05:00
https://www.realpage.com/analytics/us-home-prices-decline-again-january-2023/,posts,2023-03-28T11:30:00-05:00
https://www.realpage.com/analytics/us-job-growth-slows-major-markets/,posts,2023-03-29T08:00:00-05:00
https://www.realpage.com/analytics/seattle-tacoma-apartment-market-comparison/,posts,2023-04-03T08:00:00-05:00
https://www.realpage.com/analytics/1q-student-housing-update/,posts,2023-03-30T09:00:00-05:00
https://www.realpage.com/analytics/apartment-market-strong-small-college-towns/,posts,2023-03-31T08:00:00-05:00
https://www.realpage.com/analytics/student-housing-rent-growth-bests-conventional/,posts,2023-04-03T08:00:00-05:00
https://www.realpage.com/analytics/rent-growth-strong-fayetteville-springdale-rogers/,posts,2023-04-05T08:00:00-05:00
https://www.realpage.com/analytics/most-affordable-apartment-markets/,posts,2023-04-13T08:00:00-05:00
https://www.realpage.com/analytics/apartment-demand-returns-1st-quarter/,posts,2023-04-06T09:00:00-05:00
https://www.realpage.com/analytics/positive-annual-apartment-demand-markets/,posts,2023-04-07T08:00:00-05:00
https://www.realpage.com/analytics/build-for-rent-properties-under-construction/,posts,2023-04-07T08:00:00-05:00
https://www.realpage.com/analytics/rent-cuts-mountains-desert-region-4q22/,posts,2023-04-10T08:00:00-05:00
https://www.realpage.com/analytics/us-job-growth-eased-march/,posts,2023-04-10T08:00:00-05:00
https://www.realpage.com/blog/why-integrated-front-office-solutions-are-crucial/,posts,2023-04-07T12:00:00-05:00
https://www.realpage.com/analytics/apartment-construction-50-year-highs/,posts,2023-04-11T11:45:00-05:00
https://www.realpage.com/analytics/student-housing-update-march-2023/,posts,2023-04-14T07:45:00-05:00
https://www.realpage.com/analytics/march-2023-inflation/,posts,2023-04-12T10:50:00-05:00
https://www.realpage.com/analytics/new-york-leasing-traffic-slows/,posts,2023-04-14T07:45:00-05:00
https://www.realpage.com/analytics/mortgage-interest-rates-hit-two-month-low/,posts,2023-04-17T10:00:00-05:00
https://www.realpage.com/analytics/nashville-apartment-supply-hits-peak/,posts,2023-04-17T11:00:00-05:00
https://www.realpage.com/analytics/student-housing-update-1q23/,posts,2023-04-19T08:00:00-05:00
https://www.realpage.com/analytics/renter-age-population-growth-markets/,posts,2023-04-19T08:00:00-05:00
https://www.realpage.com/analytics/texas-apartment-demand-rebounds/,posts,2023-04-21T08:00:00-05:00
https://www.realpage.com/analytics/volatile-us-apartment-market-calms/,posts,2023-04-21T08:00:00-05:00
https://www.realpage.com/analytics/apartment-operational-expenses-soar/,posts,2023-04-24T10:00:00-05:00
https://www.realpage.com/analytics/apartment-demand-by-region/,posts,2023-04-28T15:30:00-05:00
https://www.realpage.com/analytics/job-growth-by-market-stabilizing/,posts,2023-04-24T15:00:00-05:00
https://www.realpage.com/analytics/home-prices-tick-up-february/,posts,2023-04-25T12:00:00-05:00
https://www.realpage.com/analytics/west-coast-apartment-demand-struggles/,posts,2023-04-28T08:00:00-05:00
https://www.realpage.com/analytics/slow-growth-us-gdp/,posts,2023-04-27T09:35:00-05:00
https://www.realpage.com/analytics/multifamily-permits-fall-single-family-increases-march/,posts,2023-04-27T15:15:00-05:00
https://www.realpage.com/analytics/cap-rate-compression-1st-quarter/,posts,2023-05-01T08:00:00-05:00
https://www.realpage.com/analytics/atlanta-rent-growth-stagnates/,posts,2023-05-05T08:00:00-05:00
https://www.realpage.com/analytics/1st-quarter-demand-comparison/,posts,2023-05-03T08:00:00-05:00
https://www.realpage.com/analytics/phoenix-apartment-demand-improves/,posts,2023-05-02T09:15:00-05:00
https://www.realpage.com/analytics/wichita-rent-growth-outpaces-us-norm/,posts,2023-05-03T08:00:00-05:00
https://www.realpage.com/analytics/florida-markets-solid-1q-demand/,posts,2023-05-08T08:00:00-05:00
https://www.realpage.com/analytics/midland-revenue-growth-leads-nation/,posts,2023-05-17T08:00:00-05:00
https://www.realpage.com/analytics/soaring-insurance-premiums-hitting-apartment-owners/,posts,2023-05-05T11:25:00-05:00
https://www.realpage.com/analytics/job-growth-surprisingly-high-april/,posts,2023-05-08T08:00:00-05:00
https://www.realpage.com/analytics/1q23-reits-earning-calls-themes/,posts,2023-05-10T08:00:00-05:00
https://www.realpage.com/analytics/april-2023-inflation/,posts,2023-05-10T10:55:00-05:00
https://www.realpage.com/analytics/cooling-rent-growth-finally-shows-in-cpi/,posts,2023-05-11T08:30:00-05:00
https://www.realpage.com/analytics/student-housing-update-april-2023/,posts,2023-05-12T08:00:00-05:00
https://www.realpage.com/analytics/midwest-markets-solid-lease-trade-out/,posts,2023-05-15T08:00:00-05:00
https://www.realpage.com/analytics/may-2023-interest-rates/,posts,2023-05-11T13:45:00-05:00
https://www.realpage.com/analytics/apartment-transactions-1q-2023/,posts,2023-05-15T08:00:00-05:00
https://www.realpage.com/analytics/inventory-growth-submarkets-sunbelt/,posts,2023-05-17T08:00:00-05:00
https://www.realpage.com/analytics/regional-occupancy-performance/,posts,2023-05-19T08:00:00-05:00
https://www.realpage.com/analytics/east-coast-apartment-market-update-1q23/,posts,2023-05-19T08:00:00-05:00
https://www.realpage.com/analytics/texas-submarkets-apartment-inventory-doubled/,posts,2023-05-22T08:00:00-05:00
https://www.realpage.com/analytics/sacramento-apartment-performance-softens/,posts,2023-05-22T08:00:00-05:00
https://www.realpage.com/analytics/louisville-rent-growth-outperforms/,posts,2023-05-24T08:00:00-05:00
https://www.realpage.com/analytics/us-job-growth-slows-april/,posts,2023-05-24T08:00:00-05:00
https://www.realpage.com/analytics/gpd-outperforms-expectations/,posts,2023-05-25T09:30:00-05:00
https://www.realpage.com/analytics/multifamily-permits-cycle-peak/,posts,2023-05-26T07:40:00-05:00
https://www.realpage.com/analytics/5-office-to-residential-conversions/,posts,2023-05-31T08:00:00-05:00
https://www.realpage.com/analytics/albuquerque-rent-growth-doubles-national-rate/,posts,2023-05-31T08:00:00-05:00
https://www.realpage.com/analytics/sun-belt-apartment-markets-class-a-outperforms/,posts,2023-05-30T08:00:00-05:00
https://www.realpage.com/analytics/us-home-prices-up-second-consecutive-month/,posts,2023-05-30T12:05:00-05:00
https://www.realpage.com/analytics/all-time-high-inventory-growth-markets/,posts,2023-06-09T13:00:00-05:00
https://www.realpage.com/analytics/us-job-growth-solid-may/,posts,2023-06-05T08:30:00-05:00
https://www.realpage.com/analytics/three-year-surge-sun-belt-apartment-demand/,posts,2023-06-05T08:00:00-05:00
https://www.realpage.com/analytics/charleston-leads-nation-inventory-growth/,posts,2023-06-07T08:00:00-05:00
https://www.realpage.com/analytics/student-housing-rent-growth-outperforms-conventional/,posts,2023-06-07T08:00:00-05:00
https://www.realpage.com/analytics/schools-outperform-rent-growth-student-housing/,posts,2023-06-12T08:00:00-05:00
https://www.realpage.com/analytics/apartment-leasing-increases-rent-increases-fade/,posts,2023-06-08T15:00:00-05:00
https://www.realpage.com/analytics/atlanta-rent-collections-behind-average/,posts,2023-06-09T09:00:00-05:00
https://www.realpage.com/analytics/madison-is-the-nations-second-strongest-apartment-market/,posts,2023-06-14T08:00:00-05:00
https://www.realpage.com/analytics/inflation-two-year-low/,posts,2023-06-13T10:00:00-05:00
https://www.realpage.com/analytics/revenues-down-cape-coral-fort-myers/,posts,2023-06-14T08:00:00-05:00
https://www.realpage.com/analytics/cleveland-fundamentals-remain-strong/,posts,2023-06-19T08:00:00-05:00
https://www.realpage.com/analytics/mountains-desert-rent-growth-varies/,posts,2023-06-16T08:00:00-05:00
https://www.realpage.com/analytics/student-housing-pre-lease-rate-historically-high/,posts,2023-06-16T08:00:00-05:00
https://www.realpage.com/analytics/fortune-500-companies-2023/,posts,2023-06-19T08:00:00-05:00
https://www.realpage.com/analytics/apartment-renters-shopping-normally/,posts,2023-06-20T08:00:00-05:00
https://www.realpage.com/analytics/small-markets-rents-below-1000/,posts,2023-06-21T08:00:00-05:00
https://www.realpage.com/analytics/metro-job-gains-strong-may/,posts,2023-06-21T08:00:00-05:00
https://www.realpage.com/blog/3-common-myths-about-centralized-leasing/,posts,2023-06-21T12:00:00-05:00
https://www.realpage.com/analytics/10-worst-demand-markets/,posts,2023-06-23T08:00:00-05:00
https://www.realpage.com/analytics/multifamily-starts-unlikely-spiking/,posts,2023-06-22T09:45:00-05:00
https://www.realpage.com/analytics/carolinas-rents-keep-growing/,posts,2023-06-23T08:00:00-05:00
https://www.realpage.com/analytics/regional-supply-performance/,posts,2023-06-26T08:00:00-05:00
https://www.realpage.com/analytics/small-markets-occupancy-growth-2023/,posts,2023-06-28T08:00:00-05:00
https://www.realpage.com/analytics/home-prices-increase-across-us/,posts,2023-06-27T11:00:00-05:00
https://www.realpage.com/analytics/2q-student-housing-update/,posts,2023-06-28T09:45:00-05:00
https://www.realpage.com/analytics/multifamily-starts-surge-may/,posts,2023-06-30T08:00:00-05:00
https://www.realpage.com/analytics/us-economy-strong-1st-quarter-2023/,posts,2023-06-30T08:00:00-05:00
https://www.realpage.com/analytics/mortgage-interest-rate-increase/,posts,2023-06-29T15:00:00-05:00
https://www.realpage.com/analytics/us-unemployment-historically-low/,posts,2023-07-03T08:00:00-05:00
https://www.realpage.com/analytics/regional-rent-performance/,posts,2023-07-03T08:00:00-05:00
https://www.realpage.com/analytics/fresno-suffering-net-move-outs/,posts,2023-07-05T09:45:00-05:00
https://www.realpage.com/analytics/us-apartment-demand-rebounds-2nd-quarter/,posts,2023-07-07T10:45:00-05:00
https://www.realpage.com/analytics/apartment-occupancy-growth-markets-2023/,posts,2023-07-10T08:45:00-05:00
https://www.realpage.com/analytics/us-job-growth-slows-in-june/,posts,2023-07-10T10:00:00-05:00
https://www.realpage.com/analytics/2q23-apartment-performance-report/,posts,2023-07-10T12:00:00-05:00
https://www.realpage.com/analytics/inflation-falls-12-consecutive-months/,posts,2023-07-12T09:30:00-05:00
https://www.realpage.com/analytics/2q23-apartment-forecast-update/,posts,2023-07-13T09:45:00-05:00
https://www.realpage.com/analytics/june-2023-student-housing-update/,posts,2023-07-14T08:00:00-05:00
https://www.realpage.com/analytics/texas-job-growth-significant-may-2023/,posts,2023-07-14T08:00:00-05:00
https://www.realpage.com/analytics/ytd-apartment-rent-growth-mid-2023/,posts,2023-07-17T12:40:00-05:00
https://www.realpage.com/analytics/co-springs-apartment-inventory-jumps/,posts,2023-07-17T15:00:00-05:00
https://www.realpage.com/analytics/small-apartment-markets-big-construction/,posts,2023-07-19T08:00:00-05:00
https://www.realpage.com/analytics/nation-leading-record-supply-markets/,posts,2023-07-19T11:00:00-05:00
https://www.realpage.com/analytics/salt-lake-city-apartment-occupancy-hits-record-low/,posts,2023-07-21T08:00:00-05:00
https://www.realpage.com/analytics/us-apartment-demand-rebounds-2023/,posts,2023-07-20T08:00:00-05:00
https://www.realpage.com/analytics/fort-worth-apartment-demand-rebound/,posts,2023-07-24T08:00:00-05:00
https://www.realpage.com/analytics/markets-with-most-btr-being-built/,posts,2023-08-09T08:00:00-05:00
https://www.realpage.com/analytics/fourth-straight-month-home-prices-increases-us/,posts,2023-07-25T10:30:00-05:00
https://www.realpage.com/analytics/investment-volume-increase-markets/,posts,2023-07-26T08:00:00-05:00
https://www.realpage.com/analytics/job-growth-continues-us-markets/,posts,2023-07-26T08:00:00-05:00
https://www.realpage.com/analytics/markets-solid-2nd-quarter-demand/,posts,2023-07-28T08:00:00-05:00
https://www.realpage.com/analytics/mountains-desert-region-leading-apartment-market-decline/,posts,2023-07-28T08:00:00-05:00
https://www.realpage.com/analytics/us-economy-continues-growth-2nd-quarter/,posts,2023-07-27T09:20:00-05:00
https://www.realpage.com/analytics/multifamily-permits-declining-june-2023/,posts,2023-07-31T08:00:00-05:00
https://www.realpage.com/analytics/san-diego-rent-growth-significant/,posts,2023-07-31T08:00:00-05:00
https://www.realpage.com/analytics/economy-express-episode-1/,posts,2023-08-04T07:30:00-05:00
https://www.realpage.com/analytics/economy-express-episode-2/,posts,2023-08-04T07:35:00-05:00
https://www.realpage.com/analytics/economy-express-episode-3/,posts,2023-08-04T07:40:00-05:00
https://www.realpage.com/analytics/economy-express-episode-4/,posts,2023-08-04T07:45:00-05:00
https://www.realpage.com/analytics/economy-express-episode-5/,posts,2023-08-04T07:50:00-05:00
https://www.realpage.com/analytics/economy-express-episode-6/,posts,2023-08-04T07:51:00-05:00
https://www.realpage.com/analytics/economy-express-episode-7/,posts,2023-08-04T07:55:00-05:00
https://www.realpage.com/analytics/regional-job-growth-performance/,posts,2023-08-04T08:05:00-05:00
https://www.realpage.com/analytics/weak-apartment-performance-in-tucson-june-2023/,posts,2023-08-02T08:00:00-05:00
https://www.realpage.com/analytics/sunbelt-apartment-demand-june-2023/,posts,2023-08-04T08:00:00-05:00
https://www.realpage.com/analytics/july-2023-apartment-market-update/,posts,2023-08-04T12:00:00-05:00
https://www.realpage.com/analytics/markets-demand-tops-supply-2q/,posts,2023-08-07T08:00:00-05:00
https://www.realpage.com/news/realpage-announces-demandx/,posts,2023-08-07T07:30:00-05:00
https://www.realpage.com/news/realpage-unveils-new-multifamily-rental-trends/,posts,2023-08-08T07:30:00-05:00
https://www.realpage.com/analytics/us-job-growth-july-2023/,posts,2023-08-07T10:00:00-05:00
https://www.realpage.com/analytics/omaha-apartment-supply-surges/,posts,2023-08-09T08:00:00-05:00
https://www.realpage.com/analytics/july-cpi-lagged-shelter-effect/,posts,2023-08-10T10:00:00-05:00
https://www.realpage.com/analytics/july-cpi-inflation-update/,posts,2023-08-10T11:00:00-05:00
https://www.realpage.com/analytics/boise-city-apartment-fundamentals-soften/,posts,2023-08-14T08:20:00-05:00
https://www.realpage.com/analytics/vancouver-portlands-best-performing-submarket/,posts,2023-08-14T08:20:00-05:00
https://www.realpage.com/analytics/economy-express-episode-8/,posts,2023-08-11T12:00:00-05:00
https://www.realpage.com/analytics/markets-past-peak-construction/,posts,2023-08-15T08:00:00-05:00
https://www.realpage.com/blog/empowering-small-midsize-operators/,posts,2023-08-15T12:00:00-05:00
https://www.realpage.com/analytics/half-texas-submarkets-log-rent-cuts/,posts,2023-08-16T08:00:00-05:00
https://www.realpage.com/analytics/rent-growth-jackson-top-10/,posts,2023-08-16T09:00:00-05:00
https://www.realpage.com/analytics/montana-markets-overview/,posts,2023-08-18T08:00:00-05:00
https://www.realpage.com/analytics/west-coast-region-softer-rent-growth/,posts,2023-08-21T08:55:00-05:00
https://www.realpage.com/analytics/july-2023-student-housing-update/,posts,2023-08-21T10:00:00-05:00
https://www.realpage.com/analytics/employment-growth-slows-major-markets/,posts,2023-08-23T08:00:00-05:00
https://www.realpage.com/analytics/springfield-rent-growth-near-double-digits/,posts,2023-09-20T08:00:00-05:00
https://www.realpage.com/analytics/destin-occupancy-slumps/,posts,2023-08-23T08:00:00-05:00
https://www.realpage.com/analytics/apartment-transactions-2nd-quarter-2023/,posts,2023-08-24T08:00:00-05:00
https://www.realpage.com/analytics/rent-growth-supply-impact-southeast-markets/,posts,2023-08-28T08:00:00-05:00
https://www.realpage.com/analytics/baton-rouge-occupancy-lowest-nationwide/,posts,2023-08-30T08:00:00-05:00
https://www.realpage.com/analytics/economy-express-episode-9/,posts,2023-08-24T14:00:00-05:00
https://www.realpage.com/analytics/multifamily-permitting-down-july-2023/,posts,2023-08-28T08:00:00-05:00
https://www.realpage.com/analytics/73-million-more-working-age-residents/,posts,2023-09-18T08:00:00-05:00
https://www.realpage.com/analytics/rent-change-across-product-class/,posts,2023-08-30T08:00:00-05:00
https://www.realpage.com/analytics/home-prices-june-2023/,posts,2023-08-29T11:45:00-05:00
https://www.realpage.com/analytics/east-coast-supply-update/,posts,2023-09-01T08:00:00-05:00
https://www.realpage.com/analytics/best-worst-unemployment-rates-july-2023/,posts,2023-08-31T12:00:00-05:00
https://www.realpage.com/analytics/august-job-growth-exceeds-expectations/,posts,2023-09-05T08:00:00-05:00
https://www.realpage.com/analytics/syracuse-claims-nations-highest-retention/,posts,2023-09-06T08:00:00-05:00
https://www.realpage.com/analytics/august-2023-data-update/,posts,2023-09-06T11:00:00-05:00
https://www.realpage.com/analytics/carolinas-strong-demand-heavy-supply/,posts,2023-09-11T08:00:00-05:00
https://www.realpage.com/analytics/2q23-reits-calls-recap/,posts,2023-09-08T08:00:00-05:00
https://www.realpage.com/analytics/economy-express-episode-10/,posts,2023-09-07T14:50:00-05:00
https://www.realpage.com/analytics/austin-apartment-demand-led-by-round-rock/,posts,2023-09-08T08:00:00-05:00
https://www.realpage.com/analytics/august-2023-student-housing-update/,posts,2023-09-11T08:00:00-05:00
https://www.realpage.com/analytics/atlanta-performance-declines-2023/,posts,2023-09-13T08:00:00-05:00
https://www.realpage.com/analytics/class-a-underperformance/,posts,2023-09-18T08:00:00-05:00
https://www.realpage.com/analytics/economy-express-episode-11/,posts,2023-09-21T13:30:00-05:00
https://www.realpage.com/analytics/august-cpi-inflation-update/,posts,2023-09-13T09:45:00-05:00
https://www.realpage.com/analytics/florida-supply-weighing-down-rents/,posts,2023-09-15T08:00:00-05:00
https://www.realpage.com/analytics/btr-by-region/,posts,2023-09-15T08:00:00-05:00
https://www.realpage.com/analytics/wage-growth-outpacing-rent-increases/,posts,2023-09-19T08:00:00-05:00
https://www.realpage.com/blog/real-estate-investment-forecasting-and-asset-valuation/,posts,2023-09-19T18:00:00-05:00
https://www.realpage.com/blog/navigating-challenges-embracing-prospects/,posts,2023-09-20T11:00:00-05:00
https://www.realpage.com/analytics/minneapolis-concessions-double-midwest-average/,posts,2023-09-21T08:00:00-05:00
https://www.realpage.com/analytics/market-level-job-gains-normalize/,posts,2023-09-22T08:00:00-05:00
https://www.realpage.com/analytics/charlotte-apartment-supply-hefty/,posts,2023-09-25T08:00:00-05:00
https://www.realpage.com/analytics/midwest-markets-lead-home-price-increases/,posts,2023-09-26T11:00:00-05:00
https://www.realpage.com/analytics/urban-cores-lost-pricing-power/,posts,2023-09-27T08:00:00-05:00
https://www.realpage.com/analytics/port-st-lucie-concessions/,posts,2023-09-27T08:00:00-05:00
https://www.realpage.com/analytics/multifamily-starts-decline-completions-increase/,posts,2023-09-29T08:00:00-05:00
https://www.realpage.com/analytics/midwest-region-leads-rent-growth/,posts,2023-09-29T08:00:00-05:00
https://www.realpage.com/analytics/sioux-fall-leads-midwest-job-growth/,posts,2023-10-04T08:00:00-05:00
https://www.realpage.com/analytics/3q-student-housing-webcast-recap/,posts,2023-10-02T08:00:00-05:00
https://www.realpage.com/analytics/northeast-midwest-lead-rent-growth/,posts,2023-10-02T08:00:00-05:00
https://www.realpage.com/analytics/3q23-apartment-data-update/,posts,2023-10-04T08:00:00-05:00
https://www.realpage.com/blog/adopting-ai-enabled-demand-tech/,posts,2023-10-03T12:00:00-05:00
https://www.realpage.com/analytics/economy-express-episode-12/,posts,2023-10-05T14:00:00-05:00
https://www.realpage.com/analytics/northeast-leads-us-rent-growth/,posts,2023-10-06T08:00:00-05:00
https://www.realpage.com/analytics/notable-growth-two-dc-urban-core-submarkets/,posts,2023-10-09T08:00:00-05:00
https://www.realpage.com/analytics/student-housing-rent-growth-leaders-fall-2023/,posts,2023-10-10T08:00:00-05:00
https://www.realpage.com/analytics/us-job-growth-beyond-expectations-september/,posts,2023-10-09T08:00:00-05:00
https://www.realpage.com/blog/blueprint-to-multifamily-success/,posts,2023-10-07T12:00:00-05:00
https://www.realpage.com/analytics/apartment-supply-impacts-rent-growth/,posts,2023-10-10T08:00:00-05:00
https://www.realpage.com/analytics/myrtle-beach-occupancy-decline/,posts,2023-10-11T08:00:00-05:00
https://www.realpage.com/analytics/apartment-forecast-3rd-quarter-2023/,posts,2023-10-11T09:00:00-05:00
https://www.realpage.com/analytics/september-2023-student-housing-update/,posts,2023-10-13T08:00:00-05:00
https://www.realpage.com/analytics/inflation-holds-steady-september/,posts,2023-10-12T10:55:00-05:00
https://www.realpage.com/analytics/class-b-market-softening/,posts,2023-10-16T08:00:00-05:00
https://www.realpage.com/analytics/urban-cores-with-limited-apartment-construction/,posts,2023-10-16T08:00:00-05:00
https://www.realpage.com/analytics/us-apartment-absorption-normalizes/,posts,2023-10-18T08:00:00-05:00
https://www.realpage.com/analytics/champaign-urbana-apartment-market-solid/,posts,2023-10-18T08:00:00-05:00
https://www.realpage.com/analytics/markets-most-impacted-by-apartment-construction/,posts,2023-10-19T08:00:00-05:00
https://www.realpage.com/analytics/lease-up-absorption-by-market/,posts,2023-10-26T08:00:00-05:00
https://www.realpage.com/analytics/apartment-renters-feel-stigmatized/,posts,2023-10-20T08:00:00-05:00
https://www.realpage.com/analytics/economy-express-episode-13/,posts,2023-10-24T08:00:00-05:00
https://www.realpage.com/analytics/gateway-markets-split-east-west-coast/,posts,2023-10-23T08:00:00-05:00
https://www.realpage.com/analytics/new-york-apartment-demand-loss/,posts,2023-10-23T08:00:00-05:00
https://www.realpage.com/analytics/small-markets-lead-us-rent-growth/,posts,2023-10-25T08:00:00-05:00
https://www.realpage.com/analytics/employment-growth-solid-major-markets/,posts,2023-10-25T08:00:00-05:00
https://www.realpage.com/analytics/portland-apartment-market-falters/,posts,2023-10-27T08:00:00-05:00
https://www.realpage.com/analytics/dc-urban-cores-top-nationwide-trends/,posts,2023-10-27T08:30:00-05:00
https://www.realpage.com/analytics/multifamily-permits-starts-decline/,posts,2023-10-30T08:00:00-05:00
https://www.realpage.com/analytics/downtowns-doubled-existing-units/,posts,2023-11-03T08:00:00-05:00
https://www.realpage.com/analytics/home-prices-continue-to-rise-august/,posts,2023-10-31T10:00:00-05:00
https://www.realpage.com/blog/6-ways-to-control-multifamily-expenses/,posts,2023-10-31T12:00:00-05:00
https://www.realpage.com/analytics/austin-supply-softens-occupancy/,posts,2023-11-01T09:30:00-05:00
https://www.realpage.com/analytics/economy-express-episode-14/,posts,2023-11-02T12:00:00-05:00
https://www.realpage.com/blog/ai-and-modern-tech-win-win-for-prospects-property-management-companies/,posts,2023-11-02T12:00:00-05:00
https://www.realpage.com/blog/navigating-the-intersection-of-technology-and-resident-interactions/,posts,2023-11-03T10:00:00-05:00
https://www.realpage.com/analytics/texas-rent-cuts-despite-demand/,posts,2023-11-06T09:00:00-06:00
https://www.realpage.com/analytics/october-2023-us-employment-update/,posts,2023-11-06T09:00:00-06:00
https://www.realpage.com/analytics/markets-deepest-revenue-loss-october-2023/,posts,2023-11-08T08:00:00-06:00
https://www.realpage.com/analytics/small-markets-occupancy-gains-october-2023/,posts,2023-11-08T08:00:00-06:00
https://www.realpage.com/blog/increasing-efficiency-engagement-for-growing-mixed-use-portfolios/,posts,2023-11-06T16:00:00-06:00
https://www.realpage.com/analytics/october-2023-data-update/,posts,2023-11-07T10:00:00-06:00
https://www.realpage.com/analytics/florida-rent-cuts-3rd-quarter/,posts,2023-11-10T08:00:00-06:00
https://www.realpage.com/analytics/october-2023-student-housing-update/,posts,2023-11-10T08:00:00-06:00
https://www.realpage.com/analytics/san-antonio-occupancy-dives/,posts,2023-11-13T08:00:00-06:00
https://www.realpage.com/analytics/savannah-inventory-growth-significant/,posts,2023-11-15T08:00:00-06:00
https://www.realpage.com/analytics/inflation-eases-october-2023/,posts,2023-11-14T10:00:00-06:00
https://www.realpage.com/analytics/cincinnati-occupancy-rents-hold-strong/,posts,2023-11-15T08:00:00-06:00
https://www.realpage.com/news/realpage-accelerates-the-pace-of-innovation-for-multifamily-with-market-leading-ai-enabled-front-office-suite/,posts,2023-11-15T13:00:00-06:00
https://www.realpage.com/analytics/small-markets-declining-occupancy/,posts,2023-11-17T08:00:00-06:00
https://www.realpage.com/analytics/rental-affordabilitys-one-proven-solution/,posts,2023-11-16T10:00:00-06:00
https://www.realpage.com/analytics/economy-express-episode-15/,posts,2023-11-16T15:15:00-06:00
https://www.realpage.com/analytics/lincoln-occupancy-shines/,posts,2023-11-22T08:00:00-06:00
https://www.realpage.com/analytics/dc-apartment-market-tops-east-coast-performance/,posts,2023-11-20T08:00:00-06:00
https://www.realpage.com/analytics/btr-update-november-2023/,posts,2023-11-20T08:00:00-06:00
https://www.realpage.com/analytics/us-census-starts-probably-overstated/,posts,2023-11-21T08:00:00-06:00
https://www.realpage.com/analytics/october-2023-metro-employment-update/,posts,2023-11-22T08:00:00-06:00
https://www.realpage.com/analytics/major-markets-modest-supply/,posts,2023-11-27T08:00:00-06:00
https://www.realpage.com/analytics/student-housing-performance-by-region/,posts,2023-11-27T11:00:00-06:00
https://www.realpage.com/analytics/october-2023-multifamily-permit-update/,posts,2023-11-29T08:00:00-06:00
https://www.realpage.com/analytics/provo-apartment-market-softens/,posts,2023-12-06T08:00:00-06:00
https://www.realpage.com/analytics/sioux-falls-inventory-jobs-growth/,posts,2023-11-29T08:30:00-06:00
https://www.realpage.com/analytics/midwest-moderate-supply-demand/,posts,2023-12-04T08:00:00-06:00
https://www.realpage.com/analytics/economy-express-episode-16/,posts,2023-11-30T12:55:00-06:00
https://www.realpage.com/analytics/forecasting-2024s-top-apartment-markets/,posts,2023-12-01T08:00:00-06:00
https://www.realpage.com/analytics/four-multifamily-projects-work-2024/,posts,2023-12-04T12:00:00-06:00
https://www.realpage.com/analytics/november-2023-data-update/,posts,2023-12-05T11:00:00-06:00
https://www.realpage.com/analytics/lexington-louisville-strong-rent-growth/,posts,2023-12-08T08:00:00-06:00
https://www.realpage.com/analytics/high-rent-low-rent-suburbs/,posts,2023-12-08T10:30:00-06:00
https://www.realpage.com/analytics/november-2023-us-employment-update/,posts,2023-12-11T08:00:00-06:00
https://www.realpage.com/analytics/november-2023-inflation/,posts,2023-12-12T10:35:00-06:00
https://www.realpage.com/analytics/small-ny-markets-occupancy/,posts,2023-12-13T08:00:00-06:00
https://www.realpage.com/blog/knock-2023-year-in-review/,posts,2023-12-12T13:00:00-06:00
https://www.realpage.com/blog/asset-management-strategies-for-improving-portfolio-performance/,posts,2023-12-13T10:00:00-06:00
https://www.realpage.com/analytics/november-2023-student-housing-update/,posts,2023-12-13T08:00:00-06:00
https://www.realpage.com/analytics/6-submarkets-with-most-uuc/,posts,2023-12-15T08:00:00-06:00
https://www.realpage.com/analytics/consumer-confidence-apartment-demand/,posts,2023-12-18T08:00:00-06:00
https://www.realpage.com/analytics/economy-express-episode-17/,posts,2023-12-14T16:00:00-06:00
https://www.realpage.com/analytics/rising-insurance-costs-apartment-sector/,posts,2023-12-18T08:00:00-06:00
https://www.realpage.com/analytics/salt-lake-city-completions-weaken-market/,posts,2023-12-20T08:00:00-06:00
https://www.realpage.com/analytics/myrtle-beach-revenue-loss-deep/,posts,2023-12-20T08:00:00-06:00
https://www.realpage.com/analytics/most-affordable-apartment-markets-november/,posts,2023-12-22T08:00:00-06:00
https://www.realpage.com/analytics/what-we-got-right-2023/,posts,2023-12-22T08:00:00-06:00
https://www.realpage.com/analytics/top-blogs-2023/,posts,2023-12-27T08:00:00-06:00
https://www.realpage.com/analytics/november-2023-multifamily-permit-update/,posts,2023-12-28T09:15:00-06:00
https://www.realpage.com/analytics/novmeber-2023-metro-employment-update/,posts,2023-12-29T08:00:00-06:00
https://www.realpage.com/analytics/new-york-demand-normalizes/,posts,2024-01-02T08:00:00-06:00
https://www.realpage.com/analytics/job-growth-leaders-five-years/,posts,2024-01-02T08:00:00-06:00
https://www.realpage.com/analytics/markets-most-rent-growth-2023/,posts,2024-01-04T08:00:00-06:00
https://www.realpage.com/analytics/apartment-forecast-4th-quarter-2023/,posts,2024-01-05T08:00:00-06:00
https://www.realpage.com/analytics/december-2023-data-update/,posts,2024-01-04T12:30:00-06:00
https://www.realpage.com/analytics/top-apartment-occupancy-performances-2023/,posts,2024-01-08T08:00:00-06:00
https://www.realpage.com/analytics/december-2023-us-employment-update/,posts,2024-01-08T08:00:00-06:00
https://www.realpage.com/analytics/sms-young-adult-population-growth/,posts,2024-01-10T08:00:00-06:00
https://www.realpage.com/analytics/december-2023-student-housing-update/,posts,2024-01-10T08:00:00-06:00
https://www.realpage.com/analytics/apartment-supply-by-region-2024/,posts,2024-01-15T08:00:00-06:00
https://www.realpage.com/analytics/economy-express-episode-18/,posts,2024-01-11T13:00:00-06:00
https://www.realpage.com/analytics/6-markets-without-net-move-outs/,posts,2024-01-12T08:00:00-06:00
https://www.realpage.com/analytics/2024-apartment-supply-tops-2023-records/,posts,2024-01-15T08:00:00-06:00
https://www.realpage.com/analytics/texas-webcast-recap-1q-2024/,posts,2024-01-17T08:00:00-06:00
https://www.realpage.com/news/realpage-announces-the-evolution-of-realpage-exchange/,posts,2024-01-16T00:00:00-06:00
https://www.realpage.com/analytics/2023-by-the-numbers/,posts,2024-01-17T08:00:00-06:00
https://www.realpage.com/news/realpage-and-bilt-launch-seamless-rewards-experience/,posts,2024-01-18T07:30:00-06:00
https://www.realpage.com/analytics/demand-rebound-akron-4q23/,posts,2024-01-19T08:00:00-06:00
https://www.realpage.com/analytics/high-demand-apartment-markets-2023/,posts,2024-01-22T08:00:00-06:00
https://www.realpage.com/analytics/college-towns-webcast-recap/,posts,2024-01-19T08:00:00-06:00
https://www.realpage.com/blog/what-multifamily-operators-need-to-know-about-building-energy-performance-standards/,posts,2024-01-19T10:35:00-06:00
https://www.realpage.com/analytics/markets-outperform-2024/,posts,2024-01-22T08:00:00-06:00
https://www.realpage.com/analytics/asheville-supply-surges/,posts,2024-01-24T08:00:00-06:00
https://www.realpage.com/analytics/december-2023-metro-employment-update/,posts,2024-01-24T09:00:00-06:00
https://www.realpage.com/analytics/4th-quarter-demand-beats-pre-covid-norms/,posts,2024-01-26T08:00:00-06:00
https://www.realpage.com/analytics/economy-express-episode-19/,posts,2024-01-26T13:00:00-06:00
https://www.realpage.com/analytics/small-markets-webcast-recap-1q-2024/,posts,2024-01-29T08:00:00-06:00
https://www.realpage.com/analytics/december-2023-multifamily-permit-update/,posts,2024-01-29T08:00:00-06:00
https://www.realpage.com/blog/keeping-leads-inside-your-portfolio/,posts,2024-01-29T12:00:00-06:00
https://www.realpage.com/analytics/us-occupancy-below-decade-average/,posts,2024-01-31T08:00:00-06:00
https://www.realpage.com/analytics/seattle-supply-skyrocket-2024/,posts,2024-01-31T08:00:00-06:00
https://www.realpage.com/analytics/class-a-rent-cuts-high-supply-markets/,posts,2024-02-02T08:00:00-06:00
https://www.realpage.com/analytics/harvard-report-4q23/,posts,2024-02-02T08:00:00-06:00
https://www.realpage.com/analytics/florida-webcast-recap-1q-2024/,posts,2024-02-05T08:00:00-06:00
https://www.realpage.com/analytics/7-talking-points-nmhc-2024/,posts,2024-02-02T15:00:00-06:00
https://www.realpage.com/analytics/january-2024-us-employment-update/,posts,2024-02-05T08:00:00-06:00
https://www.realpage.com/analytics/midland-apartment-supply/,posts,2024-02-07T08:00:00-06:00
https://www.realpage.com/analytics/san-diego-4q23-demand/,posts,2024-02-14T08:00:00-06:00
https://www.realpage.com/analytics/january-2024-data-update/,posts,2024-02-07T08:00:00-06:00
https://www.realpage.com/analytics/southeast-webcast-recap-1q-2024/,posts,2024-02-12T08:00:00-06:00
https://www.realpage.com/blog/ai-models-in-multifamily/,posts,2024-02-07T12:00:00-06:00
https://www.realpage.com/analytics/philadelphia-jobs-holding-up-apartment-market/,posts,2024-02-09T08:00:00-06:00
https://www.realpage.com/analytics/student-housing-occupancy-leaders-since-2020/,posts,2024-02-28T08:00:00-06:00
https://www.realpage.com/analytics/economy-express-episode-20/,posts,2024-02-09T14:00:00-06:00
https://www.realpage.com/analytics/florida-markets-revenue-loss/,posts,2024-02-12T08:00:00-06:00
https://www.realpage.com/analytics/apartment-transactions-2023/,posts,2024-02-16T08:00:00-06:00
https://www.realpage.com/news/realpage-awarded-on-the-forbes-americas-best-employers-2024-list/,posts,2024-02-13T10:00:00-06:00
https://www.realpage.com/analytics/january-2024-student-housing-update/,posts,2024-02-14T08:00:00-06:00
https://www.realpage.com/analytics/job-growth-ranked-by-state-2023/,posts,2024-02-21T08:00:00-06:00
https://www.realpage.com/analytics/charleston-job-growth-december/,posts,2024-02-16T08:00:00-06:00
https://www.realpage.com/analytics/rent-income-ratios-decline-2023/,posts,2024-02-15T09:10:00-06:00
https://www.realpage.com/analytics/raleigh-demand-boom-4q23/,posts,2024-02-19T08:00:00-06:00
https://www.realpage.com/analytics/east-coast-webcast-recap-1q-2024/,posts,2024-02-19T11:00:00-06:00
https://www.realpage.com/analytics/greeley-inventory-2023/,posts,2024-02-21T08:00:00-06:00
https://www.realpage.com/analytics/inventory-growth-rent-growth-2023/,posts,2024-02-23T08:00:00-06:00
https://www.realpage.com/analytics/milwaukee-outperforms-rent-occupancy/,posts,2024-02-26T08:00:00-06:00
https://www.realpage.com/analytics/economy-express-episode-21/,posts,2024-02-23T12:00:00-06:00
https://www.realpage.com/analytics/west-coast-webcast-recap-1q-2024/,posts,2024-02-26T08:00:00-06:00
https://www.realpage.com/analytics/january-2024-multifamily-permit-update/,posts,2024-02-28T08:00:00-06:00
https://www.realpage.com/analytics/3-bed-occupancy-dips-2024/,posts,2024-03-04T08:00:00-06:00
https://www.realpage.com/analytics/center-city-philly-construction/,posts,2024-03-01T08:00:00-06:00
https://www.realpage.com/analytics/san-francisco-occupancy-growth/,posts,2024-03-01T08:00:00-06:00
https://www.realpage.com/analytics/midwest-webcast-recap-1q-2024/,posts,2024-03-04T08:00:00-06:00
https://www.realpage.com/blog/get-your-propertys-website-in-tip-top-shape/,posts,2024-03-04T12:00:00-06:00
https://www.realpage.com/analytics/fargo-rent-growth-solid/,posts,2024-03-06T08:00:00-06:00
https://www.realpage.com/analytics/february-2024-data-update/,posts,2024-03-06T08:00:00-06:00
https://www.realpage.com/analytics/new-york-market-profile-2024/,posts,2024-03-08T08:00:00-06:00
https://www.realpage.com/blog/streamlining-fund-investment-accounting-for-low-total-cost-of-ownership/,posts,2024-03-11T00:00:00-05:00
https://www.realpage.com/analytics/economy-express-episode-22/,posts,2024-03-08T09:50:00-06:00
https://www.realpage.com/analytics/desert-mountains-webcast-recap-1q-2024/,posts,2024-03-11T08:00:00-05:00
https://www.realpage.com/analytics/occupied-units-2024/,posts,2024-03-14T08:00:00-05:00
https://www.realpage.com/analytics/february-2024-us-employment-update/,posts,2024-03-11T08:00:00-05:00
https://www.realpage.com/analytics/2024-employment-forecast/,posts,2024-03-15T08:00:00-05:00
https://www.realpage.com/analytics/february-2024-inflation/,posts,2024-03-12T10:15:00-05:00
https://www.realpage.com/analytics/january-2024-metro-employment-update/,posts,2024-03-13T08:06:00-05:00
https://www.realpage.com/analytics/february-2024-student-housing-update/,posts,2024-03-15T08:00:00-05:00
https://www.realpage.com/analytics/carolinas-webcast-recap-1q-2024/,posts,2024-03-18T08:00:00-05:00
https://www.realpage.com/analytics/detroit-apartment-demand-solid/,posts,2024-03-18T08:00:00-05:00
https://www.realpage.com/analytics/salinas-rent-growth-february-2024/,posts,2024-03-20T08:00:00-05:00
https://www.realpage.com/analytics/chicago-market-profile-2024/,posts,2024-03-22T08:00:00-05:00
https://www.realpage.com/analytics/west-region-rent-performance/,posts,2024-03-20T08:00:00-05:00
https://www.realpage.com/news/realpage-earns-2024-great-place-to-work-certification/,posts,2024-03-21T07:25:00-05:00
https://www.realpage.com/analytics/northeast-webcast-recap-1q-2024/,posts,2024-03-25T08:00:00-05:00
https://www.realpage.com/analytics/economy-express-episode-23/,posts,2024-03-21T14:15:00-05:00
https://www.realpage.com/analytics/louisianna-population-loss-2023/,posts,2024-03-27T08:00:00-05:00
https://www.realpage.com/analytics/bay-area-south-florida-comparison/,posts,2024-03-25T08:00:00-05:00
https://www.realpage.com/news/realpage-addresses-fake-identity-fraud-in-multifamily-survey/,posts,2024-03-25T08:15:00-05:00
https://www.realpage.com/analytics/february-2024-metro-employment-update/,posts,2024-03-27T08:00:00-05:00
https://www.realpage.com/news/realpage-announces-new-products-to-attack-rental-fraud/,posts,2024-03-27T08:30:00-05:00
https://www.realpage.com/analytics/dayton-class-c-performance/,posts,2024-03-29T08:00:00-05:00
https://www.realpage.com/analytics/february-2024-multifamily-permit-update/,posts,2024-03-29T08:00:00-05:00
https://www.realpage.com/blog/group-purchasing-organizations-help-combat-rising-costs/,posts,2024-03-28T12:00:00-05:00
https://www.realpage.com/analytics/wilmington-renter-household-growth/,posts,2024-04-01T08:00:00-05:00
https://www.realpage.com/analytics/student-housing-webcast-recap-1q-2024/,posts,2024-04-01T08:00:00-05:00
https://www.realpage.com/blog/ai-types-for-enhanced-multifamily-operations/,posts,2024-04-02T09:00:00-05:00
https://www.realpage.com/analytics/1q24-foreast-update/,posts,2024-04-05T08:00:00-05:00
https://www.realpage.com/analytics/savannah-inventory-growth-rent-hikes/,posts,2024-04-03T08:00:00-05:00
https://www.realpage.com/blog/the-true-impacts-of-rental-application-fraud-how-technology-can-help/,posts,2024-04-09T00:00:00-05:00
https://www.realpage.com/analytics/march-2024-data-update/,posts,2024-04-03T10:45:00-05:00
https://www.realpage.com/analytics/lower-midwest-plains-webcast-recap-2q-2024/,posts,2024-04-08T08:00:00-05:00
https://www.realpage.com/analytics/economy-express-episode-24/,posts,2024-04-04T14:00:00-05:00
https://www.realpage.com/analytics/march-2024-us-employment-update/,posts,2024-04-08T12:00:00-05:00
https://www.realpage.com/analytics/denver-apartment-construction-strong/,posts,2024-04-10T08:00:00-05:00
https://www.realpage.com/analytics/march-2024-student-housing-update/,posts,2024-04-10T08:00:00-05:00
https://www.realpage.com/news/realpage-redefines-the-resident-experience/,posts,2024-04-10T07:30:00-05:00
https://www.realpage.com/analytics/perspective-us-apartment-demand-1st-quarter/,posts,2024-04-12T08:00:00-05:00
https://www.realpage.com/analytics/1q24-supply-demand-imbalance-markets/,posts,2024-04-12T08:00:00-05:00
https://www.realpage.com/analytics/1st-quarter-supply-highest-ever/,posts,2024-04-15T08:00:00-05:00
https://www.realpage.com/analytics/urban-cores-no-longer-grossly-underperforming-suburban-counterparts/,posts,2024-04-15T08:00:00-05:00
https://www.realpage.com/blog/realizing-the-rent-reporting-opportunity-for-apartments/,posts,2024-04-23T00:00:00-05:00
https://www.realpage.com/blog/4-ways-ai-can-boost-multifamily-leasing-agent-efficiency/,posts,2024-04-16T00:00:00-05:00
https://www.realpage.com/analytics/texas-webcast-recap-2q-2024/,posts,2024-04-17T08:00:00-05:00
https://www.realpage.com/analytics/columbus-ga-occupancy-growth/,posts,2024-04-17T08:00:00-05:00
https://www.realpage.com/news/realpage-announces-lumina/,posts,2024-04-17T07:00:00-05:00
https://www.realpage.com/analytics/coastal-markets-bring-down-west-performance/,posts,2024-04-19T08:00:00-05:00
https://www.realpage.com/analytics/economy-express-episode-25/,posts,2024-04-19T16:06:00-05:00
https://www.realpage.com/analytics/small-towns-big-population-growth/,posts,2024-04-22T08:00:00-05:00
https://www.realpage.com/analytics/us-webcast-recap-2q-2024/,posts,2024-04-22T08:45:00-05:00
https://www.realpage.com/analytics/march-2024-metro-employment-update/,posts,2024-04-24T08:00:00-05:00
https://www.realpage.com/analytics/gateway-markets-population-loss/,posts,2024-04-24T08:00:00-05:00
https://www.realpage.com/analytics/multifamily-starts-plunge-in-march-indicating-when-supply-wave-could-taper/,posts,2024-04-26T08:30:00-05:00
https://www.realpage.com/analytics/dallas-supply-update-2024/,posts,2024-04-29T08:00:00-05:00
https://www.realpage.com/analytics/florida-webcast-recap-2q-2024/,posts,2024-04-26T09:00:00-05:00
https://www.realpage.com/analytics/high-supply-markets-near-major-metros/,posts,2024-04-29T08:00:00-05:00
https://www.realpage.com/analytics/lawrence-occupancy-shines-march-2024/,posts,2024-05-01T08:00:00-05:00
https://www.realpage.com/analytics/1q-2024-rent-growth-markets/,posts,2024-05-01T08:00:00-05:00
https://www.realpage.com/analytics/carolinas-webcast-recap-2q-2024/,posts,2024-05-06T08:00:00-05:00
https://www.realpage.com/blog/make-rental-fraud-prevention-a-priority-by-removing-3-common-barriers/,posts,2024-05-03T00:00:00-05:00
https://www.realpage.com/analytics/economy-express-episode-26/,posts,2024-05-02T12:00:00-05:00
https://www.realpage.com/analytics/april-2024-data-update/,posts,2024-05-03T12:00:00-05:00
https://www.realpage.com/analytics/april-2024-us-employment-update/,posts,2024-05-06T08:00:00-05:00
https://www.realpage.com/analytics/markets-yet-to-recover-from-covid-job-losses/,posts,2024-05-08T08:00:00-05:00
https://www.realpage.com/analytics/reit-recap-1q-2024/,posts,2024-05-08T08:00:00-05:00
https://www.realpage.com/blog/keys-to-a-successful-sustainability-strategy-for-multifamily-housing-companies/,posts,2024-05-10T00:00:00-05:00
https://www.realpage.com/analytics/portland-apartment-market-waning/,posts,2024-05-13T08:00:00-05:00
https://www.realpage.com/analytics/supply-demand-imbalances-2024/,posts,2024-05-15T08:00:00-05:00
https://www.realpage.com/blog/how-onesite-simplifies-month-end-close-move-outfas/,posts,2024-05-17T00:00:00-05:00
https://www.realpage.com/analytics/april-2024-student-housing-update/,posts,2024-05-10T08:00:00-05:00
https://www.realpage.com/analytics/west-coast-webcast-recap-2q-2024/,posts,2024-05-10T08:00:00-05:00
https://www.realpage.com/analytics/class-b-c-rent-cuts-2024/,posts,2024-05-13T08:00:00-05:00
https://www.realpage.com/analytics/transactions-continue-slumping-1q24/,posts,2024-05-22T08:00:00-05:00
https://www.realpage.com/analytics/albuquerque-supply-high-2024/,posts,2024-05-15T08:00:00-05:00
https://www.realpage.com/analytics/mid-atlantic-webcast-recap-2q-2024/,posts,2024-05-20T08:00:00-05:00
https://www.realpage.com/blog/three-areas-where-you-can-accelerate-property-management-operations/,posts,2024-05-24T00:00:00-05:00
https://www.realpage.com/analytics/prime-leasing-season-2024/,posts,2024-05-17T08:00:00-05:00
https://www.realpage.com/analytics/economy-express-episode-27/,posts,2024-05-17T08:00:00-05:00
https://www.realpage.com/analytics/job-growth-sectors-rolling-recession/,posts,2024-05-20T08:00:00-05:00
https://www.realpage.com/analytics/april-2024-metro-employment-update/,posts,2024-05-22T08:00:00-05:00
https://www.realpage.com/analytics/northeast-webcast-recap-2q-2024/,posts,2024-05-24T08:00:00-05:00
https://www.realpage.com/analytics/cleveland-revenue-growth-solid-1q24/,posts,2024-05-24T08:00:00-05:00
https://www.realpage.com/blog/4-ways-to-alleviate-the-strain-of-operating-in-an-inflationary-environment/,posts,2024-05-31T00:00:00-05:00
https://www.realpage.com/analytics/lakeland-inventory-growth/,posts,2024-05-29T08:00:00-05:00
https://www.realpage.com/analytics/office-to-apartment-conversions-ohio/,posts,2024-05-31T08:00:00-05:00
https://www.realpage.com/analytics/april-2024-multifamily-permit-update/,posts,2024-05-29T08:00:00-05:00
https://www.realpage.com/analytics/huntsville-apartment-inventory-explodes/,posts,2024-06-03T08:00:00-05:00
https://www.realpage.com/analytics/small-markets-jobs-recover-covid/,posts,2024-06-05T08:00:00-05:00
https://www.realpage.com/analytics/desert-mountains-webcast-recap-2q-2024/,posts,2024-06-03T08:00:00-05:00
https://www.realpage.com/analytics/economy-express-episode-28/,posts,2024-05-31T12:00:00-05:00
https://www.realpage.com/analytics/fayetteville-occupancy-tops-us-norm/,posts,2024-06-07T08:00:00-05:00
https://www.realpage.com/analytics/may-2024-data-update/,posts,2024-06-04T08:00:00-05:00
https://www.realpage.com/blog/the-multifamily-resident-centric-revolution/,posts,2024-06-05T00:00:00-05:00
https://www.realpage.com/analytics/may-2024-student-housing-update/,posts,2024-06-12T08:00:00-05:00
https://www.realpage.com/blog/elevating-resident-adoption-to-better-protect-your-properties-and-tackle-rising-commercial-insurance-costs/,posts,2024-06-10T00:00:00-05:00
https://www.realpage.com/analytics/upper-midwest-webcast-recap-2q-2024/,posts,2024-06-07T08:00:00-05:00
https://www.realpage.com/analytics/may-2024-us-employment-update/,posts,2024-06-10T09:00:00-05:00
https://www.realpage.com/analytics/vacancies-rise-across-south-region/,posts,2024-06-12T08:00:00-05:00
https://www.realpage.com/analytics/strong-occupancy-growth-in-april-may/,posts,2024-06-17T08:00:00-05:00
https://www.realpage.com/analytics/markets-with-lowest-class-a-premium/,posts,2024-06-19T08:00:00-05:00
https://www.realpage.com/analytics/fortune-500-companies-2024/,posts,2024-06-14T08:00:00-05:00
https://www.realpage.com/analytics/btr-june-2024/,posts,2024-06-14T08:00:00-05:00
https://www.realpage.com/analytics/southeast-webcast-recap-2q-2024/,posts,2024-06-18T08:00:00-05:00
https://www.realpage.com/analytics/economy-express-episode-29/,posts,2024-06-17T08:00:00-05:00
https://www.realpage.com/analytics/cape-coral-worst-rent-growth-nationwide/,posts,2024-06-20T08:00:00-05:00
https://www.realpage.com/analytics/small-new-york-markets-rent-growth/,posts,2024-06-21T08:00:00-05:00
https://www.realpage.com/blog/6-ai-tips-for-multifamily-momentum/,posts,2024-06-19T12:00:00-05:00
https://www.realpage.com/analytics/student-webcast-recap-2q-2024/,posts,2024-06-25T08:00:00-05:00
https://www.realpage.com/analytics/birmingham-record-supply-2024/,posts,2024-06-27T08:00:00-05:00
https://www.realpage.com/news/aim-innovation-sessions-from-realpage-move-multifamily-forward/,posts,2024-05-06T07:30:00-05:00
https://www.realpage.com/news/realpage-showcases-ai-enabled-innovations-at-apartmentalize-2024/,posts,2024-06-17T07:30:00-05:00
https://www.realpage.com/news/statement-from-realpage-the-real-story/,posts,2024-06-18T07:30:00-05:00
https://www.realpage.com/analytics/may-2024-metro-employment-update/,posts,2024-06-26T11:00:00-05:00
https://www.realpage.com/analytics/harvard-state-of-nations-housing-2024/,posts,2024-06-28T10:00:00-05:00
https://www.realpage.com/analytics/may-2024-multifamily-permit-update/,posts,2024-07-01T08:00:00-05:00
https://www.realpage.com/analytics/economy-express-episode-30/,posts,2024-06-28T14:00:00-05:00
https://www.realpage.com/analytics/lower-midwest-webcast-recap-2q24/,posts,2024-07-02T08:00:00-05:00
https://www.realpage.com/analytics/california-rent-to-incomes-ranked-2024/,posts,2024-07-05T08:00:00-05:00
https://www.realpage.com/analytics/2nd-quarter-2024-data-update/,posts,2024-07-05T09:00:00-05:00
https://www.realpage.com/analytics/june-2024-us-employment-update/,posts,2024-07-08T08:00:00-05:00
https://www.realpage.com/analytics/boulder-occupancy-2024/,posts,2024-07-09T08:00:00-05:00
https://www.realpage.com/blog/how-googles-new-ai-overviews-impact-multifamily-seo/,posts,2024-07-09T18:30:00-05:00
https://www.realpage.com/analytics/june-2024-student-housing-update/,posts,2024-07-10T10:00:00-05:00
https://www.realpage.com/analytics/markets-job-recovery-pandemic/,posts,2024-07-12T11:00:00-05:00
https://www.realpage.com/analytics/apartment-forecast-2nd-quarter-2024/,posts,2024-07-15T15:00:00-05:00
https://www.realpage.com/analytics/students-benefit-athens-occupancy/,posts,2024-07-16T09:00:00-05:00
https://www.realpage.com/analytics/rent-to-income-update-august-2024/,posts,2024-07-18T08:00:00-05:00
https://www.realpage.com/analytics/economy-express-episode-31/,posts,2024-07-19T14:00:00-05:00
https://www.realpage.com/analytics/markets-deliveries-falling-2025/,posts,2024-07-22T09:00:00-05:00
https://www.realpage.com/analytics/sherman-inventory-growth/,posts,2024-07-23T08:00:00-05:00
https://www.realpage.com/analytics/june-2024-metro-employment-update/,posts,2024-07-24T08:00:00-05:00
https://www.realpage.com/analytics/2nd-quarter-demand-markets/,posts,2024-07-25T08:13:00-05:00
https://www.realpage.com/analytics/checking-in-favorite-markets-2024/,posts,2024-07-26T09:00:00-05:00
https://www.realpage.com/analytics/june-2024-multifamily-permit-update/,posts,2024-07-29T08:00:00-05:00
https://www.realpage.com/analytics/omaha-apartment-occupancy-solid/,posts,2024-07-30T08:00:00-05:00
https://www.realpage.com/analytics/average-student-housing-rents-ranked-state-2024/,posts,2024-07-31T09:00:00-05:00
https://www.realpage.com/analytics/economy-express-episode-32/,posts,2024-08-02T09:00:00-05:00
https://www.realpage.com/analytics/florida-webcast-recap-3q-2024/,posts,2024-08-06T08:00:00-05:00
https://www.realpage.com/analytics/july-2024-us-employment-update/,posts,2024-08-05T08:00:00-05:00
https://www.realpage.com/analytics/july-2024-data-update/,posts,2024-08-07T09:00:00-05:00
https://www.realpage.com/analytics/college-enrollment-update-2023/,posts,2024-08-08T08:00:00-05:00
https://www.realpage.com/analytics/sms-providence-2q24/,posts,2024-08-13T08:00:00-05:00
https://www.realpage.com/news/realpage-and-flex-announce-strategic-partnership/,posts,2024-08-08T08:00:00-05:00
https://www.realpage.com/news/realpage-announces-loft/,posts,2024-08-08T08:00:00-05:00
https://www.realpage.com/analytics/july-2024-student-housing-update/,posts,2024-08-12T08:00:00-05:00
https://www.realpage.com/news/realpage-announces-genai-innovations-across-major-platforms-powered-by-lumina/,posts,2024-08-12T12:00:00-05:00
https://www.realpage.com/analytics/small-texas-markets-update/,posts,2024-08-14T08:00:00-05:00
https://www.realpage.com/news/realpage-releases-new-multifamily-rental-trends/,posts,2024-08-13T12:00:00-05:00
https://www.realpage.com/analytics/southeast-apartment-supply-volumes-could-be-near-a-peak/,posts,2024-08-20T08:00:00-05:00
https://www.realpage.com/analytics/july-2024-inflation/,posts,2024-08-15T10:00:00-05:00
https://www.realpage.com/analytics/economy-express-episode-33/,posts,2024-08-16T12:00:00-05:00
https://www.realpage.com/analytics/apartment-regions-defined/,posts,2024-08-19T08:00:00-05:00
https://www.realpage.com/analytics/florida-rent-to-incomes-ranked-2024/,posts,2024-08-22T08:00:00-05:00
https://www.realpage.com/analytics/july-2024-metro-employment-update/,posts,2024-08-21T08:00:00-05:00
https://www.realpage.com/analytics/labor-force-participation-below-pandemic-rate/,posts,2024-08-27T08:00:00-05:00
https://www.realpage.com/analytics/student-housing-rents-by-distance/,posts,2024-09-03T08:00:00-05:00
https://www.realpage.com/analytics/july-2024-multifamily-permit-update/,posts,2024-08-28T10:00:00-05:00
https://www.realpage.com/analytics/east-coast-webcast-recap-3q-2024/,posts,2024-09-05T08:00:00-05:00
https://www.realpage.com/analytics/long-island-supply-boom-2024/,posts,2024-09-03T08:00:00-05:00
https://www.realpage.com/analytics/economy-express-episode-34/,posts,2024-08-29T11:00:00-05:00
https://www.realpage.com/analytics/reits-update-2nd-quarter-2024/,posts,2024-08-30T10:00:00-05:00
https://www.realpage.com/news/realpage-updates-revenue-management-nonpublic-data-use/,posts,2024-09-05T00:00:00-05:00
https://www.realpage.com/analytics/august-2024-data-update/,posts,2024-09-05T11:00:00-05:00
https://www.realpage.com/analytics/july-2024-unemployment-update/,posts,2024-09-06T11:00:00-05:00
https://www.realpage.com/analytics/august-2024-us-employment-update/,posts,2024-09-09T08:00:00-05:00
https://www.realpage.com/analytics/texas-rent-to-incomes-ranked-2024/,posts,2024-09-10T08:00:00-05:00
https://www.realpage.com/analytics/desert-mountains-webcast-recap-3q24/,posts,2024-09-18T08:00:00-05:00
https://www.realpage.com/analytics/august-2024-student-housing-update/,posts,2024-09-16T08:00:00-05:00
https://www.realpage.com/analytics/economy-express-episode-35/,posts,2024-09-13T15:00:00-05:00
https://www.realpage.com/analytics/midwest-occupancy-august-2024/,posts,2024-09-19T08:00:00-05:00
https://www.realpage.com/analytics/salinas-occupancy-august-2024/,posts,2024-09-20T08:00:00-05:00
https://www.realpage.com/analytics/west-coast-webcast-recap-3q-2024/,posts,2024-09-24T11:00:00-05:00
https://www.realpage.com/analytics/virginia-beach-strong-apartment-fundmentals-2024/,posts,2024-10-01T08:00:00-05:00
https://www.realpage.com/analytics/august-2024-metro-employment-update/,posts,2024-09-25T04:00:00-05:00
https://www.realpage.com/analytics/home-price-index-july-2024/,posts,2024-09-27T08:00:00-05:00
https://www.realpage.com/analytics/august-2024-multifamily-permit-update/,posts,2024-09-27T08:00:00-05:00
https://www.realpage.com/analytics/demographics-generations-2024/,posts,2024-10-02T08:00:00-05:00
https://www.realpage.com/analytics/student-housing-webcast-recap-3q24/,posts,2024-10-14T08:00:00-05:00
https://www.realpage.com/analytics/job-growth-forecast-markets-3q25/,posts,2024-10-03T12:00:00-05:00
https://www.realpage.com/blog/simplifying-move-ins-creating-a-seamless-experience-for-renters-and-staff/,posts,2024-10-07T00:00:00-05:00
https://www.realpage.com/analytics/september-2024-us-employment-update/,posts,2024-10-07T08:00:00-05:00
https://www.realpage.com/analytics/economy-express-episode-36/,posts,2024-10-07T11:00:00-05:00
https://www.realpage.com/analytics/3q-2024-data-update/,posts,2024-10-08T10:37:00-05:00
https://www.realpage.com/analytics/texas-leads-for-supply-3rd-quarter/,posts,2024-10-09T08:00:00-05:00
https://www.realpage.com/analytics/forecast-update-3q24/,posts,2024-10-10T09:00:00-05:00
https://www.realpage.com/analytics/sms-portland-3q24/,posts,2024-10-16T08:00:00-05:00
https://www.realpage.com/analytics/record-demand-markets-3q24/,posts,2024-10-16T08:00:00-05:00
https://www.realpage.com/blog/realpages-rob-franklin-on-reshaping-the-multifamily-resident-experience/,posts,2024-10-17T00:00:00-05:00
https://www.realpage.com/analytics/texas-webcast-recap-4q-2024/,posts,2024-10-21T08:00:00-05:00
https://www.realpage.com/analytics/texas-submarket-inventory-growth/,posts,2024-10-23T08:00:00-05:00
https://www.realpage.com/analytics/nashville-demand-vs-jobs-3q24/,posts,2024-10-21T08:00:00-05:00
https://www.realpage.com/analytics/2025-supply-leaders-student-housing/,posts,2024-10-18T08:00:00-05:00
https://www.realpage.com/analytics/economy-express-episode-37/,posts,2024-10-18T08:00:00-05:00
https://www.realpage.com/analytics/september-2024-metro-employment-update/,posts,2024-10-23T12:00:00-05:00
https://www.realpage.com/analytics/top-universities-since-pandemic/,posts,2024-10-25T08:00:00-05:00
https://www.realpage.com/analytics/houston-apartment-supply-peaks/,posts,2024-10-31T08:00:00-05:00
https://www.realpage.com/analytics/september-2024-multifamily-permit-update/,posts,2024-10-28T09:00:00-05:00
https://www.realpage.com/analytics/denver-construction-starts-drop-off-2024/,posts,2024-11-05T08:00:00-06:00
https://www.realpage.com/analytics/apartment-supply-worcester/,posts,2024-10-30T08:00:00-05:00
https://www.realpage.com/analytics/economy-express-episode-38/,posts,2024-10-31T16:00:00-05:00
https://www.realpage.com/analytics/october-2024-us-employment-update/,posts,2024-11-04T08:00:00-06:00
https://www.realpage.com/analytics/apartment-supply-peak-2024/,posts,2024-11-07T08:00:00-06:00
https://www.realpage.com/analytics/october-2024-data-update/,posts,2024-11-06T08:00:00-06:00
https://www.realpage.com/analytics/rent-cuts-high-supply-submarkets/,posts,2024-11-08T08:00:00-06:00
https://www.realpage.com/analytics/florida-webcast-recap-4q-2024/,posts,2024-11-11T08:00:00-06:00
https://www.realpage.com/blog/redefining-resident-loyalty-the-future-of-multifamily-retention-strategies/,posts,2024-11-14T00:00:00-06:00
https://www.realpage.com/analytics/provo-market-profile-2024/,posts,2024-11-13T08:00:00-06:00
https://www.realpage.com/analytics/sms-all-time-high-supply-2025/,posts,2024-11-13T08:00:00-06:00
https://www.realpage.com/analytics/october-2024-inflation/,posts,2024-11-14T08:00:00-06:00
https://www.realpage.com/analytics/indianapolis-starts-plunge/,posts,2024-11-15T08:00:00-06:00
https://www.realpage.com/analytics/economy-express-episode-39/,posts,2024-11-15T13:00:00-06:00
https://www.realpage.com/analytics/phoenix-high-supply-submarkets/,posts,2024-11-18T08:00:00-06:00
https://www.realpage.com/analytics/southeast-webcast-recap-4q-2024/,posts,2024-11-19T08:00:00-06:00
https://www.realpage.com/analytics/retention-climbs-october-2024/,posts,2024-11-22T08:00:00-06:00
https://www.realpage.com/news/realpage-loft-wins-2024-titan-innovation-award/,posts,2024-11-12T08:00:00-06:00
https://www.realpage.com/analytics/charleston-supply-crests-1q25/,posts,2024-11-21T08:00:00-06:00
https://www.realpage.com/analytics/october-2024-metro-employment-update/,posts,2024-11-20T11:00:00-06:00
https://www.realpage.com/analytics/2025-supply-leaders/,posts,2024-11-25T08:00:00-06:00
https://www.realpage.com/analytics/desert-mountains-webcast-recap-3q-2024/,posts,2024-11-25T08:00:00-06:00
https://www.realpage.com/analytics/3rd-quarter-2024-sales-volumes/,posts,2024-11-27T08:00:00-06:00
https://www.realpage.com/analytics/expected-supply-peak-by-market/,posts,2024-12-02T08:00:00-06:00
https://www.realpage.com/analytics/october-2024-multifamily-permit-update/,posts,2024-11-27T08:00:00-06:00
https://www.realpage.com/analytics/high-rise-markets-2024/,posts,2024-12-02T09:00:00-06:00
https://www.realpage.com/analytics/sms-demand-loss-3q24/,posts,2024-12-11T08:00:00-06:00
https://www.realpage.com/analytics/asset-class-premium-narrows/,posts,2024-12-06T08:00:00-06:00
https://www.realpage.com/analytics/november-2024-data-update/,posts,2024-12-04T14:00:00-06:00
https://www.realpage.com/analytics/economy-express-episode-40/,posts,2024-12-06T14:00:00-06:00
https://www.realpage.com/news/doj-terminates-multifamily-pricing-investigation/,posts,2024-12-06T12:00:00-06:00
https://www.realpage.com/analytics/november-2024-us-employment-update/,posts,2024-12-09T08:00:00-06:00
https://www.realpage.com/analytics/carolians-rent-cuts-supply-peaks/,posts,2024-12-13T08:00:00-06:00
https://www.realpage.com/analytics/charlotte-submarkets-supply/,posts,2024-12-13T08:00:00-06:00
https://www.realpage.com/analytics/url-btr-2024-3q-update/,posts,2024-12-11T08:00:00-06:00
https://www.realpage.com/analytics/mid-rise-markets-2024/,posts,2024-12-17T08:00:00-06:00
https://www.realpage.com/news/realpage-shares-outlook-on-2025-multifamily-trends/,posts,2024-12-16T08:00:00-06:00
https://www.realpage.com/analytics/new-york-los-angeles-supply-jumps/,posts,2024-12-18T08:00:00-06:00
https://www.realpage.com/analytics/rent-premiums-high-supply-submarkets/,posts,2024-12-20T08:00:00-06:00
https://www.realpage.com/analytics/apartment-market-takeaways-2024/,posts,2024-12-19T10:00:00-06:00
https://www.realpage.com/analytics/apartment-market-predictions-2025/,posts,2024-12-23T08:00:00-06:00
https://www.realpage.com/analytics/sms-youngstown-3q24/,posts,2024-12-26T08:00:00-06:00
https://www.realpage.com/analytics/november-2024-metro-employment-update/,posts,2024-12-23T10:00:00-06:00
https://www.realpage.com/analytics/economy-express-episode-41/,posts,2024-12-26T12:00:00-06:00
https://www.realpage.com/analytics/top-blogs-2024/,posts,2024-12-27T11:00:00-06:00
https://www.realpage.com/analytics/btr-webcast-recap-4q24/,posts,2024-12-30T08:00:00-06:00
https://www.realpage.com/analytics/consumer-sentiment-december-2024/,posts,2025-01-02T10:00:00-06:00
https://www.realpage.com/analytics/november-2024-multifamily-permit-update/,posts,2025-01-02T13:00:00-06:00
https://www.realpage.com/analytics/4q-2024-data-update/,posts,2025-01-06T11:00:00-06:00
https://www.realpage.com/analytics/apartment-supply-leaders-2024/,posts,2025-01-07T08:00:00-06:00
https://www.realpage.com/analytics/2025-demand-drivers-forecast/,posts,2025-01-08T08:00:00-06:00
https://www.realpage.com/analytics/2025-headwinds/,posts,2025-01-10T08:00:00-06:00
https://www.realpage.com/analytics/4q24-forecast-update/,posts,2025-01-13T08:00:00-06:00
https://www.realpage.com/analytics/december-2024-us-employment-update/,posts,2025-01-10T12:00:00-06:00
https://www.realpage.com/analytics/markets-occupancy-growth-2024/,posts,2025-01-14T08:00:00-06:00
https://www.realpage.com/analytics/forecast-takeaways-rents-2025/,posts,2025-01-15T08:00:00-06:00
https://www.realpage.com/analytics/oakland-inventory-growth-2024/,posts,2025-01-16T08:00:00-06:00
https://www.realpage.com/analytics/forecast-takeaways-market-level-2025/,posts,2025-01-17T08:00:00-06:00
https://www.realpage.com/analytics/december-2024-multifamily-permit-update/,posts,2025-01-17T13:00:00-06:00
https://www.realpage.com/analytics/huntsville-apartment-supply-2024/,posts,2025-01-21T08:00:00-06:00
https://www.realpage.com/analytics/student-webcast-recap-4q-2024/,posts,2025-01-21T08:00:00-06:00
https://www.realpage.com/analytics/wildcard-markets-2025/,posts,2025-01-24T08:00:00-06:00
https://www.realpage.com/analytics/4th-quarter-supply-sizable/,posts,2025-01-23T08:00:00-06:00
https://www.realpage.com/analytics/remote-work-data/,posts,2025-02-04T08:00:00-06:00
https://www.realpage.com/analytics/occupied-units-2025/,posts,2025-02-03T08:00:00-06:00
https://www.realpage.com/analytics/central-nashville-inventory-growth/,posts,2025-01-28T08:00:00-06:00
https://www.realpage.com/analytics/us-webcast-recap-4q-2024/,posts,2025-01-27T10:00:00-06:00
https://www.realpage.com/analytics/december-2024-metro-permit-update/,posts,2025-01-29T08:00:00-06:00
https://www.realpage.com/analytics/markets-without-construction-4q24/,posts,2025-01-30T08:00:00-06:00
https://www.realpage.com/analytics/december-2024-metro-employment-update/,posts,2025-01-31T08:00:00-06:00
https://www.realpage.com/analytics/three-impacts-record-supply/,posts,2025-02-03T08:00:00-06:00
https://www.realpage.com/analytics/nmhc-2025-recap/,posts,2025-02-04T08:00:00-06:00
https://www.realpage.com/analytics/economic-outlook-recap-2025/,posts,2025-02-10T08:00:00-06:00
https://www.realpage.com/analytics/apartment-transactions-2024/,posts,2025-02-12T08:00:00-06:00
https://www.realpage.com/analytics/small-markets-webcast-recap-4q-2024/,posts,2025-02-06T08:00:00-06:00
https://www.realpage.com/analytics/january-2025-data-update/,posts,2025-02-07T08:00:00-06:00
https://www.realpage.com/analytics/january-2025-us-employment-update/,posts,2025-02-07T12:00:00-06:00
https://www.realpage.com/analytics/vacant-days-climbs/,posts,2025-02-17T08:00:00-06:00
https://www.realpage.com/analytics/washington-dc-retention-elections/,posts,2025-02-11T08:00:00-06:00
https://www.realpage.com/blog/unlocking-hidden-revenue-streams-across-the-resident-journey/,posts,2025-02-12T00:00:00-06:00
https://www.realpage.com/blog/streamlining-maintentance-management/,posts,2025-02-28T00:00:00-06:00
https://www.realpage.com/analytics/reno-demand-surge-2024/,posts,2025-02-19T08:00:00-06:00
https://www.realpage.com/analytics/mortgage-rent-divide/,posts,2025-02-17T10:00:00-06:00
https://www.realpage.com/analytics/atlanta-4q24-update/,posts,2025-02-24T08:00:00-06:00
https://www.realpage.com/analytics/west-region-markets-rents-january/,posts,2025-02-19T08:00:00-06:00
https://www.realpage.com/blog/lead-with-online-leasing-that-lives-up-to-renter-expectations/,posts,2025-02-20T00:00:00-06:00
https://www.realpage.com/analytics/texas-webcast-recap-1q-2025/,posts,2025-02-26T08:00:00-06:00
https://www.realpage.com/analytics/southeast-webcast-recap-1q-2025/,posts,2025-02-21T08:00:00-06:00
https://www.realpage.com/analytics/january-2025-multifamily-permit-update/,posts,2025-02-21T08:00:00-06:00
https://www.realpage.com/analytics/longer-lease-terms/,posts,2025-02-26T08:00:00-06:00
https://www.realpage.com/analytics/economy-express-episode-42/,posts,2025-02-21T16:00:00-06:00
https://www.realpage.com/analytics/denver-prices-january-2025/,posts,2025-02-24T08:00:00-06:00
https://www.realpage.com/analytics/pittsburgh-rents-behind-us-norm/,posts,2025-02-28T08:00:00-06:00
https://www.realpage.com/analytics/unemployment-rates-market-december-2024/,posts,2025-03-03T08:00:00-06:00
https://www.realpage.com/analytics/florida-webcast-recap-1q-2025/,posts,2025-02-28T08:00:00-06:00
https://www.realpage.com/analytics/january-2025-metro-permit-update/,posts,2025-03-03T08:00:00-06:00
https://www.realpage.com/analytics/most-affordable-apartment-markets-2025/,posts,2025-03-05T08:00:00-06:00
https://www.realpage.com/analytics/demand-outpaced-supply-2024/,posts,2025-03-17T08:00:00-05:00
https://www.realpage.com/analytics/renter-age-population-growth-2023/,posts,2025-03-27T08:00:00-05:00
https://www.realpage.com/analytics/asheville-market-profile/,posts,2025-03-12T08:00:00-05:00
https://www.realpage.com/analytics/february-2025-data-update/,posts,2025-03-06T08:00:00-06:00
https://www.realpage.com/analytics/carolinas-supply-growth-2025/,posts,2025-03-07T08:00:00-06:00
https://www.realpage.com/analytics/february-2025-us-employment-update/,posts,2025-03-07T12:00:00-06:00
https://www.realpage.com/analytics/kissimmee-osceola-county-submarket-growth-2024/,posts,2025-03-10T08:00:00-05:00
https://www.realpage.com/analytics/economy-express-episode-43/,posts,2025-03-10T08:00:00-05:00
https://www.realpage.com/analytics/midwest-webcast-recap-1q-2025/,posts,2025-03-12T08:00:00-05:00
https://www.realpage.com/analytics/texas-submarkets-inventory-growth-2024/,posts,2025-03-13T08:00:00-05:00
https://www.realpage.com/analytics/savannah-market-profile-1q25/,posts,2025-03-14T08:00:00-05:00
https://www.realpage.com/analytics/northeast-webcast-recap-1q-2025/,posts,2025-03-14T08:00:00-05:00
https://www.realpage.com/analytics/dc-profile-february-2025/,posts,2025-03-21T08:00:00-05:00
https://www.realpage.com/analytics/west-coast-webcast-recap-1q-2025/,posts,2025-03-18T08:00:00-05:00
https://www.realpage.com/analytics/manhattan-commuter-submarkets-supply/,posts,2025-03-19T08:00:00-05:00
https://www.realpage.com/analytics/january-2025-metro-employment-update/,posts,2025-03-20T08:00:00-05:00
https://www.realpage.com/blog/five-impactful-tips-to-build-financial-resilience/,posts,2025-03-24T00:00:00-05:00
https://www.realpage.com/analytics/economy-express-episode-44/,posts,2025-03-21T11:00:00-05:00
https://www.realpage.com/analytics/february-2025-multifamily-permit-update/,posts,2025-03-24T09:00:00-05:00
https://www.realpage.com/analytics/btr-update-1st-quarter-2025/,posts,2025-03-25T08:00:00-05:00
https://www.realpage.com/analytics/florida-beach-towns-with-rents-newly-ahead-of-us-norms/,posts,2025-03-26T08:00:00-05:00
https://www.realpage.com/analytics/desert-mountains-webcast-recap-1q-2025/,posts,2025-03-31T08:00:00-05:00
https://www.realpage.com/news/realpage-cio-lance-french-to-deliver-retcon-2025-keynote-showcasing-ai-innovation-governance-strategies/,posts,2025-03-10T12:00:00-05:00
https://www.realpage.com/analytics/fall-2026-supply-leaders/,posts,2025-03-27T08:00:00-05:00
https://www.realpage.com/analytics/february-2025-metro-permit-update/,posts,2025-03-28T08:00:00-05:00
https://www.realpage.com/analytics/5-largest-btr-projects-2025/,posts,2025-03-31T08:00:00-05:00
https://www.realpage.com/analytics/orlando-population-growth/,posts,2025-04-03T13:00:00-05:00
https://www.realpage.com/analytics/february-2025-metro-employment-update/,posts,2025-04-02T08:00:00-05:00
https://www.realpage.com/news/realpage-sues-berkeley-over-unconstitutional-ordinance/,posts,2025-04-02T07:00:00-05:00
https://www.realpage.com/analytics/1q-2025-data-update/,posts,2025-04-03T08:00:00-05:00
https://www.realpage.com/analytics/march-2025-us-employment-update/,posts,2025-04-04T10:30:00-05:00
https://www.realpage.com/analytics/economy-express-episode-45/,posts,2025-04-07T08:00:00-05:00
https://www.realpage.com/analytics/apartment-supply-peak-1st-quarter-2025/,posts,2025-04-07T08:00:00-05:00
https://www.realpage.com/blog/why-choosing-the-right-crm-is-a-no-compromise-investment-for-property-operators/,posts,2025-04-08T00:00:00-05:00
https://www.realpage.com/analytics/tariff-webcast-recap/,posts,2025-04-11T08:00:00-05:00
https://www.realpage.com/analytics/large-submarkets-inventory-growth/,posts,2025-04-09T08:00:00-05:00
https://www.realpage.com/analytics/minneapolis-supply-waning/,posts,2025-04-10T08:00:00-05:00
https://www.realpage.com/blog/multifamily-talks-live-retcon-msms-2025-recap/,posts,2025-04-10T00:00:00-05:00
https://www.realpage.com/analytics/1q25-forecast-update/,posts,2025-04-14T08:00:00-05:00
https://www.realpage.com/analytics/occupancy-by-market-2025/,posts,2025-04-16T08:00:00-05:00
https://www.realpage.com/analytics/supply-peaks-apartment-markets/,posts,2025-04-15T08:00:00-05:00
https://www.realpage.com/analytics/lowest-price-submarkets-top-50/,posts,2025-04-21T08:00:00-05:00
https://www.realpage.com/news/realpage-first-quarter-analysis-indicates-modest-momentum-for-growth-as-supply-wave-crests/,posts,2025-04-16T07:00:00-05:00
https://www.realpage.com/analytics/quarterly-supply-update-1q/,posts,2025-04-18T08:00:00-05:00
https://www.realpage.com/analytics/march-2025-multifamily-permit-update/,posts,2025-04-21T08:00:00-05:00
https://www.realpage.com/analytics/southeast-webcast-recap-2q25/,posts,2025-04-23T08:00:00-05:00
https://www.realpage.com/blog/best-practices-for-driving-payment-adoption-in-multifamily-communities/,posts,2025-04-23T11:00:00-05:00
https://www.realpage.com/analytics/march-2025-metro-employment-update/,posts,2025-04-24T08:00:00-05:00
https://www.realpage.com/analytics/economy-express-episode-46/,posts,2025-04-24T15:45:00-05:00
https://www.realpage.com/analytics/forecasted-rent-change-2025/,posts,2025-04-29T08:00:00-05:00
https://www.realpage.com/analytics/march-2025-metro-permit-update/,posts,2025-04-28T09:00:00-05:00
https://www.realpage.com/analytics/us-webcast-recap-2q-2025/,posts,2025-04-30T08:00:00-05:00
https://www.realpage.com/analytics/smaller-markets-population-occupancy-growth-2025/,posts,2025-05-02T08:00:00-05:00
https://www.realpage.com/analytics/florida-webcast-recap-2q-2025/,posts,2025-05-06T08:00:00-05:00
https://www.realpage.com/analytics/april-2025-us-employment-update/,posts,2025-05-02T10:00:00-05:00
https://www.realpage.com/analytics/april-2025-data-update/,posts,2025-05-06T08:00:00-05:00
https://www.realpage.com/analytics/fastest-growing-large-counties-population/,posts,2025-05-15T08:00:00-05:00
https://www.realpage.com/analytics/occupancy-climbs-2q25/,posts,2025-05-08T08:00:00-05:00
https://www.realpage.com/blog/ai-is-the-new-ui-optimizing-multifamily-source-to-pay/,posts,2025-05-07T09:00:00-05:00
https://www.realpage.com/analytics/rents-supply-peak-apartment-markets/,posts,2025-05-12T08:00:00-05:00
https://www.realpage.com/analytics/economy-express-episode-47/,posts,2025-05-09T13:00:00-05:00
https://www.realpage.com/analytics/texas-webcast-recap-2q-2025/,posts,2025-05-13T08:00:00-05:00
https://www.realpage.com/analytics/suburban-urban-supply-1q25/,posts,2025-05-14T08:00:00-05:00
https://www.realpage.com/analytics/apartment-transactions-1q-2025/,posts,2025-05-16T08:00:00-05:00
https://www.realpage.com/analytics/augusta-all-time-high-demand/,posts,2025-05-20T08:00:00-05:00
https://www.realpage.com/analytics/opex-moderation-2q25/,posts,2025-06-02T08:00:00-05:00
https://www.realpage.com/analytics/april-2025-multifamily-permit-update/,posts,2025-05-20T12:00:00-05:00
https://www.realpage.com/analytics/anaheim-net-move-outs-1st-quarter/,posts,2025-06-03T08:00:00-05:00
https://www.realpage.com/analytics/reits-update-1st-quarter-2025/,posts,2025-05-23T08:00:00-05:00
https://www.realpage.com/analytics/april-2025-metro-employment-update/,posts,2025-05-27T08:00:00-05:00
https://www.realpage.com/analytics/economy-express-episode-48/,posts,2025-05-23T14:00:00-05:00
https://www.realpage.com/analytics/northeast-webcast-recap-2q-2025/,posts,2025-05-27T10:00:00-05:00
https://www.realpage.com/analytics/midwest-webcast-recap-2q-2025/,posts,2025-05-29T08:00:00-05:00
https://www.realpage.com/analytics/april-2025-metro-permit-update/,posts,2025-05-29T08:00:00-05:00
https://www.realpage.com/blog/how-integrated-contract-management-enhances-source-to-pay/,posts,2025-06-02T15:00:00-05:00
https://www.realpage.com/analytics/may-2025-data-update/,posts,2025-06-04T08:30:00-05:00
https://www.realpage.com/analytics/charlotte-inventory-growth-peaking-2025/,posts,2025-06-06T08:00:00-05:00
https://www.realpage.com/analytics/may-2025-us-employment-update/,posts,2025-06-06T11:00:00-05:00
https://www.realpage.com/news/realpage-showcases-lumina-ai-at-apartmentalize-2025/,posts,2025-06-09T07:00:00-05:00
https://www.realpage.com/analytics/economy-express-episode-49/,posts,2025-06-09T08:40:00-05:00
https://www.realpage.com/analytics/new-lease-rent-growth-markets/,posts,2025-06-09T09:30:00-05:00
https://www.realpage.com/analytics/fortune-500-companies-2025/,posts,2025-06-17T08:00:00-05:00
https://www.realpage.com/analytics/class-a-recovery/,posts,2025-06-11T08:00:00-05:00
https://www.realpage.com/analytics/california-pacific-northwest-webcast-recap-2q-2025/,posts,2025-06-11T08:00:00-05:00
https://www.realpage.com/analytics/texas-apartment-demand-supply-gap/,posts,2025-06-13T08:00:00-05:00
https://www.realpage.com/analytics/south-occupancy-underperformance-may-2025/,posts,2025-06-13T08:00:00-05:00
https://www.realpage.com/analytics/austin-record-supply-didnt-crash-market/,posts,2025-06-16T08:00:00-05:00
https://www.realpage.com/analytics/macroeconomic-webcast-recap-2q-2025/,posts,2025-06-18T08:00:00-05:00
https://www.realpage.com/analytics/miami-occupancy-may-2025/,posts,2025-06-25T08:00:00-05:00
https://www.realpage.com/analytics/demand-starts-ratio-1q25/,posts,2025-06-20T08:00:00-05:00
https://www.realpage.com/analytics/may-2025-multifamily-permit-update/,posts,2025-06-20T08:55:00-05:00
https://www.realpage.com/analytics/btr-update-2nd-quarter-2025/,posts,2025-06-23T08:00:00-05:00
https://www.realpage.com/analytics/desert-mountains-webcast-recap-2q-2025/,posts,2025-06-24T08:00:00-05:00
https://www.realpage.com/analytics/home-prices-april-2025/,posts,2025-06-25T08:40:00-05:00
https://www.realpage.com/analytics/operational-expenses-webcast-recap-2q-2025/,posts,2025-07-02T08:00:00-05:00
https://www.realpage.com/analytics/may-2025-metro-employment-update/,posts,2025-06-27T08:00:00-05:00
https://www.realpage.com/analytics/santa-maria-rent-cuts/,posts,2025-06-30T08:00:00-05:00
https://www.realpage.com/analytics/may-2025-metro-permit/,posts,2025-06-30T15:00:00-05:00
https://www.realpage.com/analytics/may-2025-unemployment-update/,posts,2025-07-08T08:00:00-05:00
https://www.realpage.com/analytics/june-2025-us-employment-update/,posts,2025-07-03T11:00:00-05:00
https://www.realpage.com/analytics/occupancy-falling-six-markets/,posts,2025-07-07T08:00:00-05:00
https://www.realpage.com/analytics/2q-2025-data-update/,posts,2025-07-08T08:00:00-05:00
https://www.realpage.com/analytics/shreveport-occupancy-june-2025/,posts,2025-07-10T08:00:00-05:00
https://www.realpage.com/blog/scaling-multifamily-ai-for-enterprise-class-value/,posts,2025-07-10T16:00:00-05:00
https://www.realpage.com/analytics/myrtle-beach-market-profile-june-2025/,posts,2025-07-11T08:00:00-05:00
https://www.realpage.com/analytics/2q25-forecast-update/,posts,2025-07-14T08:00:00-05:00
https://www.realpage.com/analytics/sun-belt-demand-to-starts-2q25/,posts,2025-07-17T08:00:00-05:00
https://www.realpage.com/analytics/2q-2025-supply-update/,posts,2025-07-16T08:00:00-05:00
https://www.realpage.com/analytics/nmhc-construction-research-june-2025/,posts,2025-07-15T08:00:00-05:00
https://www.realpage.com/analytics/baltimore-demand-hits-record-high/,posts,2025-07-18T08:00:00-05:00
https://www.realpage.com/news/realpage-acquires-livble-flexible-payments/,posts,2025-07-17T06:00:00-05:00
https://www.realpage.com/analytics/market-questions-recap-2q-2025/,posts,2025-07-21T08:00:00-05:00
https://www.realpage.com/analytics/june-2025-multifamily-permit-update/,posts,2025-07-22T08:00:00-05:00
https://www.realpage.com/analytics/san-antonio-demand-hits-record/,posts,2025-07-22T08:00:00-05:00
https://www.realpage.com/analytics/carolinas-apartment-demand-2nd-quarter/,posts,2025-07-29T08:00:00-05:00
https://www.realpage.com/news/realpage-second-quarter-analysis-forecasts-continued-strong-apartment-demand/,posts,2025-07-23T07:00:00-05:00
https://www.realpage.com/analytics/june-2025-metro-employment-update/,posts,2025-07-24T08:00:00-05:00
https://www.realpage.com/blog/5-key-lessons-from-ivy-residences-ai-powered-call-management-success/,posts,2025-07-30T12:00:00-05:00
https://www.realpage.com/analytics/us-webcast-recap-3q-2025/,posts,2025-08-07T08:00:00-05:00
https://www.realpage.com/analytics/economy-express-episode-50/,posts,2025-07-25T12:00:00-05:00
https://www.realpage.com/analytics/june-2025-metro-permit-update/,posts,2025-07-28T09:00:00-05:00
https://www.realpage.com/analytics/southeast-webcast-recap-2q-2025/,posts,2025-08-05T08:00:00-05:00
https://www.realpage.com/news/realpage-acquires-rexera-to-accelerate-ai-innovation/,posts,2025-07-29T07:00:00-05:00
https://www.realpage.com/analytics/austin-class-a-occupancy-full/,posts,2025-07-31T08:00:00-05:00
https://www.realpage.com/analytics/apartment-construction-decade-low/,posts,2025-08-11T08:00:00-05:00
https://www.realpage.com/analytics/us-labor-market-weaker-than-previously-reported/,posts,2025-08-01T10:00:00-05:00
https://www.realpage.com/analytics/apartment-markets-all-time-high-demand-2q/,posts,2025-08-12T08:00:00-05:00
https://www.realpage.com/analytics/july-2025-data-update/,posts,2025-08-05T09:00:00-05:00
https://www.realpage.com/analytics/florida-webcast-recap-3q-2025/,posts,2025-08-13T08:00:00-05:00
https://www.realpage.com/analytics/frisco-submarket-high-demand-supply/,posts,2025-08-08T08:00:00-05:00
https://www.realpage.com/analytics/economy-express-episode-51/,posts,2025-09-08T08:00:00-05:00
https://www.realpage.com/analytics/supply-volumes-decline-markets/,posts,2025-08-18T08:00:00-05:00
https://www.realpage.com/analytics/cincinnati-leads-rent-growth-july/,posts,2025-08-14T08:00:00-05:00
https://www.realpage.com/news/realpage-unveils-next-generation-ai-workforce-at-realworld-2025/,posts,2025-08-12T12:00:00-05:00
https://www.realpage.com/news/loft-named-proptech-breakthrough-awards-property-management-solution-of-the-year/,posts,2025-08-14T07:00:00-05:00
https://www.realpage.com/analytics/class-a-rent-growth-trends-ahead/,posts,2025-08-19T13:00:00-05:00
https://www.realpage.com/analytics/july-2025-multifamily-permit-update/,posts,2025-08-20T13:00:00-05:00
https://www.realpage.com/analytics/new-york-apartment-occupancy-solid/,posts,2025-08-21T08:00:00-05:00
https://www.realpage.com/analytics/apartment-transactions-2q-2025/,posts,2025-08-22T08:00:00-05:00
https://www.realpage.com/analytics/july-2025-metro-employment-update/,posts,2025-08-25T08:00:00-05:00
https://www.realpage.com/analytics/midwest-apartment-markets-low-volatility/,posts,2025-08-26T10:00:00-05:00
https://www.realpage.com/analytics/july-2025-metro-permit-update/,posts,2025-08-27T09:00:00-05:00
https://www.realpage.com/analytics/carolinas-job-growth-solid/,posts,2025-08-29T11:41:00-05:00
https://www.realpage.com/analytics/small-markets-big-rent-growth-august/,posts,2025-09-02T13:00:00-05:00
https://www.realpage.com/analytics/august-2025-data-update/,posts,2025-09-03T15:00:00-05:00
https://www.realpage.com/analytics/apartment-markets-deliveries-increase/,posts,2025-09-05T08:00:00-05:00
https://www.realpage.com/analytics/august-2025-us-employment-update/,posts,2025-09-05T11:00:00-05:00
https://www.realpage.com/analytics/major-markets-concessions-august-2025/,posts,2025-09-09T12:00:00-05:00
https://www.realpage.com/analytics/august-2025-inflation/,posts,2025-09-11T11:00:00-05:00
https://www.realpage.com/analytics/reits-update-2nd-quarter-2025/,posts,2025-09-11T13:30:00-05:00
https://www.realpage.com/analytics/northeast-webcast-recap-3q-2025/,posts,2025-09-15T08:00:00-05:00
https://www.realpage.com/analytics/san-jose-rent-growth-streak-ends/,posts,2025-09-25T08:00:00-05:00
https://www.realpage.com/analytics/virginia-beach-apartment-market-outperforms/,posts,2025-09-16T10:00:00-05:00
https://www.realpage.com/analytics/west-coast-webcast-recap-3q-2025/,posts,2025-09-17T08:00:00-05:00
https://www.realpage.com/blog/how-smart-buildings-create-connected-communities/,posts,2025-09-16T13:12:00-05:00
https://www.realpage.com/analytics/august-2025-multifamily-permit-update/,posts,2025-09-19T08:45:00-05:00
https://www.realpage.com/analytics/economy-express-episode-52/,posts,2025-09-19T13:00:00-05:00
https://www.realpage.com/news/realpage-reaches-revenue-management-software-settlement-with-nevada-attorney-general/,posts,2025-09-19T12:00:00-05:00
https://www.realpage.com/analytics/desert-mountains-webcast-recap-3q-2025/,posts,2025-09-23T09:00:00-05:00
https://www.realpage.com/analytics/august-2025-metro-employment-update/,posts,2025-09-24T08:30:00-05:00
https://www.realpage.com/analytics/august-2025-metro-permit-update/,posts,2025-09-26T08:00:00-05:00
https://www.realpage.com/analytics/affordable-apartments-occupancy-gains/,posts,2025-09-30T08:00:00-05:00
https://www.realpage.com/analytics/august-2025-student-housing-update/,posts,2025-09-30T14:00:00-05:00
https://www.realpage.com/analytics/job-growth-forecast-2026/,posts,2025-10-03T09:00:00-05:00
https://www.realpage.com/analytics/3q-2025-data-update/,posts,2025-10-03T11:30:00-05:00
https://www.realpage.com/analytics/3q-2025-supply-update/,posts,2025-10-07T10:00:00-05:00
https://www.realpage.com/analytics/demand-starts-ratio-3q25/,posts,2025-10-07T12:00:00-05:00
https://www.realpage.com/analytics/3q25-forecast-update/,posts,2025-10-09T08:50:00-05:00
https://www.realpage.com/analytics/affordable-apartments-september-2025/,posts,2025-10-10T11:00:00-05:00
https://www.realpage.com/analytics/texas-nation-fastest-growing-cities/,posts,2025-10-13T11:45:00-05:00
https://www.realpage.com/analytics/augusta-revenue-growth-september-2025/,posts,2025-10-14T12:00:00-05:00
https://www.realpage.com/analytics/build-to-rent-slows-september/,posts,2025-10-15T12:00:00-05:00
https://www.realpage.com/analytics/economy-express-episode-53/,posts,2025-10-17T14:00:00-05:00
https://www.realpage.com/analytics/markets-sustain-rent-growth/,posts,2025-10-21T10:00:00-05:00
https://www.realpage.com/analytics/columbus-solid-apartment-demand/,posts,2025-10-23T08:00:00-05:00
https://www.realpage.com/analytics/demographic-webcast-recap-2025/,posts,2025-10-22T12:00:00-05:00
https://www.realpage.com/analytics/san-antonio-rent-cuts-amid-supply/,posts,2025-10-24T15:00:00-05:00
https://www.realpage.com/analytics/seattle-demand-outpaces-supply/,posts,2025-10-28T08:00:00-05:00
https://www.realpage.com/analytics/us-webcast-recap-4q-2025/,posts,2025-10-28T13:00:00-05:00
https://www.realpage.com/news/realpage-third-quarter-analysis-strong-retention-offsets-cooling-apartment-demand/,posts,2025-10-29T08:00:00-05:00
https://www.realpage.com/analytics/san-francisco-rent-growth-solid/,posts,2025-10-30T08:00:00-05:00
https://www.realpage.com/analytics/florida-webcast-recap-4q-2025/,posts,2025-10-31T12:00:00-05:00
https://www.realpage.com/analytics/rent-cuts-las-vegas-2025/,posts,2025-11-04T08:00:00-06:00
https://www.realpage.com/analytics/october-2025-data-update/,posts,2025-11-05T12:00:00-06:00
https://www.realpage.com/analytics/apartment-transactions-3q-2025/,posts,2025-11-10T08:00:00-06:00
https://www.realpage.com/analytics/markets-forecast-rent-growth-2026/,posts,2025-11-06T12:00:00-06:00
https://www.realpage.com/news/realpage-appoints-dirk-wakeham-as-chief-executive-officer/,posts,2025-11-11T12:00:00-06:00
https://www.realpage.com/analytics/orlando-employment-growth-august-2025/,posts,2025-11-11T13:50:00-06:00
https://www.realpage.com/analytics/northeast-mid-atlantic-webcast-recap-4q-2025/,posts,2025-11-18T08:00:00-06:00
https://www.realpage.com/analytics/october-2025-student-housing-update/,posts,2025-11-12T12:00:00-06:00
https://www.realpage.com/analytics/austin-market-profile-october-2025/,posts,2025-11-17T09:00:00-06:00
https://www.realpage.com/analytics/economy-express-episode-54/,posts,2025-12-05T12:00:00-06:00
https://www.realpage.com/analytics/texas-webcast-recap-4q-2025/,posts,2025-11-19T12:00:00-06:00
https://www.realpage.com/analytics/september-2025-us-employment-update/,posts,2025-11-20T10:00:00-06:00
https://www.realpage.com/news/realpage-reaches-settlement-with-us-department-of-justice/,posts,2025-11-24T16:00:00-06:00
https://www.realpage.com/analytics/ann-arbor-rent-cuts/,posts,2025-11-25T11:00:00-06:00
https://www.realpage.com/analytics/reits-update-3rd-quarter-2025/,posts,2025-11-26T09:00:00-06:00
https://www.realpage.com/news/realpage-sues-to-stop-unconstitutional-new-york-law-banning-lawful-speech/,posts,2025-11-26T07:00:00-06:00
https://www.realpage.com/analytics/west-coast-webcast-recap-4q-2025/,posts,2025-12-02T12:00:00-06:00
https://www.realpage.com/analytics/asset-class-occupancy-october-2025/,posts,2025-12-03T14:00:00-06:00
https://www.realpage.com/analytics/denver-rent-cuts-november-2025/,posts,2025-12-08T08:00:00-06:00
https://www.realpage.com/analytics/november-2025-data-update/,posts,2025-12-08T10:00:00-06:00
https://www.realpage.com/analytics/november-2025-student-housing-update/,posts,2025-12-10T08:00:00-06:00
https://www.realpage.com/analytics/us-concession-november-2025/,posts,2025-12-10T15:00:00-06:00
https://www.realpage.com/analytics/texas-markets-deep-rent-cuts/,posts,2025-12-12T08:00:00-06:00
https://www.realpage.com/analytics/market-concessions-november-2025/,posts,2025-12-15T08:00:00-06:00
https://www.realpage.com/analytics/denver-market-profile-november-2025/,posts,2025-12-15T12:00:00-06:00
https://www.realpage.com/blog/realpages-lumina-ai-leasing-agent/,posts,2025-12-17T09:00:00-06:00
https://www.realpage.com/analytics/noveber-2025-us-employment-update/,posts,2025-12-16T15:00:00-06:00
https://www.realpage.com/news/realpage-year-end-analysis-structural-drivers-remain-strong-to-support-long-term-rental-housing-demand/,posts,2025-12-17T07:00:00-06:00
https://www.realpage.com/analytics/top-blogs-2025/,posts,2025-12-22T10:00:00-06:00
https://www.realpage.com/analytics/economy-express-episode-55/,posts,2025-12-22T12:00:00-06:00
https://www.realpage.com/analytics/btr-under-construction-2025/,posts,2025-12-26T08:00:00-06:00
https://www.realpage.com/analytics/what-we-got-right-2025/,posts,2026-01-02T08:00:00-06:00
https://www.realpage.com/blog/how-ai-is-rewriting-multifamily-marketing/,posts,2026-01-07T12:00:00-06:00
https://www.realpage.com/analytics/phoenix-tops-us-demand-3rd-quarter/,posts,2026-01-05T14:00:00-06:00
https://www.realpage.com/analytics/southeast-webcast-recap-4q-2025/,posts,2026-01-07T13:00:00-06:00
https://www.realpage.com/analytics/4q-2025-data-update/,posts,2026-01-08T08:00:00-06:00
https://www.realpage.com/analytics/headwinds-us-apartments-2026/,posts,2026-01-09T08:00:00-06:00
https://www.realpage.com/analytics/december-2025-us-employment-update/,posts,2026-01-09T12:50:00-06:00
https://www.realpage.com/analytics/btr-webcast-recap-4q-2025/,posts,2026-01-14T13:00:00-06:00
https://www.realpage.com/analytics/tailwinds-us-apartments-2026/,posts,2026-01-16T09:00:00-06:00
https://www.realpage.com/analytics/november-2025-metro-employment-update/,posts,2026-01-12T12:00:00-06:00
https://www.realpage.com/analytics/economy-express-episode-56/,posts,2026-01-16T15:00:00-06:00
https://www.realpage.com/analytics/4q25-realpage-forecast/,posts,2026-01-20T09:00:00-06:00
https://www.realpage.com/analytics/december-2025-student-housing-update/,posts,2026-01-22T12:00:00-06:00
https://www.realpage.com/analytics/us-concessions-december-2025/,posts,2026-01-23T12:00:00-06:00
https://www.realpage.com/analytics/4q-2025-supply-update/,posts,2026-01-27T12:00:00-06:00
https://www.realpage.com/analytics/concession-usage-by-metro-december-2025/,posts,2026-01-28T12:00:00-06:00
https://www.realpage.com/analytics/december-2025-metro-employment-update/,posts,2026-01-29T15:00:00-06:00
https://www.realpage.com/analytics/economy-express-episode-57/,posts,2026-01-30T03:00:00-06:00
https://www.realpage.com/analytics/apartment-demand-4q25/,posts,2026-02-02T12:00:00-06:00
https://www.realpage.com/blog/property-management-seo-guide/,posts,2026-02-06T10:00:00-06:00
https://www.realpage.com/analytics/january-2026-data-update/,posts,2026-02-04T11:00:00-06:00
https://www.realpage.com/analytics/markets-peak-supply-2026-2027/,posts,2026-02-05T09:00:00-06:00
https://www.realpage.com/analytics/macroeconomy-webcast-recap-2026/,posts,2026-02-06T11:00:00-06:00
https://www.realpage.com/analytics/january-2026-student-housing-update/,posts,2026-02-09T15:00:00-06:00
https://www.realpage.com/analytics/nmhc-2026-recap/,posts,2026-02-10T13:00:00-06:00
https://www.realpage.com/analytics/january-2026-us-employment-update/,posts,2026-02-11T10:00:00-06:00
https://www.realpage.com/analytics/economy-express-episode-58/,posts,2026-02-13T12:00:00-06:00
https://www.realpage.com/analytics/reit-update-4th-quarter-2015/,posts,2026-02-16T09:00:00-06:00
https://www.realpage.com/analytics/apartment-transactions-4q-2025/,posts,2026-02-17T08:00:00-06:00
https://www.realpage.com/blog/tenant-income-verification-best-practices/,posts,2026-02-17T12:00:00-06:00
https://www.realpage.com/analytics/south-cetral-webcast-recap-4q-2025/,posts,2026-02-19T11:00:00-06:00
https://www.realpage.com/analytics/consession-update-january-2026/,posts,2026-02-20T08:00:00-06:00
https://www.realpage.com/analytics/btr-under-construction-2026/,posts,2026-02-23T14:00:00-06:00
https://www.realpage.com/analytics/colorado-markets-steep-rent-cuts/,posts,2026-02-25T08:00:00-06:00
https://www.realpage.com/blog/multifamily-marketing-strategies/,posts,2026-02-25T10:00:00-06:00
https://www.realpage.com/analytics/home-prices-december-2025/,posts,2026-02-26T09:00:00-06:00
https://www.realpage.com/blog/agentic-ai-and-improving-renewals-and-resident-experience/,posts,2026-03-03T12:00:00-06:00
https://www.realpage.com/analytics/economy-express-episode-59/,posts,2026-02-27T08:00:00-06:00
https://www.realpage.com/analytics/concessions-by-metro-january-2026/,posts,2026-03-02T08:00:00-06:00
https://www.realpage.com/analytics/big-markets-small-supply-2025/,posts,2026-03-03T08:00:00-06:00
https://www.realpage.com/analytics/february-2026-data-update/,posts,2026-03-03T13:00:00-06:00
https://www.realpage.com/blog/take-control-of-risk-with-an-insurance-outsourcing-program-for-multifamily/,posts,2026-03-03T12:00:00-06:00
https://www.realpage.com/analytics/florida-webcast-recap-1q-2026/,posts,2026-03-05T12:00:00-06:00
https://www.realpage.com/analytics/los-angeles-peak-supply-2025/,posts,2026-03-09T08:00:00-05:00
https://www.realpage.com/analytics/february-2026-us-employment-update/,posts,2026-03-06T10:00:00-06:00
https://www.realpage.com/analytics/tampa-rent-cuts-february-2026/,posts,2026-03-10T08:00:00-05:00
https://www.realpage.com/analytics/february-2026-student-housing-update/,posts,2026-03-12T08:00:00-05:00
https://www.realpage.com/analytics/st-louis-rent-growth-2026/,posts,2026-03-18T08:00:00-05:00
https://www.realpage.com/analytics/economy-express-episode-60/,posts,2026-03-13T12:00:00-05:00
https://www.realpage.com/analytics/market-level-rent-cuts-monthly/,posts,2026-03-16T09:00:00-05:00
https://www.realpage.com/news/realpage-appoints-zahir-khoja-chief-fintech-officer-financial-services-innovation/,posts,2026-03-17T08:00:00-05:00
https://www.realpage.com/blog/what-is-property-management-accounting/,posts,2026-03-18T13:00:00-05:00
https://www.realpage.com/blog/tenant-background-screening-guide/,posts,2026-03-19T12:00:00-05:00
https://www.realpage.com/blog/managed-wifi-and-apartment-connectivity/,posts,2026-03-23T12:00:00-05:00
https://www.realpage.com/analytics/dc-occupancy-february-2026/,posts,2026-03-19T10:00:00-05:00
https://www.realpage.com/blog/agentic-ai-efficiently-managing-multifamily-property-operations/,posts,2026-03-25T12:00:00-05:00
https://www.realpage.com/analytics/las-vegas-rent-cuts-february-2026/,posts,2026-03-20T13:00:00-05:00
https://www.realpage.com/analytics/population-decline-2025/,posts,2026-03-23T09:00:00-05:00
https://www.realpage.com/analytics/rent-cuts-year-ending-february/,posts,2026-03-24T10:00:00-05:00
https://www.realpage.com/analytics/january-2026-permit-update/,posts,2026-03-25T10:00:00-05:00
https://www.realpage.com/analytics/us-concessions-february-2026/,posts,2026-03-27T08:00:00-05:00
https://www.realpage.com/analytics/economy-express-episode-61/,posts,2026-03-30T08:00:00-05:00
https://www.realpage.com/analytics/unemployment-rates-december-2025/,posts,2026-03-31T08:00:00-05:00
https://www.realpage.com/analytics/no-apartment-construction-markets/,posts,2026-04-01T08:00:00-05:00
https://www.realpage.com/blog/how-to-choose-the-right-apartment-management-software/,posts,2026-04-02T13:00:00-05:00
https://www.realpage.com/analytics/population-growth-markets-2025/,posts,2026-04-02T08:00:00-05:00
https://www.realpage.com/blog/what-is-smart-building/,posts,2026-04-08T12:00:00-05:00
https://www.realpage.com/analytics/march-2026-us-employment-update/,posts,2026-04-03T10:00:00-05:00
https://www.realpage.com/analytics/1st-quarter-2026-data-update/,posts,2026-04-06T13:00:00-05:00
https://www.realpage.com/analytics/cape-coral-rent-cuts-march-2026/,posts,2026-04-07T09:00:00-05:00
https://www.realpage.com/analytics/texas-submarket-inventory-growth-2026/,posts,2026-04-08T13:55:00-05:00
https://www.realpage.com/blog/digital-marketing-strategies-for-multifamily/,posts,2026-04-09T08:00:00-05:00
https://www.realpage.com/analytics/us-jobs-revisions-2026/,posts,2026-04-10T14:00:00-05:00
https://www.realpage.com/blog/rettc-ai-governance-framework-multifamily/,posts,2026-04-10T15:30:00-05:00
https://www.realpage.com/analytics/economy-express-episode-62/,posts,2026-04-13T14:00:00-05:00
https://www.realpage.com/analytics/memphis-underperforming-march-2026/,posts,2026-04-15T12:00:00-05:00
https://www.realpage.com/blog/top-tenant-screening-software-services/,posts,2026-04-16T12:00:00-05:00
https://www.realpage.com/analytics/march-2026-student-housing-update/,posts,2026-04-16T13:00:00-05:00
https://www.realpage.com/analytics/secondary-markets-rent-growth-2026/,posts,2026-04-20T10:00:00-05:00
https://www.realpage.com/analytics/apartment-market-forecast-1q-2026/,posts,2026-04-21T09:55:00-05:00
https://www.realpage.com/analytics/economy-express-episode-63/,posts,2026-04-24T13:00:00-05:00
https://www.realpage.com/analytics/us-supply-update-1q-2026/,posts,2026-04-24T15:00:00-05:00
https://www.realpage.com/analytics/february-2026-metro-employment-update/,posts,2026-04-27T12:00:00-05:00
https://www.realpage.com/blog/renters-insurance-policy/,posts,2026-04-28T12:00:00-05:00
https://www.realpage.com/blog/multifamily-crm-software-guide/,posts,2026-04-27T15:00:00-05:00
https://www.realpage.com/blog/improve-resident-experience-in-multifamily-with-loft/,posts,2026-04-27T12:00:00-05:00
https://www.realpage.com/analytics/us-concessions-march-2026/,posts,2026-04-28T12:00:00-05:00
https://www.realpage.com/blog/lumina-ai-screen-share-trust-governance/,posts,2026-05-07T12:00:00-05:00
https://www.realpage.com/analytics/us-permits-march-2026/,posts,2026-04-30T19:00:00-05:00
https://www.realpage.com/analytics/san-antonio-rent-cuts-march-2026/,posts,2026-05-01T11:30:00-05:00
https://www.realpage.com/blog/best-rental-property-management-software/,posts,2026-05-06T12:00:00-05:00
https://www.realpage.com/analytics/april-2026-data-update/,posts,2026-05-05T11:45:00-05:00
https://www.realpage.com/analytics/apartment-transactions-1q-2026/,posts,2026-05-07T08:00:00-05:00
https://www.realpage.com/analytics/upper-midwest-great-plains-webcast-recap-1q26/,posts,2026-05-06T12:00:00-05:00
https://www.realpage.com/blog/top-rent-payment-apps/,posts,2026-05-08T12:00:00-05:00
https://www.realpage.com/analytics/reit-update-1st-quarter-2026/,posts,2026-05-08T08:00:00-05:00
https://www.realpage.com/analytics/metro-permits-march-2026/,posts,2026-05-11T08:00:00-05:00
https://www.realpage.com/analytics/us-jobs-april-2026/,posts,2026-05-08T12:00:00-05:00
https://www.realpage.com/analytics/realpage-economy-express-episode-64/,posts,2026-05-12T08:00:00-05:00
https://www.realpage.com/analytics/metro-jobs-march-2026/,posts,2026-05-13T09:00:00-05:00
https://www.realpage.com/analytics/april-2026-student-housing-update/,posts,2026-05-18T14:00:00-05:00
https://www.realpage.com/analytics/webcast-capital-markets-may-2026/,posts,2026-05-19T12:00:00-05:00
https://www.realpage.com/analytics/btr-under-construction-1q-2026/,posts,2026-05-20T11:00:00-05:00
https://www.realpage.com/analytics/demand-rebound-markets-2026/,posts,2026-05-21T08:00:00-05:00
https://www.realpage.com/analytics/us-permits-april-2026/,posts,2026-05-26T10:00:00-05:00
https://www.realpage.com/analytics/us-concessions-april-2026/,posts,2026-05-27T08:00:00-05:00
https://www.realpage.com/analytics/capital-rotation-apartments-cre/,posts,2026-05-29T08:00:00-05:00
https://www.realpage.com/analytics/metro-jobs-april-2026/,posts,2026-05-28T09:00:00-05:00
https://www.realpage.com/analytics/economy-express-episode-65/,posts,2026-06-01T08:00:00-05:00
https://www.realpage.com/blog/apartment-marketing-ideas-for-multifamily/,posts,2026-05-29T12:00:00-05:00
https://www.realpage.com/analytics/metro-permits-april-2026/,posts,2026-06-02T09:45:00-05:00
https://www.realpage.com/blog/best-real-estate-management-software/,posts,2026-06-03T12:00:00-05:00
https://www.realpage.com/analytics/may-2026-data-update/,posts,2026-06-04T09:00:00-05:00
https://www.realpage.com/analytics/apartment-pricing-shows-gap-across-capital-markets/,posts,2026-06-08T08:00:00-05:00
https://www.realpage.com/blog/what-is-a-property-management-crm/,posts,2026-06-04T12:00:00-05:00
https://www.realpage.com/analytics/us-jobs-may-2026/,posts,2026-06-05T10:00:00-05:00
https://www.realpage.com/analytics/us-concessions-may-2026/,posts,2026-06-09T08:00:00-05:00
https://www.realpage.com/blog/what-is-a-virtual-agent/,posts,2026-06-08T12:00:00-05:00
https://www.realpage.com/analytics/webcast-recap-pacific-mountain-west-1q26/,posts,2026-06-10T11:00:00-05:00
https://www.realpage.com/analytics/inflation-may-2026/,posts,2026-06-11T10:00:00-05:00
https://www.realpage.com/analytics/may-2026-student-housing-update/,posts,2026-06-12T08:40:00-05:00
https://www.realpage.com/analytics/economy-express-episode-66/,posts,2026-06-15T08:55:00-05:00
https://www.realpage.com/analytics/virginia-beach-rent-growth-may-2026/,posts,2026-06-16T08:45:00-05:00
https://www.realpage.com/blog/best-property-management-crm-software/,posts,2026-06-16T12:00:00-05:00
https://www.realpage.com/analytics/fortune-500-companies-2026/,posts,2026-06-17T10:00:00-05:00
https://www.realpage.com/analytics/us-permits-may-2026/,posts,2026-06-18T09:00:00-05:00
https://www.realpage.com/analytics/south-atlantic-webcast-recap-2q-2026/,posts,2026-06-22T08:00:00-05:00
https://www.realpage.com/blog/how-to-run-a-background-check-for-tenants/,posts,2026-06-19T12:00:00-05:00
https://www.realpage.com/blog/property-liability-insurance-explained/,posts,2026-06-23T12:00:00-05:00
https://www.realpage.com/analytics/webcast-southeast-region-2q-2026/,posts,2026-06-23T13:00:00-05:00
https://www.realpage.com/analytics/kansas-city-rents-2026/,posts,2026-06-24T08:00:00-05:00
https://www.realpage.com/blog/what-does-renters-insurance-cover/,posts,2026-06-25T12:00:00-05:00
https://www.realpage.com/analytics/metro-jobs-may-2026/,posts,2026-06-26T12:00:00-05:00
https://www.realpage.com/analytics/economy-express-episode-67/,posts,2026-06-29T08:00:00-05:00
https://www.realpage.com/analytics/metro-permits-may-2026/,posts,2026-06-29T11:00:00-05:00
https://www.realpage.com/analytics/south-central-webcast-recap-2q-2026/,posts,2026-07-01T09:00:00-05:00
https://www.realpage.com/blog/what-are-smart-buildings/,posts,2026-07-02T12:00:00-05:00
https://www.realpage.com/blog/why-require-tenant-liability-insurance/,posts,2026-07-03T12:00:00-05:00
https://www.realpage.com/blog/essential-rent-collection-software-tools/,posts,2026-07-06T12:00:00-05:00
https://www.realpage.com/blog/applicants-screening-report-guide/,posts,2026-07-07T12:00:00-05:00
https://www.realpage.com/analytics/us-jobs-june-2026/,posts,2026-07-02T09:00:00-05:00
https://www.realpage.com/blog/tenant-screening-terms/,posts,2026-07-08T12:00:00-05:00
https://www.realpage.com/analytics/2q-2026-data-update/,posts,2026-07-06T14:00:00-05:00
https://www.realpage.com/blog/best-property-management-software/,posts,2026-07-05T12:00:00-05:00
https://www.realpage.com/analytics/anaheim-stable-apartment-market/,posts,2026-07-09T14:00:00-05:00
https://www.realpage.com/analytics/us-concessions-june-2026/,posts,2026-07-08T15:00:00-05:00
https://www.realpage.com/analytics/june-2026-student-housing-update/,posts,2026-07-10T09:00:00-05:00
https://www.realpage.com/analytics/economy-express-episode-68/,posts,2026-07-13T08:00:00-05:00
https://www.realpage.com/analytics/forecast-2q26/,posts,2026-07-14T08:00:00-05:00
https://www.realpage.com/news/realpage-acquires-cherre/,posts,2026-07-14T08:00:00-05:00
https://www.realpage.com/analytics/austin-2nd-quarter-rent-growth/,posts,2026-07-15T08:00:00-05:00
https://www.realpage.com/analytics/2nd-quarter-2026-supply-update/,posts,2026-07-16T08:00:00-05:00
https://www.realpage.com/analytics/us-permits-june-2026/,posts,2026-07-20T10:00:00-05:00
https://www.realpage.com/analytics/baltimore-rent-growth-2q26/,posts,2026-07-21T08:00:00-05:00
https://www.realpage.com/analytics/boston-starts-2026/,posts,2026-07-23T12:00:00-05:00
https://www.realpage.com/analytics/market-concessions-june-2026/,posts,2026-07-24T11:00:00-05:00
https://www.realpage.com/analytics/florida-webcast-recap-3q26/,posts,2026-07-28T09:00:00-05:00
https://www.realpage.com/analytics/metro-jobs-june-2026/,posts,2026-07-29T09:00:00-05:00
https://www.realpage.com/blog/ai-in-property-management-use-cases/,posts,2026-08-18T12:00:00-05:00
https://www.realpage.com/analytics/metro-permits-june-2026/,posts,2026-07-30T14:00:00-05:00
https://www.realpage.com/analytics/charlotte-supply-2nd-quarter-2026/,posts,2026-07-31T14:00:00-05:00
https://www.realpage.com/analytics/reit-update-2nd-quarter-2026/,posts,2026-08-04T12:00:00-05:00
https://www.realpage.com/blog/best-apartment-management-software/,posts,2026-08-06T12:00:00-05:00
https://www.realpage.com/analytics/apartment-transactions-2nd-quarter-2026/,posts,2026-08-06T13:00:00-05:00
https://www.realpage.com/analytics/july-2026-us-data-update/,posts,2026-08-07T10:00:00-05:00
https://www.realpage.com/analytics/july-2026-us-employment-update/,posts,2026-08-07T13:00:00-05:00
https://www.realpage.com/news/realpage-introduces-lumina-ai-suite/,posts,2026-08-10T09:30:00-05:00
https://www.realpage.com/analytics/northeast-region-overview-2nd-quarter-2026/,posts,2026-08-10T15:00:00-05:00
https://www.realpage.com/analytics/cincinnati-rent-growth-2nd-quarter-2026/,posts,2026-08-11T15:00:00-05:00
https://www.realpage.com/analytics/cleveland-apartment-market-2nd-quarter-2026/,posts,2026-08-13T11:00:00-05:00
https://www.realpage.com/analytics/midwest-apartment-market-2nd-quarter-2026/,posts,2026-08-17T08:00:00-05:00
https://www.realpage.com/analytics/july-2026-student-housing-update/,posts,2026-08-14T09:00:00-05:00
https://www.realpage.com/blog/renter-liability-insurance/,posts,2026-08-19T12:00:00-05:00
https://www.realpage.com/blog/managed-wifi-buyers-guide/,posts,2026-08-20T12:00:00-05:00
https://www.realpage.com/analytics/south-region-update-2nd-quarter-2026/,posts,2026-08-19T08:00:00-05:00
https://www.realpage.com/analytics/us-concessions-july-2026/,posts,2026-08-18T08:00:00-05:00
https://www.realpage.com/analytics/july-2026-us-permit-update/,posts,2026-08-20T08:00:00-05:00
https://www.realpage.com/analytics/columbus-update-2nd-quarter-2026/,posts,2026-08-27T08:00:00-05:00
https://www.realpage.com/analytics/economy-express-episode-69/,posts,2026-08-21T14:00:00-05:00
https://www.realpage.com/blog/ultimate-multifamily-marketing-guide/,posts,2026-09-03T12:00:00-05:00
https://www.realpage.com/blog/best-facility-management-software/,posts,2026-08-27T12:00:00-05:00
https://www.realpage.com/analytics/metro-jobs-july-2026/,posts,2026-08-25T09:00:00-05:00
https://www.realpage.com/analytics/metro-permits-july-2026/,posts,2026-08-26T11:00:00-05:00
https://www.realpage.com/analytics/uptown-dallas-pocket-2026/,posts,2026-08-28T08:00:00-05:00
https://www.realpage.com/analytics/west-region-update-2nd-quarter-2206/,posts,2026-08-31T11:00:00-05:00
https://www.realpage.com/analytics/btr-under-construction-2nd-quarter-2026/,posts,2026-09-01T11:00:00-05:00
https://www.realpage.com/analytics/august-2026-us-data-update/,posts,2026-09-03T12:00:00-05:00
https://www.realpage.com/analytics/august-2026-us-employment-update/,posts,2026-09-04T10:00:00-05:00
https://www.realpage.com/analytics/market-concessions-july-2026/,posts,2026-09-04T14:00:00-05:00
https://www.realpage.com/analytics/economy-express-episode-70/,posts,2026-09-08T09:00:00-05:00
https://www.realpage.com/analytics/august-2026-student-housing-update/,posts,2026-09-09T08:00:00-05:00
https://www.realpage.com/analytics/dallas-jobs-2nd-quarter-2026/,posts,2026-09-10T08:00:00-05:00
https://www.realpage.com/analytics/smu-knox-henderson-demand-pocket/,posts,2026-09-11T08:00:00-05:00
https://www.realpage.com/analytics/denver-concessions-2nd-quarter-2026/,posts,2026-09-14T08:00:00-05:00
https://www.realpage.com/blog/authors/timblackwell/,authors,2019-12-17T09:41:15-06:00
https://www.realpage.com/blog/authors/rp/,authors,2026-03-06T22:08:10-06:00
https://www.realpage.com/blog/authors/guylyman/,authors,2019-12-17T09:48:44-06:00
https://www.realpage.com/blog/authors/jennifer-hewett/,authors,2019-12-17T09:37:27-06:00
https://www.realpage.com/blog/authors/sarah-alerasoul/,authors,2019-12-17T09:36:55-06:00
https://www.realpage.com/blog/authors/lorilysobey/,authors,2019-12-17T09:42:31-06:00
https://www.realpage.com/blog/authors/gregproctor/,authors,2019-12-17T09:37:45-06:00
https://www.realpage.com/blog/authors/brett-moneta/,authors,2019-12-17T09:42:53-06:00
https://www.realpage.com/blog/authors/nadineevans/,authors,2022-08-11T14:16:04-05:00
https://www.realpage.com/blog/authors/dangaddis/,authors,2019-12-17T09:47:52-06:00
https://www.realpage.com/blog/authors/leahmendes/,authors,2019-12-17T09:45:17-06:00
https://www.realpage.com/blog/authors/lealashley/,authors,2019-12-17T09:45:40-06:00
https://www.realpage.com/blog/authors/ashleytlu/,authors,2019-12-17T09:39:05-06:00
https://www.realpage.com/blog/authors/amir-ellis/,authors,2019-12-17T09:48:26-06:00
https://www.realpage.com/blog/authors/michaelcunningham/,authors,2019-12-17T09:33:50-06:00
https://www.realpage.com/blog/authors/chrislee/,authors,2019-12-17T09:49:03-06:00
https://www.realpage.com/blog/authors/christinebright/,authors,2019-12-17T09:34:43-06:00
https://www.realpage.com/blog/authors/alanjames/,authors,2019-12-17T09:47:10-06:00
https://www.realpage.com/blog/authors/lindsey-allen/,authors,2019-10-10T00:35:19-05:00
https://www.realpage.com/blog/authors/mary-nitschke/,authors,2019-12-17T09:40:54-06:00
https://www.realpage.com/blog/authors/tim-haddon/,authors,2019-12-17T09:47:29-06:00
https://www.realpage.com/blog/authors/mark-jewell/,authors,2019-12-17T09:46:06-06:00
https://www.realpage.com/blog/authors/codt-mattes/,authors,2019-12-17T09:46:33-06:00
https://www.realpage.com/blog/authors/dimitris-kapsis/,authors,2019-10-10T00:35:46-05:00
https://www.realpage.com/blog/authors/lindseyjoyce/,authors,2019-12-17T09:43:41-06:00
https://www.realpage.com/blog/authors/damien-georges/,authors,2019-12-17T09:38:44-06:00
https://www.realpage.com/blog/authors/alok-tyagi/,authors,2019-12-17T09:46:52-06:00
https://www.realpage.com/blog/authors/alex-stanton/,authors,2020-08-12T13:00:27-05:00
https://www.realpage.com/blog/authors/jenniferlester/,authors,2021-05-21T15:00:43-05:00
https://www.realpage.com/blog/authors/tom-schickel/,authors,2021-06-30T18:07:34-05:00
https://www.realpage.com/resident-engagement-blog/authors/susan-gaide/,authors,2022-02-22T14:27:46-06:00
https://www.realpage.com/blog/authors/paul-bergeron/,authors,2022-07-05T21:38:03-05:00
https://www.realpage.com/analytics/authors/rpacontributor/,authors,2023-09-12T09:30:33-05:00
https://www.realpage.com/analytics/authors/brandoncrowell/,authors,2026-04-28T09:14:39-05:00
https://www.realpage.com/analytics/authors/cwheeler/,authors,2023-09-12T09:29:43-05:00
https://www.realpage.com/analytics/authors/cehmann/,authors,2023-09-12T09:29:21-05:00
https://www.realpage.com/analytics/authors/cwhitaker/,authors,2025-02-18T19:03:39-06:00
https://www.realpage.com/analytics/authors/kimobrien/,authors,2023-04-06T03:37:38-05:00
https://www.realpage.com/analytics/authors/dpolewchak/,authors,2023-09-12T09:28:41-05:00
https://www.realpage.com/analytics/authors/pgilbert/,authors,2023-09-12T09:28:14-05:00
https://www.realpage.com/analytics/authors/tsaffos/,authors,2023-09-12T09:28:00-05:00
https://www.realpage.com/analytics/authors/rkimura/,authors,2023-09-12T09:27:41-05:00
https://www.realpage.com/analytics/authors/mtaylor/,authors,2023-09-12T09:27:27-05:00
https://www.realpage.com/analytics/authors/arbenskivjani/,authors,2023-08-15T13:57:59-05:00
https://www.realpage.com/analytics/authors/dsindelar/,authors,2023-09-12T09:26:32-05:00
https://www.realpage.com/analytics/authors/cbrown/,authors,2025-02-18T19:08:15-06:00
https://www.realpage.com/analytics/authors/gregwillett/,authors,2022-09-08T05:22:13-05:00
https://www.realpage.com/blog/authors/wendy-lethsteensen/,authors,2024-02-09T11:43:56-06:00
https://www.realpage.com/blog/authors/rich-hughes/,authors,2024-02-09T11:03:57-06:00
https://www.realpage.com/blog/authors/mitch-moody/,authors,2026-04-28T09:55:24-05:00
https://www.realpage.com/analytics/authors/dustin-weaver/,authors,2024-05-23T10:21:48-05:00
https://www.realpage.com/analytics/authors/adam-couch/,authors,2026-01-26T14:29:42-06:00
https://www.realpage.com/blog/authors/dayna-gardner/,authors,2024-06-04T18:45:39-05:00
https://www.realpage.com/blog/authors/lance-french/,authors,2025-07-10T09:05:24-05:00
https://www.realpage.com/blog/authors/kris-kimmerle/,authors,2026-04-10T15:31:14-05:00
https://www.realpage.com/blog/authors/harish-desai/,authors,2026-04-21T12:06:46-05:00
https://www.realpage.com/blog/authors/brandonv/,authors,2026-04-27T12:39:38-05:00
https://www.realpage.com/webcasts/5-common-mistakes-processing-utility-invoices/,webcasts,2026-09-15T00:02:16-05:00
https://www.realpage.com/webcasts/optimize-your-vendor-program/,webcasts,2026-09-15T00:02:16-05:00
https://www.realpage.com/webcasts/powerful-insights-submeter-savings/,webcasts,2026-09-15T00:02:16-05:00
https://www.realpage.com/webcasts/vendor-marketplace-tour/,webcasts,2026-09-15T00:02:16-05:00
https://www.realpage.com/webcasts/easy-does-it/,webcasts,2022-10-07T04:06:13-05:00
https://www.realpage.com/webcasts/tips-to-maximize-purchasing-power/,webcasts,2026-09-15T00:02:16-05:00
https://www.realpage.com/webcasts/replacement-reserves/,webcasts,2022-10-07T04:06:14-05:00
https://www.realpage.com/webcasts/grow-your-business-with-vendor-services/,webcasts,2022-10-07T04:06:16-05:00
https://www.realpage.com/webcasts/easy-does-it-vendor-payments/,webcasts,2022-10-07T04:06:16-05:00
https://www.realpage.com/webcasts/financial-suite-bank-feeds/,webcasts,2022-10-07T04:06:17-05:00
https://www.realpage.com/webcasts/investor-relationship-management/,webcasts,2022-10-07T04:06:17-05:00
https://www.realpage.com/webcasts/asset-portfolio-information-management/,webcasts,2022-10-07T04:06:18-05:00
https://www.realpage.com/webcasts/financial-modeling-clarity/,webcasts,2022-10-07T04:06:18-05:00
https://www.realpage.com/webcasts/make-data-directive-business-intelligence/,webcasts,2022-10-07T04:06:18-05:00
https://www.realpage.com/webcasts/improving-budget-variance-analysis/,webcasts,2022-10-07T04:06:18-05:00
https://www.realpage.com/webcasts/understanding-resident-deposit-insurance/,webcasts,2022-10-07T04:06:18-05:00
https://www.realpage.com/webcasts/right-software-for-operational-excellence/,webcasts,2024-10-29T11:14:32-05:00
https://www.realpage.com/webcasts/smart-choice-smartsource-accounting/,webcasts,2022-10-07T04:06:18-05:00
https://www.realpage.com/webcasts/easy-does-it-budgeting-bootcamp/,webcasts,2022-10-07T04:06:19-05:00
https://www.realpage.com/webcasts/realpage-commercial-just-the-right-fit/,webcasts,2022-10-07T04:06:19-05:00
https://www.realpage.com/webcasts/commercial-operations-hot-cold/,webcasts,2025-05-30T09:53:24-05:00
https://www.realpage.com/webcasts/leasing-smarter-way-get-yes/,webcasts,2025-05-30T09:53:07-05:00
https://www.realpage.com/webcasts/10-mistakes-management-companies-vendors/,webcasts,2022-10-07T04:06:20-05:00
https://www.realpage.com/webcasts/7-ways-chain-disruptions-impact-apartments/,webcasts,2022-10-07T04:06:20-05:00
https://www.realpage.com/webcasts/introducing-student-housing-market-analytics/,webcasts,2022-10-07T04:06:20-05:00
https://www.realpage.com/webcasts/reduce-risk-utility-billing-compliance-best-practices/,webcasts,2022-10-07T04:06:20-05:00
https://www.realpage.com/webcasts/easy-does-it-simplify-expense-reporting/,webcasts,2022-10-07T04:06:20-05:00
https://www.realpage.com/webcasts/utility-account-managers-unlock-hidden-yield/,webcasts,2022-10-07T04:06:20-05:00
https://www.realpage.com/webcasts/esg-changes-multifamily-utility-management/,webcasts,2022-10-07T04:06:20-05:00
https://www.realpage.com/webcasts/improve-noi-better-utility-management/,webcasts,2024-11-01T10:41:17-05:00
https://www.realpage.com/webcasts/easy-does-it-forecasting-planning/,webcasts,2022-10-07T04:06:21-05:00
https://www.realpage.com/webcasts/22-voices-affordable-housing-trends/,webcasts,2022-10-07T04:06:22-05:00
https://www.realpage.com/webcasts/future-of-spend-management/,webcasts,2022-10-07T04:06:22-05:00
https://www.realpage.com/webcasts/22-voices-improve-reputation-score/,webcasts,2022-10-07T04:06:22-05:00
https://www.realpage.com/webcasts/renter-journey-insights-help-you-compete/,webcasts,2025-05-30T09:53:16-05:00
https://www.realpage.com/webcasts/close-books-record-time/,webcasts,2022-10-07T04:06:22-05:00
https://www.realpage.com/webcasts/overcoming-big-challenges-facing-small-operators/,webcasts,2022-10-07T04:06:23-05:00
https://www.realpage.com/webcasts/noi-boosting-strategies-for-affordable-sustainability-iot/,webcasts,2022-10-07T04:06:23-05:00
https://www.realpage.com/webcasts/5-accounting-operational-excellence-strategies/,webcasts,2022-10-07T04:06:23-05:00
https://www.realpage.com/webcasts/22-voices-mitigating-risks-affordable/,webcasts,2022-10-07T04:06:23-05:00
https://www.realpage.com/webcasts/secret-life-of-water/,webcasts,2022-10-11T03:30:03-05:00
https://www.realpage.com/webcasts/future-of-front-office-solutions/,webcasts,2025-05-30T09:52:48-05:00
https://www.realpage.com/webcasts/streamline-uncover-data-insights-better-budgeting/,webcasts,2022-10-29T03:30:03-05:00
https://www.realpage.com/webcasts/unified-platform-saves-time-increases-security/,webcasts,2023-01-10T09:11:03-06:00
https://www.realpage.com/webcasts/voices-for-2023-which-issues-concern-apartment-executives/,webcasts,2023-01-10T03:30:03-06:00
https://www.realpage.com/webcasts/navigating-affordable-housing-regulations-legal-trends/,webcasts,2023-02-21T03:30:03-06:00
https://www.realpage.com/webcasts/succeeding-strategies-changing-times/,webcasts,2023-02-21T03:30:04-06:00
https://www.realpage.com/webcasts/managing-risks-for-modern-investors/,webcasts,2023-03-07T11:02:38-06:00
https://www.realpage.com/webcasts/marketing-moves-to-compete-with-larger-portfolios/,webcasts,2023-03-13T16:21:36-05:00
https://www.realpage.com/webcasts/voices-for-2023-limit-turnover-risk/,webcasts,2023-03-27T11:26:30-05:00
https://www.realpage.com/webcasts/resident-engagement-grow-loyalty-noi/,webcasts,2025-05-30T09:52:57-05:00
https://www.realpage.com/webcasts/market-intelligence-high-trending-markets/,webcasts,2023-04-05T03:30:03-05:00
https://www.realpage.com/webcasts/foolproof-utility-reimbursements/,webcasts,2023-04-12T03:30:03-05:00
https://www.realpage.com/webcasts/automate-centralize-optimize-your-operation/,webcasts,2023-04-13T03:30:03-05:00
https://www.realpage.com/webcasts/voices-for-2023-smart-marketing/,webcasts,2023-04-19T03:30:03-05:00
https://www.realpage.com/webcasts/voices-for-23-make-leasing-easy/,webcasts,2023-04-26T03:30:02-05:00
https://www.realpage.com/webcasts/transform-affordable-operations/,webcasts,2023-04-28T03:30:03-05:00
https://www.realpage.com/webcasts/centralized-leasing-debunking-common-misconceptions/,webcasts,2023-05-03T03:30:02-05:00
https://www.realpage.com/webcasts/voices-for-2023-stay-ahead-of-leasing-fraud/,webcasts,2023-05-10T03:30:03-05:00
https://www.realpage.com/webcasts/banking-on-budgeting-customer-panel/,webcasts,2023-05-19T12:52:29-05:00
https://www.realpage.com/webcasts/voices-for-2023-optimize-lease-ups/,webcasts,2023-05-24T03:30:03-05:00
https://www.realpage.com/webcasts/voices-for-23-get-smart-about-spend-management/,webcasts,2023-06-09T03:30:03-05:00
https://www.realpage.com/webcasts/voices-for-23-decoding-multifamily-language/,webcasts,2023-07-01T03:30:03-05:00
https://www.realpage.com/webcasts/demandx-connect-advertising-leasing-pricing/,webcasts,2023-08-23T03:30:03-05:00
https://www.realpage.com/webcasts/market-intelligence-2024-budgeting-swot-analysis/,webcasts,2023-09-08T03:30:03-05:00
https://www.realpage.com/webcasts/pursue-transparency-through-data/,webcasts,2023-09-19T09:51:53-05:00
https://www.realpage.com/webcasts/2023-national-renter-study/,webcasts,2023-09-19T03:30:02-05:00
https://www.realpage.com/webcasts/hotma-the-big-game-changer/,webcasts,2023-10-09T09:51:41-05:00
https://www.realpage.com/webcasts/budget-season-plan-for-2024/,webcasts,2023-10-10T03:30:03-05:00
https://www.realpage.com/webcasts/your-midmarket-strategy-might-need-an-overhaul/,webcasts,2025-05-30T09:52:30-05:00
https://www.realpage.com/webcasts/ancillary-revenue-under-review-justified-or-junk/,webcasts,2023-10-24T03:30:03-05:00
https://www.realpage.com/webcasts/apartment-developers-building-attainable-housing/,webcasts,2023-11-27T10:59:49-06:00
https://www.realpage.com/webcasts/market-intelligence-predicted-performance-shifts-2024/,webcasts,2023-11-18T03:00:03-06:00
https://www.realpage.com/webcasts/innovation-day-front-office/,webcasts,2023-11-27T10:44:43-06:00
https://www.realpage.com/webcasts/questions-facing-owners-and-operators-2024/,webcasts,2023-11-21T03:30:03-06:00
https://www.realpage.com/webcasts/rethinking-property-spend-strategies/,webcasts,2023-12-08T03:30:03-06:00
https://www.realpage.com/webcasts/innovation-day-back-office/,webcasts,2023-12-09T03:30:03-06:00
https://www.realpage.com/webcasts/energy-benchmarking-2024/,webcasts,2023-12-15T15:06:13-06:00
https://www.realpage.com/webcasts/voices-for-2024-multifamily-leaders-open-their-playbooks/,webcasts,2023-12-21T03:30:03-06:00
https://www.realpage.com/webcasts/affordable-housing-insurance-challenges/,webcasts,2024-01-12T03:30:03-06:00
https://www.realpage.com/webcasts/cutting-costs-without-cutting-corners/,webcasts,2024-02-16T11:34:51-06:00
https://www.realpage.com/webcasts/staying-one-step-ahead-combat-rising-leasing-fraud/,webcasts,2024-03-15T14:17:52-05:00
https://www.realpage.com/webcasts/innovation-day-mitigating-risk/,webcasts,2024-03-28T11:35:03-05:00
https://www.realpage.com/webcasts/drive-faster-demand-client-panel/,webcasts,2024-03-22T03:30:03-05:00
https://www.realpage.com/webcasts/hotma-understanding-top-rule-changes/,webcasts,2024-03-27T03:30:03-05:00
https://www.realpage.com/webcasts/building-a-greener-future/,webcasts,2024-04-04T03:30:03-05:00
https://www.realpage.com/webcasts/managing-new-challenges-of-property-insurance/,webcasts,2024-04-23T16:33:31-05:00
https://www.realpage.com/webcasts/overcoming-facilities-maintenance-challenges/,webcasts,2024-05-03T03:30:03-05:00
https://www.realpage.com/webcasts/conversational-ai-improve-renter-engagement/,webcasts,2024-05-09T16:47:19-05:00
https://www.realpage.com/webcasts/innovation-day-moving-multifamily-forward-with-lumina-ai/,webcasts,2024-05-23T10:58:15-05:00
https://www.realpage.com/webcasts/voices-for-2024-revolutionizing-the-resident-experience/,webcasts,2024-05-31T03:30:03-05:00
https://www.realpage.com/webcasts/introducing-prepaid-debit-cards/,webcasts,2024-06-05T03:30:04-05:00
https://www.realpage.com/webcasts/seo-website-trends-era-of-ai-search/,webcasts,2024-06-27T03:30:03-05:00
https://www.realpage.com/webcasts/realistic-budgeting-for-operational-balance/,webcasts,2024-08-07T03:30:03-05:00
https://www.realpage.com/webcasts/market-intelligence-identifying-risks-potential-solutions/,webcasts,2024-09-14T00:24:15-05:00
https://www.realpage.com/webcasts/discover-loft-new-era-in-resident-experience/,webcasts,2025-03-06T08:29:18-06:00
https://www.realpage.com/webcasts/bundling-your-accounting-processes-really-adds-up/,webcasts,2024-09-26T03:30:03-05:00
https://www.realpage.com/webcasts/re-mapping-the-customer-journey/,webcasts,2025-01-06T12:01:37-06:00
https://www.realpage.com/webcasts/innovations-that-elevate-property-operations/,webcasts,2025-03-06T08:29:11-06:00
https://www.realpage.com/webcasts/online-leasing-for-affordable-housing-smarter-simpler-faster/,webcasts,2024-10-30T13:16:43-05:00
https://www.realpage.com/webcasts/market-intelligence-build-to-rent-market-trends/,webcasts,2024-11-21T03:30:02-06:00
https://www.realpage.com/webcasts/energy-benchmarking-2025/,webcasts,2025-04-07T10:47:02-05:00
https://www.realpage.com/webcasts/streamline-leasing-operations-with-knock-crms-new-centralized-platform/,webcasts,2026-01-15T12:47:45-06:00
https://www.realpage.com/webcasts/multifamily-marketing-trends-key-insights-from-google-and-g5-a-realpage-company/,webcasts,2026-01-15T12:49:54-06:00
https://www.realpage.com/webcasts/modern-maintenance-strategies-lower-costs/,webcasts,2026-01-15T12:48:31-06:00
https://www.realpage.com/webcasts/financial-suite-scaling-with-technology/,webcasts,2025-07-08T10:06:12-05:00
https://www.realpage.com/webcasts/modern-resident-portal-win-win/,webcasts,2025-06-05T13:18:31-05:00
https://www.realpage.com/webcasts/market-intelligence-impact-of-tariffs/,webcasts,2025-03-18T16:49:35-05:00
https://www.realpage.com/webcasts/market-intelligence-southeast-region-update-q2-2025/,webcasts,2025-03-27T14:38:13-05:00
https://www.realpage.com/webcasts/market-intelligence-florida-update-q2-2025/,webcasts,2025-04-09T15:10:29-05:00
https://www.realpage.com/webcasts/market-intelligence-us-update-q2-2025/,webcasts,2025-04-15T10:43:19-05:00
https://www.realpage.com/webcasts/detecting-leasing-fraud-earlier/,webcasts,2025-04-15T14:36:43-05:00
https://www.realpage.com/webcasts/market-intelligence-texas-update-q2-2025/,webcasts,2025-04-23T13:01:43-05:00
https://www.realpage.com/webcasts/market-intelligence-midwest-update-q2-2025/,webcasts,2025-05-06T12:07:47-05:00
https://www.realpage.com/webcasts/market-intelligence-nyc-northeast-update-q2-2025/,webcasts,2025-05-07T15:22:57-05:00
https://www.realpage.com/webcasts/market-intelligence-northwest-update-q2-2025/,webcasts,2025-05-20T13:59:04-05:00
https://www.realpage.com/webcasts/source-to-pay-risk-mitigation-proven-strategies/,webcasts,2025-11-03T10:46:43-06:00
https://www.realpage.com/webcasts/market-intelligence-macroeconomic-update-q2-2025/,webcasts,2025-08-05T10:14:56-05:00
https://www.realpage.com/webcasts/market-intelligence-desert-mountains-update-q2-2025/,webcasts,2025-06-05T16:23:47-05:00
https://www.realpage.com/webcasts/insights-from-multifamily-leasing-study/,webcasts,2025-08-05T10:14:31-05:00
https://www.realpage.com/webcasts/beyond-tariffs-navigating-operational-expense/,webcasts,2025-06-13T15:44:44-05:00
https://www.realpage.com/webcasts/market-intelligence-todays-most-pressing-questions/,webcasts,2025-06-23T14:40:24-05:00
https://www.realpage.com/webcasts/rethinking-renters-search/,webcasts,2025-10-06T13:13:40-05:00
https://www.realpage.com/webcasts/market-intelligence-southeast-update-q3-2025/,webcasts,2025-07-08T09:00:42-05:00
https://www.realpage.com/webcasts/market-intelligence-us-multifamily-update-q3-2025/,webcasts,2025-07-01T15:33:09-05:00
https://www.realpage.com/webcasts/exploring-three-trends-transforming-property-management/,webcasts,2025-12-01T08:59:43-06:00
https://www.realpage.com/webcasts/market-intelligence-texas-update-q3-2025/,webcasts,2025-07-08T16:13:02-05:00
https://www.realpage.com/webcasts/market-intelligence-florida-update-q3-2025/,webcasts,2025-07-15T13:06:29-05:00
https://www.realpage.com/webcasts/market-intelligence-midwest-update-q3-2025/,webcasts,2025-07-29T15:55:47-05:00
https://www.realpage.com/webcasts/market-intelligence-northeast-midatlantic-update-q3-2025/,webcasts,2025-07-31T17:21:19-05:00
https://www.realpage.com/webcasts/market-intelligence-california-pacific-northwest-update-q3-2025/,webcasts,2025-08-21T17:21:40-05:00
https://www.realpage.com/webcasts/market-intelligence-desert-mountains-update-q3-2025/,webcasts,2025-08-26T13:08:55-05:00
https://www.realpage.com/webcasts/market-intelligence-student-housing-update-fall-2025/,webcasts,2025-09-10T16:42:15-05:00
https://www.realpage.com/webcasts/stay-visible-compliant-conversion-ready/,webcasts,2026-01-07T09:55:09-06:00
https://www.realpage.com/webcasts/unlocking-portfolio-insights-with-crm-analytics/,webcasts,2026-07-08T09:07:28-05:00
https://www.realpage.com/webcasts/market-intelligence-2025-demographic-population-trends-update/,webcasts,2025-09-23T17:36:27-05:00
https://www.realpage.com/webcasts/market-intelligence-texas-update-q4-2025/,webcasts,2025-09-25T19:59:05-05:00
https://www.realpage.com/webcasts/market-intelligence-us-multifamily-update-q4-2025/,webcasts,2025-09-26T10:29:43-05:00
https://www.realpage.com/webcasts/market-intelligence-florida-update-q4-2025/,webcasts,2025-10-06T16:26:37-05:00
https://www.realpage.com/webcasts/market-intelligence-midwest-update-q4-2025/,webcasts,2025-10-20T14:30:02-05:00
https://www.realpage.com/webcasts/smart-retrofitting-modernize-without-breaking-bank/,webcasts,2025-12-01T08:59:31-06:00
https://www.realpage.com/webcasts/market-intelligence-northeast-mid-atlantic-q4-2025/,webcasts,2025-10-30T16:08:51-05:00
https://www.realpage.com/webcasts/market-intelligence-california-pacific-northwest-update-q4-2025/,webcasts,2025-11-03T11:47:57-06:00
https://www.realpage.com/webcasts/inside-the-build-to-rent-playbook/,webcasts,2025-11-10T12:40:03-06:00
https://www.realpage.com/webcasts/market-intelligence-year-in-review-2025/,webcasts,2025-11-18T16:26:31-06:00
https://www.realpage.com/webcasts/realpage-insurance-optimize-coverage-empower-operations/,webcasts,2026-06-01T07:47:49-05:00
https://www.realpage.com/webcasts/market-intelligence-southeast-update-q4-2025/,webcasts,2025-11-21T10:23:20-06:00
https://www.realpage.com/webcasts/from-data-to-decisions-multifamily-market-guide-2026/,webcasts,2025-12-17T11:00:38-06:00
https://www.realpage.com/webcasts/modern-payment-solutions-for-smarter-operations/,webcasts,2026-06-01T07:46:41-05:00
https://www.realpage.com/webcasts/macroeconomic-forces-shaping-rental-housing/,webcasts,2026-06-01T07:40:49-05:00
https://www.realpage.com/webcasts/market-intelligence-south-central-update-2026/,webcasts,2026-07-07T14:34:27-05:00
https://www.realpage.com/webcasts/market-intelligence-florida-update-q1-2026/,webcasts,2026-07-07T14:33:36-05:00
https://www.realpage.com/webcasts/aligning-your-accounting-solutions/,webcasts,2026-06-01T07:38:44-05:00
https://www.realpage.com/webcasts/multifamily-risk-outlook/,webcasts,2026-02-10T12:38:57-06:00
https://www.realpage.com/webcasts/market-intelligence-northeast-update-q1-2026/,webcasts,2026-07-07T14:33:04-05:00
https://www.realpage.com/webcasts/go-beyond-benchmarking-optimize-performance/,webcasts,2026-03-02T12:42:18-06:00
https://www.realpage.com/webcasts/market-intelligence-california-update-q1-2026/,webcasts,2026-07-07T14:32:37-05:00
https://www.realpage.com/webcasts/market-intelligence-student-update-spring-2026/,webcasts,2026-06-01T07:45:51-05:00
https://www.realpage.com/webcasts/market-intelligence-us-recap-q1-2026/,webcasts,2026-03-30T10:39:17-05:00
https://www.realpage.com/webcasts/market-intelligence-peak-leasing-season-playbook/,webcasts,2026-03-25T10:16:55-05:00
https://www.realpage.com/webcasts/market-intelligence-great-lakes-update-q2-2026/,webcasts,2026-07-07T14:31:52-05:00
https://www.realpage.com/webcasts/market-intelligence-upper-midwest-great-plains-update-2026/,webcasts,2026-07-07T14:31:08-05:00
https://www.realpage.com/webcasts/market-intelligence-pacific-mountain-update-q2-2026/,webcasts,2026-07-07T12:57:24-05:00
https://www.realpage.com/webcasts/market-intelligence-multifamily-capital-markets-update/,webcasts,2026-04-29T09:17:37-05:00
https://www.realpage.com/webcasts/ai-joins-onsite-team/,webcasts,2026-07-08T09:07:13-05:00
https://www.realpage.com/webcasts/market-intelligence-south-atlantic-update-q2-2026/,webcasts,2026-07-07T14:11:31-05:00
https://www.realpage.com/webcasts/market-intelligence-southeast-update-q2-2026/,webcasts,2026-07-07T14:12:18-05:00
https://www.realpage.com/webcasts/market-intelligence-south-central-update-q2-2026/,webcasts,2026-07-07T14:12:52-05:00
https://www.realpage.com/webcasts/market-intelligence-florida-update-q3-2026/,webcasts,2026-06-24T09:37:01-05:00
https://www.realpage.com/webcasts/market-intelligence-us-recap-2q26/,webcasts,2026-06-29T17:03:27-05:00
https://www.realpage.com/webcasts/market-intelligence-northeast-update-q3-2026/,webcasts,2026-08-04T16:56:36-05:00
https://www.realpage.com/webcasts/market-intelligence-great-lakes-update-q3-2026/,webcasts,2026-09-02T10:59:20-05:00
https://www.realpage.com/webcasts/market-intelligence-california-update-q3-2026/,webcasts,2026-08-26T08:57:30-05:00
https://www.realpage.com/webcasts/demand-pockets-in-multifamily-investing/,webcasts,2026-08-05T18:54:44-05:00
https://www.realpage.com/webcasts/market-intelligence-student-housing-update-fall-2026/,webcasts,2026-09-04T10:29:18-05:00
https://www.realpage.com/webcasts/next-era-of-revenue-management/,webcasts,2026-09-15T00:02:19-05:00
https://www.realpage.com/webcasts/streamlined-procurement-with-realpage-amazon-business/,webcasts,2026-09-08T16:06:45-05:00
https://www.realpage.com/webcasts/market-intelligence-upper-midwest-great-plains-update-q3-2026/,webcasts,2026-09-11T20:31:24-05:00
https://www.realpage.com/videos/leasestar-apartment-marketing-solutions-video/,videos,2018-11-13T10:08:48-06:00
https://www.realpage.com/videos/resident-services-egg-package-delivery-preview/,videos,2018-11-13T10:08:48-06:00
https://www.realpage.com/videos/accept-emoney-orders-for-rent-payment/,videos,2018-11-13T10:08:48-06:00
https://www.realpage.com/videos/electronic-rent-payment-processing/,videos,2018-11-13T10:08:48-06:00
https://www.realpage.com/videos/schedule-more-appointments-instant-call-reply/,videos,2018-11-13T10:08:48-06:00
https://www.realpage.com/videos/accept-credit-card-rent-payments-no-fee-resident-direct/,videos,2018-11-13T10:08:48-06:00
https://www.realpage.com/videos/online-catalogs-demo/,videos,2018-11-13T10:08:48-06:00
https://www.realpage.com/videos/accept-credit-cards-for-rent-payment/,videos,2018-11-13T10:08:48-06:00
https://www.realpage.com/videos/renters-insurance-ensure-resident-compliance-customer-lizza-castro/,videos,2018-11-13T10:08:48-06:00
https://www.realpage.com/videos/value-of-rental-payment-history/,videos,2018-11-13T10:08:48-06:00
https://www.realpage.com/videos/online-leasing-integration/,videos,2018-11-13T10:08:48-06:00
https://www.realpage.com/videos/increase-revenue-minimize-risk/,videos,2018-11-13T10:08:48-06:00
https://www.realpage.com/videos/complete-online-leasing-experience/,videos,2018-11-13T10:08:48-06:00
https://www.realpage.com/videos/velocity-compliance-services-testimonial/,videos,2018-11-13T10:08:48-06:00
https://www.realpage.com/videos/leasestar-social-referrals-drive-leases/,videos,2018-11-13T10:08:48-06:00
https://www.realpage.com/videos/pinnacle-uses-level-one-for-opportunities/,videos,2018-11-13T10:08:48-06:00
https://www.realpage.com/videos/pinnacle-gets-better-leads-with-levelone/,videos,2018-11-13T10:08:48-06:00
https://www.realpage.com/videos/opstechnology-vendor-increases-revenue-ard-distributors/,videos,2018-11-13T10:08:48-06:00
https://www.realpage.com/videos/keith-jones-realpage-accounting/,videos,2018-11-13T10:08:48-06:00
https://www.realpage.com/videos/multifamily-property-budgeting-software-robert-schock/,videos,2018-11-13T10:08:48-06:00
https://www.realpage.com/videos/renters-insurance-customers-share-benefits-required-coverage/,videos,2018-11-13T10:08:48-06:00
https://www.realpage.com/videos/realpage-facilities-mobile-app-demo/,videos,2018-11-13T10:08:48-06:00
https://www.realpage.com/videos/renters-insurance-tools-maximizes-compliance-reduces-risk/,videos,2018-11-13T10:08:48-06:00
https://www.realpage.com/videos/realpage-screening-power-of-yes/,videos,2018-11-13T10:08:48-06:00
https://www.realpage.com/videos/property-management-resources-measured-results/,videos,2018-11-13T10:08:48-06:00
https://www.realpage.com/videos/resident-portal-for-affordable-housing-communities/,videos,2018-11-13T10:08:48-06:00
https://www.realpage.com/videos/an-inside-look-at-level-one-contact-center/,videos,2018-11-13T10:08:48-06:00
https://www.realpage.com/videos/virgina-love-waterton-residential-online-referral-program/,videos,2018-11-13T10:08:48-06:00
https://www.realpage.com/videos/zachary-goldman-tgm-associates-lead2lease/,videos,2018-11-13T10:08:48-06:00
https://www.realpage.com/videos/kye-hittle-online-leasing/,videos,2018-11-13T10:08:48-06:00
https://www.realpage.com/videos/leasingdesk-screening-solution/,videos,2018-11-13T10:08:48-06:00
https://www.realpage.com/videos/leasingdesk-screening-rental-payment-history/,videos,2018-11-13T10:08:48-06:00
https://www.realpage.com/videos/mary-herrold-jvm-realty-leasestar-websites-seo/,videos,2018-11-13T10:08:50-06:00
https://www.realpage.com/videos/erenterplan-protects-against-7-deadly-renters/,videos,2018-11-13T10:08:50-06:00
https://www.realpage.com/videos/propertyware-tenant-screening-review-rpm/,videos,2018-11-13T10:08:50-06:00
https://www.realpage.com/videos/make-electronic-rent-payment-processing-easy/,videos,2018-11-13T10:08:50-06:00
https://www.realpage.com/videos/opstechnology-multifamily-vendor-management-webinar/,videos,2018-11-13T10:08:50-06:00
https://www.realpage.com/videos/renters-insurance-customers-cws-capital-partners/,videos,2018-11-13T10:08:50-06:00
https://www.realpage.com/videos/secret-behind-realpage-residentdirect-part-2/,videos,2018-11-13T10:08:50-06:00
https://www.realpage.com/videos/secret-behind-realpage-residentdirect-part-1/,videos,2018-11-13T10:08:50-06:00
https://www.realpage.com/videos/affordable-hud-compliance-customer-ambling-properties/,videos,2018-11-13T10:08:50-06:00
https://www.realpage.com/videos/real-estate-document-management-review-sidal/,videos,2018-11-13T10:08:50-06:00
https://www.realpage.com/videos/faciltiies-maintenance-mobile-app-review-dawn-metroplex/,videos,2018-11-13T10:08:50-06:00
https://www.realpage.com/videos/online-leasing-software-military-housing-demo/,videos,2018-11-13T10:08:50-06:00
https://www.realpage.com/videos/online-leasing-solution-review-capstone/,videos,2018-11-13T10:08:50-06:00
https://www.realpage.com/videos/renters-insurance-program-review-james-wohrman/,videos,2018-11-13T10:08:50-06:00
https://www.realpage.com/videos/renters-insurance-program-review-tom-beaton/,videos,2018-11-13T10:08:50-06:00
https://www.realpage.com/videos/spend-management-software-noi-grant-kaufman-yarco/,videos,2018-11-13T10:08:50-06:00
https://www.realpage.com/videos/office-depot-uses-onesite-bill-bostwick/,videos,2018-11-13T10:08:50-06:00
https://www.realpage.com/videos/senior-living-contact-center-answers/,videos,2018-11-13T10:08:50-06:00
https://www.realpage.com/videos/jared-schenk-reviews-resident-technology-services/,videos,2018-11-13T10:08:50-06:00
https://www.realpage.com/videos/student-housing-software-review-greystar/,videos,2018-11-13T10:08:50-06:00
https://www.realpage.com/videos/taas-professional-services-review-concierge/,videos,2018-11-13T10:08:50-06:00
https://www.realpage.com/videos/multifamily-professional-services-review-fpi/,videos,2018-11-13T10:08:50-06:00
https://www.realpage.com/videos/taas-professional-services-review-ezralow/,videos,2018-11-13T10:08:50-06:00
https://www.realpage.com/videos/spend-analysis-pepp-test/,videos,2018-11-13T10:08:50-06:00
https://www.realpage.com/videos/property-management-accounting-software-overview/,videos,2018-11-13T10:08:50-06:00
https://www.realpage.com/videos/multifamily-answer-automation-trial/,videos,2018-11-13T10:08:52-06:00
https://www.realpage.com/videos/onesite-affordable-recover-special-claims/,videos,2018-11-13T10:08:52-06:00
https://www.realpage.com/videos/affordable-housing-low-income-state-reporting-intro/,videos,2018-11-13T10:08:52-06:00
https://www.realpage.com/videos/affordable-housing-software-document-management-certification/,videos,2018-11-13T10:08:52-06:00
https://www.realpage.com/videos/affordable-housing-software-control-property-damages/,videos,2018-11-13T10:08:52-06:00
https://www.realpage.com/videos/affordable-housing-software-save-time-certifications/,videos,2018-11-13T10:08:52-06:00
https://www.realpage.com/videos/affordable-housing-compliance-short-video/,videos,2018-11-13T10:08:52-06:00
https://www.realpage.com/videos/spend-management-heather-craig-testimonial/,videos,2018-11-13T10:08:52-06:00
https://www.realpage.com/videos/investment-accounting-software/,videos,2018-11-13T10:08:52-06:00
https://www.realpage.com/videos/product-support-training-customer-review-interstate-realty/,videos,2018-11-13T10:08:52-06:00
https://www.realpage.com/videos/online-leasing-software-customer-reviews-gina-carter/,videos,2018-11-13T10:08:52-06:00
https://www.realpage.com/videos/multifamily-spend-management-review-kevin-wilkinson/,videos,2018-11-13T10:08:52-06:00
https://www.realpage.com/videos/property-management-customer-review-kurt-sullivan/,videos,2018-11-13T10:08:52-06:00
https://www.realpage.com/videos/online-leasing-software-review-margaret-berry/,videos,2018-11-13T10:08:52-06:00
https://www.realpage.com/videos/multifamily-e-learning-system-review-sam-brooks/,videos,2018-11-13T10:08:52-06:00
https://www.realpage.com/videos/property-management-accounting-software-review-scott-seegmiller/,videos,2018-11-13T10:08:52-06:00
https://www.realpage.com/videos/property-management-software-reviews-traci-lutz/,videos,2018-11-13T10:08:52-06:00
https://www.realpage.com/videos/affordable-property-management-software-review-traci-lutz/,videos,2018-11-13T10:08:52-06:00
https://www.realpage.com/videos/egg-apartment-package-locker-system-review-chris-mazzola/,videos,2018-11-13T10:08:52-06:00
https://www.realpage.com/videos/spend-management-software-review-vicky-yoo/,videos,2018-11-13T10:08:52-06:00
https://www.realpage.com/videos/rent-check-scanning-software-system/,videos,2018-11-13T10:08:52-06:00
https://www.realpage.com/videos/contact-center-answering-service/,videos,2018-11-13T10:08:52-06:00
https://www.realpage.com/videos/investor-portfolio-asset-management-software-overview/,videos,2018-11-13T10:08:55-06:00
https://www.realpage.com/videos/spend-management-solutions-review-greystar/,videos,2018-11-13T10:08:55-06:00
https://www.realpage.com/videos/realpage-financial-suite/,videos,2025-07-28T10:08:00-05:00
https://www.realpage.com/videos/facebook-live-nmhc-laura-williams-greystar/,videos,2018-11-13T10:08:55-06:00
https://www.realpage.com/videos/online-rent-payment-software-review-camden/,videos,2018-11-13T10:08:55-06:00
https://www.realpage.com/videos/property-management-accounting-preview/,videos,2018-11-13T10:08:57-06:00
https://www.realpage.com/videos/property-management-call-center-services-solution-preview/,videos,2018-11-13T10:08:57-06:00
https://www.realpage.com/videos/realpage-accounting-benefits-customer-review-cf-real-estate-services/,videos,2018-11-13T10:08:57-06:00
https://www.realpage.com/videos/improved-accounting-visibility-customer-review-cf-real-estate-services/,videos,2018-11-13T10:08:57-06:00
https://www.realpage.com/videos/integrated-accounting-budgeting-customer-review-cf-real-estate-services/,videos,2018-11-13T10:08:57-06:00
https://www.realpage.com/videos/accounting-financial-report-writer-customer-review-cf-real-estate-services/,videos,2018-11-13T10:08:57-06:00
https://www.realpage.com/videos/accounting-solves-compatibly-customer-review-cf-real-estate-services/,videos,2018-11-13T10:08:57-06:00
https://www.realpage.com/videos/facilities-management-software-data-insights-review-gina-carter/,videos,2018-11-13T10:08:57-06:00
https://www.realpage.com/videos/facilities-management-mobile-app-review-blue-ridge/,videos,2018-11-13T10:08:57-06:00
https://www.realpage.com/videos/property-inspection-software-review-blue-ridge-companies/,videos,2018-11-13T10:08:57-06:00
https://www.realpage.com/videos/facilities-maintenance-reporting-review-blue-ridge-companies/,videos,2018-11-13T10:08:57-06:00
https://www.realpage.com/videos/facilities-maintenance-tools-review-blue-ridge-companies/,videos,2018-11-13T10:08:57-06:00
https://www.realpage.com/videos/facilities-maintenance-software-saves-time-review-fred-kicsak/,videos,2018-11-13T10:08:57-06:00
https://www.realpage.com/videos/mobile-maintenance-app-review-photos-fred/,videos,2018-11-13T10:08:57-06:00
https://www.realpage.com/videos/commercial-property-management-not-business-as-usual/,videos,2018-11-13T10:08:57-06:00
https://www.realpage.com/videos/contact-center-review-stephanie-gonzalez-one-goal/,videos,2018-11-13T10:08:57-06:00
https://www.realpage.com/videos/multifamily-contact-center-review-stephanie-gonzalez/,videos,2018-11-13T10:08:57-06:00
https://www.realpage.com/videos/student-housing-management-renting-to-college-students/,videos,2018-11-13T10:08:57-06:00
https://www.realpage.com/videos/affordable-property-management-customer-reviews-capstone/,videos,2018-11-13T10:08:57-06:00
https://www.realpage.com/videos/affordable-property-management-increase-efficiency-review-capstone/,videos,2018-11-13T10:08:57-06:00
https://www.realpage.com/videos/affordable-property-management-exceeds-expectations-capstone/,videos,2018-11-13T10:08:57-06:00
https://www.realpage.com/videos/property-management-budgeting-software-preview/,videos,2018-11-13T10:08:59-06:00
https://www.realpage.com/videos/reduce-budgeting-reporting-errors-review-capstone-real-estate-services/,videos,2018-11-13T10:08:59-06:00
https://www.realpage.com/videos/budgeting-software-review-kim-kovach/,videos,2018-11-13T10:08:59-06:00
https://www.realpage.com/videos/learning-management-system-review-randy-brown-lynd/,videos,2018-11-13T10:08:59-06:00
https://www.realpage.com/videos/lms-review-complete-package-randy-brown-lynd/,videos,2018-11-13T10:08:59-06:00
https://www.realpage.com/videos/budgeting-forecasting-software-preview/,videos,2018-11-13T10:08:59-06:00
https://www.realpage.com/videos/opstechnology-vendor-network-review-nate-sundloff/,videos,2018-11-13T10:08:59-06:00
https://www.realpage.com/videos/jvm-review-contact-center-more-than-answering-service/,videos,2018-11-13T10:08:59-06:00
https://www.realpage.com/videos/jvm-review-contact-center-missing-calls/,videos,2018-11-13T10:08:59-06:00
https://www.realpage.com/videos/jvm-review-contact-center-shared-vision/,videos,2018-11-13T10:08:59-06:00
https://www.realpage.com/videos/jvm-recommends-contact-center-just-do-it/,videos,2018-11-13T10:08:59-06:00
https://www.realpage.com/videos/jvm-review-call-center-onesite-integration/,videos,2018-11-13T10:08:59-06:00
https://www.realpage.com/videos/online-payments-testimonial-eddie-caskey/,videos,2018-11-13T10:09:01-06:00
https://www.realpage.com/videos/spend-management-review-alex-cuenca-maxus/,videos,2018-11-13T10:09:01-06:00
https://www.realpage.com/videos/accounting-budgeting-review-implicity-managment-mike-thompson/,videos,2018-11-13T10:09:01-06:00
https://www.realpage.com/videos/leasingdesk-testimonial-debbie-nicholson-lynd-company/,videos,2018-11-13T10:09:01-06:00
https://www.realpage.com/videos/easylms-review-alan-walsh-cf-real-estate/,videos,2018-11-13T10:09:01-06:00
https://www.realpage.com/videos/facilities-maintenance-mobile-app-review-camden/,videos,2018-11-13T10:09:01-06:00
https://www.realpage.com/videos/contact-center-filter-qualified-leads-review-prometheus/,videos,2018-11-13T10:09:01-06:00
https://www.realpage.com/videos/lead-to-lease-two-way-texting/,videos,2018-11-13T10:09:01-06:00
https://www.realpage.com/videos/multifamily-bi-solutions-review-barker-management/,videos,2018-11-13T10:09:01-06:00
https://www.realpage.com/videos/rent-surety-bond-deposit-iq-explainer/,videos,2018-11-13T10:09:05-06:00
https://www.realpage.com/videos/apartment-marketing-testimonial-jvm-realty/,videos,2018-11-13T10:09:05-06:00
https://www.realpage.com/videos/online-leasing-solution-overview-presentation/,videos,2018-11-13T10:09:05-06:00
https://www.realpage.com/videos/resident-screening-identity-verification-overview/,videos,2018-11-13T10:09:05-06:00
https://www.realpage.com/videos/apartment-marketing-solutions-review-katie-nelson/,videos,2018-11-13T10:09:05-06:00
https://www.realpage.com/videos/lead-tracking-software-review-cornelison/,videos,2018-11-13T10:09:05-06:00
https://www.realpage.com/videos/yieldstar-testimonial-ashleigh-von-einem/,videos,2018-11-13T10:09:05-06:00
https://www.realpage.com/videos/resident-screening-app-review-pegasus/,videos,2018-11-13T10:09:05-06:00
https://www.realpage.com/videos/leasing-software-review-danielle-cooney-capreit/,videos,2018-11-13T10:09:05-06:00
https://www.realpage.com/videos/smartsource-it-review-steven-gallagher/,videos,2018-11-13T10:09:05-06:00
https://www.realpage.com/videos/smartsource-accounting-services-review-flaherty-collins/,videos,2018-11-13T10:09:05-06:00
https://www.realpage.com/videos/contact-center-testimonial-amy-weissberger/,videos,2018-11-13T10:09:05-06:00
https://www.realpage.com/videos/ann-collins-dietz-property-group-commercial-testimonial/,videos,2018-11-13T10:09:07-06:00
https://www.realpage.com/videos/easylms-review-continental-properties/,videos,2018-11-13T10:09:07-06:00
https://www.realpage.com/videos/accounting-software-review-gingko-residential/,videos,2018-11-13T10:09:07-06:00
https://www.realpage.com/videos/rojan-investments-commercial-property-management-testimonial/,videos,2018-11-13T10:09:07-06:00
https://www.realpage.com/videos/university-park-lifestyle-video/,videos,2018-11-13T10:09:09-06:00
https://www.realpage.com/videos/villa-verano-storybooks-digital-brochures/,videos,2018-11-13T10:09:09-06:00
https://www.realpage.com/videos/realpage-senior-living-mop/,videos,2018-11-13T10:09:09-06:00
https://www.realpage.com/videos/sample-hd-apartment-community-drone-flyover/,videos,2018-11-13T10:09:09-06:00
https://www.realpage.com/videos/student-housing-mop/,videos,2018-11-13T10:09:11-06:00
https://www.realpage.com/videos/realpage-accounting-solution-old/,videos,2019-01-24T12:27:09-06:00
https://www.realpage.com/videos/student-renter-engagement-sop/,videos,2019-01-24T12:31:37-06:00
https://www.realpage.com/videos/get-unified/,videos,2019-02-08T19:16:12-06:00
https://www.realpage.com/videos/increase-brand-awareness-with-digital-content/,videos,2019-02-18T15:51:28-06:00
https://www.realpage.com/videos/content-marketing/,videos,2019-02-18T15:54:09-06:00
https://www.realpage.com/videos/geo-targeter/,videos,2019-02-18T15:55:51-06:00
https://www.realpage.com/videos/seo/,videos,2019-02-18T15:57:26-06:00
https://www.realpage.com/videos/leaselabs/,videos,2019-02-18T15:58:47-06:00
https://www.realpage.com/videos/social-media/,videos,2019-02-18T16:00:12-06:00
https://www.realpage.com/videos/search-engine-marketing/,videos,2019-02-18T16:01:23-06:00
https://www.realpage.com/videos/reputation-management-overview/,videos,2019-02-19T14:19:41-06:00
https://www.realpage.com/videos/activate-your-potential/,videos,2019-02-25T11:00:25-06:00
https://www.realpage.com/videos/realpage-accounting-solution/,videos,2019-03-22T16:26:43-05:00
https://www.realpage.com/videos/improve-your-digital-content-performance/,videos,2019-04-15T14:42:02-05:00
https://www.realpage.com/videos/winnresidential-seamless-migration-experience/,videos,2019-04-25T15:56:50-05:00
https://www.realpage.com/videos/winnresidential-streamlines-business/,videos,2019-05-06T08:24:06-05:00
https://www.realpage.com/videos/boost-retention-referrals-resident-satisfaction/,videos,2019-05-23T15:51:10-05:00
https://www.realpage.com/videos/winnresidential-simple-effective-learning/,videos,2019-06-04T13:32:49-05:00
https://www.realpage.com/videos/winnresidential-customized-learning/,videos,2019-06-05T10:02:10-05:00
https://www.realpage.com/videos/mercy-housing-compliance-services/,videos,2019-06-11T11:45:17-05:00
https://www.realpage.com/videos/realpage-compliance-cuts-review-time/,videos,2019-06-12T11:01:31-05:00
https://www.realpage.com/videos/camden-ai-screening-success/,videos,2019-06-17T13:11:33-05:00
https://www.realpage.com/videos/ai-screening-benefits-camden/,videos,2019-06-17T13:12:33-05:00
https://www.realpage.com/videos/simplify-time-consuming-tasks/,videos,2019-06-19T08:25:09-05:00
https://www.realpage.com/videos/camden-time-for-ai-screening/,videos,2019-06-19T11:10:22-05:00
https://www.realpage.com/videos/matrix-seamless-transition/,videos,2019-06-20T10:49:16-05:00
https://www.realpage.com/videos/vendor-marketplace-launch/,videos,2019-06-20T17:39:54-05:00
https://www.realpage.com/videos/next-generation-apartment-market-research/,videos,2019-06-21T14:24:23-05:00
https://www.realpage.com/videos/matrix-all-in-ai-screening/,videos,2019-06-21T16:06:37-05:00
https://www.realpage.com/videos/matrix-looks-to-ai-screening/,videos,2019-06-21T16:09:09-05:00
https://www.realpage.com/videos/simplify-procure-to-pay/,videos,2019-06-24T08:59:51-05:00
https://www.realpage.com/videos/reduce-bad-debt/,videos,2019-06-26T10:31:05-05:00
https://www.realpage.com/videos/introducing-ai-screening/,videos,2019-07-01T08:22:33-05:00
https://www.realpage.com/videos/3-things-about-ai-screening/,videos,2019-07-01T08:25:52-05:00
https://www.realpage.com/videos/how-ai-screening-works/,videos,2019-07-01T08:28:06-05:00
https://www.realpage.com/videos/tool-to-combat-fraud/,videos,2019-07-01T08:49:50-05:00
https://www.realpage.com/videos/easylms-drives-course-completions/,videos,2019-07-19T15:03:23-05:00
https://www.realpage.com/videos/easylms-onboarding-to-advancement/,videos,2019-07-23T12:51:46-05:00
https://www.realpage.com/videos/easylms-expands-staff-engagement/,videos,2019-07-23T13:58:44-05:00
https://www.realpage.com/videos/easylms-delivers-targeted-training/,videos,2019-07-24T11:01:02-05:00
https://www.realpage.com/videos/housing-compliance-software-reviews/,videos,2019-08-06T10:05:04-05:00
https://www.realpage.com/videos/unified-platform-review-kmg-prestige/,videos,2019-08-14T14:11:00-05:00
https://www.realpage.com/videos/find-vendors-fast/,videos,2019-08-22T12:48:29-05:00
https://www.realpage.com/videos/utility-management-maximizes-revenue-panco/,videos,2019-09-06T12:44:31-05:00
https://www.realpage.com/videos/smartsource-accounting-helps-firm-growth/,videos,2019-09-10T09:59:56-05:00
https://www.realpage.com/videos/resident-technology-delivers/,videos,2019-09-10T10:06:12-05:00
https://www.realpage.com/videos/onesite-affordable-simplifies-compliance/,videos,2019-09-10T10:14:10-05:00
https://www.realpage.com/videos/easylms-makes-experience-consistent/,videos,2019-09-10T11:48:15-05:00
https://www.realpage.com/videos/securely-organize-property-operations/,videos,2019-09-11T11:21:07-05:00
https://www.realpage.com/videos/realpage-adds-spend-control/,videos,2019-09-19T09:25:03-05:00
https://www.realpage.com/videos/spend-management-improves-efficiency/,videos,2019-09-24T08:56:11-05:00
https://www.realpage.com/videos/spend-management-helps-drive-performance/,videos,2019-09-24T13:36:53-05:00
https://www.realpage.com/videos/reputation-management-turns-leads-to-leases/,videos,2019-09-25T10:21:43-05:00
https://www.realpage.com/videos/student-leasing-helps-preiss-compete/,videos,2019-09-25T10:27:53-05:00
https://www.realpage.com/videos/paperless-advantages-increase-student-satisfaction/,videos,2019-09-25T17:01:45-05:00
https://www.realpage.com/videos/business-intelligence-delivers-clear-view/,videos,2019-09-26T09:30:00-05:00
https://www.realpage.com/videos/easylms-gives-tools-to-succeed/,videos,2019-09-26T09:38:32-05:00
https://www.realpage.com/videos/it-experts-aligned-with-needs/,videos,2019-09-26T14:05:13-05:00
https://www.realpage.com/videos/expert-it-knowledge-leads-to-success/,videos,2019-10-01T09:57:00-05:00
https://www.realpage.com/videos/financial-suite-accelerates-closings/,videos,2019-10-18T11:08:06-05:00
https://www.realpage.com/videos/realpage-student-delivers-outstanding-quality/,videos,2019-10-21T09:44:16-05:00
https://www.realpage.com/videos/realpage-student-centralizes-operations/,videos,2019-10-24T12:50:33-05:00
https://www.realpage.com/videos/apartment-marketing-simplified/,videos,2019-11-04T11:20:10-06:00
https://www.realpage.com/videos/same-day-approval-credential-key/,videos,2019-11-11T11:28:10-06:00
https://www.realpage.com/videos/spend-management-boosts-bottom-line/,videos,2019-12-10T10:01:19-06:00
https://www.realpage.com/videos/advance-submeter-solutions/,videos,2020-01-06T10:44:44-06:00
https://www.realpage.com/videos/propertyphotos-elevates-student-housing/,videos,2020-01-16T10:05:48-06:00
https://www.realpage.com/videos/utility-management-saves-trees-time-money/,videos,2020-03-10T12:43:28-05:00
https://www.realpage.com/videos/spend-management-delivers-efficiencies/,videos,2020-04-10T17:50:30-05:00
https://www.realpage.com/videos/affordable-housing-online-leasing-improves-efficiency/,videos,2020-04-17T09:52:41-05:00
https://www.realpage.com/videos/master-the-student-renter-journey/,videos,2020-04-27T14:30:48-05:00
https://www.realpage.com/videos/market-analytics-reduces-deal-risk/,videos,2020-04-28T14:46:06-05:00
https://www.realpage.com/videos/maximize-conversions-using-augmented-intelligence/,videos,2020-05-01T18:10:50-05:00
https://www.realpage.com/videos/become-a-payment-less-office/,videos,2020-05-26T18:33:39-05:00
https://www.realpage.com/videos/integrated-rent-payments-platform/,videos,2020-06-05T20:43:07-05:00
https://www.realpage.com/videos/shine-a-brighter-spotlight/,videos,2020-06-12T12:34:23-05:00
https://www.realpage.com/videos/ai-screening-reveals-right-renters/,videos,2020-06-30T20:24:05-05:00
https://www.realpage.com/videos/deposit-alternatives/,videos,2020-07-07T13:33:35-05:00
https://www.realpage.com/videos/simpson-housing-trusts-realpage-analytics/,videos,2020-07-14T10:04:14-05:00
https://www.realpage.com/videos/tell-your-story-with-leaselabs-websites/,videos,2020-07-17T08:56:11-05:00
https://www.realpage.com/videos/modern-message-drives-resident-engagement/,videos,2020-07-31T10:00:53-05:00
https://www.realpage.com/videos/properties-share-benefits-of-community-rewards/,videos,2020-07-31T10:06:27-05:00
https://www.realpage.com/videos/best-in-class-vendor-payments-solution/,videos,2020-08-11T11:13:21-05:00
https://www.realpage.com/videos/product-spotlight-content-marketing/,videos,2020-08-11T11:41:24-05:00
https://www.realpage.com/videos/product-spotlight-property-website-pro/,videos,2020-08-11T11:44:30-05:00
https://www.realpage.com/videos/product-spotlight-essentials-sites/,videos,2020-08-11T11:47:15-05:00
https://www.realpage.com/videos/product-spotlight-social-media-optimization/,videos,2020-08-11T11:50:57-05:00
https://www.realpage.com/videos/product-spotlight-search-marketer/,videos,2020-08-11T11:53:37-05:00
https://www.realpage.com/videos/product-spotlight-search-engine-optimization/,videos,2020-08-11T11:56:02-05:00
https://www.realpage.com/videos/product-spotlight-reputation-management/,videos,2020-08-11T11:58:32-05:00
https://www.realpage.com/videos/product-spotlight-geotargeter/,videos,2020-08-11T12:00:43-05:00
https://www.realpage.com/videos/product-spotlight-email-marketing/,videos,2020-08-11T12:03:05-05:00
https://www.realpage.com/videos/product-spotlight-web2print-social/,videos,2020-08-11T12:06:50-05:00
https://www.realpage.com/videos/marketing-masterminds-lincoln-property-company/,videos,2020-08-11T12:16:58-05:00
https://www.realpage.com/videos/marketing-masterminds-pegasus-residential/,videos,2020-08-11T12:20:28-05:00
https://www.realpage.com/videos/marketing-masterminds-oakwood-management-company/,videos,2020-08-11T12:24:44-05:00
https://www.realpage.com/videos/marketing-masterminds-westcorp-management-group/,videos,2020-08-11T12:26:32-05:00
https://www.realpage.com/videos/marketing-masterminds-peak-campus/,videos,2020-08-11T12:29:22-05:00
https://www.realpage.com/videos/marketing-masterminds-garden-communities/,videos,2020-08-11T12:31:57-05:00
https://www.realpage.com/videos/identity-verification-pegasus-residential/,videos,2020-08-12T10:55:26-05:00
https://www.realpage.com/videos/ai-screening-decreases-delinquencies-jvm-realty/,videos,2020-08-12T10:57:30-05:00
https://www.realpage.com/videos/ai-screening-reduces-skips-cf-real-estate/,videos,2020-08-12T10:59:48-05:00
https://www.realpage.com/videos/goldoller-boosts-occupancy-with-realpage/,videos,2020-08-13T11:47:34-05:00
https://www.realpage.com/videos/realpage-positions-zrs-management-for-success/,videos,2020-08-13T11:53:35-05:00
https://www.realpage.com/videos/zrs-management-optimizes-operations-with-realpage/,videos,2020-08-13T11:57:47-05:00
https://www.realpage.com/videos/waste-management-ai-drives-noi/,videos,2020-08-14T09:43:56-05:00
https://www.realpage.com/videos/stratis-app/,videos,2020-09-14T08:46:13-05:00
https://www.realpage.com/videos/boost-your-online-reputation-with-realpage-and-j-turner-research/,videos,2020-10-28T12:02:05-05:00
https://www.realpage.com/videos/increase-leads-scheduled-video-tours/,videos,2020-12-21T15:21:34-06:00
https://www.realpage.com/videos/smartsource-accounting-for-multiversity-housing-partners/,videos,2021-01-12T10:54:50-06:00
https://www.realpage.com/videos/smartsource-ensures-accurate-financials/,videos,2021-01-13T13:09:05-06:00
https://www.realpage.com/videos/stars-business-reviews-drive-yield/,videos,2021-01-26T14:19:33-06:00
https://www.realpage.com/videos/throttle-up-suburban-assets/,videos,2021-01-28T10:47:34-06:00
https://www.realpage.com/videos/strengthen-your-core-assets/,videos,2021-01-28T17:10:56-06:00
https://www.realpage.com/videos/identity-verification-helps-cf-real-estate/,videos,2021-02-03T16:14:37-06:00
https://www.realpage.com/videos/accelerate-fully-virtual-leasing/,videos,2021-02-05T12:31:46-06:00
https://www.realpage.com/videos/cut-costs-not-quality/,videos,2021-02-12T12:00:00-06:00
https://www.realpage.com/videos/shift-operational-levers-together/,videos,2021-02-12T12:00:00-06:00
https://www.realpage.com/videos/focus-on-renewals/,videos,2021-02-12T12:00:00-06:00
https://www.realpage.com/videos/evictions-will-remain-limited/,videos,2021-02-19T12:00:00-06:00
https://www.realpage.com/videos/decentralize-your-leasing-office/,videos,2021-02-12T12:00:00-06:00
https://www.realpage.com/videos/explore-low-capital-strategy/,videos,2021-02-26T12:00:00-06:00
https://www.realpage.com/videos/dont-bank-on-flight-to-quality/,videos,2021-02-26T12:00:00-06:00
https://www.realpage.com/videos/be-cautious-with-concessions/,videos,2021-02-26T12:00:00-06:00
https://www.realpage.com/videos/get-back-to-property-management-basics/,videos,2021-03-05T12:00:00-06:00
https://www.realpage.com/videos/strengthen-your-tech-stack/,videos,2021-03-05T12:00:00-06:00
https://www.realpage.com/videos/take-control-of-your-brand/,videos,2021-03-12T12:00:00-06:00
https://www.realpage.com/videos/post-covid-development-opportunities/,videos,2021-03-19T12:00:00-05:00
https://www.realpage.com/videos/reimagine-short-term-rentals/,videos,2021-03-26T10:00:00-05:00
https://www.realpage.com/videos/longer-unit-turns/,videos,2021-03-26T11:00:00-05:00
https://www.realpage.com/videos/public-support-for-affordable/,videos,2021-03-26T12:00:00-05:00
https://www.realpage.com/videos/pmi-birdy-properties-maintains-vendor-requirements/,videos,2021-02-17T12:00:00-06:00
https://www.realpage.com/videos/redwood-capital-worry-free-accounting/,videos,2021-03-23T12:00:00-05:00
https://www.realpage.com/videos/realpage-epa-energy-star-partner-of-the-year-2021/,videos,2021-04-16T12:00:00-05:00
https://www.realpage.com/videos/our-clients-on-why-they-love-community-rewards-modern-message/,videos,2021-04-27T12:00:00-05:00
https://www.realpage.com/videos/leaselabs-boosts-occupancy-lincoln-military-housing/,videos,2021-05-18T12:00:00-05:00
https://www.realpage.com/videos/purpose-built-multifamily-payment-solutions/,videos,2021-05-25T12:00:00-05:00
https://www.realpage.com/videos/purpose-built-payment-solutions/,videos,2021-03-01T12:00:00-06:00
https://www.realpage.com/videos/guard-against-fraud-with-identity-verification/,videos,2021-06-08T12:00:00-05:00
https://www.realpage.com/videos/stratis-smart-building/,videos,2021-07-15T12:00:00-05:00
https://www.realpage.com/videos/book-more-tours-with-self-guided-tours/,videos,2021-07-19T12:00:00-05:00
https://www.realpage.com/videos/self-guided-tours-lower-costs/,videos,2021-07-21T12:00:00-05:00
https://www.realpage.com/videos/enhancing-prospect-experiences-and-conversions/,videos,2021-07-26T12:00:00-05:00
https://www.realpage.com/videos/enhance-prospect-experience-and-convert/,videos,2021-07-26T12:00:00-05:00
https://www.realpage.com/videos/maximizing-resident-experience/,videos,2021-07-26T12:00:00-05:00
https://www.realpage.com/videos/drive-revenue-reward-residents/,videos,2021-08-02T12:00:00-05:00
https://www.realpage.com/videos/ensure-compliance-secure-payments/,videos,2021-08-11T12:00:00-05:00
https://www.realpage.com/videos/money-services-businesses-reduce-risk/,videos,2021-08-11T12:00:00-05:00
https://www.realpage.com/videos/smart-choice-business-voice/,videos,2021-08-18T12:00:00-05:00
https://www.realpage.com/videos/increase-operational-efficiency-sustainability/,videos,2021-08-19T12:00:00-05:00
https://www.realpage.com/videos/resident-billing-multifamily-utility-management/,videos,2021-08-19T12:00:00-05:00
https://www.realpage.com/videos/accounting-budgeting-multifamily-portfolios/,videos,2021-08-23T12:00:00-05:00
https://www.realpage.com/videos/realize-operational-excellence/,videos,2021-08-26T12:00:00-05:00
https://www.realpage.com/videos/harness-data-analytics-solutions/,videos,2021-09-01T12:00:00-05:00
https://www.realpage.com/videos/engage-your-residents-with-community-rewards/,videos,2021-09-03T12:00:00-05:00
https://www.realpage.com/videos/camden-uncovers-opportunities-business-reviews/,videos,2021-09-07T12:00:00-05:00
https://www.realpage.com/videos/engage-residents-with-community-rewards/,videos,2021-09-10T12:00:00-05:00
https://www.realpage.com/videos/harness-power-direct-leads/,videos,2021-09-13T12:00:00-05:00
https://www.realpage.com/videos/maximize-recovery-mitigate-risk-and-improve-property-performance/,videos,2021-10-07T12:00:00-05:00
https://www.realpage.com/videos/online-prospect-experience-drives-online-closing/,videos,2021-10-28T17:00:00-05:00
https://www.realpage.com/videos/tech-stack-advances-prospect-marketing/,videos,2021-10-28T17:00:00-05:00
https://www.realpage.com/videos/self-guided-tours-boost-leases-cut-costs/,videos,2021-10-13T12:00:00-05:00
https://www.realpage.com/videos/optimize-leasing-performance-streamline-workflows/,videos,2021-10-27T13:00:00-05:00
https://www.realpage.com/videos/sustainability-services-yields-greater-noi/,videos,2021-11-02T11:00:00-05:00
https://www.realpage.com/videos/maximize-portfolio-performance-leasing-analytics/,videos,2021-11-03T12:00:00-05:00
https://www.realpage.com/videos/true-picture-property-leasing-activities/,videos,2021-11-04T12:00:00-05:00
https://www.realpage.com/videos/welcome-to-community-rewards/,videos,2021-11-04T12:00:00-05:00
https://www.realpage.com/videos/welcome-to-be-rewarded/,videos,2021-11-04T12:00:00-05:00
https://www.realpage.com/videos/reduce-fraud-transaction-risk-monitoring/,videos,2021-11-08T12:00:00-06:00
https://www.realpage.com/videos/captivate-by-modern-message/,videos,2021-11-23T12:00:00-06:00
https://www.realpage.com/videos/automatically-identify-utility-theft/,videos,2021-12-06T12:00:00-06:00
https://www.realpage.com/videos/apartment-life-partnership/,videos,2021-12-13T12:00:00-06:00
https://www.realpage.com/videos/serving-our-community/,videos,2021-12-13T12:00:00-06:00
https://www.realpage.com/videos/welcome-to-engage/,videos,2021-12-13T12:00:00-06:00
https://www.realpage.com/videos/community-rewards-claim-experience-pmc/,videos,2021-12-13T12:00:00-06:00
https://www.realpage.com/videos/community-rewards-claim-experience-resident/,videos,2021-12-13T12:00:00-06:00
https://www.realpage.com/videos/save-time-and-money-with-digital-rewards/,videos,2021-12-13T12:00:00-06:00
https://www.realpage.com/videos/focus-on-outstanding-experiences-not-ora-scores/,videos,2021-12-13T12:00:00-06:00
https://www.realpage.com/videos/go-green-to-drive-incremental-yield/,videos,2021-12-13T12:00:00-06:00
https://www.realpage.com/videos/close-the-door-on-fraud-with-closer-monitoring/,videos,2021-12-13T12:00:00-06:00
https://www.realpage.com/videos/close-the-gap-on-loss-to-lease/,videos,2021-12-13T12:00:00-06:00
https://www.realpage.com/videos/start-early-move-fast-on-apartment-acquisitions/,videos,2021-12-13T12:00:00-06:00
https://www.realpage.com/videos/be-selective-not-slow-with-value-add-investing/,videos,2021-12-13T12:00:00-06:00
https://www.realpage.com/videos/expect-continued-surge-in-apartment-development/,videos,2021-12-13T12:00:00-06:00
https://www.realpage.com/videos/convenient-way-to-protect-your-property/,videos,2021-12-15T12:00:00-06:00
https://www.realpage.com/videos/drive-revenue-reap-roi-with-smart-tech/,videos,2021-12-15T12:00:00-06:00
https://www.realpage.com/videos/double-down-on-direct-marketing/,videos,2021-12-15T12:00:00-06:00
https://www.realpage.com/videos/deliver-more-options-seamless-experience/,videos,2021-12-15T12:00:00-06:00
https://www.realpage.com/videos/leverage-tech-boost-team-engagement/,videos,2021-12-15T12:00:00-06:00
https://www.realpage.com/videos/offer-rental-deposit-alternatives/,videos,2021-12-15T12:00:00-06:00
https://www.realpage.com/videos/manage-supply-chain-with-optimized-inventory-control/,videos,2021-12-16T12:00:00-06:00
https://www.realpage.com/videos/normalize-staffing-and-rent-collections-in-affordable/,videos,2021-12-16T12:00:00-06:00
https://www.realpage.com/videos/capture-robust-growth-in-student-housing/,videos,2021-12-16T12:00:00-06:00
https://www.realpage.com/videos/j-turner-online-reputation-assessment-score-explained/,videos,2021-12-16T12:00:00-06:00
https://www.realpage.com/videos/explore-build-to-rent-opportunities/,videos,2021-12-17T12:00:00-06:00
https://www.realpage.com/videos/extend-apartment-management-to-single-family/,videos,2021-12-17T12:00:00-06:00
https://www.realpage.com/videos/centralize-rent-collections-provide-payment-options/,videos,2021-12-19T12:00:00-06:00
https://www.realpage.com/videos/build-relationships-to-earn-trust-with-policymakers/,videos,2021-12-19T12:00:00-06:00
https://www.realpage.com/videos/make-eviction-mitigation-the-new-normal/,videos,2021-12-19T12:00:00-06:00
https://www.realpage.com/videos/simplebills-simplifies-utility-billing/,videos,2022-01-06T12:00:00-06:00
https://www.realpage.com/videos/reinventing-resident-engagement/,videos,2022-01-12T12:00:00-06:00
https://www.realpage.com/videos/realpage-2022-energy-star-partner-of-the-year/,videos,2022-04-28T12:00:00-05:00
https://www.realpage.com/videos/property-management-just-got-easier/,videos,2022-05-23T12:00:00-05:00
https://www.realpage.com/videos/leverage-four-fundamentals-realize-operational-excellence/,videos,2022-06-29T12:00:00-05:00
https://www.realpage.com/videos/affordable-housing-property-management-solutions/,videos,2022-08-09T12:00:00-05:00
https://www.realpage.com/videos/nyc-rental-market-navigating-unique-challenges/,videos,2022-08-10T12:00:00-05:00
https://www.realpage.com/videos/maximize-the-prospect-and-resident-experience-overview/,videos,2022-08-31T12:00:00-05:00
https://www.realpage.com/videos/onesite-helps-streamline-operations/,videos,2022-10-19T11:00:00-05:00
https://www.realpage.com/videos/property-management-essentials-for-affordable/,videos,2023-01-11T12:00:00-06:00
https://www.realpage.com/videos/driving-decisions-for-portfolio-engagement-efficiency/,videos,2023-02-01T12:00:00-06:00
https://www.realpage.com/videos/demandx-the-future-of-leasing-demand-operations/,videos,2023-10-24T12:00:00-05:00
https://www.realpage.com/videos/realize-the-data-advantage-from-invoice-to-investor/,videos,2023-10-31T12:00:00-05:00
https://www.realpage.com/videos/introducing-front-office/,videos,2023-11-15T12:00:00-06:00
https://www.realpage.com/videos/control-property-expenses-purchasing-efficiencies/,videos,2023-11-19T12:00:00-06:00
https://www.realpage.com/videos/latest-realpage-onesite-innovations/,videos,2023-12-04T12:00:00-06:00
https://www.realpage.com/videos/prevent-rental-application-fraud-earlier/,videos,2024-04-09T12:00:00-05:00
https://www.realpage.com/videos/realcoverage-from-realpage/,videos,2024-04-29T12:00:00-05:00
https://www.realpage.com/videos/spend-and-vendor-management/,videos,2024-11-07T12:00:00-06:00
https://www.realpage.com/videos/control-costs-with-realpage-utility-management-solutions/,videos,2025-01-07T12:00:00-06:00
https://www.realpage.com/videos/industry-leading-crm-solution/,videos,2025-05-11T12:00:00-05:00
https://www.realpage.com/videos/knock-all-in-one-multifamily-crm-solution/,videos,2025-06-29T12:00:00-05:00
https://www.realpage.com/videos/discover-g5-marketing-solutions/,videos,2025-07-15T12:00:00-05:00
https://www.realpage.com/videos/spend-smarter-with-g5-smart-digital-advertising/,videos,2025-07-31T09:00:00-05:00
https://www.realpage.com/videos/michaels-organization-partnership-for-operational-excellence/,videos,2025-09-24T12:00:00-05:00
https://www.realpage.com/videos/ai-readiness-governance-operational-integrity/,videos,2026-05-13T12:00:00-05:00
https://www.realpage.com/videos/ai-powered-facilities-management/,videos,2026-06-08T12:00:00-05:00
https://www.realpage.com/ebooks/yieldstar-business-intelligence-know-it-all/,ebooks,2022-05-11T12:27:29-05:00
https://www.realpage.com/ebooks/property-management-software-operations-review/,ebooks,2025-05-06T10:47:13-05:00
https://www.realpage.com/ebooks/property-management-budget-go-beyond-spreadsheets/,ebooks,2025-10-23T11:04:12-05:00
https://www.realpage.com/ebooks/accounting-services-outsourcing-advantages/,ebooks,2025-12-21T07:12:04-06:00
https://www.realpage.com/ebooks/budgeting-ebook-senior-living/,ebooks,2024-10-21T21:22:48-05:00
https://www.realpage.com/ebooks/utility-expense-management-software/,ebooks,2026-01-14T09:39:21-06:00
https://www.realpage.com/ebooks/cut-costs-expense-management/,ebooks,2025-05-06T10:47:36-05:00
https://www.realpage.com/ebooks/find-more-time-financial-tasks/,ebooks,2025-06-11T12:34:00-05:00
https://www.realpage.com/ebooks/drive-better-deals-market-analytics/,ebooks,2025-10-27T15:54:37-05:00
https://www.realpage.com/ebooks/5-keys-to-senior-housing/,ebooks,2025-05-06T10:48:05-05:00
https://www.realpage.com/ebooks/achieve-best-spend-performance/,ebooks,2025-05-06T10:48:19-05:00
https://www.realpage.com/ebooks/build-a-better-contact-center/,ebooks,2026-01-09T15:23:06-06:00
https://www.realpage.com/ebooks/four-commercial-success-pillars/,ebooks,2025-05-30T09:49:07-05:00
https://www.realpage.com/ebooks/recognizing-great-employees/,ebooks,2025-05-30T09:49:20-05:00
https://www.realpage.com/ebooks/route-to-more-residents/,ebooks,2025-12-04T08:02:18-06:00
https://www.realpage.com/ebooks/drive-entire-multifamily-lifecycle/,ebooks,2025-10-27T15:55:12-05:00
https://www.realpage.com/ebooks/marketing-to-leasing-new-virtual-reality/,ebooks,2025-05-30T09:49:40-05:00
https://www.realpage.com/ebooks/waste-management-breakthroughs-boost-noi/,ebooks,2025-05-30T09:49:51-05:00
https://www.realpage.com/ebooks/managing-utility-expenses-white-paper/,ebooks,2025-05-06T10:48:41-05:00
https://www.realpage.com/ebooks/ora-report-2021/,ebooks,2025-05-30T09:50:00-05:00
https://www.realpage.com/ebooks/payments-improve-resident-experience/,ebooks,2026-06-16T10:48:35-05:00
https://www.realpage.com/ebooks/outsourcing-it-makes-sense/,ebooks,2025-05-30T09:50:10-05:00
https://www.realpage.com/ebooks/realize-operational-excellence-across-portfolio/,ebooks,2025-05-06T10:49:04-05:00
https://www.realpage.com/ebooks/turning-utility-expense-into-sustainable-value/,ebooks,2025-03-17T17:02:23-05:00
https://www.realpage.com/ebooks/22-voices-for-2022/,ebooks,2025-05-30T09:50:22-05:00
https://www.realpage.com/ebooks/maximize-prospect-resident-experience/,ebooks,2026-06-01T07:51:40-05:00
https://www.realpage.com/ebooks/realizing-affordable-housing-operational-excellence/,ebooks,2025-05-06T10:49:26-05:00
https://www.realpage.com/ebooks/reach-new-heights-operational-excellence-nyc-rentals/,ebooks,2025-05-06T10:49:36-05:00
https://www.realpage.com/ebooks/esg-aspirations-sustainable-actions/,ebooks,2025-05-06T10:49:46-05:00
https://www.realpage.com/ebooks/peak-performance-playbook-aligning-teams-technology/,ebooks,2025-05-06T10:49:56-05:00
https://www.realpage.com/ebooks/midmarket-playbook-uncomplicate-multifamily-operations/,ebooks,2025-05-06T10:50:05-05:00
https://www.realpage.com/ebooks/shift-to-virtual-in-affordable-housing/,ebooks,2025-05-06T10:54:29-05:00
https://www.realpage.com/ebooks/four-key-factors-to-increasing-leasing-velocity/,ebooks,2026-05-11T08:31:50-05:00
https://www.realpage.com/ebooks/voices-for-2023/,ebooks,2025-05-30T09:50:32-05:00
https://www.realpage.com/ebooks/accomplish-more-without-adding-staff/,ebooks,2025-05-06T10:54:47-05:00
https://www.realpage.com/ebooks/proptech-delivers-investor-management-advantage/,ebooks,2025-05-06T10:50:36-05:00
https://www.realpage.com/ebooks/protect-bottom-line-proactive-cost-management/,ebooks,2025-05-06T10:50:45-05:00
https://www.realpage.com/ebooks/multifamily-marketers-harness-renter-journey/,ebooks,2025-05-06T10:54:57-05:00
https://www.realpage.com/ebooks/investment-forecasting-playbook/,ebooks,2025-05-06T10:55:08-05:00
https://www.realpage.com/ebooks/choosing-the-right-crm/,ebooks,2025-05-06T13:43:01-05:00
https://www.realpage.com/ebooks/invoice-to-investor-manages-utility-expense/,ebooks,2025-05-06T10:50:54-05:00
https://www.realpage.com/ebooks/centralized-leasing-solutions/,ebooks,2025-05-06T10:51:04-05:00
https://www.realpage.com/ebooks/2023-national-multifamily-renter-study/,ebooks,2025-11-13T10:56:03-06:00
https://www.realpage.com/ebooks/why-the-future-of-multifamily-is-frictionless/,ebooks,2026-06-01T07:52:22-05:00
https://www.realpage.com/ebooks/3-ways-to-drive-major-efficiency-gains/,ebooks,2025-05-06T10:51:22-05:00
https://www.realpage.com/ebooks/affordable-housing-operations-wellness/,ebooks,2025-05-06T10:55:39-05:00
https://www.realpage.com/ebooks/closing-the-gap-on-visibility-and-value/,ebooks,2025-05-06T10:55:58-05:00
https://www.realpage.com/ebooks/uncovering-impact-of-rental-application-fraud/,ebooks,2025-05-06T10:51:34-05:00
https://www.realpage.com/ebooks/the-invisible-renter-journey/,ebooks,2025-05-06T10:56:09-05:00
https://www.realpage.com/ebooks/multifamily-voices-realizing-potential-of-multifamily-ai/,ebooks,2025-04-30T16:23:45-05:00
https://www.realpage.com/ebooks/assessing-the-impact-of-rental-fraud/,ebooks,2025-04-30T16:32:44-05:00
https://www.realpage.com/ebooks/multifamily-voices-redefining-resident-experience-multifamily/,ebooks,2025-04-30T16:20:24-05:00
https://www.realpage.com/ebooks/3-steps-to-executing-your-pricing-strategy/,ebooks,2026-02-25T10:12:30-06:00
https://www.realpage.com/ebooks/2024-national-multifamily-renter-study/,ebooks,2025-05-06T10:52:02-05:00
https://www.realpage.com/ebooks/4-simple-ways-to-radically-improve-the-resident-experience/,ebooks,2025-08-04T10:51:20-05:00
https://www.realpage.com/ebooks/avoid-rental-fraud/,ebooks,2026-01-15T13:25:37-06:00
https://www.realpage.com/ebooks/community-association-management-simplified-in-3-steps/,ebooks,2025-08-27T09:33:03-05:00
https://www.realpage.com/ebooks/power-of-loft-from-lease-to-renewal/,ebooks,2025-05-23T09:53:45-05:00
https://www.realpage.com/ebooks/four-insurance-risks-you-cant-ignore/,ebooks,2025-04-10T08:14:53-05:00
https://www.realpage.com/ebooks/ai-confidence-by-the-numbers/,ebooks,2026-01-06T15:57:58-06:00
https://www.realpage.com/ebooks/maximize-revenue-minimize-vacancy/,ebooks,2026-03-05T09:56:12-06:00
https://www.realpage.com/ebooks/smarter-revenue-management-starts-here/,ebooks,2026-06-23T10:36:25-05:00
https://www.realpage.com/ebooks/multifamily-marketing-audit-solution-guide/,ebooks,2025-08-15T14:24:13-05:00
https://www.realpage.com/ebooks/build-your-data-driven-case-g5/,ebooks,2025-09-10T10:36:18-05:00
https://www.realpage.com/ebooks/five-actionable-strategies-to-future-proof-your-organization/,ebooks,2026-01-15T13:23:08-06:00
https://www.realpage.com/ebooks/unlock-advanced-crm-strategies/,ebooks,2026-01-14T09:39:55-06:00
https://www.realpage.com/ebooks/take-control-of-property-spend/,ebooks,2025-10-10T16:08:58-05:00
https://www.realpage.com/ebooks/benefits-of-upgrading-your-property-with-smart-tech/,ebooks,2025-10-24T15:39:15-05:00
https://www.realpage.com/ebooks/modernizing-multifamily-retrofitting-smart-technology/,ebooks,2026-04-07T09:24:23-05:00
https://www.realpage.com/ebooks/unlocking-noi-consolidating-smart-building-stack/,ebooks,2026-05-04T12:04:16-05:00
https://www.realpage.com/ebooks/knock-crm-and-ai-powered-leasing/,ebooks,2026-06-12T10:01:07-05:00
https://www.realpage.com/ebooks/machines-of-many-answers/,ebooks,2026-06-01T07:51:25-05:00
https://www.realpage.com/ebooks/multifamilys-new-era-of-precision-execution/,ebooks,2026-06-30T12:10:25-05:00
https://www.realpage.com/ebooks/identity-in-the-age-of-agentic-ai/,ebooks,2026-07-02T16:08:56-05:00
https://www.realpage.com/ebooks/signal-lost-multifamily-metrics/,ebooks,2026-07-09T11:40:47-05:00
https://www.realpage.com/case-studies/panco-expense-management/,case-studies,2021-08-19T14:21:11-05:00
https://www.realpage.com/case-studies/goldrich-kest-expense-management/,case-studies,2025-05-06T10:56:51-05:00
https://www.realpage.com/case-studies/jvm-realty-contact-center/,case-studies,2025-05-30T09:50:59-05:00
https://www.realpage.com/case-studies/maxus-boosts-purchasing-prowess/,case-studies,2021-02-26T09:17:43-06:00
https://www.realpage.com/case-studies/goldrich-kest-simplifies-learning-process/,case-studies,2025-05-30T09:51:14-05:00
https://www.realpage.com/case-studies/recognitions-boost-employee-engagement/,case-studies,2025-05-30T09:51:22-05:00
https://www.realpage.com/case-studies/ai-screening-performance-validation/,case-studies,2021-02-26T09:19:39-06:00
https://www.realpage.com/case-studies/columbia-residential-automates-vendor-processes/,case-studies,2025-05-06T10:57:09-05:00
https://www.realpage.com/case-studies/janoura-realty-aligns-technology-growth/,case-studies,2025-05-30T09:51:33-05:00
https://www.realpage.com/case-studies/rojan-investments-adapts-for-growth/,case-studies,2025-05-30T09:51:42-05:00
https://www.realpage.com/case-studies/seldin-company-drives-purchasing-power/,case-studies,2025-05-06T10:57:17-05:00
https://www.realpage.com/case-studies/greystar-optimizes-submeter-health/,case-studies,2025-05-06T10:57:26-05:00
https://www.realpage.com/case-studies/save-money-save-time-smartsource-acccounting/,case-studies,2025-05-30T09:51:50-05:00
https://www.realpage.com/case-studies/realpage-budgeting-saves-rpm-time-money/,case-studies,2025-05-06T10:57:36-05:00
https://www.realpage.com/case-studies/support-growth-retention-smartsource-accounting/,case-studies,2026-01-09T15:25:29-06:00
https://www.realpage.com/case-studies/flaherty-collins-leverages-realpage/,case-studies,2025-05-06T10:57:45-05:00
https://www.realpage.com/case-studies/magnolia-relies-on-realpage/,case-studies,2026-01-09T15:17:21-06:00
https://www.realpage.com/case-studies/camden-saves-with-smart-water/,case-studies,2023-06-07T15:26:59-05:00
https://www.realpage.com/case-studies/ivy-residences-never-misses-a-call/,case-studies,2025-05-06T10:58:21-05:00
https://www.realpage.com/case-studies/realpage-helps-western-wealth-communities-improve-team-performance/,case-studies,2025-05-06T10:58:40-05:00
https://www.realpage.com/case-studies/ai-technology-delivers-better-multifamily-asset-strategies/,case-studies,2025-05-06T10:58:49-05:00
https://www.realpage.com/case-studies/franklin-johnston-group-speeds-up-onboarding/,case-studies,2025-05-06T10:58:57-05:00
https://www.realpage.com/case-studies/manual-pricing-to-refining-revenue/,case-studies,2025-10-27T15:50:50-05:00
https://www.realpage.com/case-studies/digital-marketing-delivers-results/,case-studies,2025-05-06T10:59:19-05:00
https://www.realpage.com/case-studies/large-national-multifamily-pmc-relies-on-knock/,case-studies,2025-05-06T10:59:28-05:00
https://www.realpage.com/case-studies/realpage-helps-property-managers-control-spend/,case-studies,2025-05-06T10:59:37-05:00
https://www.realpage.com/case-studies/ne-property-management-consolidates-visibility-reporting/,case-studies,2025-05-06T10:59:45-05:00
https://www.realpage.com/case-studies/urban-loft-co-gains-leads-closing-rates-efficiency/,case-studies,2025-05-06T11:00:03-05:00
https://www.realpage.com/case-studies/stonemark-opens-up-visibility-into-operational-performance/,case-studies,2025-05-06T11:00:11-05:00
https://www.realpage.com/case-studies/carter-haston-uses-knock-ai-to-gain-efficiency-qualified-leads/,case-studies,2026-01-19T10:20:35-06:00
https://www.realpage.com/case-studies/champlain-housing-trust-sees-big-uptick-in-online-payments/,case-studies,2025-05-06T11:00:28-05:00
https://www.realpage.com/case-studies/raintree-partners-boosts-leasing-performance/,case-studies,2026-01-19T10:21:22-06:00
https://www.realpage.com/case-studies/stopping-fraud-before-it-starts/,case-studies,2025-10-08T11:47:09-05:00
https://www.realpage.com/case-studies/down-market-revenue-management/,case-studies,2026-02-10T11:07:22-06:00
https://www.realpage.com/case-studies/revolutionize-leasing-ai-empowers-onsite-teams/,case-studies,2026-01-09T15:21:11-06:00
https://www.realpage.com/case-studies/transforming-websites-into-leasing-engines/,case-studies,2026-05-18T08:01:47-05:00
https://www.realpage.com/case-studies/maxus-turned-ai-into-competitive-edge/,case-studies,2026-05-18T08:01:35-05:00
https://www.realpage.com/case-studies/find-lease-discrepancies-unlock-hidden-revenue/,case-studies,2026-06-12T14:18:27-05:00
https://www.realpage.com/case-studies/revenue-management-supports-stronger-lease-up-performance/,case-studies,2026-07-21T12:46:07-05:00
https://www.realpage.com/case-studies/streamline-affordale-housing-compliance-with-ai/,case-studies,2026-07-08T10:49:33-05:00
https://www.realpage.com/case-studies/turn-utility-management-into-measurable-noi-driver/,case-studies,2026-07-09T16:24:28-05:00
https://www.realpage.com/case-studies/utility-cost-recovery/,case-studies,2026-08-31T09:44:50-05:00
https://www.realpage.com/company/,pages,2026-08-26T15:28:45-05:00
https://www.realpage.com/user-group/,pages,2026-08-17T08:34:56-05:00
https://www.realpage.com/user-group/overview/,pages,2026-08-18T14:47:12-05:00
https://www.realpage.com/user-group/idea-exchange/,pages,2026-08-18T15:18:51-05:00
https://www.realpage.com/user-group/best-practices/,pages,2026-08-18T12:15:13-05:00
https://www.realpage.com/user-group/selecting-ideas/,pages,2026-08-18T14:58:17-05:00
https://www.realpage.com/user-group/join-subcommittee/,pages,2025-11-13T12:17:34-06:00
https://www.realpage.com/user-group/membership/,pages,2026-08-18T15:09:55-05:00
https://www.realpage.com/user-group/travel/,pages,2025-04-30T16:00:09-05:00
https://www.realpage.com/user-group/ground/,pages,2026-08-18T15:12:44-05:00
https://www.realpage.com/user-group/hotels/,pages,2026-08-18T15:14:36-05:00
https://www.realpage.com/real-estate-investment-accounting-software/,pages,2026-08-17T13:36:15-05:00
https://www.realpage.com/company/office-locations/,pages,2026-08-18T15:05:57-05:00
https://www.realpage.com/legal/patent-marking/,pages,2026-09-10T12:17:09-05:00
https://www.realpage.com/support/,pages,2026-08-18T12:16:44-05:00
https://www.realpage.com/services/professional-services/,pages,2026-08-17T13:39:02-05:00
https://www.realpage.com/support/consumer/,pages,2026-08-18T14:47:24-05:00
https://www.realpage.com/company/online-demos/,pages,2026-08-12T14:22:18-05:00
https://www.realpage.com/legal/privacy-policy/archive/,pages,2026-09-10T12:17:09-05:00
https://www.realpage.com/trademarks/,pages,2026-05-29T13:07:20-05:00
https://www.realpage.com/legal/screening-transactional-pricing-pw/,pages,2026-09-10T13:11:09-05:00
https://www.realpage.com/legal/pw-payments-services/,pages,2026-09-10T13:11:28-05:00
https://www.realpage.com/services/,pages,2026-08-18T13:05:01-05:00
https://www.realpage.com/legal/gdpr-data-privacy-framework/,pages,2026-09-10T12:17:09-05:00
https://www.realpage.com/services/resident-technology-services/,pages,2026-08-18T14:58:55-05:00
https://www.realpage.com/client-login/opstechnology/,pages,2026-09-10T10:17:07-05:00
https://www.realpage.com/client-login/leasingdesk/,pages,2026-09-10T10:17:33-05:00
https://www.realpage.com/legal/dmca-notice/,pages,2026-09-10T12:17:09-05:00
https://www.realpage.com/services/resident-technology-services/industry-experts/,pages,2026-08-17T13:40:45-05:00
https://www.realpage.com/senior/,pages,2026-08-18T13:07:57-05:00
https://www.realpage.com/client-login/utilities/,pages,2026-09-10T10:17:52-05:00
https://www.realpage.com/compliance-benchmarking/,pages,2026-08-18T13:09:41-05:00
https://www.realpage.com/client-login/contact-center/,pages,2026-09-10T10:18:16-05:00
https://www.realpage.com/property-management-software/document-management/,pages,2026-08-26T12:12:33-05:00
https://www.realpage.com/property-management-software/learning-management-system/,pages,2026-08-18T15:15:17-05:00
https://www.realpage.com/legal/pw-asset-protection/,pages,2026-09-10T13:11:47-05:00
https://www.realpage.com/imready/,pages,2026-08-18T13:13:33-05:00
https://www.realpage.com/legal/rainmakermfh-terms/,pages,2026-09-10T13:12:03-05:00
https://www.realpage.com/affordable/,pages,2026-08-18T13:16:46-05:00
https://www.realpage.com/single-family/,pages,2026-03-23T21:26:28-05:00
https://www.realpage.com/contact-center/,pages,2026-08-18T13:17:29-05:00
https://www.realpage.com/military/,pages,2026-08-26T12:13:04-05:00
https://www.realpage.com/multifamily/,pages,2026-08-26T14:21:54-05:00
https://www.realpage.com/vendor-credentialing/,pages,2026-08-18T13:46:25-05:00
https://www.realpage.com/outsource-accounting/,pages,2026-08-18T13:47:26-05:00
https://www.realpage.com/renters-insurance/,pages,2026-08-18T13:48:09-05:00
https://www.realpage.com/spend-management/,pages,2026-08-26T15:32:06-05:00
https://www.realpage.com/online-payments/,pages,2026-08-26T12:55:48-05:00
https://www.realpage.com/resident-portal/,pages,2026-08-18T13:51:19-05:00
https://www.realpage.com/realpartners/,pages,2026-08-18T13:52:09-05:00
https://www.realpage.com/outsourcing/,pages,2026-08-18T13:52:27-05:00
https://www.realpage.com/vendor-marketplace/,pages,2026-08-18T13:53:09-05:00
https://www.realpage.com/standard-sow-services/,pages,2026-08-26T12:56:22-05:00
https://www.realpage.com/legal/sow-services-terms/,pages,2026-09-10T12:17:09-05:00
https://www.realpage.com/expense-management/procurement-suite/,pages,2026-08-18T11:06:21-05:00
https://www.realpage.com/vendor-support/,pages,2026-08-18T13:56:35-05:00
https://www.realpage.com/vendor-services-catalogs/,pages,2026-08-18T13:57:03-05:00
https://www.realpage.com/vendor-services-credentialing/,pages,2026-08-26T14:23:04-05:00
https://www.realpage.com/vendor-services-marketplace/,pages,2026-08-18T13:58:33-05:00
https://www.realpage.com/vendor-services/,pages,2026-08-18T13:59:35-05:00
https://www.realpage.com/sustainability-services/,pages,2026-08-18T14:00:35-05:00
https://www.realpage.com/services/realpage-recognitions/,pages,2026-08-18T14:50:54-05:00
https://www.realpage.com/vendor-payments/,pages,2026-08-18T14:35:03-05:00
https://www.realpage.com/investment-management/,pages,2026-08-18T14:36:15-05:00
https://www.realpage.com/waste-management-solution/,pages,2026-08-18T14:37:02-05:00
https://www.realpage.com/smart-building/,pages,2026-08-18T14:36:44-05:00
https://www.realpage.com/insurance/,pages,2026-08-18T14:37:34-05:00
https://www.realpage.com/support/disaster-event-response/,pages,2026-08-18T11:20:46-05:00
https://www.realpage.com/accessibility-statement/,pages,2026-08-18T14:37:57-05:00
https://www.realpage.com/resident-resource-center/,pages,2026-08-18T14:38:17-05:00
https://www.realpage.com/smart-building/access/,pages,2026-04-30T16:54:25-05:00
https://www.realpage.com/smart-building/apartments/,pages,2026-08-18T11:24:03-05:00
https://www.realpage.com/smart-building/wi-fi/,pages,2026-09-03T10:58:32-05:00
https://www.realpage.com/smart-sustainable-solutions/,pages,2026-08-12T13:42:56-05:00
https://www.realpage.com/vendor-management/,pages,2026-08-26T15:33:15-05:00
https://www.realpage.com/markets/,pages,2026-08-12T13:43:28-05:00
https://www.realpage.com/sitemap/,pages,2026-09-08T10:01:12-05:00
https://www.realpage.com/investment-analytics/,pages,2026-03-04T06:53:08-06:00
https://www.realpage.com/careers/,pages,2026-08-18T12:23:50-05:00
https://www.realpage.com/careers/locations/,pages,2026-08-18T15:00:02-05:00
https://www.realpage.com/careers/benefits-wellness/,pages,2026-08-18T14:51:36-05:00
https://www.realpage.com/exchange/,pages,2026-08-18T12:25:24-05:00
https://www.realpage.com/property-management-software/,pages,2026-08-26T14:24:20-05:00
https://www.realpage.com/property-management-software/accounting-software/,pages,2026-08-19T15:11:37-05:00
https://www.realpage.com/property-management-software/budgeting/,pages,2026-08-18T15:06:51-05:00
https://www.realpage.com/property-management-software/maintenance-management/,pages,2026-08-26T12:58:34-05:00
https://www.realpage.com/resident-services/,pages,2026-08-13T18:27:07-05:00
https://www.realpage.com/resident-services/security-deposit-alternatives/,pages,2026-08-26T12:59:18-05:00
https://www.realpage.com/apartment-marketing/online-leasing/,pages,2026-08-18T15:14:50-05:00
https://www.realpage.com/apartment-marketing/resident-screening/,pages,2026-08-18T15:23:43-05:00
https://www.realpage.com/apartment-marketing/website-design/,pages,2026-09-08T17:15:17-05:00
https://www.realpage.com/apartment-marketing/reputation-management/,pages,2026-08-28T00:37:00-05:00
https://www.realpage.com/apartment-marketing/crm/,pages,2026-08-26T14:24:36-05:00
https://www.realpage.com/solutions/demand-marketing/,pages,2026-09-14T12:39:29-05:00
https://www.realpage.com/apartment-marketing/loyalty-reputation/,pages,2026-08-18T14:59:50-05:00
https://www.realpage.com/apartment-marketing/resident-experience/,pages,2026-08-26T13:50:15-05:00
https://www.realpage.com/apartment-marketing/leasing/,pages,2026-08-18T15:21:52-05:00
https://www.realpage.com/apartment-marketing/marketing/,pages,2026-08-18T15:20:59-05:00
https://www.realpage.com/apartment-marketing/resident-screening/ai-screening/,pages,2026-08-18T15:24:20-05:00
https://www.realpage.com/apartment-marketing/loyalty-reputation/testimonials/,pages,2026-04-30T17:10:37-05:00
https://www.realpage.com/apartment-marketing/loyalty-reputation/apartment-life/,pages,2026-08-18T15:04:35-05:00
https://www.realpage.com/apartment-marketing/loyalty-reputation/free-on-demand-reward-cards-platform/,pages,2026-08-18T15:09:27-05:00
https://www.realpage.com/smart-source/,pages,2026-08-18T12:03:05-05:00
https://www.realpage.com/smart-source/assessment/,pages,2026-08-18T14:51:20-05:00
https://www.realpage.com/training/,pages,2026-08-18T13:03:29-05:00
https://www.realpage.com/training/on-demand-learning/,pages,2026-08-18T14:47:41-05:00
https://www.realpage.com/utility-management/,pages,2026-09-10T15:57:44-05:00
https://www.realpage.com/utility-management/billing/,pages,2026-08-26T13:50:56-05:00
https://www.realpage.com/utility-management/expense-management/,pages,2026-08-18T11:59:27-05:00
https://www.realpage.com/utility-management/submetering/,pages,2026-08-18T14:59:07-05:00
https://www.realpage.com/sustainability-services/energy-management/,pages,2026-08-18T14:48:29-05:00
https://www.realpage.com/compliance-services/,pages,2026-08-18T13:06:23-05:00
https://www.realpage.com/commercial/,pages,2026-08-18T13:15:07-05:00
https://www.realpage.com/commercial/commercial-property-management/,pages,2026-08-18T14:48:43-05:00
https://www.realpage.com/commercial/commercial-reporting/,pages,2026-08-18T15:13:24-05:00
https://www.realpage.com/commercial/financial-suite/,pages,2026-08-18T11:53:51-05:00
https://www.realpage.com/commercial/services/,pages,2026-08-18T15:07:08-05:00
https://www.realpage.com/student/,pages,2026-03-23T21:20:43-05:00
https://www.realpage.com/student/asset-optimization/,pages,2026-08-18T14:59:34-05:00
https://www.realpage.com/student/property-operations/,pages,2026-08-26T13:51:21-05:00
https://www.realpage.com/student/renter-engagement/,pages,2026-08-18T15:10:47-05:00
https://www.realpage.com/student/creating-great-renter-experience/,pages,2026-08-18T14:49:16-05:00
https://www.realpage.com/student/simplebills/,pages,2026-08-26T13:51:56-05:00
https://www.realpage.com/support/security/responsible-disclosure/,pages,2026-08-18T14:58:04-05:00
https://www.realpage.com/support/security/responsible-disclosure/hall-of-fame/,pages,2026-08-18T15:15:34-05:00
https://www.realpage.com/legal/screening-terms-conditions/,pages,2026-09-10T13:12:23-05:00
https://www.realpage.com/analytics/,pages,2024-10-15T10:32:28-05:00
https://www.realpage.com/analytics/contributors/,pages,2026-05-19T15:06:28-05:00
https://www.realpage.com/legal/sbserviceterms/,pages,2026-09-10T13:12:39-05:00
https://www.realpage.com/resident-resource-center/rent-reporting/,pages,2026-08-18T12:10:00-05:00
https://www.realpage.com/apartment-marketing/rent-reporting/,pages,2026-08-26T13:52:25-05:00
https://www.realpage.com/legal/cookie-policy/,pages,2026-09-10T12:17:09-05:00
https://www.realpage.com/legal/income-verification-terms-conditions/,pages,2026-09-10T13:12:58-05:00
https://www.realpage.com/analytics/subscribe/,pages,2026-08-18T15:00:26-05:00
https://www.realpage.com/investment-management/investor-management-services/,pages,2026-08-18T14:51:52-05:00
https://www.realpage.com/affordable/resident-experience/,pages,2026-08-18T14:52:05-05:00
https://www.realpage.com/affordable/property-operations/,pages,2026-08-18T11:38:46-05:00
https://www.realpage.com/affordable/leasing/,pages,2026-08-18T14:02:51-05:00
https://www.realpage.com/affordable/managed-services/,pages,2026-08-18T15:13:54-05:00
https://www.realpage.com/affordable/marketing/,pages,2026-08-18T15:10:59-05:00
https://www.realpage.com/legal/sgtserviceterms/,pages,2026-09-10T12:17:09-05:00
https://www.realpage.com/front-office/,pages,2026-03-04T06:53:12-06:00
https://www.realpage.com/invoice-to-investor/,pages,2026-08-18T14:42:42-05:00
https://www.realpage.com/legal/identity-verification-terms-conditions/,pages,2026-09-10T13:13:22-05:00
https://www.realpage.com/legal/consumer-income-verification-terms-conditions/,pages,2026-09-10T13:13:52-05:00
https://www.realpage.com/solutions/source-to-pay/,pages,2026-08-26T14:25:18-05:00
https://www.realpage.com/legal/income-identity-verification-services-additional-terms/,pages,2026-09-10T13:19:32-05:00
https://www.realpage.com/legal/fair-credit-reporting-act-rights/,pages,2026-09-10T12:17:09-05:00
https://www.realpage.com/hotma-compliance/,pages,2026-08-18T14:43:31-05:00
https://www.realpage.com/vendor-management/esupply-gpo/,pages,2026-07-13T10:10:55-05:00
https://www.realpage.com/apartment-marketing/prequalification/,pages,2026-08-28T00:36:18-05:00
https://www.realpage.com/investment-management/aim/,pages,2026-06-24T10:18:35-05:00
https://www.realpage.com/support/security/responsible-disclosure/security-advisories/,pages,2026-08-18T15:02:41-05:00
https://www.realpage.com/apartment-marketing/crm/ai-leasing-agent/,pages,2026-08-26T14:26:43-05:00
https://www.realpage.com/apartment-marketing/crm/call-intelligence/,pages,2026-06-24T10:24:52-05:00
https://www.realpage.com/apartment-marketing/crm/apartment-tours/,pages,2026-06-24T10:18:19-05:00
https://www.realpage.com/podcasts/,pages,2024-06-12T09:24:34-05:00
https://www.realpage.com/podcasts/content-submission/,pages,2026-08-18T14:52:53-05:00
https://www.realpage.com/legal/privacy-policy/,pages,2026-09-10T12:17:09-05:00
https://www.realpage.com/support/security/responsible-disclosure/security-advisories/cve-2010-2584/,pages,2026-08-26T13:52:48-05:00
https://www.realpage.com/support/security/responsible-disclosure/security-advisories/cve-2010-2585/,pages,2026-08-26T13:53:18-05:00
https://www.realpage.com/support/security/responsible-disclosure/security-advisories/cve-2024-2197/,pages,2026-08-18T15:12:30-05:00
https://www.realpage.com/legal/rewards-privacy-policy/,pages,2026-09-10T12:17:09-05:00
https://www.realpage.com/legal/terms-of-use/,pages,2026-09-10T12:17:09-05:00
https://www.realpage.com/essentials/,pages,2026-08-18T14:43:53-05:00
https://www.realpage.com/essentials/affordable/,pages,2026-08-26T12:10:30-05:00
https://www.realpage.com/residentlegal/,pages,2026-09-08T13:01:35-05:00
https://www.realpage.com/residentlegal/rewardsterms/,pages,2026-09-08T09:16:41-05:00
https://www.realpage.com/residentlegal/rppaymentsterms/,pages,2026-09-08T09:22:15-05:00
https://www.realpage.com/residentlegal/rewards-privacy-policy/,pages,2026-09-08T11:36:49-05:00
https://www.realpage.com/residentlegal/generalterms/,pages,2026-09-08T08:54:41-05:00
https://www.realpage.com/residentlegal/loftterms/,pages,2026-09-08T09:13:57-05:00
https://www.realpage.com/residentlegal/movingterms/,pages,2026-09-08T09:17:14-05:00
https://www.realpage.com/residentlegal/leasingterms/,pages,2026-09-08T09:17:49-05:00
https://www.realpage.com/residentlegal/clickpaypaymentsterms/,pages,2026-09-08T09:20:59-05:00
https://www.realpage.com/residentlegal/smartbuildingterms/,pages,2026-09-08T09:18:18-05:00
https://www.realpage.com/residentlegal/propertywareterms/,pages,2026-09-08T09:18:57-05:00
https://www.realpage.com/residentlegal/selfguidedtoursterms/,pages,2026-09-08T09:19:35-05:00
https://www.realpage.com/community-associations/,pages,2026-08-18T14:44:29-05:00
https://www.realpage.com/community-associations/payment-processing/,pages,2026-08-18T14:53:28-05:00
https://www.realpage.com/community-associations/resale-documentation/,pages,2026-08-18T14:56:42-05:00
https://www.realpage.com/community-associations/insurance/,pages,2026-08-18T15:03:07-05:00
https://www.realpage.com/support/property-management/,pages,2026-08-31T06:48:17-05:00
https://www.realpage.com/support/residents-vendors/,pages,2026-08-18T15:22:39-05:00
https://www.realpage.com/mixed-portfolios/,pages,2026-03-12T18:07:39-05:00
https://www.realpage.com/investment-management/data-management-services/,pages,2026-08-18T15:03:20-05:00
https://www.realpage.com/resident-portal/loyalty-rewards/,pages,2026-08-18T14:53:41-05:00
https://www.realpage.com/institutional/,pages,2026-08-18T14:45:39-05:00
https://www.realpage.com/property-management-software/digital-disbursements/,pages,2026-08-18T15:19:08-05:00
https://www.realpage.com/platforms/,pages,2026-08-27T22:15:54-05:00
https://www.realpage.com/solutions/demand-generation/,pages,2026-08-26T14:28:02-05:00
https://www.realpage.com/solutions/front-office/,pages,2026-08-18T15:11:23-05:00
https://www.realpage.com/insights-analytics/,pages,2026-08-18T14:46:05-05:00
https://www.realpage.com/insights-analytics/market-analytics/,pages,2026-08-26T14:28:18-05:00
https://www.realpage.com/insights-analytics/benchmarking/,pages,2026-08-18T15:03:32-05:00
https://www.realpage.com/insights-analytics/revenue-management/,pages,2026-08-26T13:54:31-05:00
https://www.realpage.com/insights-analytics/business-intelligence/,pages,2026-08-18T15:11:37-05:00
https://www.realpage.com/apartment-marketing/marketing/smart-digital-advertising/,pages,2026-09-14T12:43:12-05:00
https://www.realpage.com/self-storage-marketing/,pages,2026-08-27T22:19:01-05:00
https://www.realpage.com/insights-analytics/national-renter-study/,pages,2026-08-18T15:14:23-05:00
https://www.realpage.com/residentlegal/whiteskyterms/,pages,2026-09-08T09:20:23-05:00
https://www.realpage.com/apartment-marketing/resident-experience/ai-resident-agent/,pages,2026-09-08T12:01:11-05:00
https://www.realpage.com/property-management-software/ai-operations-agent/,pages,2026-08-26T14:45:58-05:00
https://www.realpage.com/solutions/,pages,2026-08-31T08:25:48-05:00
https://www.realpage.com/platforms/portfolio-intelligence/,pages,2026-08-18T15:12:03-05:00
https://www.realpage.com/platforms/demand-operations/,pages,2026-08-31T08:35:28-05:00
https://www.realpage.com/platforms/resident-experience/,pages,2026-08-26T14:47:50-05:00
https://www.realpage.com/platforms/property-operations/,pages,2026-08-18T14:57:11-05:00
https://www.realpage.com/company/ai-governance/,pages,2026-08-18T14:54:02-05:00
https://www.realpage.com/legal/lifesafetysvcs/,pages,2026-09-10T12:17:09-05:00
https://www.realpage.com/platforms/lumina-ai/,pages,2026-08-26T14:52:38-05:00
https://www.realpage.com/solutions/lumina-connect/,pages,2026-08-26T14:53:19-05:00
https://www.realpage.com/solutions/lumina-ascent/,pages,2026-08-21T13:51:19-05:00
https://www.realpage.com/insights-analytics/ai-analytics-agent/,pages,2026-09-08T11:50:39-05:00
https://www.realpage.com/property-management-software/ai-facilities-agent/,pages,2026-08-31T17:17:54-05:00
https://www.realpage.com/property-management-software/ai-finance-agent/,pages,2026-08-26T14:55:20-05:00
https://www.realpage.com/spend-management/ai-spend-agent/,pages,2026-09-14T13:47:00-05:00
https://www.realpage.com/testimonials/laurie-frias-testimonial-1/,testimonials,2022-02-14T10:20:51-06:00
https://www.realpage.com/testimonials/laurie-frias-testimonial-2/,testimonials,2022-02-14T10:21:08-06:00
https://www.realpage.com/testimonials/susan-goff-testimonial-1/,testimonials,2022-02-14T10:21:25-06:00
https://www.realpage.com/testimonials/susan-goff-testimonial-2/,testimonials,2022-02-14T10:21:41-06:00
https://www.realpage.com/testimonials/susan-goff-testimonial-3/,testimonials,2022-02-14T10:21:59-06:00
https://www.realpage.com/testimonials/seth-springman-testimonial/,testimonials,2022-02-14T10:22:16-06:00
https://www.realpage.com/testimonials/amy-johnson-testimonial/,testimonials,2022-02-14T10:22:32-06:00
https://www.realpage.com/testimonials/steve-ostipow-testimonial/,testimonials,2022-02-14T10:22:47-06:00
https://www.realpage.com/testimonials/lindsay-hall-testimonial/,testimonials,2022-02-14T10:23:01-06:00
https://www.realpage.com/testimonials/shane-raby-testimonial/,testimonials,2022-02-14T10:23:13-06:00
https://www.realpage.com/testimonials/emily-halbert-testimonial/,testimonials,2022-02-14T10:23:27-06:00
https://www.realpage.com/testimonials/victoria-kirchoff-testimonial/,testimonials,2022-02-14T10:23:41-06:00
https://www.realpage.com/testimonials/brittany-barclay-testimonial/,testimonials,2022-02-14T10:23:55-06:00
https://www.realpage.com/testimonials/christina-fouts-testimonial/,testimonials,2022-02-14T10:24:09-06:00
https://www.realpage.com/testimonials/joe-melton-testimonial/,testimonials,2022-02-14T10:24:25-06:00
https://www.realpage.com/testimonials/kristen-mackey-testimonial/,testimonials,2022-02-14T10:24:43-06:00
https://www.realpage.com/testimonials/erica-dovitz-testimonial/,testimonials,2022-02-14T10:25:07-06:00
https://www.realpage.com/testimonials/cortland-achieves-peak-performance/,testimonials,2022-02-14T10:26:43-06:00
https://www.realpage.com/testimonials/mobile-facilities-optimizes-maintenance/,testimonials,2022-02-14T10:27:36-06:00
https://www.realpage.com/testimonials/realpage-is-a-strategic-technology-partner/,testimonials,2022-02-14T10:31:12-06:00
https://www.realpage.com/testimonials/realpage-enables-real-time-performance-visibility/,testimonials,2022-02-14T10:30:00-06:00
https://www.realpage.com/testimonials/property-management-suite-like-fastest-car/,testimonials,2022-02-14T10:32:23-06:00
https://www.realpage.com/testimonials/spend-management-suite-one-stop-shop/,testimonials,2022-02-14T10:32:45-06:00
https://www.realpage.com/testimonials/take-property-maintenance-from-good-to-great/,testimonials,2022-02-14T10:33:43-06:00
https://www.realpage.com/testimonials/mobile-facilities-improves-service/,testimonials,2022-02-14T10:34:36-06:00
https://www.realpage.com/testimonials/realpage-makes-amazing-imact-eller-capital-partners/,testimonials,2022-11-18T13:35:05-06:00
https://www.realpage.com/testimonials/victoria-young-onesite/,testimonials,2025-11-05T08:47:23-06:00
https://www.realpage.com/testimonials/magnolia-realpage-marketing-support/,testimonials,2023-01-30T13:18:09-06:00
https://www.realpage.com/testimonials/peak-performance-equals-peak-efficiency/,testimonials,2023-02-08T13:24:47-06:00
https://www.realpage.com/testimonials/online-payments-accelerates-rent-payment-winn-residential/,testimonials,2023-02-08T13:30:07-06:00
https://www.realpage.com/testimonials/realpage-helps-wingate-companies-achieve-goals/,testimonials,2023-02-08T13:33:31-06:00
https://www.realpage.com/testimonials/wingate-companies-relies-on-realworld/,testimonials,2023-04-19T09:53:51-05:00
https://www.realpage.com/testimonials/wingate-companies-leverages-realpage-lms/,testimonials,2024-09-23T13:31:37-05:00
https://www.realpage.com/testimonials/realpage-business-intelligence-helps-wingate-companies/,testimonials,2025-10-07T10:33:41-05:00
https://www.realpage.com/testimonials/wingate-companies-relies-on-realpage-affordable/,testimonials,2023-05-30T05:13:02-05:00
https://www.realpage.com/testimonials/ryan-raser-unified-platform/,testimonials,2023-03-02T10:43:16-06:00
https://www.realpage.com/testimonials/andrea-martinez-fci-residential/,testimonials,2023-04-04T14:09:57-05:00
https://www.realpage.com/testimonials/summit-property-management-finding-fraud-with-idv/,testimonials,2025-09-17T12:00:56-05:00
https://www.realpage.com/testimonials/raintree-partners-boosts-leasing/,testimonials,2025-09-23T16:25:28-05:00
https://www.realpage.com/testimonials/beacon-calls-online-leasing-game-changing/,testimonials,2025-10-01T11:17:39-05:00
https://www.realpage.com/testimonials/winncompanies-streamlines-spend-management/,testimonials,2025-09-22T13:18:04-05:00
https://www.realpage.com/testimonials/carter-haston-makes-more-strategic-marketing-decisions-g5/,testimonials,2025-09-23T17:17:33-05:00
https://www.realpage.com/testimonials/smarter-leasing-decisions-with-ai-leasing-agent/,testimonials,2026-05-07T08:07:24-05:00
https://www.realpage.com/testimonials/summit-property-management-simplifies-operations/,testimonials,2025-10-09T15:16:40-05:00
https://www.realpage.com/testimonials/better-together-michaels-organization/,testimonials,2025-10-10T12:26:38-05:00
https://www.realpage.com/account-managers/aimee/,account-managers,2021-08-11T07:20:06-05:00
https://www.realpage.com/account-managers/brandon/,account-managers,2021-08-11T07:22:00-05:00
https://www.realpage.com/account-managers/dave/,account-managers,2021-08-11T07:25:11-05:00
https://www.realpage.com/account-managers/janna/,account-managers,2021-08-11T07:27:06-05:00
https://www.realpage.com/account-managers/joann/,account-managers,2021-08-11T07:28:22-05:00
https://www.realpage.com/account-managers/maria/,account-managers,2021-08-11T07:29:41-05:00
https://www.realpage.com/account-managers/michelle/,account-managers,2021-08-11T07:31:13-05:00
https://www.realpage.com/company/management-team/david-monk/,management-team,2026-08-19T14:56:06-05:00
https://www.realpage.com/company/management-team/vinit-doshi/,management-team,2026-08-19T14:55:13-05:00
https://www.realpage.com/company/management-team/paul-sexton/,management-team,2026-08-19T14:59:03-05:00
https://www.realpage.com/company/management-team/brandon-bible/,management-team,2026-08-19T14:57:17-05:00
https://www.realpage.com/company/management-team/lance-french/,management-team,2026-09-01T10:17:43-05:00
https://www.realpage.com/company/management-team/blair-austin/,management-team,2026-08-19T14:59:33-05:00
https://www.realpage.com/company/management-team/titina-ott-adams/,management-team,2026-08-19T14:57:43-05:00
https://www.realpage.com/company/management-team/sean-leaver/,management-team,2026-09-01T10:20:53-05:00
https://www.realpage.com/company/management-team/shamik-mukherjee/,management-team,2026-08-19T14:58:13-05:00
https://www.realpage.com/company/management-team/jack-webber/,management-team,2026-08-19T14:58:43-05:00
https://www.realpage.com/company/management-team/dirk-wakeham/,management-team,2026-08-19T14:54:53-05:00
https://www.realpage.com/company/management-team/zahir-khoja/,management-team,2026-08-19T15:01:38-05:00
https://www.realpage.com/podcasts/sustainability-series/,podcasts,2020-11-11T06:38:56-06:00
https://www.realpage.com/podcasts/21-strategic-insights/,podcasts,2021-01-29T15:30:16-06:00
https://www.realpage.com/podcasts/multifamily-talks/,podcasts,2023-09-15T06:39:36-05:00
https://www.realpage.com/podcasts/sustainability-series/episode-1-12-things-you-can-do-right-now-to-gain-control-over-your-utilities/,episodes,2025-04-21T16:49:44-05:00
https://www.realpage.com/podcasts/sustainability-series/episode-2-power-moves-leveraging-alternative-submetering/,episodes,2025-04-21T16:50:03-05:00
https://www.realpage.com/podcasts/sustainability-series/episode-3-waste-management-recycling-mandates-in-dallas/,episodes,2025-04-21T17:53:39-05:00
https://www.realpage.com/podcasts/sustainability-series/episode-4-benchmarking-i-did-it-last-year-now-what/,episodes,2025-03-17T17:05:59-05:00
https://www.realpage.com/podcasts/sustainability-series/episode-5-smart-apartments-bms/,episodes,2025-04-21T17:53:28-05:00
https://www.realpage.com/podcasts/sustainability-series/episode-6-regulatory-changes-whats-on-the-horizon/,episodes,2025-04-21T17:53:15-05:00
https://www.realpage.com/podcasts/sustainability-series/episode-7-best-practices-on-acquisition-for-sustainability/,episodes,2025-04-21T17:53:03-05:00
https://www.realpage.com/podcasts/sustainability-series/episode-8-hitting-the-mark-with-the-better-buildings-challenge/,episodes,2025-04-21T17:52:40-05:00
https://www.realpage.com/podcasts/sustainability-series/episode-9-automate-with-efficiency-smart-apartments-and-building-operations/,episodes,2025-04-21T17:52:51-05:00
https://www.realpage.com/podcasts/sustainability-series/episode-11-modernize-trash-management/,episodes,2025-04-21T17:52:08-05:00
https://www.realpage.com/podcasts/sustainability-series/episode-10-solar-decathlon-insights/,episodes,2025-04-21T17:52:27-05:00
https://www.realpage.com/podcasts/21-strategic-insights/throttle-up-suburban-assets/,episodes,2026-01-16T11:17:46-06:00
https://www.realpage.com/podcasts/21-strategic-insights/strengthen-your-core-assets/,episodes,2026-01-06T15:49:04-06:00
https://www.realpage.com/podcasts/21-strategic-insights/adjust-your-operational-recipe/,episodes,2026-01-06T15:59:32-06:00
https://www.realpage.com/podcasts/21-strategic-insights/accelerate-fully-virtual-leasing/,episodes,2026-01-06T15:57:22-06:00
https://www.realpage.com/podcasts/21-strategic-insights/cut-costs-not-quality/,episodes,2026-01-06T15:55:24-06:00
https://www.realpage.com/podcasts/21-strategic-insights/shift-operational-levers-together/,episodes,2026-01-06T15:56:01-06:00
https://www.realpage.com/podcasts/21-strategic-insights/focus-on-renewals/,episodes,2026-01-06T15:54:50-06:00
https://www.realpage.com/podcasts/21-strategic-insights/evictions-will-remain-limited/,episodes,2026-01-06T15:50:43-06:00
https://www.realpage.com/podcasts/21-strategic-insights/decentralize-your-leasing-office/,episodes,2026-01-06T15:51:15-06:00
https://www.realpage.com/podcasts/21-strategic-insights/explore-low-capital-strategy/,episodes,2026-01-06T15:49:56-06:00
https://www.realpage.com/podcasts/21-strategic-insights/dont-bank-on-flight-to-quality/,episodes,2026-01-06T15:48:20-06:00
https://www.realpage.com/podcasts/21-strategic-insights/be-cautious-with-concessions/,episodes,2026-01-06T15:47:30-06:00
https://www.realpage.com/podcasts/21-strategic-insights/get-back-to-property-management-basics/,episodes,2026-01-06T15:44:15-06:00
https://www.realpage.com/podcasts/21-strategic-insights/strengthen-your-tech-stack/,episodes,2026-01-06T15:51:51-06:00
https://www.realpage.com/podcasts/21-strategic-insights/take-control-of-your-brand/,episodes,2026-01-06T15:52:23-06:00
https://www.realpage.com/podcasts/21-strategic-insights/drive-up-revenues/,episodes,2026-01-06T16:00:06-06:00
https://www.realpage.com/podcasts/21-strategic-insights/strategically-aggressive-acquisitions/,episodes,2026-01-06T15:59:50-06:00
https://www.realpage.com/podcasts/21-strategic-insights/post-covid-development-opportunities/,episodes,2026-01-06T15:54:16-06:00
https://www.realpage.com/podcasts/21-strategic-insights/reimagine-short-term-rentals/,episodes,2026-01-06T15:54:01-06:00
https://www.realpage.com/podcasts/21-strategic-insights/longer-unit-turns/,episodes,2026-01-06T15:53:29-06:00
https://www.realpage.com/podcasts/21-strategic-insights/public-support-for-affordable/,episodes,2026-01-16T11:19:41-06:00
https://www.realpage.com/podcasts/sustainability-series/episode-12-epa-partner-of-the-year/,episodes,2024-10-28T15:22:08-05:00
https://www.realpage.com/podcasts/sustainability-series/episode-13-better-buildings-challenge-mercy-housing/,episodes,2024-10-28T15:09:08-05:00
https://www.realpage.com/podcasts/sustainability-series/episode-14-gresb-reporting-update-2020/,episodes,2024-10-28T15:23:01-05:00
https://www.realpage.com/podcasts/sustainability-series/episode-15-recycling-partnership/,episodes,2024-10-28T15:24:35-05:00
https://www.realpage.com/podcasts/sustainability-series/episode-16-epa-benchmarking-updates-2021/,episodes,2024-10-28T15:21:33-05:00
https://www.realpage.com/podcasts/sustainability-series/episode-17-energy-benchmarking-tips/,episodes,2025-10-15T12:00:39-05:00
https://www.realpage.com/podcasts/sustainability-series/episode-18-how-can-utility-management-advisory-help-me/,episodes,2025-04-21T16:51:53-05:00
https://www.realpage.com/podcasts/sustainability-series/episode-19-greystar-wins-uma-sustainability-award/,episodes,2024-10-28T15:23:25-05:00
https://www.realpage.com/podcasts/sustainability-series/episode-20-property-audit-mandates/,episodes,2024-10-28T15:24:11-05:00
https://www.realpage.com/podcasts/sustainability-series/episode-21-ev-charging-challenges/,episodes,2024-10-28T15:22:32-05:00
https://www.realpage.com/podcasts/sustainability-series/episode-22-retrofit-rebate-programs/,episodes,2025-04-21T16:13:35-05:00
https://www.realpage.com/podcasts/sustainability-series/episode-23-uma-sustainability-innovation-award-winner/,episodes,2025-04-21T16:51:36-05:00
https://www.realpage.com/podcasts/sustainability-series/episode-24-going-net-zero-with-electric/,episodes,2025-04-15T21:30:19-05:00
https://www.realpage.com/podcasts/sustainability-series/episode-25-the-biggest-mistakes-in-benchmarking/,episodes,2025-04-21T16:13:57-05:00
https://www.realpage.com/podcasts/sustainability-series/episode-26-the-secret-life-of-water/,episodes,2023-02-15T04:20:06-06:00
https://www.realpage.com/podcasts/multifamily-talks/episode-1-jay-parsons-svp-chief-economist-arben-skivjani-deputy-chief-economist-realpage/,episodes,2026-05-11T08:37:10-05:00
https://www.realpage.com/podcasts/multifamily-talks/episode-2-darren-williams-president-founder-portico-property-management/,episodes,2024-06-05T13:18:51-05:00
https://www.realpage.com/podcasts/multifamily-talks/episode-3-dave-brackett-svp-milhaus/,episodes,2024-06-05T13:19:07-05:00
https://www.realpage.com/podcasts/multifamily-talks/episode-4-robin-young-head-of-market-research-buildium/,episodes,2026-05-11T08:38:16-05:00
https://www.realpage.com/podcasts/multifamily-talks/episode-5-lee-everett-vp-research-and-strategy-waternton/,episodes,2023-10-30T08:20:30-05:00
https://www.realpage.com/podcasts/multifamily-talks/episode-6-jennifer-staciokis-president-western-wealth-communities/,episodes,2023-10-30T08:19:34-05:00
https://www.realpage.com/podcasts/multifamily-talks/episode-7-jesse-mcconnico-research-manager-john-burns-research-and-consulting/,episodes,2023-10-30T08:19:08-05:00
https://www.realpage.com/podcasts/multifamily-talks/episode-8-sharon-wilson-geno-president-electnmhc/,episodes,2023-10-31T17:22:41-05:00
https://www.realpage.com/podcasts/multifamily-talks/episode-9-alex-obrien-ceo-founding-partner-cardinal-group/,episodes,2023-11-03T17:15:34-05:00
https://www.realpage.com/podcasts/multifamily-talks/episode-10-rich-hughes-head-of-data-science-realpage/,episodes,2026-05-11T08:37:30-05:00
https://www.realpage.com/podcasts/multifamily-talks/episode-11-jay-parsons-svpchief-economist-realpage-andrew-bowen-vice-president-industry-principal-realpage-carl-whitaker-director-of-research-ana/,episodes,2023-11-19T20:53:35-06:00
https://www.realpage.com/podcasts/multifamily-talks/episode-12-jason-kae-director-of-onboarding-enablement-realpage/,episodes,2023-11-27T10:01:44-06:00
https://www.realpage.com/podcasts/multifamily-talks/episode-13-the-most-interesting-man-in-multifamily/,episodes,2023-12-07T10:08:31-06:00
https://www.realpage.com/podcasts/multifamily-talks/episode-14-piecing-together-the-data-puzzle/,episodes,2026-05-11T08:37:45-05:00
https://www.realpage.com/podcasts/multifamily-talks/episode-15-importance-of-skepticism/,episodes,2023-12-19T08:57:19-06:00
https://www.realpage.com/podcasts/multifamily-talks/episode-16-stickiness-of-resident-satisfaction/,episodes,2024-01-08T15:55:29-06:00
https://www.realpage.com/podcasts/multifamily-talks/episode-17-odeta-kushi-first-american-financial-corporation-the-great-american-housing-shortage/,episodes,2026-05-11T08:38:03-05:00
https://www.realpage.com/podcasts/multifamily-talks/episode-17-emily-watsonlantower-residential-kiley-sharpapartment-life-prioritizing-community-in-the-age-of-centralization/,episodes,2024-01-23T15:45:25-06:00
https://www.realpage.com/podcasts/multifamily-talks/episode-19-michael-bullbull-realty-americas-commercial-real-estate-show/,episodes,2024-04-08T18:23:03-05:00
https://www.realpage.com/podcasts/multifamily-talks/episode-20-mitch-moodythe-realpage-2024-national-multifamily-fraud-research-study/,episodes,2024-04-15T08:46:12-05:00
https://www.realpage.com/podcasts/multifamily-talks/episode-21-tina-westhandling-change-centralization-in-the-multifamily-multiverse/,episodes,2024-04-23T16:06:42-05:00
https://www.realpage.com/podcasts/multifamily-talks/episode-22-jennifer-cassidythe-loneliness-epidemic/,episodes,2024-04-28T20:34:26-05:00
https://www.realpage.com/podcasts/multifamily-talks/episode-23-brandie-thomas-balancing-technology-with-humanity/,episodes,2024-05-29T13:51:37-05:00
https://www.realpage.com/podcasts/multifamily-talks/episode-24-domingos-santosvaluation-and-property-taxes-in-multifamily/,episodes,2024-06-04T15:45:24-05:00
https://www.realpage.com/podcasts/multifamily-talks/episode-25-ariel-baranauckascarter-haston-tapping-into-the-power-of-wow/,episodes,2024-06-12T11:08:43-05:00
https://www.realpage.com/podcasts/multifamily-talks/episode-26-lance-frenchrealpage-the-transformative-effect-of-ai-in-multifamily/,episodes,2024-06-19T15:25:01-05:00
https://www.realpage.com/podcasts/multifamily-talks/multifamily-talks-live-2024-recap-and-expectations-for-2025/,episodes,2024-12-17T19:41:03-06:00
https://www.realpage.com/podcasts/multifamily-talks/multifamily-talks-live-year-of-the-resident/,episodes,2025-01-29T15:49:07-06:00
https://www.realpage.com/podcasts/multifamily-talks/multifamily-talks-live-the-role-of-data-ai-in-multifamily/,episodes,2025-03-24T16:00:41-05:00
https://www.realpage.com/podcasts/multifamily-talks/multifamily-talks-live-an-insider-recap-of-retcon-and-social-media-summit-2025/,episodes,2025-10-16T09:16:23-05:00
https://www.realpage.com/podcasts/multifamily-talks/how-ai-is-changing-the-future-of-multifamily-marketing-leasing/,episodes,2025-10-16T08:42:53-05:00
https://www.realpage.com/podcasts/multifamily-talks/why-we-centralized-portfolio-level-perspectives/,episodes,2025-10-16T08:44:13-05:00
https://www.realpage.com/podcasts/multifamily-talks/multifamily-talks-live-2025-mid-year-market-check-in/,episodes,2025-06-26T11:20:52-05:00
https://www.realpage.com/podcasts/multifamily-talks/multifamily-talks-live-budget-season/,episodes,2025-08-01T16:05:56-05:00
https://www.realpage.com/podcasts/multifamily-talks/multifamily-live-talks-the-realworld-2025-recap-you-cant-miss/,episodes,2025-10-03T09:59:24-05:00
https://www.realpage.com/podcasts/multifamily-talks/multifamily-talks-live-smarter-buildings-stronger-communities/,episodes,2025-10-23T09:47:29-05:00
https://www.realpage.com/podcasts/multifamily-talks/multifamily-talks-live-enterprise-ai-in-multifamily-scaling-with-confidence/,episodes,2025-11-03T07:36:17-06:00
https://www.realpage.com/podcasts/multifamily-talks/multifamily-talks-live-2025-recap-whats-ahead-for-2026/,episodes,2026-06-01T07:52:58-05:00
https://www.realpage.com/podcasts/multifamily-talks/your-2026-ai-playbookthe-must-dos-and-donts/,episodes,2026-06-01T07:53:56-05:00
https://www.realpage.com/podcasts/multifamily-talks/retention-starts-now-the-spring-renewal-playbook/,episodes,2026-06-01T07:53:32-05:00
https://www.realpage.com/podcasts/multifamily-talks/marketing-as-a-revenue-engine-from-expense-to-revenue-driver/,episodes,2026-04-30T17:42:25-05:00
https://www.realpage.com/podcasts/multifamily-talks/rebuilding-trust-in-multifamily-transparency-accountability-and-the-future-of-proptech/,episodes,2026-05-07T07:48:17-05:00
https://www.realpage.com/podcasts/multifamily-talks/rethinking-security-deposits-new-alternatives-for-multifamily-operators/,episodes,2026-06-08T09:38:57-05:00
https://www.realpage.com/podcasts/multifamily-talks/the-next-era-of-revenue-management/,episodes,2026-06-29T14:36:57-05:00
https://www.realpage.com/podcasts/multifamily-talks/the-promises-that-build-loyalty/,episodes,2026-07-29T13:58:21-05:00
https://www.realpage.com/podcasts/multifamily-talks/realworld-2026-recap-what-multifamily-is-talking-about/,episodes,2026-09-01T08:18:33-05:00
https://www.realpage.com/resources/ai-workforce/,hub-terms,2026-08-10T06:29:37-05:00
https://www.realpage.com/resources/company-events/,hub-terms,2026-08-10T05:22:57-05:00
https://www.realpage.com/resources/demand-operations/,hub-terms,2026-08-10T06:29:37-05:00
https://www.realpage.com/resources/industry-trends/,hub-terms,2026-08-10T06:29:37-05:00
https://www.realpage.com/resources/portfolio-intelligence/,hub-terms,2026-08-10T06:29:37-05:00
https://www.realpage.com/resources/property-operations/,hub-terms,2026-08-10T06:29:37-05:00
https://www.realpage.com/resources/resident-experience/,hub-terms,2026-08-10T06:29:37-05:00
https://www.realpage.com/resources/,hub-terms,2026-09-15T01:00:13-05:00
