area,name,city,address,units,stage,signal,why,permit_date,opening_date,sale_date,buyer,developer,office_phone,website,software,permit_link,news_link,website_link,agenda_link,map_link,region,status
tx,Groves Apartments,Humble,15910 Woodland Hills Drive,336,under construction,Opens: 2026-09-30,Under construction · opens 2026-09-30 · 336 units · software not picked yet,2024-10-24,2026-09-30,,,"RK Commercial Properties, Inc.",(210) 326-1119,,,https://www.tdlr.texas.gov/TABS/Search/Project/TABS2025003997,,,,,Houston,Upcoming
tx,New Site Development for Willowbrook Apartments,Waco,Near Corner of Willowbrook St. & Valley Mills Dr.,,under construction,Opens: 2026-10-01,Under construction · opens 2026-10-01 · software not picked yet,2024-09-30,2026-10-01,,,"Willowbrook Apartments Waco, LLC",(254) 759-8027,,,https://www.tdlr.texas.gov/TABS/Search/Project/TABS2025002103,,,,,Rest of Texas,Upcoming
tx,Roanoke Lofts,Roanoke,1104 TX-114,,under construction,Opens: 2026-10-15,Under construction · opens 2026-10-15 · software not picked yet,2024-10-15,2026-10-15,,,Leeds Residential Inc.,(972) 754-1024,,,https://www.tdlr.texas.gov/TABS/Search/Project/TABS2025003222,,,,,Dallas–Fort Worth,Upcoming
tx,ACU Apartment,Abilene,525 East North 19th Street,,under construction,Opens: 2026-10-26,Under construction · opens 2026-10-26 · software not picked yet,2026-03-06,2026-10-26,,,Abilene Christian University,(325) 674-2535,,,https://www.tdlr.texas.gov/TABS/Search/Project/TABS2026014371,,,,,Rest of Texas,Upcoming
tx,Monterey Villas Apartment Complex,Lubbock,6107 66th Street,,under construction,Opens: 2026-11-01,Under construction · opens 2026-11-01 · software not picked yet,2025-05-15,2026-11-01,,,8G Capital Holding LLC,(806) 438-9328,,,https://www.tdlr.texas.gov/TABS/Search/Project/TABS2025019063,,,,,Rest of Texas,Upcoming
tx,Apartments at Pga Parkway,Frisco,PGA Parkway,,under construction,Opens: 2026-11-02,Under construction · opens 2026-11-02 · software not picked yet,2025-10-10,2026-11-02,,,"North Fields Investment Partners, LP",(214) 978-8761,,,https://www.tdlr.texas.gov/TABS/Search/Project/TABS2026003137,,,,,Dallas–Fort Worth,Upcoming
tx,N Main Apartments,Houston,2600 N Main St.,12,under construction,Opens: 2026-11-15,Under construction · opens 2026-11-15 · 12 units · software not picked yet,2025-07-16,2026-11-15,,,2600 N. Main,(713) 906-5149,,,https://www.tdlr.texas.gov/TABS/Search/Project/TABS2025023705,,,,,Houston,Upcoming
tx,Traditions Apartments,College Station,5068 Raymond Stotzer Parkway,,under construction,Opens: 2026-12-04,Under construction · opens 2026-12-04 · software not picked yet,2025-04-14,2026-12-04,,,McGrath Real Estate Partners,(832) 449-0551,,,https://www.tdlr.texas.gov/TABS/Search/Project/TABS2025016571,,,,,Rest of Texas,Upcoming
tx,Tenison Lofts,Dallas,3602 Samuell Blvd,164,under construction,Opens: 2026-12-15,Under construction · opens 2026-12-15 · 164 units · software not picked yet,2024-12-05,2026-12-15,,,"TX Tenison 2023, Ltd.",(214) 613-6569,,,https://www.tdlr.texas.gov/TABS/Search/Project/TABS2025006916,,,,,Dallas–Fort Worth,Upcoming
tx,"New mixed-use project, includes structured parking garage, multi-family, and retail",North Richland Hills,6401 Smithfield,,under construction,Opens: 2026-12-30,Under construction · opens 2026-12-30 · software not picked yet,2024-10-04,2026-12-30,,,C2C Smithfield LP,(214) 505-5080,,,https://www.tdlr.texas.gov/TABS/Search/Project/TABS2025002557,,,,,Dallas–Fort Worth,Upcoming
tx,Lakeworth Multi Family Apartments,Fort Worth,6251 SHADY OAKS MANOR DR,,under construction,Opens: 2026-12-31,Under construction · opens 2026-12-31 · software not picked yet,2026-02-10,2026-12-31,,,LAKEWORTH CITY REALTY LLC,(214) 796-2983,,,https://www.tdlr.texas.gov/TABS/Search/Project/TABS2026012259,,,,,Dallas–Fort Worth,Upcoming
tx,Build-To-Rent Multi-Family (New Construction),Celina,Northeast corner of FM 1385 & Tudor Pl,,under construction,Opens: 2027-01-01,Under construction · opens 2027-01-01 · software not picked yet,2025-03-26,2027-01-01,,,MRP TMHCBTR LLC,(903) 521-5340,,,https://www.tdlr.texas.gov/TABS/Search/Project/TABS2025015127,,,,,Rest of Texas,Upcoming
tx,Pelican Pearland Town Center Multifamily,Pearland,3200 Business Center Dr,,under construction,Opens: 2027-01-15,Under construction · opens 2027-01-15 · software not picked yet,2024-12-12,2027-01-15,,,"CRP / Pelican Pearland Venture, LLC",(713) 871-8170,,,https://www.tdlr.texas.gov/TABS/Search/Project/TABS2025007480,,,,,Houston,Upcoming
tx,Falcon Senior Living,Horseshoe Bay,East State Highway 71,,under construction,Opens: 2027-01-15,Under construction · opens 2027-01-15 · software not picked yet,2025-02-14,2027-01-15,,,Falcon Senior Housing,(925) 708-8994,,,https://www.tdlr.texas.gov/TABS/Search/Project/TABS2025011961,,,,,Rest of Texas,Upcoming
tx,Stargaze Apartments,Brownsville,3271 East Ruben Torres BLVD.,206,under construction,Opens: 2027-01-30,Under construction · opens 2027-01-30 · 206 units · software not picked yet,2024-12-09,2027-01-30,,,Startgaze Colony LLC,(956) 343-6375,,,https://www.tdlr.texas.gov/TABS/Search/Project/TABS2025007120,,,,,Rest of Texas,Upcoming
tx,Apartments at 7333 Bluff Springs Rd Bldg 2,Austin,7333 BLUFF SPRINGS RD BLDG 2,26,under construction,Opens: 2027-02-01,Under construction · opens 2027-02-01 · 26 units · software not picked yet,2026-08-03,2027-02-01,,,"RPMD 7333 Bluff Springs Road Owner, LLC",(512) 762-9541,,,https://abc.austintexas.gov/web/permit/public-search-other?t_detail=1&t_selected_folderrsn=13748404,,,,,Austin,Upcoming
tx,"Toler Developments LLC, Residences at Toler, Ph. 2",Longview,1900 Toler Road,96,under construction,Opens: 2027-03-01,Under construction · opens 2027-03-01 · 96 units · software not picked yet,2025-10-25,2027-03-01,,,Toler Developments,(903) 812-9897,,,https://www.tdlr.texas.gov/TABS/Search/Project/TABS2026004251,,,,,Rest of Texas,Upcoming
tx,811 Park Lofts,San Antonio,811 Park Ave,,under construction,Opens: 2027-03-01,Under construction · opens 2027-03-01 · software not picked yet,2025-11-12,2027-03-01,,,811 AND 815 E PARK AVE LLC,(210) 540-6000,,,https://www.tdlr.texas.gov/TABS/Search/Project/TABS2026005754,,,,,San Antonio,Upcoming
tx,Crescendo Apartments at Elm Park,Lubbock,34th Street and Milwaukee Avenue,,under construction,Opens: 2027-03-31,Under construction · opens 2027-03-31 · software not picked yet,2024-10-03,2027-03-31,,,"Tigris Holdings, LLC",(806) 687-8888,,,https://www.tdlr.texas.gov/TABS/Search/Project/TABS2025002457,,,,,Rest of Texas,Upcoming
tx,Bowser Multifamily,Dallas,4516 Bowser Avenue,28,under construction,Opens: 2027-04-05,Under construction · opens 2027-04-05 · 28 units · software not picked yet,2025-10-03,2027-04-05,,,SIEKIELSKI MATT & SHEA LIVING TRUST,(214) 232-9984,,,https://www.tdlr.texas.gov/TABS/Search/Project/TABS2026002511,,,,,Dallas–Fort Worth,Upcoming
tx,Pebble Hills Place Apartments,El Paso,12670 Pebble Hills Blvd,,under construction,Opens: 2027-04-12,Under construction · opens 2027-04-12 · software not picked yet,2025-12-11,2027-04-12,,,"GM Pebble Hills Place, LTD",(954) 507-6222,,,https://www.tdlr.texas.gov/TABS/Search/Project/TABS2026007793,,,,,Rest of Texas,Upcoming
tx,Palm Village Apartments,Brownsville,1400 Palm Blvd.,,under construction,Opens: 2027-04-13,Under construction · opens 2027-04-13 · software not picked yet,2026-04-07,2027-04-13,,,UPTOWN BROWNSVILLE LLC,(956) 574-9373,,,https://www.tdlr.texas.gov/TABS/Search/Project/TABS2026016980,,,,,Rest of Texas,Upcoming
tx,Buena Vida Multifamily Phase 2,Brownsville,1500 Ringgold St,,under construction,Opens: 2027-04-21,Under construction · opens 2027-04-21 · software not picked yet,2025-01-17,2027-04-21,,,THE HOUSING AUTHORITY OF THE CITY OF BROWNSVILLE,(956) 214-1530,,,https://www.tdlr.texas.gov/TABS/Search/Project/TABS2025009834,,,,,Rest of Texas,Upcoming
tx,Buena Vida Multifamily Phase 1,Brownsville,1525 E TYLER ST,,under construction,Opens: 2027-04-21,Under construction · opens 2027-04-21 · software not picked yet,2025-01-17,2027-04-21,,,THE HOUSING AUTHORITY OF THE CITY OF BROWNSVILLE,(856) 214-1530,,,https://www.tdlr.texas.gov/TABS/Search/Project/TABS2025009832,,,,,Rest of Texas,Upcoming
tx,Belmont Apartments,Austin,4401 E Slaughter Lane,348,under construction,Opens: 2027-04-30,Under construction · opens 2027-04-30 · 348 units · software not picked yet,2024-09-17,2027-04-30,,,Belmont Apartments Ltd.,(913) 439-8117,,,https://www.tdlr.texas.gov/TABS/Search/Project/TABS2025001200,,,,,Austin,Upcoming
tx,Lofts at Birdwell Phase 1,Big Spring,TBD Birdwell Lane,,under construction,Opens: 2027-05-01,Under construction · opens 2027-05-01 · software not picked yet,2026-04-17,2027-05-01,,,Big Spring Multifamily #1 LP,(512) 658-9070,,,https://www.tdlr.texas.gov/TABS/Search/Project/TABS2026017966,,,,,Rest of Texas,Upcoming
tx,Avenue A Multifamily,Denton,1234 Avenue A,,under construction,Opens: 2027-05-28,Under construction · opens 2027-05-28 · software not picked yet,2024-11-12,2027-05-28,,,1234 AVE A LLC,(972) 965-2071,,,https://www.tdlr.texas.gov/TABS/Search/Project/TABS2025005363,,,,,Dallas–Fort Worth,Upcoming
tx,Rock Creek Apartments - Phase 2,Fort Worth,SW Brewer Blvd,,under construction,Opens: 2027-05-30,Under construction · opens 2027-05-30 · software not picked yet,2025-01-27,2027-05-30,,,AMFP VI Chisholm Trail II LLC,(212) 203-4964,,,https://www.tdlr.texas.gov/TABS/Search/Project/TABS2025010443,,,,,Dallas–Fort Worth,Upcoming
tx,Inwood Senior Living,Dallas,3700 Inwood Road,,under construction,Opens: 2027-05-31,Under construction · opens 2027-05-31 · software not picked yet,2025-06-30,2027-05-31,,,HARBERT SOUTH BAY,(214) 370-2632,,,https://www.tdlr.texas.gov/TABS/Search/Project/TABS2025022308,,,,,Dallas–Fort Worth,Upcoming
tx,Union Grove Apartments,Lufkin,TBD Union Grove,,under construction,Opens: 2027-06-01,Under construction · opens 2027-06-01 · software not picked yet,2025-09-19,2027-06-01,,,Bruce Love,(936) 631-3110,,,https://www.tdlr.texas.gov/TABS/Search/Project/TABS2026001346,,,,,Rest of Texas,Upcoming
tx,201 Boyett Street Apartments,College Station,201 Boyett St,,under construction,Opens: 2027-06-02,Under construction · opens 2027-06-02 · software not picked yet,2025-01-16,2027-06-02,,,"Parallel, Co",(512) 265-1130,,,https://www.tdlr.texas.gov/TABS/Search/Project/TABS2025009675,,,,,Rest of Texas,Upcoming
tx,The Oaks At Carrell Street Apartments,Tomball,722 Carrell St.,20,under construction,Opens: 2027-06-18,Under construction · opens 2027-06-18 · 20 units · software not picked yet,2025-07-28,2027-06-18,,,OAKS AT CARRELL STREET LLC,(281) 394-1172,,,https://www.tdlr.texas.gov/TABS/Search/Project/TABS2025024549,,,,,Houston,Upcoming
tx,Vistara Lofts,El Paso,12500 Vista Del Sol Drive,120,under construction,Opens: 2027-06-30,Under construction · opens 2027-06-30 · 120 units · software not picked yet,2026-05-19,2027-06-30,,,"Chita, LP",(915) 500-1032,,,https://www.tdlr.texas.gov/TABS/Search/Project/TABS2026020744,,,,,Rest of Texas,Upcoming
tx,Memphis Ave Apartment Complex,Lubbock,1103 N Memphis Ave,,under construction,Opens: 2027-07-01,Under construction · opens 2027-07-01 · software not picked yet,2026-02-06,2027-07-01,,,5G Memphis LLC,(806) 438-9328,,,https://www.tdlr.texas.gov/TABS/Search/Project/TABS2026011968,,,,,Rest of Texas,Upcoming
tx,Jackson Road Multi-family Development,Carrollton,2255 N. Broadway Street,,under construction,Opens: 2027-07-01,Under construction · opens 2027-07-01 · software not picked yet,2025-01-21,2027-07-01,,,NRP Group LLC,(844) 677-0002,,,https://www.tdlr.texas.gov/TABS/Search/Project/TABS2025010005,,,,,Dallas–Fort Worth,Upcoming
tx,Mockingbird Station East Phase 2 Multifamily,Dallas,5399 Twin Sixties Dr,395,under construction,Opens: 2027-07-23,Under construction · opens 2027-07-23 · 395 units · software not picked yet,2025-04-30,2027-07-23,,,Trammell Crow Company,(806) 224-3380,,,https://www.tdlr.texas.gov/TABS/Search/Project/TABS2025017840,,,,,Dallas–Fort Worth,Upcoming
tx,Pine Creek Senior Living,Bastrop,"Lovers Lane, Bastrop, TX 78602",52,under construction,Opens: 2027-07-30,Under construction · opens 2027-07-30 · 52 units · software not picked yet,2025-12-02,2027-07-30,,,"Pine Creek Bastrop, LP",(214) 336-7495,,,https://www.tdlr.texas.gov/TABS/Search/Project/TABS2026007055,,,,,Austin,Upcoming
tx,Collin Creek Multifamily S1,Plano,811 N Central Expressway,,under construction,Opens: 2027-07-30,Under construction · opens 2027-07-30 · software not picked yet,2026-06-19,2027-07-30,,,Centurion American,(469) 892-7200,,,https://www.tdlr.texas.gov/TABS/Search/Project/TABS2026023342,,,,,Rest of Texas,Upcoming
tx,Moontower Flats,Austin,1910 E Martin Luther King Jr Blvd,,under construction,Opens: 2027-07-31,Under construction · opens 2027-07-31 · software not picked yet,2025-06-05,2027-07-31,,,Building/Facility Owner: Texas State Affordable Housing Corporation,(512) 477-3562,,,https://www.tdlr.texas.gov/TABS/Search/Project/TABS2025020604,,,,,Austin,Upcoming
tx,Ferris Casitas Multifamily Apartments,Ferris,361 FM 983,204,under construction,Opens: 2027-08-01,Under construction · opens 2027-08-01 · 204 units · software not picked yet,2025-05-19,2027-08-01,,,"HSM Ferris Casitas, LLC",(214) 208-8299,,,https://www.tdlr.texas.gov/TABS/Search/Project/TABS2025019315,,,,,Dallas–Fort Worth,Upcoming
tx,390-unit project at 2520 N Central Expressway,Richardson,"2520 N Central Expressway, Richardson, TX",390,planned,Zoning approved Jan 2024,Zoning approved Jan 2024 · 390 units · opens ~2027 → software not chosen yet.,,,,,,,,,,,,,,Dallas–Fort Worth,Upcoming
tx,6802 Marbach Lofts,San Antonio,1611 Pinn Road,78,under construction,Opens: 2027-08-01,Under construction · opens 2027-08-01 · 78 units · software not picked yet,2025-11-19,2027-08-01,,,6802 Marbach Lofts Ltd.,(512) 202-9011,,,https://www.tdlr.texas.gov/TABS/Search/Project/TABS2026006304,,,,,San Antonio,Upcoming
tx,Harmon Road Apartments,Fort Worth,1701 E. Harmon Road,,under construction,Opens: 2027-08-01,Under construction · opens 2027-08-01 · software not picked yet,2026-01-14,2027-08-01,,,DD East Harmon LLC,(770) 474-4345,,,https://www.tdlr.texas.gov/TABS/Search/Project/TABS2026010032,,,,,Dallas–Fort Worth,Upcoming
tx,Highway 3 Apartments,Webster,16200 State Highway 3,,under construction,Opens: 2027-08-13,Under construction · opens 2027-08-13 · software not picked yet,2025-04-23,2027-08-13,,,"OHT Dev Holding, LLC",(512) 220-7816,,,https://www.tdlr.texas.gov/TABS/Search/Project/TABS2025017346,,,,,Houston,Upcoming
tx,Gateway West Apartments,Forney,North Gateway Boulevard,,under construction,Opens: 2027-08-25,Under construction · opens 2027-08-25 · software not picked yet,2025-06-04,2027-08-25,,,"Forney Residential XXIII, LP",(214) 360-1831,,,https://www.tdlr.texas.gov/TABS/Search/Project/TABS2025020563,,,,,Dallas–Fort Worth,Upcoming
tx,Oram Apartments,Dallas,6235 Oram St.,,under construction,Opens: 2027-08-30,Under construction · opens 2027-08-30 · software not picked yet,2026-03-31,2027-08-30,,,"2CK O&E, LLC",(972) 975-7126,,,https://www.tdlr.texas.gov/TABS/Search/Project/TABS2026016335,,,,,Dallas–Fort Worth,Upcoming
tx,Prosper Elms Apartments,Prosper,634 N. Teel Parkway,,under construction,Opens: 2027-09-01,Under construction · opens 2027-09-01 · software not picked yet,2025-07-09,2027-09-01,,,FIDELITY NATIONAL TITLE AGENCY INC,(972) 422-2000,,,https://www.tdlr.texas.gov/TABS/Search/Project/TABS2025023098,,,,,Rest of Texas,Upcoming
tx,Balfour Flats Multifamily,Arlington,700 E South Street,99,under construction,Opens: 2027-09-15,Under construction · opens 2027-09-15 · 99 units · software not picked yet,2026-06-04,2027-09-15,,,Balfour Flats Venture LP,(903) 278-7923,,,https://www.tdlr.texas.gov/TABS/Search/Project/TABS2026022106,,,,,Dallas–Fort Worth,Upcoming
tx,Haynes Lofts,San Antonio,9427 SE 410,,under construction,Opens: 2027-09-15,Under construction · opens 2027-09-15 · software not picked yet,2025-03-03,2027-09-15,,,Sabot Development LTD,(512) 565-7509,,,https://www.tdlr.texas.gov/TABS/Search/Project/TABS2025013167,,,,,San Antonio,Upcoming
tx,NRP Village Apartments,Denton,2800 Roselawn Drive,297,under construction,Opens: 2027-09-30,Under construction · opens 2027-09-30 · 297 units · software not picked yet,2025-06-23,2027-09-30,,,RAYZOR INV LTD,(210) 507-0743,,,https://www.tdlr.texas.gov/TABS/Search/Project/TABS2025021863,,,,,Dallas–Fort Worth,Upcoming
tx,Celina Multifamily,Celina,Knox ST and Collin County Outer Loop,272,under construction,Opens: 2027-09-30,Under construction · opens 2027-09-30 · 272 units · software not picked yet,2024-09-06,2027-09-30,,,"Celina Apt Associates, L.L.C.",(330) 664-9430,,,https://www.tdlr.texas.gov/TABS/Search/Project/TABS2025000344,,,,,Rest of Texas,Upcoming
tx,Horizon Estates Apartments,Socorro,975 S. HORIZON BLVD.,,under construction,Opens: 2027-09-30,Under construction · opens 2027-09-30 · software not picked yet,2026-05-12,2027-09-30,,,ARH HORIZON ESTATES LLC,(915) 532-3100,,,https://www.tdlr.texas.gov/TABS/Search/Project/TABS2026020039,,,,,Rest of Texas,Upcoming
tx,Sterlingshire Apartments,Houston,9002 STERLINGSHIRE ST,,permitted,Opens: 2027-10-01,Permitted · opens 2027-10-01 · software not picked yet,2026-05-07,2027-10-01,,,STERLINGSHIRE PRESERVATION LLC,(212) 507-9325,,,https://www.tdlr.texas.gov/TABS/Search/Project/TABS2026019665,,,,,Houston,Upcoming
tx,Polk St Multifamily,Richardson,110 E. Polk Street,281,under construction,Opens: 2027-10-01,Under construction · opens 2027-10-01 · software not picked yet,2025-08-25,2027-10-01,,,DRA Owner LLC,(214) 863-4277,,,https://www.tdlr.texas.gov/TABS/Search/Project/TABS2025026678,,,,,Dallas–Fort Worth,Upcoming
tx,West Centerville Active Senior Living,Garland,505 WEST CENTERVILLE RD,,under construction,Opens: 2027-10-01,Under construction · opens 2027-10-01 · software not picked yet,2025-05-28,2027-10-01,,,M& A DEVELOPMENT,(804) 999-4449,,,https://www.tdlr.texas.gov/TABS/Search/Project/TABS2025019904,,,,,Dallas–Fort Worth,Upcoming
tx,Trinity East Village Senior Apartments,Houston,2611 Saint Charles,,under construction,Opens: 2027-10-31,Under construction · opens 2027-10-31 · software not picked yet,2025-11-04,2027-10-31,,,Trinity East United Methodist Church,(832) 280-7554,,,https://www.tdlr.texas.gov/TABS/Search/Project/TABS2026004985,,,,,Houston,Upcoming
tx,Dessau Apartments,Austin,10701 Dessau Rd,300,under construction,Opens: 2027-11-01,Under construction · opens 2027-11-01 · 300 units · software not picked yet,2025-02-04,2027-11-01,,,"OHT Dessau, LP",(512) 438-9715,,,https://www.tdlr.texas.gov/TABS/Search/Project/TABS2025011047,,,,,Austin,Upcoming
tx,Randol Mill Apartments,Arlington,2601 W Randol Mill Road,,under construction,Opens: 2027-11-01,Under construction · opens 2027-11-01 · software not picked yet,2025-08-13,2027-11-01,,,"OHT Dev Holdings, LLC",(469) 722-4652,,,https://www.tdlr.texas.gov/TABS/Search/Project/TABS2025025810,,,,,Dallas–Fort Worth,Upcoming
tx,Venterra Spring Cypress Apartments,Cypress,16614 Spring Cypress Apartments,384,under construction,Opens: 2027-11-30,Under construction · opens 2027-11-30 · 384 units · software not picked yet,2025-08-11,2027-11-30,,,"VR DEVELOPMENT GP, LLC",(281) 558-8787,,,https://www.tdlr.texas.gov/TABS/Search/Project/TABS2025025553,,,,,Houston,Upcoming
tx,E. MLK Apartment,Austin,4810 E. MLK Blvd,,under construction,Opens: 2027-12-01,Under construction · opens 2027-12-01 · software not picked yet,2026-01-14,2027-12-01,,,2654 Imperial Crossing LLC,(281) 296-2367,,,https://www.tdlr.texas.gov/TABS/Search/Project/TABS2026010049,,,,,Austin,Upcoming
tx,Foxfern I-30 Apartments,Grand Prairie,305 W Interstate Highway 30,,under construction,Opens: 2027-12-01,Under construction · opens 2027-12-01 · software not picked yet,2025-11-20,2027-12-01,,,"Foxfern Holdings, LLC",(214) 729-9042,,,https://www.tdlr.texas.gov/TABS/Search/Project/TABS2026006454,,,,,Dallas–Fort Worth,Upcoming
tx,Foxlake II Apartments,Houston,19615 Park Row Blvd.,,under construction,Opens: 2027-12-01,Under construction · opens 2027-12-01 · software not picked yet,2025-05-28,2027-12-01,,,"OHT Foxlake II, LP",(512) 220-7816,,,https://www.tdlr.texas.gov/TABS/Search/Project/TABS2025019864,,,,,Houston,Upcoming
tx,Lakeside Lofts,San Antonio,5726 US Highway 87 E.,336,under construction,Opens: 2027-12-15,Under construction · opens 2027-12-15 · 336 units · software not picked yet,2025-11-19,2027-12-15,,,Lakeside Lofts Ltd.,(512) 202-9011,,,https://www.tdlr.texas.gov/TABS/Search/Project/TABS2026006319,,,,,San Antonio,Upcoming
tx,Hidalgo Apartments,Dallas,3434 Hidalgo Dr,93,under construction,Opens: 2027-12-31,Under construction · opens 2027-12-31 · 93 units · software not picked yet,2026-04-03,2027-12-31,,,ARHAM LAND HOLDINGS LLC,(469) 980-8532,,,https://www.tdlr.texas.gov/TABS/Search/Project/TABS2026016781,,,,,Dallas–Fort Worth,Upcoming
tx,351-unit project at 4701 W Park Blvd,Plano,"4701 W Park Blvd, Plano, TX",351,planned,Zoning filed Aug 2026,Zoning filed Aug 2026 · 351 units → software not chosen yet.,,,,,,,,,,,,,,Dallas–Fort Worth,Upcoming
tx,Pleasanton Multifamily,San Antonio,1100 Pleasanton Rd,72,under construction,Opens: 2028-01-01,Under construction · opens 2028-01-01 · 72 units · software not picked yet,2026-07-30,2028-01-01,,,"Fierro Enterprises, LLC",(210) 534-4315,,,https://www.tdlr.texas.gov/TABS/Search/Project/TABS2026026577,,,,,San Antonio,Upcoming
tx,Fort Worth Apartments,Fort Worth,3320 Hemphill Street,,under construction,Opens: 2028-01-01,Under construction · opens 2028-01-01 · software not picked yet,2025-09-18,2028-01-01,,,"Fort Worth Residences, LLC",(205) 202-9262,,,https://www.tdlr.texas.gov/TABS/Search/Project/TABS2026001191,,,,,Dallas–Fort Worth,Upcoming
tx,Copperfield Drive Apartments,Bryan,4251 Boonville Road,,under construction,Opens: 2028-01-09,Under construction · opens 2028-01-09 · software not picked yet,2025-12-22,2028-01-09,,,"Adam Development Properties, L.P.",(979) 776-1111,,,https://www.tdlr.texas.gov/TABS/Search/Project/TABS2026008710,,,,,Rest of Texas,Upcoming
tx,Cameron-Yager Multifamily,Manor,4915 E. Yager Lane,336,under construction,Opens: 2028-01-16,Under construction · opens 2028-01-16 · 336 units · software not picked yet,2025-07-22,2028-01-16,,,Cameron Road Apartments Ltd.,(216) 584-0613,,,https://www.tdlr.texas.gov/TABS/Search/Project/TABS2025024076,,,,,Austin,Upcoming
tx,Montrose Multifamily Development Foundation Package,Houston,1005 Westheimer Rd,,under construction,Opens: 2028-01-21,Under construction · opens 2028-01-21 · software not picked yet,2025-04-09,2028-01-21,,,SCD MONTROSE HOUSTON LLC,(917) 438-4500,,,https://www.tdlr.texas.gov/TABS/Search/Project/TABS2025016217,,,,,Houston,Upcoming
tx,Avanti Hills Apartments,Mesquite,2235 East Glen Blvd.,,under construction,Opens: 2028-01-28,Under construction · opens 2028-01-28 · software not picked yet,2025-12-11,2028-01-28,,,KCG Avanti Hills LP,(317) 708-6519,,,https://www.tdlr.texas.gov/TABS/Search/Project/TABS2026007797,,,,,Dallas–Fort Worth,Upcoming
tx,Eden Apartment Building,Garland,325 King Lane,,under construction,Opens: 2028-01-31,Under construction · opens 2028-01-31 · software not picked yet,2025-12-09,2028-01-31,,,Hills and Valleys Properties LLC,(972) 809-8722,,,https://www.tdlr.texas.gov/TABS/Search/Project/TABS2026007598,,,,,Dallas–Fort Worth,Upcoming
tx,Emberstone Apartments,San Antonio,Watson Road,247,under construction,Opens: 2028-02-01,Under construction · opens 2028-02-01 · 247 units · software not picked yet,2025-07-02,2028-02-01,,,Emberstone Apartments LP,(317) 907-3870,,,https://www.tdlr.texas.gov/TABS/Search/Project/TABS2025022601,,,,,San Antonio,Upcoming
tx,5550 LBJ Multifamily - Phase I,Dallas,5550 LBJ Freeway,,under construction,Opens: 2028-02-01,Under construction · opens 2028-02-01 · software not picked yet,2025-11-06,2028-02-01,,,"LBJ Financial JV, LLC",(806) 224-3380,,,https://www.tdlr.texas.gov/TABS/Search/Project/TABS2026005264,,,,,Dallas–Fort Worth,Upcoming
tx,Park Row Apartments,Houston,14192 Park Row Dr.,360,under construction,Opens: 2028-02-15,Under construction · opens 2028-02-15 · 360 units · software not picked yet,2025-10-10,2028-02-15,,,"OHT Park Row, LP",(512) 220-7816,,,https://www.tdlr.texas.gov/TABS/Search/Project/TABS2026003096,,,,,Houston,Upcoming
tx,Dosuns Apartments,Houston,14805 Lindita Drive,,under construction,Opens: 2028-03-10,Under construction · opens 2028-03-10 · software not picked yet,2026-01-19,2028-03-10,,,Dosuns Holding Corporation,(210) 287-9339,,,https://www.tdlr.texas.gov/TABS/Search/Project/TABS2026010419,,,,,Houston,Upcoming
tx,William Cannon Apartments,Austin,FM RD 1625,276,under construction,Opens: 2028-04-01,Under construction · opens 2028-04-01 · 276 units · software not picked yet,2025-10-31,2028-04-01,,,Bradley Carol Ann C Trust,(325) 218-2182,,,https://www.tdlr.texas.gov/TABS/Search/Project/TABS2026004733,,,,,Austin,Upcoming
tx,Floyd Casey Development VM-2 Retail/Apartments,Waco,914 S. Valley Mills Dr.,32,permitted,Opens: 2028-04-01,Permitted · opens 2028-04-01 · 32 units · software not picked yet,2026-08-03,2028-04-01,,,"Floyd Casey-One, LLC",(254) 759-8027,,,https://www.tdlr.texas.gov/TABS/Search/Project/TABS2026026765,,,,,Rest of Texas,Upcoming
tx,Oak Street Family Multi-Family,Granger,401 E Oak Street,,under construction,Opens: 2028-04-01,Under construction · opens 2028-04-01 · software not picked yet,2026-03-26,2028-04-01,,,Hyo Sop Kim,(512) 565-0980,,,https://www.tdlr.texas.gov/TABS/Search/Project/TABS2026015953,,,,,Austin,Upcoming
tx,Maple Lofts,Grand Prairie,2422 Graham Street,65,permitted,Opens: 2028-04-27,Permitted · opens 2028-04-27 · 65 units · software not picked yet,2026-09-17,2028-04-27,,,"KCG Maple Lofts, LP",(317) 708-6519,,,https://www.tdlr.texas.gov/TABS/Search/Project/TABS2027001346,,,,,Dallas–Fort Worth,Upcoming
tx,Terrell Apartments,Terrell,1010 Rose Hill Rd,350,under construction,Opens: 2028-05-01,Under construction · opens 2028-05-01 · 350 units · software not picked yet,2026-01-13,2028-05-01,,,"Terrell Leased Housing Associates I, LP",(214) 971-8747,,,https://www.tdlr.texas.gov/TABS/Search/Project/TABS2026009904,,,,,Dallas–Fort Worth,Upcoming
tx,19th Street Apartments,Lubbock,2615 19th Street,,under construction,Opens: 2028-06-01,Under construction · opens 2028-06-01 · software not picked yet,2025-12-19,2028-06-01,,,PINECREST 2601/2615 19TH LLC,(646) 385-3169,,,https://www.tdlr.texas.gov/TABS/Search/Project/TABS2026008632,,,,,Rest of Texas,Upcoming
tx,St. Regis Residences,Houston,102 Asbury Street,,under construction,Opens: 2028-06-02,Under construction · opens 2028-06-02 · software not picked yet,2025-12-09,2028-06-02,,,"SR Luxury Condominium, LTD",(832) 795-7205,,,https://www.tdlr.texas.gov/TABS/Search/Project/TABS2026007491,,,,,Houston,Upcoming
tx,Brickstone Flats,San Antonio,9003 Somerset Road,290,under construction,Opens: 2028-06-30,Under construction · opens 2028-06-30 · 290 units · software not picked yet,2026-02-12,2028-06-30,,,Brickstone Flats LP,(317) 846-3111,,,https://www.tdlr.texas.gov/TABS/Search/Project/TABS2026012493,,,,,San Antonio,Upcoming
tx,Tezel Road Apartments,San Antonio,5590 Tezel Road,78,under construction,Opens: 2028-06-30,Under construction · opens 2028-06-30 · 78 units · software not picked yet,2026-03-18,2028-06-30,,,Tezel Road Apartments Ltd.,(512) 202-9011,,,https://www.tdlr.texas.gov/TABS/Search/Project/TABS2026015360,,,,,San Antonio,Upcoming
tx,N. Elm Multi-Family,Denton,3301 N. Elm,67,under construction,Opens: 2028-06-30,Under construction · opens 2028-06-30 · 67 units · software not picked yet,2025-09-02,2028-06-30,,,SY3M LLC,(214) 228-5338,,,https://www.tdlr.texas.gov/TABS/Search/Project/TABS2026000110,,,,,Dallas–Fort Worth,Upcoming
tx,NRP 301 Lofts,San Antonio,13388 W. US Highway 90,,permitted,Opens: 2028-07-01,Permitted · opens 2028-07-01 · software not picked yet,2026-05-11,2028-07-01,,,301 Lofts Ltd.,(844) 677-0002,,,https://www.tdlr.texas.gov/TABS/Search/Project/TABS2026019962,,,,,San Antonio,Upcoming
tx,The Lofts at Allen Ridge Phase II,Abilene,North Judge Ely Blvd,,permitted,Opens: 2028-07-02,Permitted · opens 2028-07-02 · software not picked yet,2026-07-13,2028-07-02,,,Abilene Christian University,(325) 518-6615,,,https://www.tdlr.texas.gov/TABS/Search/Project/TABS2026025156,,,,,Rest of Texas,Upcoming
tx,Sonrisa Village Apartments,Brownsville,5000 Bowie Road,324,permitted,Opens: 2028-07-17,Permitted · opens 2028-07-17 · 324 units · software not picked yet,2026-09-14,2028-07-17,,,Luis Torres,(956) 579-3471,,,https://www.tdlr.texas.gov/TABS/Search/Project/TABS2027000986,,,,,Rest of Texas,Upcoming
tx,Fairmont Residences,Houston,2585 W. Tidwell,204,under construction,Opens: 2028-07-31,Under construction · opens 2028-07-31 · 204 units · software not picked yet,2026-06-24,2028-07-31,,,Tidwell 5 Dev LLC,(281) 221-2699,,,https://www.tdlr.texas.gov/TABS/Search/Project/TABS2026023711,,,,,Houston,Upcoming
tx,Prairie Lakes Multifamily,Bula,5081 FM 2001,,under construction,Opens: 2028-07-31,Under construction · opens 2028-07-31 · software not picked yet,2025-04-23,2028-07-31,,,"Continental Homes of Texas, LP",(972) 822-4848,,,https://www.tdlr.texas.gov/TABS/Search/Project/TABS2025017372,,,,,Rest of Texas,Upcoming
tx,Quarry Oaks Apartments,Austin,10911 Stonelake Boulevard,,under construction,Opens: 2028-09-01,Under construction · opens 2028-09-01 · software not picked yet,2026-04-29,2028-09-01,,,"10911 Stonelake, LP",(512) 638-2139,,,https://www.tdlr.texas.gov/TABS/Search/Project/TABS2026018898,,,,,Austin,Upcoming
tx,Gateway Multifamily East,Grand Prairie,1800 IH 30 Hwy,177,permitted,Opens: 2028-10-01,Permitted · opens 2028-10-01 · 177 units · software not picked yet,2026-03-18,2028-10-01,,,GRTP LTD,(214) 559-0091,,,https://www.tdlr.texas.gov/TABS/Search/Project/TABS2026015283,,,,,Dallas–Fort Worth,Upcoming
tx,Patricia On Arbor Apartments,Houston,2008 & 2014 Arbor Street,24,permitted,Opens: 2028-10-01,Permitted · opens 2028-10-01 · 24 units · software not picked yet,2026-04-09,2028-10-01,,,Arbor Development Company LLC,(713) 302-4438,,,https://www.tdlr.texas.gov/TABS/Search/Project/TABS2026017265,,,,,Houston,Upcoming
tx,Center St Multifamily East,Houston,3616 center st,172,under construction,Opens: 2028-10-02,Under construction · opens 2028-10-02 · 172 units · software not picked yet,2026-04-03,2028-10-02,,,"Center St Owner (TX), LP",(512) 657-3433,,,https://www.tdlr.texas.gov/TABS/Search/Project/TABS2026016802,,,,,Houston,Upcoming
tx,Camp Wisdom Senior Living,Dallas,1431 W Camp Wisdom Road,,permitted,Opens: 2028-10-16,Permitted · opens 2028-10-16 · software not picked yet,2026-06-02,2028-10-16,,,"Texaz Perceptions Partners, LTD",(214) 739-5553,,,https://www.tdlr.texas.gov/TABS/Search/Project/TABS2026021731,,,,,Dallas–Fort Worth,Upcoming
tx,Oak Springs Apartments,Austin,2900 Oak Springs,,under construction,Opens: 2028-10-31,Under construction · opens 2028-10-31 · software not picked yet,2025-12-15,2028-10-31,,,2900 Oak Springs Horizontal Investors LP,(512) 774-4750,,,https://www.tdlr.texas.gov/TABS/Search/Project/TABS2026007992,,,,,Austin,Upcoming
tx,"Lake Forest Senior Living, LLC",Mckinney,4656 W UNIVERSITY DR,222,permitted,Opens: 2028-11-01,Permitted · opens 2028-11-01 · 222 units · software not picked yet,2026-09-15,2028-11-01,,,KAYASA HOLDINGS LLC,(817) 233-1121,,,https://www.tdlr.texas.gov/TABS/Search/Project/TABS2027001111,,,,,Dallas–Fort Worth,Upcoming
tx,Franklin Branch Apartments,Mckinney,3565 FM 1461,,permitted,Opens: 2028-11-04,Permitted · opens 2028-11-04 · software not picked yet,2026-07-16,2028-11-04,,,Franklin Branch Apartments Ltd.,(512) 202-9011,,,https://www.tdlr.texas.gov/TABS/Search/Project/TABS2026025468,,,,,Dallas–Fort Worth,Upcoming
tx,360-unit project in downtown Plano,Plano,,360,planned,Site plan approved,Site plan approved · 360 units → software not chosen yet.,,,,,,,,,,,,,,Dallas–Fort Worth,Upcoming
tx,Legacy Arapaho,Richardson,"250 E Arapaho Road, Richardson, TX 75081",443,planned,Permit issued Jun 2026,Permit issued Jun 2026 · 443 units · opens ~2028 → software not chosen yet.,,,,,,,,,,,,,,Dallas–Fort Worth,Upcoming
tx,Durango Apartments,San Antonio,427 S Presa St,,permitted,Opens: 2028-12-31,Permitted · opens 2028-12-31 · software not picked yet,2026-07-10,2028-12-31,,,"Durango Owner, LLC",(609) 634-3332,,,https://www.tdlr.texas.gov/TABS/Search/Project/TABS2026024986,,,,,San Antonio,Upcoming
tx,The Apperson Apartments,Dallas,1431 Apple Street,,permitted,Opens: 2029-01-31,Permitted · opens 2029-01-31 · software not picked yet,2026-06-22,2029-01-31,,,Apple Caddo MF Venture LP,(903) 278-7923,,,https://www.tdlr.texas.gov/TABS/Search/Project/TABS2026023464,,,,,Dallas–Fort Worth,Upcoming
tx,South Lamar Multifamily,Austin,2700 South Lamar Boulevard,399,under construction,Opens: 2029-02-01,Under construction · opens 2029-02-01 · 399 units · software not picked yet,2025-04-16,2029-02-01,,,"Seamless LMA, Ltd",8-773-367-2410,,,https://www.tdlr.texas.gov/TABS/Search/Project/TABS2025016806,,,,,Austin,Upcoming
tx,The Klein Residences,New Braunfels,Sophie Lane,,permitted,Opens: 2029-06-01,Permitted · opens 2029-06-01 · software not picked yet,2026-07-06,2029-06-01,,,Solms Residences LLC,(773) 682-4343,,,https://www.tdlr.texas.gov/TABS/Search/Project/TABS2026024527,,,,,San Antonio,Upcoming
tx,Greenbriar Residences,Houston,5610 Greenbriar,,permitted,Opens: 2029-09-15,Permitted · opens 2029-09-15 · software not picked yet,2026-09-11,2029-09-15,,,Chaucer Eat LLC,(713) 348-6115,,,https://www.tdlr.texas.gov/TABS/Search/Project/TABS2027000841,,,,,Houston,Upcoming
tx,333 W 24Th St,HOUSTON,333 W 24TH ST,,under construction,Opens: not public yet,Under construction · opens: not public yet · software not picked yet,,,,,,,,,https://download.hcad.org/data/CAMA/2026/Real_acct_owner.zip,,,,,Houston,Upcoming
tx,401 N Allen-Genoa Rd 81,SOUTH HOUSTON,401 N ALLEN-GENOA RD 81,,under construction,Opens: not public yet,Under construction · opens: not public yet · software not picked yet,,,,,,,,,https://download.hcad.org/data/CAMA/2026/Real_acct_owner.zip,,,,,Houston,Upcoming
tx,2434 Lidstone St 32,HOUSTON,2434 LIDSTONE ST 32,,under construction,Opens: not public yet,Under construction · opens: not public yet · software not picked yet,,,,,,,,,https://download.hcad.org/data/CAMA/2026/Real_acct_owner.zip,,,,,Houston,Upcoming
tx,2826 Shaver St 68,PASADENA,2826 SHAVER ST 68,,under construction,Opens: not public yet,Under construction · opens: not public yet · software not picked yet,,,,,,,,,https://download.hcad.org/data/CAMA/2026/Real_acct_owner.zip,,,,,Houston,Upcoming
tx,1730 Sunset Blvd,HOUSTON,1730 SUNSET BLVD,,under construction,Opens: not public yet,Under construction · opens: not public yet · software not picked yet,,,,,,,,,https://download.hcad.org/data/CAMA/2026/Real_acct_owner.zip,,,,,Houston,Upcoming
tx,1315 Nasa Rd 1 490,HOUSTON,1315 NASA RD 1 490,,under construction,Opens: not public yet,Under construction · opens: not public yet · software not picked yet,,,,,,,,,https://download.hcad.org/data/CAMA/2026/Real_acct_owner.zip,,,,,Houston,Upcoming
tx,12550 J F K 162,HOUSTON,12550 J F K 162,,under construction,Opens: not public yet,Under construction · opens: not public yet · software not picked yet,,,,,,,,,https://download.hcad.org/data/CAMA/2026/Real_acct_owner.zip,,,,,Houston,Upcoming
tx,12425 John F Kennedy Blvd 72,HOUSTON,12425 JOHN F KENNEDY BLVD 72,,under construction,Opens: not public yet,Under construction · opens: not public yet · software not picked yet,,,,,,,,,https://download.hcad.org/data/CAMA/2026/Real_acct_owner.zip,,,,,Houston,Upcoming
tx,12121 Greenspoint Mall 325,HOUSTON,12121 GREENSPOINT MALL 325,,under construction,Opens: not public yet,Under construction · opens: not public yet · software not picked yet,,,,,,,,,https://download.hcad.org/data/CAMA/2026/Real_acct_owner.zip,,,,,Houston,Upcoming
tx,2323 W Bay Area Blvd 320,WEBSTER,2323 W BAY AREA BLVD 320,,under construction,Opens: not public yet,Under construction · opens: not public yet · software not picked yet,,,,,,,,,https://download.hcad.org/data/CAMA/2026/Real_acct_owner.zip,,,,,Houston,Upcoming
tx,550 Westlake Park Blvd 311,HOUSTON,550 WESTLAKE PARK BLVD 311,,under construction,Opens: not public yet,Under construction · opens: not public yet · software not picked yet,,,,,,,,,https://download.hcad.org/data/CAMA/2026/Real_acct_owner.zip,,,,,Houston,Upcoming
tx,695 Pineloch Dr 712,WEBSTER,695 PINELOCH DR 712,,under construction,Opens: not public yet,Under construction · opens: not public yet · software not picked yet,,,,,,,,,https://download.hcad.org/data/CAMA/2026/Real_acct_owner.zip,,,,,Houston,Upcoming
tx,810 Peakwood Dr 82,HOUSTON,810 PEAKWOOD DR 82,,under construction,Opens: not public yet,Under construction · opens: not public yet · software not picked yet,,,,,,,,,https://download.hcad.org/data/CAMA/2026/Real_acct_owner.zip,,,,,Houston,Upcoming
tx,10919 West Rd 216,HOUSTON,10919 WEST RD 216,,under construction,Opens: not public yet,Under construction · opens: not public yet · software not picked yet,,,,,,,,,https://download.hcad.org/data/CAMA/2026/Real_acct_owner.zip,,,,,Houston,Upcoming
tx,5045 Burke Rd 200,PASADENA,5045 BURKE RD 200,,under construction,Opens: not public yet,Under construction · opens: not public yet · software not picked yet,,,,,,,,,https://download.hcad.org/data/CAMA/2026/Real_acct_owner.zip,,,,,Houston,Upcoming
tx,14603 Fonmeadow St 250,HOUSTON,14603 FONMEADOW ST 250,,under construction,Opens: not public yet,Under construction · opens: not public yet · software not picked yet,,,,,,,,,https://download.hcad.org/data/CAMA/2026/Real_acct_owner.zip,,,,,Houston,Upcoming
tx,1717 Bissonnet St 134,HOUSTON,1717 BISSONNET ST 134,,under construction,Opens: not public yet,Under construction · opens: not public yet · software not picked yet,,,,,,,,,https://download.hcad.org/data/CAMA/2026/Real_acct_owner.zip,,,,,Houston,Upcoming
tx,21077 Kingsland Blvd 300,KATY,21077 KINGSLAND BLVD 300,,under construction,Opens: not public yet,Under construction · opens: not public yet · software not picked yet,,,,,,,,,https://download.hcad.org/data/CAMA/2026/Real_acct_owner.zip,,,,,Houston,Upcoming
tx,304-unit project at Spring Creek Pkwy & K Ave,Plano,"North side of Spring Creek Pkwy, 375 ft east of K Ave, Plano, TX",304,planned,Zoning filed Jul 2026,Zoning filed Jul 2026 · 304 units → software not chosen yet.,,,,,,,,,,,,,,Dallas–Fort Worth,Upcoming
tx,24922 Katy Ranch Rd,KATY,24922 KATY RANCH RD,,under construction,Opens: not public yet,Under construction · opens: not public yet · software not picked yet,,,,,,,,,https://download.hcad.org/data/CAMA/2026/Real_acct_owner.zip,,,,,Houston,Upcoming
tx,9302 Fry Rd 351,CYPRESS,9302 FRY RD 351,,under construction,Opens: not public yet,Under construction · opens: not public yet · software not picked yet,,,,,,,,,https://download.hcad.org/data/CAMA/2026/Real_acct_owner.zip,,,,,Houston,Upcoming
tx,18300 Marvelous Pl 378,CYPRESS,18300 MARVELOUS PL 378,,under construction,Opens: not public yet,Under construction · opens: not public yet · software not picked yet,,,,,,,,,https://download.hcad.org/data/CAMA/2026/Real_acct_owner.zip,,,,,Houston,Upcoming
tx,3360 Mccue Rd 183,HOUSTON,3360 MCCUE RD 183,,under construction,Opens: not public yet,Under construction · opens: not public yet · software not picked yet,,,,,,,,,https://download.hcad.org/data/CAMA/2026/Real_acct_owner.zip,,,,,Houston,Upcoming
tx,6518 Kings Glen Dr,HUMBLE,6518 KINGS GLEN DR,,under construction,Opens: not public yet,Under construction · opens: not public yet · software not picked yet,,,,,,,,,https://download.hcad.org/data/CAMA/2026/Real_acct_owner.zip,,,,,Houston,Upcoming
tx,5010 Longmont Dr,HOUSTON,5010 LONGMONT DR,,under construction,Opens: not public yet,Under construction · opens: not public yet · software not picked yet,,,,,,,,,https://download.hcad.org/data/CAMA/2026/Real_acct_owner.zip,,,,,Houston,Upcoming
tx,2240 Mimosa St,HOUSTON,2240 MIMOSA ST,,under construction,Opens: not public yet,Under construction · opens: not public yet · software not picked yet,,,,,,,,,https://download.hcad.org/data/CAMA/2026/Real_acct_owner.zip,,,,,Houston,Upcoming
tx,4343 Woodhead St 303,HOUSTON,4343 WOODHEAD ST 303,,under construction,Opens: not public yet,Under construction · opens: not public yet · software not picked yet,,,,,,,,,https://download.hcad.org/data/CAMA/2026/Real_acct_owner.zip,,,,,Houston,Upcoming
tx,1505 Oliver St,HOUSTON,1505 OLIVER ST,,under construction,Opens: not public yet,Under construction · opens: not public yet · software not picked yet,,,,,,,,,https://download.hcad.org/data/CAMA/2026/Real_acct_owner.zip,,,,,Houston,Upcoming
tx,2511 Willowick Rd 326,HOUSTON,2511 WILLOWICK RD 326,,under construction,Opens: not public yet,Under construction · opens: not public yet · software not picked yet,,,,,,,,,https://download.hcad.org/data/CAMA/2026/Real_acct_owner.zip,,,,,Houston,Upcoming
tx,14701 Vintage Preserve Pky,HOUSTON,14701 VINTAGE PRESERVE PKY,,under construction,Opens: not public yet,Under construction · opens: not public yet · software not picked yet,,,,,,,,,https://download.hcad.org/data/CAMA/2026/Real_acct_owner.zip,,,,,Houston,Upcoming
tx,2315 Navigation Blvd 341,HOUSTON,2315 NAVIGATION BLVD 341,,under construction,Opens: not public yet,Under construction · opens: not public yet · software not picked yet,,,,,,,,,https://download.hcad.org/data/CAMA/2026/Real_acct_owner.zip,,,,,Houston,Upcoming
tx,4514 Lyons Ave 85,HOUSTON,4514 LYONS AVE 85,,under construction,Opens: not public yet,Under construction · opens: not public yet · software not picked yet,,,,,,,,,https://download.hcad.org/data/CAMA/2026/Real_acct_owner.zip,,,,,Houston,Upcoming
tx,2825 W 11Th St 293,HOUSTON,2825 W 11TH ST 293,,under construction,Opens: not public yet,Under construction · opens: not public yet · software not picked yet,,,,,,,,,https://download.hcad.org/data/CAMA/2026/Real_acct_owner.zip,,,,,Houston,Upcoming
tx,9150 Blackhawk Blvd,HOUSTON,9150 BLACKHAWK BLVD,,under construction,Opens: not public yet,Under construction · opens: not public yet · software not picked yet,,,,,,,,,https://download.hcad.org/data/CAMA/2026/Real_acct_owner.zip,,,,,Houston,Upcoming
tx,4014 Clarblak Ln 125,HOUSTON,4014 CLARBLAK LN 125,,under construction,Opens: not public yet,Under construction · opens: not public yet · software not picked yet,,,,,,,,,https://download.hcad.org/data/CAMA/2026/Real_acct_owner.zip,,,,,Houston,Upcoming
tx,2623 Keene St 304,HOUSTON,2623 KEENE ST 304,,under construction,Opens: not public yet,Under construction · opens: not public yet · software not picked yet,,,,,,,,,https://download.hcad.org/data/CAMA/2026/Real_acct_owner.zip,,,,,Houston,Upcoming
tx,21751 Cimarron Pky 112,KATY,21751 CIMARRON PKY 112,,under construction,Opens: not public yet,Under construction · opens: not public yet · software not picked yet,,,,,,,,,https://download.hcad.org/data/CAMA/2026/Real_acct_owner.zip,,,,,Houston,Upcoming
tx,707 Marston Dr,HOUSTON,707 MARSTON DR,,under construction,Opens: not public yet,Under construction · opens: not public yet · software not picked yet,,,,,,,,,https://download.hcad.org/data/CAMA/2026/Real_acct_owner.zip,,,,,Houston,Upcoming
tx,18430 Morton Rd,HOUSTON,18430 MORTON RD,,under construction,Opens: not public yet,Under construction · opens: not public yet · software not picked yet,,,,,,,,,https://download.hcad.org/data/CAMA/2026/Real_acct_owner.zip,,,,,Houston,Upcoming
tx,1520 Oliver St,HOUSTON,1520 OLIVER ST,,under construction,Opens: not public yet,Under construction · opens: not public yet · software not picked yet,,,,,,,,,https://download.hcad.org/data/CAMA/2026/Real_acct_owner.zip,,,,,Houston,Upcoming
tx,170 Malone St,HOUSTON,170 MALONE ST,,under construction,Opens: not public yet,Under construction · opens: not public yet · software not picked yet,,,,,,,,,https://download.hcad.org/data/CAMA/2026/Real_acct_owner.zip,,,,,Houston,Upcoming
tx,3001 W 11Th St 371,HOUSTON,3001 W 11TH ST 371,,under construction,Opens: not public yet,Under construction · opens: not public yet · software not picked yet,,,,,,,,,https://download.hcad.org/data/CAMA/2026/Real_acct_owner.zip,,,,,Houston,Upcoming
tx,1010 Waugh Dr,HOUSTON,1010 WAUGH DR,,under construction,Opens: not public yet,Under construction · opens: not public yet · software not picked yet,,,,,,,,,https://download.hcad.org/data/CAMA/2026/Real_acct_owner.zip,,,,,Houston,Upcoming
tx,24720 Morton Ranch Rd 348,KATY,24720 MORTON RANCH RD 348,,under construction,Opens: not public yet,Under construction · opens: not public yet · software not picked yet,,,,,,,,,https://download.hcad.org/data/CAMA/2026/Real_acct_owner.zip,,,,,Houston,Upcoming
tx,1617 Enid St 378,HOUSTON,1617 ENID ST 378,,under construction,Opens: not public yet,Under construction · opens: not public yet · software not picked yet,,,,,,,,,https://download.hcad.org/data/CAMA/2026/Real_acct_owner.zip,,,,,Houston,Upcoming
tx,16717 Westpark Dr 341,HOUSTON,16717 WESTPARK DR 341,,under construction,Opens: not public yet,Under construction · opens: not public yet · software not picked yet,,,,,,,,,https://download.hcad.org/data/CAMA/2026/Real_acct_owner.zip,,,,,Houston,Upcoming
tx,12700 Greenhouse Rd 330,CYPRESS,12700 GREENHOUSE RD 330,,under construction,Opens: not public yet,Under construction · opens: not public yet · software not picked yet,,,,,,,,,https://download.hcad.org/data/CAMA/2026/Real_acct_owner.zip,,,,,Houston,Upcoming
tx,4854 Greenhouse Rd 180,HOUSTON,4854 GREENHOUSE RD 180,,under construction,Opens: not public yet,Under construction · opens: not public yet · software not picked yet,,,,,,,,,https://download.hcad.org/data/CAMA/2026/Real_acct_owner.zip,,,,,Houston,Upcoming
tx,5614 Larkin St,HOUSTON,5614 LARKIN ST,,under construction,Opens: not public yet,Under construction · opens: not public yet · software not picked yet,,,,,,,,,https://download.hcad.org/data/CAMA/2026/Real_acct_owner.zip,,,,,Houston,Upcoming
tx,8 Asbury Place Ln 217,HOUSTON,8 ASBURY PLACE LN 217,,under construction,Opens: not public yet,Under construction · opens: not public yet · software not picked yet,,,,,,,,,https://download.hcad.org/data/CAMA/2026/Real_acct_owner.zip,,,,,Houston,Upcoming
tx,1938 Knoll St 40,HOUSTON,1938 KNOLL ST 40,,under construction,Opens: not public yet,Under construction · opens: not public yet · software not picked yet,,,,,,,,,https://download.hcad.org/data/CAMA/2026/Real_acct_owner.zip,,,,,Houston,Upcoming
tx,9250 Blackhawk Blvd,HOUSTON,9250 BLACKHAWK BLVD,,under construction,Opens: not public yet,Under construction · opens: not public yet · software not picked yet,,,,,,,,,https://download.hcad.org/data/CAMA/2026/Real_acct_owner.zip,,,,,Houston,Upcoming
tx,17322 N Eldridge Pky,TOMBALL,17322 N ELDRIDGE PKY,,under construction,Opens: not public yet,Under construction · opens: not public yet · software not picked yet,,,,,,,,,https://download.hcad.org/data/CAMA/2026/Real_acct_owner.zip,,,,,Houston,Upcoming
tx,19939 Longenbough Rd 266,CYPRESS,19939 LONGENBOUGH RD 266,,under construction,Opens: not public yet,Under construction · opens: not public yet · software not picked yet,,,,,,,,,https://download.hcad.org/data/CAMA/2026/Real_acct_owner.zip,,,,,Houston,Upcoming
tx,15960 Kuykendahl Rd 72,HOUSTON,15960 KUYKENDAHL RD 72,,under construction,Opens: not public yet,Under construction · opens: not public yet · software not picked yet,,,,,,,,,https://download.hcad.org/data/CAMA/2026/Real_acct_owner.zip,,,,,Houston,Upcoming
tx,17013 Becker Rd,HOCKLEY,17013 BECKER RD,,under construction,Opens: not public yet,Under construction · opens: not public yet · software not picked yet,,,,,,,,,https://download.hcad.org/data/CAMA/2026/Real_acct_owner.zip,,,,,Rest of Texas,Upcoming
tx,17011 W Little York Rd,HOUSTON,17011 W LITTLE YORK RD,,under construction,Opens: not public yet,Under construction · opens: not public yet · software not picked yet,,,,,,,,,https://download.hcad.org/data/CAMA/2026/Real_acct_owner.zip,,,,,Houston,Upcoming
tx,3917 Anderson Rd,HOUSTON,3917 ANDERSON RD,,under construction,Opens: not public yet,Under construction · opens: not public yet · software not picked yet,,,,,,,,,https://download.hcad.org/data/CAMA/2026/Real_acct_owner.zip,,,,,Houston,Upcoming
tx,510 Branard St,HOUSTON,510 BRANARD ST,,under construction,Opens: not public yet,Under construction · opens: not public yet · software not picked yet,,,,,,,,,https://download.hcad.org/data/CAMA/2026/Real_acct_owner.zip,,,,,Houston,Upcoming
tx,13910 Brown-Hufsmith Rd,TOMBALL,13910 BROWN-HUFSMITH RD,,under construction,Opens: not public yet,Under construction · opens: not public yet · software not picked yet,,,,,,,,,https://download.hcad.org/data/CAMA/2026/Real_acct_owner.zip,,,,,Houston,Upcoming
tx,4315 Fry Rd,KATY,4315 FRY RD,,under construction,Opens: not public yet,Under construction · opens: not public yet · software not picked yet,,,,,,,,,https://download.hcad.org/data/CAMA/2026/Real_acct_owner.zip,,,,,Houston,Upcoming
tx,2421 Spring Stuebner Rd 318,SPRING,2421 SPRING STUEBNER RD 318,,under construction,Opens: not public yet,Under construction · opens: not public yet · software not picked yet,,,,,,,,,https://download.hcad.org/data/CAMA/2026/Real_acct_owner.zip,,,,,Houston,Upcoming
tx,21901 Gosling Rd,SPRING,21901 GOSLING RD,,under construction,Opens: not public yet,Under construction · opens: not public yet · software not picked yet,,,,,,,,,https://download.hcad.org/data/CAMA/2026/Real_acct_owner.zip,,,,,Houston,Upcoming
tx,23030 Cunningham Falls Trl 370,KATY,23030 CUNNINGHAM FALLS TRL 370,,under construction,Opens: not public yet,Under construction · opens: not public yet · software not picked yet,,,,,,,,,https://download.hcad.org/data/CAMA/2026/Real_acct_owner.zip,,,,,Houston,Upcoming
tx,The Caroline Eastside,Richardson,"1735 N. Greenville Ave, Richardson, TX",384,planned,Under construction,Under construction · 384 units → software not chosen yet.,,,,,,,,,,,,,,Dallas–Fort Worth,Upcoming
tx,23933 Kingsland Blvd 298,KATY,23933 KINGSLAND BLVD 298,,under construction,Opens: not public yet,Under construction · opens: not public yet · software not picked yet,,,,,,,,,https://download.hcad.org/data/CAMA/2026/Real_acct_owner.zip,,,,,Houston,Upcoming
tx,10300 Spring Cypress Rd 330,TOMBALL,10300 SPRING CYPRESS RD 330,,under construction,Opens: not public yet,Under construction · opens: not public yet · software not picked yet,,,,,,,,,https://download.hcad.org/data/CAMA/2026/Real_acct_owner.zip,,,,,Houston,Upcoming
tx,11305 Grant Rd 339,CYPRESS,11305 GRANT RD 339,,under construction,Opens: not public yet,Under construction · opens: not public yet · software not picked yet,,,,,,,,,https://download.hcad.org/data/CAMA/2026/Real_acct_owner.zip,,,,,Houston,Upcoming
tx,20710 Imperial Valley Dr 98,HOUSTON,20710 IMPERIAL VALLEY DR 98,,under construction,Opens: not public yet,Under construction · opens: not public yet · software not picked yet,,,,,,,,,https://download.hcad.org/data/CAMA/2026/Real_acct_owner.zip,,,,,Houston,Upcoming
tx,3740 Barker Cypress Rd 314,HOUSTON,3740 BARKER CYPRESS RD 314,,under construction,Opens: not public yet,Under construction · opens: not public yet · software not picked yet,,,,,,,,,https://download.hcad.org/data/CAMA/2026/Real_acct_owner.zip,,,,,Houston,Upcoming
tx,2213 Millstone Dr 176,HOUSTON,2213 MILLSTONE DR 176,,under construction,Opens: not public yet,Under construction · opens: not public yet · software not picked yet,,,,,,,,,https://download.hcad.org/data/CAMA/2026/Real_acct_owner.zip,,,,,Houston,Upcoming
tx,605 Hunt Rd 203,BAYTOWN,605 HUNT RD 203,,under construction,Opens: not public yet,Under construction · opens: not public yet · software not picked yet,,,,,,,,,https://download.hcad.org/data/CAMA/2026/Real_acct_owner.zip,,,,,Houston,Upcoming
tx,17935 Hunters Terrace Dr 288,HUMBLE,17935 HUNTERS TERRACE DR 288,,under construction,Opens: not public yet,Under construction · opens: not public yet · software not picked yet,,,,,,,,,https://download.hcad.org/data/CAMA/2026/Real_acct_owner.zip,,,,,Houston,Upcoming
tx,2311 Westheimer Rd 209,HOUSTON,2311 WESTHEIMER RD 209,,under construction,Opens: not public yet,Under construction · opens: not public yet · software not picked yet,,,,,,,,,https://download.hcad.org/data/CAMA/2026/Real_acct_owner.zip,,,,,Houston,Upcoming
tx,1111 W 23Rd St,HOUSTON,1111 W 23RD ST,,under construction,Opens: not public yet,Under construction · opens: not public yet · software not picked yet,,,,,,,,,https://download.hcad.org/data/CAMA/2026/Real_acct_owner.zip,,,,,Houston,Upcoming
tx,5501 La Branch St,HOUSTON,5501 LA BRANCH ST,,under construction,Opens: not public yet,Under construction · opens: not public yet · software not picked yet,,,,,,,,,https://download.hcad.org/data/CAMA/2026/Real_acct_owner.zip,,,,,Houston,Upcoming
tx,Reserve At Mayfield,Arlington,"1950 MAYFIELD RD, ARLINGTON",220,permitted,Opens: not public yet,Permitted · opens: not public yet · 220 units · software not picked yet,2024-09-30,,,,,,,,https://www.tad.org/content/data-download/2025CommPermits.zip,,,,,Dallas–Fort Worth,Upcoming
tx,The Mark,Arlington,"3701 MLK JR DR, ARLINGTON",317,permitted,Opens: not public yet,Permitted · opens: not public yet · 317 units · software not picked yet,2024-10-02,,,,,,,,https://www.tad.org/content/data-download/2025CommPermits.zip,,,,,Dallas–Fort Worth,Upcoming
tx,Woodcrest Apartments,Arlington,"500 WOODCREST LN, ARLINGTON",88,permitted,Opens: not public yet,Permitted · opens: not public yet · 88 units · software not picked yet,2024-10-02,,,,,,,,https://www.tad.org/content/data-download/2025CommPermits.zip,,,,,Dallas–Fort Worth,Upcoming
tx,The Carmen,Fort Worth,"9200 N NORMANDALE ST, FORT WORTH",264,permitted,Opens: not public yet,Permitted · opens: not public yet · 264 units · software not picked yet,2024-10-07,,,,,,,,https://www.tad.org/content/data-download/2025CommPermits.zip,,,,,Dallas–Fort Worth,Upcoming
tx,Lydle Ridge Apts,Arlington,"2301 LITTLE RD, ARLINGTON",59,permitted,Opens: not public yet,Permitted · opens: not public yet · 59 units · software not picked yet,2024-10-07,,,,,,,,https://www.tad.org/content/data-download/2025CommPermits.zip,,,,,Dallas–Fort Worth,Upcoming
tx,Brookdale Mansfield,Mansfield,"1771 COUNTRY CLUB DR, MANSFIELD",58,permitted,Opens: not public yet,Permitted · opens: not public yet · 58 units · software not picked yet,2024-10-07,,,,,,,,https://www.tad.org/content/data-download/2025CommPermits.zip,,,,,Dallas–Fort Worth,Upcoming
tx,The Manchester,Euless,"100 MANCHESTER DR, EULESS",384,permitted,Opens: not public yet,Permitted · opens: not public yet · 384 units · software not picked yet,2024-10-08,,,,,,,,https://www.tad.org/content/data-download/2025CommPermits.zip,,,,,Dallas–Fort Worth,Upcoming
tx,Three60 North Apts,Grand Prairie,"1450 N STATE HWY 360, GRAND PRAIRIE",336,permitted,Opens: not public yet,Permitted · opens: not public yet · 336 units · software not picked yet,2024-10-08,,,,,,,,https://www.tad.org/content/data-download/2025CommPermits.zip,,,,,Dallas–Fort Worth,Upcoming
tx,Quail Ridge Apts,Unassigned,"4500 BRENTWOOD STAIR RD, FORT WORTH",298,permitted,Opens: not public yet,Permitted · opens: not public yet · 298 units · software not picked yet,2024-10-08,,,,,,,,https://www.tad.org/content/data-download/2025CommPermits.zip,,,,,Rest of Texas,Upcoming
tx,Apartments at 2610 Hume Pl,Austin,2610 HUME PL,142,permitted,Opens: not public yet,Permitted · opens: not public yet · 142 units · software not picked yet,2024-10-08,,,,,,,,https://abc.austintexas.gov/web/permit/public-search-other?t_detail=1&t_selected_folderrsn=13412408,,,,,Austin,Upcoming
tx,Aspen Oaks Apts,Euless,"905 W ASH LN, EULESS",36,permitted,Opens: not public yet,Permitted · opens: not public yet · 36 units · software not picked yet,2024-10-08,,,,,,,,https://www.tad.org/content/data-download/2025CommPermits.zip,,,,,Dallas–Fort Worth,Upcoming
tx,Apartments at 509 Debbie Lane Garage 9,Arlington,509 DEBBIE LANE GARAGE 9,,permitted,Opens: not public yet,Permitted · opens: not public yet · software not picked yet,2024-10-08,,,,,,,,https://gis2.arlingtontx.gov/agsext2/rest/services/OpenData/OD_Property/MapServer/1/query?where=MainUse+LIKE+%27Apartments%25%27+AND+WORKDESC%3D%27New+Construction%27&outFields=%2A&f=json&resultRecordCount=1000&orderByFields=ISSUEDATE+DESC,,,,,Dallas–Fort Worth,Upcoming
tx,Vacant Land - Commercial Phase 1,Grand Prairie,"4700 LAKE RIDGE PKWY, GRAND PRAIRIE",,permitted,Opens: not public yet,Permitted · opens: not public yet · software not picked yet,2024-10-08,,,,,,,,https://www.tad.org/content/data-download/2025CommPermits.zip,,,,,Dallas–Fort Worth,Upcoming
tx,Gardens Of Bedford,Bedford,"1948 SHADY BROOK DR, BEDFORD",150,permitted,Opens: not public yet,Permitted · opens: not public yet · 150 units · software not picked yet,2024-10-09,,,,,,,,https://www.tad.org/content/data-download/2025CommPermits.zip,,,,,Dallas–Fort Worth,Upcoming
tx,One Rangers Way,Arlington,"1200 NOLAN RYAN EXPWY, ARLINGTON",299,permitted,Opens: not public yet,Permitted · opens: not public yet · 299 units · software not picked yet,2024-10-10,,,,,,,,https://www.tad.org/content/data-download/2025CommPermits.zip,,,,,Dallas–Fort Worth,Upcoming
tx,Element,Arlington,"1516 ARBOR TOWN CIR, ARLINGTON",200,permitted,Opens: not public yet,Permitted · opens: not public yet · 200 units · software not picked yet,2024-10-10,,,,,,,,https://www.tad.org/content/data-download/2025CommPermits.zip,,,,,Dallas–Fort Worth,Upcoming
tx,8500 Harwood,N Richland Hills,"8500 HARWOOD RD, NORTH RICHLAND HILLS",836,permitted,Opens: not public yet,Permitted · opens: not public yet · 836 units · software not picked yet,2024-10-11,,,,,,,,https://www.tad.org/content/data-download/2025CommPermits.zip,,,,,Rest of Texas,Upcoming
tx,Jps East - Parking / Magnolia Apts,Unassigned,"300 E MAGNOLIA AVE, FORT WORTH",,permitted,Opens: not public yet,Permitted · opens: not public yet · software not picked yet,2024-10-11,,,,,,,,https://www.tad.org/content/data-download/2025CommPermits.zip,,,,,Rest of Texas,Upcoming
tx,Trinity Meadows Apartments,Fort Worth,"4633 SYCAMORE SCHOOL RD, FORT WORTH",262,permitted,Opens: not public yet,Permitted · opens: not public yet · 262 units · software not picked yet,2024-10-14,,,,,,,,https://www.tad.org/content/data-download/2025CommPermits.zip,,,,,Dallas–Fort Worth,Upcoming
tx,Parkland Pointe Rental Twnhms,Arlington,"931 W SUBLETT RD, ARLINGTON",250,permitted,Opens: not public yet,Permitted · opens: not public yet · 250 units · software not picked yet,2024-10-14,,,,,,,,https://www.tad.org/content/data-download/2025CommPermits.zip,,,,,Dallas–Fort Worth,Upcoming
tx,Apartments at 756 W Turner Warnell Road Bldg 3,Arlington,756 W TURNER WARNELL ROAD BLDG 3,,permitted,Opens: not public yet,Permitted · opens: not public yet · software not picked yet,2024-10-14,,,,,,,,https://gis2.arlingtontx.gov/agsext2/rest/services/OpenData/OD_Property/MapServer/1/query?where=MainUse+LIKE+%27Apartments%25%27+AND+WORKDESC%3D%27New+Construction%27&outFields=%2A&f=json&resultRecordCount=1000&orderByFields=ISSUEDATE+DESC,,,,,Dallas–Fort Worth,Upcoming
tx,Apartments at 754 W Turner Warnell Road Bldg 4,Arlington,754 W TURNER WARNELL ROAD BLDG 4,,permitted,Opens: not public yet,Permitted · opens: not public yet · software not picked yet,2024-10-14,,,,,,,,https://gis2.arlingtontx.gov/agsext2/rest/services/OpenData/OD_Property/MapServer/1/query?where=MainUse+LIKE+%27Apartments%25%27+AND+WORKDESC%3D%27New+Construction%27&outFields=%2A&f=json&resultRecordCount=1000&orderByFields=ISSUEDATE+DESC,,,,,Dallas–Fort Worth,Upcoming
tx,Apartments at 758 W Turner Warnell Road Bldg 2,Arlington,758 W TURNER WARNELL ROAD BLDG 2,,permitted,Opens: not public yet,Permitted · opens: not public yet · software not picked yet,2024-10-14,,,,,,,,https://gis2.arlingtontx.gov/agsext2/rest/services/OpenData/OD_Property/MapServer/1/query?where=MainUse+LIKE+%27Apartments%25%27+AND+WORKDESC%3D%27New+Construction%27&outFields=%2A&f=json&resultRecordCount=1000&orderByFields=ISSUEDATE+DESC,,,,,Dallas–Fort Worth,Upcoming
tx,Hathaway At Willow Bend,Plano,2525 Preston Rd,229,sold,Sold Jun 2026,Sold Jun 2026 to WINSTON GT HOLDINGS LP · 229 units · software not yet identified → new owner may re-pick software.,,,,,,,,,,,,,,Dallas–Fort Worth,Sold
tx,Mayfield Park Apts,Arlington,"2100 E MAYFIELD RD, ARLINGTON",240,permitted,Opens: not public yet,Permitted · opens: not public yet · 240 units · software not picked yet,2024-10-15,,,,,,,,https://www.tad.org/content/data-download/2025CommPermits.zip,,,,,Dallas–Fort Worth,Upcoming
tx,Apartments at 8700 Shoal Creek Blvd Bldg Tnfm1,Austin,8700 SHOAL CREEK BLVD BLDG TNFM1,93,permitted,Opens: not public yet,Permitted · opens: not public yet · 93 units · software not picked yet,2024-10-15,,,,,,,,https://abc.austintexas.gov/web/permit/public-search-other?t_detail=1&t_selected_folderrsn=13416076,,,,,Austin,Upcoming
tx,Felix Apts,Arlington,"2101 E PIONEER PKWY, ARLINGTON",272,permitted,Opens: not public yet,Permitted · opens: not public yet · 272 units · software not picked yet,2024-10-16,,,,,,,,https://www.tad.org/content/data-download/2025CommPermits.zip,,,,,Dallas–Fort Worth,Upcoming
tx,Park Vista Townhomes,Watauga,"6728 PARK VISTA BLVD, WATAUGA",212,permitted,Opens: not public yet,Permitted · opens: not public yet · 212 units · software not picked yet,2024-10-16,,,,,,,,https://www.tad.org/content/data-download/2025CommPermits.zip,,,,,Dallas–Fort Worth,Upcoming
tx,Apartments at 752 W Turner Warnell Road Bldg 5,Arlington,752 W TURNER WARNELL ROAD BLDG 5,,permitted,Opens: not public yet,Permitted · opens: not public yet · software not picked yet,2024-10-16,,,,,,,,https://gis2.arlingtontx.gov/agsext2/rest/services/OpenData/OD_Property/MapServer/1/query?where=MainUse+LIKE+%27Apartments%25%27+AND+WORKDESC%3D%27New+Construction%27&outFields=%2A&f=json&resultRecordCount=1000&orderByFields=ISSUEDATE+DESC,,,,,Dallas–Fort Worth,Upcoming
tx,Maa Grapevine,Grapevine,"2100 GRAYSON DR, GRAPEVINE",449,permitted,Opens: not public yet,Permitted · opens: not public yet · 449 units · software not picked yet,2024-10-17,,,,,,,,https://www.tad.org/content/data-download/2025CommPermits.zip,,,,,Dallas–Fort Worth,Upcoming
tx,Loreto Apt Homes,Grapevine,"2905 MUSTANG DR, GRAPEVINE",246,permitted,Opens: not public yet,Permitted · opens: not public yet · 246 units · software not picked yet,2024-10-17,,,,,,,,https://www.tad.org/content/data-download/2025CommPermits.zip,,,,,Dallas–Fort Worth,Upcoming
tx,Wilshire Manor Apts,Euless,"1450 SAGEBRUSH TR, EULESS",118,permitted,Opens: not public yet,Permitted · opens: not public yet · 118 units · software not picked yet,2024-10-17,,,,,,,,https://www.tad.org/content/data-download/2025CommPermits.zip,,,,,Dallas–Fort Worth,Upcoming
tx,Mission On Ascension,Arlington,"1830 GREEN OAKS BLVD, ARLINGTON",108,permitted,Opens: not public yet,Permitted · opens: not public yet · 108 units · software not picked yet,2024-10-17,,,,,,,,https://www.tad.org/content/data-download/2025CommPermits.zip,,,,,Dallas–Fort Worth,Upcoming
tx,Azle Ave Apts Llc,Fort Worth,"5050 AZLE AVE, FORT WORTH",,permitted,Opens: not public yet,Permitted · opens: not public yet · software not picked yet,2024-10-17,,,,,,,,https://www.tad.org/content/data-download/2025CommPermits.zip,,,,,Dallas–Fort Worth,Upcoming
tx,Dancing River Assisted Living,Grapevine,"3735 IRA E WOODS AVE, GRAPEVINE",106,permitted,Opens: not public yet,Permitted · opens: not public yet · 106 units · software not picked yet,2024-10-21,,,,,,,,https://www.tad.org/content/data-download/2025CommPermits.zip,,,,,Dallas–Fort Worth,Upcoming
tx,Wildwood Creek Apts,Grapevine,"820 DOVE LOOP RD, GRAPEVINE",344,permitted,Opens: not public yet,Permitted · opens: not public yet · 344 units · software not picked yet,2024-10-22,,,,,,,,https://www.tad.org/content/data-download/2025CommPermits.zip,,,,,Dallas–Fort Worth,Upcoming
tx,Northridge Ii,Arlington,"2107 LINCOLN DR, ARLINGTON",224,permitted,Opens: not public yet,Permitted · opens: not public yet · 224 units · software not picked yet,2024-10-22,,,,,,,,https://www.tad.org/content/data-download/2025CommPermits.zip,,,,,Dallas–Fort Worth,Upcoming
tx,Ventura Apts,Arlington,"2601 FURRS ST, ARLINGTON",476,permitted,Opens: not public yet,Permitted · opens: not public yet · 476 units · software not picked yet,2024-10-23,,,,,,,,https://www.tad.org/content/data-download/2025CommPermits.zip,,,,,Dallas–Fort Worth,Upcoming
tx,Amp At The Grid,Arlington,"765 POLK DR, ARLINGTON",446,permitted,Opens: not public yet,Permitted · opens: not public yet · 446 units · software not picked yet,2024-10-23,,,,,,,,https://www.tad.org/content/data-download/2025CommPermits.zip,,,,,Dallas–Fort Worth,Upcoming
tx,Mission Mayfield Downs,Grand Prairie,"2901 MAYFIELD RD, GRAND PRAIRIE",258,permitted,Opens: not public yet,Permitted · opens: not public yet · 258 units · software not picked yet,2024-10-23,,,,,,,,https://www.tad.org/content/data-download/2025CommPermits.zip,,,,,Dallas–Fort Worth,Upcoming
tx,Resort At 925 Main,Grapevine,"909 S MAIN ST, GRAPEVINE",251,permitted,Opens: not public yet,Permitted · opens: not public yet · 251 units · software not picked yet,2024-10-23,,,,,,,,https://www.tad.org/content/data-download/2025CommPermits.zip,,,,,Dallas–Fort Worth,Upcoming
tx,"Delano At North Richland Hills, The",N Richland Hills,"6250 ROSEWOOD DR, NORTH RICHLAND HILLS",262,permitted,Opens: not public yet,Permitted · opens: not public yet · 262 units · software not picked yet,2024-10-24,,,,,,,,https://www.tad.org/content/data-download/2025CommPermits.zip,,,,,Rest of Texas,Upcoming
tx,The Gatehouse,Grapevine,"670 GATEHOUSE DR, GRAPEVINE",96,permitted,Opens: not public yet,Permitted · opens: not public yet · 96 units · software not picked yet,2024-10-24,,,,,,,,https://www.tad.org/content/data-download/2025CommPermits.zip,,,,,Dallas–Fort Worth,Upcoming
tx,Riverbend,Arlington,"701 E ARKANSAS LN, ARLINGTON",138,permitted,Opens: not public yet,Permitted · opens: not public yet · 138 units · software not picked yet,2024-10-25,,,,,,,,https://www.tad.org/content/data-download/2025CommPermits.zip,,,,,Dallas–Fort Worth,Upcoming
tx,Creek On Calloway Apts,Richland Hills,"3830 BOOTH CALLOWAY RD, RICHLAND HILLS",247,permitted,Opens: not public yet,Permitted · opens: not public yet · 247 units · software not picked yet,2024-10-28,,,,,,,,https://www.tad.org/content/data-download/2025CommPermits.zip,,,,,Dallas–Fort Worth,Upcoming
tx,Maxwell,Fort Worth,"8300 BRENTWOOD STAIR RD, FORT WORTH",285,permitted,Opens: not public yet,Permitted · opens: not public yet · 285 units · software not picked yet,2024-10-29,,,,,,,,https://www.tad.org/content/data-download/2025CommPermits.zip,,,,,Dallas–Fort Worth,Upcoming
tx,Mansfield Plaza Apts,Mansfield,"413 S MAIN ST, MANSFIELD",52,permitted,Opens: not public yet,Permitted · opens: not public yet · 52 units · software not picked yet,2024-10-30,,,,,,,,https://www.tad.org/content/data-download/2025CommPermits.zip,,,,,Dallas–Fort Worth,Upcoming
tx,The Reid,Grand Prairie,"2617 HAWCO DR, GRAND PRAIRIE",642,permitted,Opens: not public yet,Permitted · opens: not public yet · 642 units · software not picked yet,2024-10-31,,,,,,,,https://www.tad.org/content/data-download/2025CommPermits.zip,,,,,Dallas–Fort Worth,Upcoming
tx,Parc Plaza Apts,Euless,"333 E DENTON DR, EULESS",201,permitted,Opens: not public yet,Permitted · opens: not public yet · 201 units · software not picked yet,2024-10-31,,,,,,,,https://www.tad.org/content/data-download/2025CommPermits.zip,,,,,Dallas–Fort Worth,Upcoming
tx,Stella,Fort Worth,"8222 CALMONT AVE, FORT WORTH",191,permitted,Opens: not public yet,Permitted · opens: not public yet · 191 units · software not picked yet,2024-11-01,,,,,,,,https://www.tad.org/content/data-download/2025CommPermits.zip,,,,,Dallas–Fort Worth,Upcoming
tx,Cedar Point Townhomes,Mansfield,"1751 TOWNE CROSSING BLVD, MANSFIELD",176,permitted,Opens: not public yet,Permitted · opens: not public yet · 176 units · software not picked yet,2024-11-01,,,,,,,,https://www.tad.org/content/data-download/2025CommPermits.zip,,,,,Dallas–Fort Worth,Upcoming
tx,Arlington Hills,Arlington,"3200 S CENTER ST, ARLINGTON",171,permitted,Opens: not public yet,Permitted · opens: not public yet · 171 units · software not picked yet,2024-11-01,,,,,,,,https://www.tad.org/content/data-download/2025CommPermits.zip,,,,,Dallas–Fort Worth,Upcoming
tx,Plantation West Apts,Hurst,"612 BOOTH CALLOWAY RD, HURST",132,permitted,Opens: not public yet,Permitted · opens: not public yet · 132 units · software not picked yet,2024-11-04,,,,,,,,https://www.tad.org/content/data-download/2025CommPermits.zip,,,,,Dallas–Fort Worth,Upcoming
tx,Oasis Springs Apts,Hurst,"601 BELLAIRE DR, HURST",152,permitted,Opens: not public yet,Permitted · opens: not public yet · 152 units · software not picked yet,2024-11-06,,,,,,,,https://www.tad.org/content/data-download/2025CommPermits.zip,,,,,Dallas–Fort Worth,Upcoming
tx,42564733 vacant land,Fort Worth,"2757 MORESBY ST, FORT WORTH",100,permitted,Opens: not public yet,Permitted · opens: not public yet · 100 units · software not picked yet,2024-11-06,,,,,,,,https://www.tad.org/content/data-download/2025CommPermits.zip,,,,,Dallas–Fort Worth,Upcoming
tx,Twelve 33 at cavender,Hurst,"1233 CAVENDER DR, HURST",74,permitted,Opens: not public yet,Permitted · opens: not public yet · 74 units · software not picked yet,2024-11-06,,,,,,,,https://www.tad.org/content/data-download/2025CommPermits.zip,,,,,Dallas–Fort Worth,Upcoming
tx,Avanti On Central,Bedford,"805 CENTRAL DR, BEDFORD",137,permitted,Opens: not public yet,Permitted · opens: not public yet · 137 units · software not picked yet,2024-11-07,,,,,,,,https://www.tad.org/content/data-download/2025CommPermits.zip,,,,,Dallas–Fort Worth,Upcoming
tx,Apartments at 7009 Ed Bluestein Blvd Svrd Nb Bldg 4,Austin,7009 ED BLUESTEIN BLVD SVRD NB BLDG 4,52,permitted,Opens: not public yet,Permitted · opens: not public yet · 52 units · software not picked yet,2024-11-08,,,,,,,,https://abc.austintexas.gov/web/permit/public-search-other?t_detail=1&t_selected_folderrsn=13428560,,,,,Austin,Upcoming
tx,Vantage At Spring Creek,Richardson,2810 Routh Creek Pkwy,420,sold,Sold Jun 2026,Sold Jun 2026 to TREA ROUTH CREEK TX OWNER LP · 420 units · on Yardi → new owner may re-pick software.,,,,,,,,Yardi,,,,,,Dallas–Fort Worth,Sold
tx,Spring Valley Apts,Euless,"807 S MAIN ST, EULESS",151,permitted,Opens: not public yet,Permitted · opens: not public yet · 151 units · software not picked yet,2024-11-11,,,,,,,,https://www.tad.org/content/data-download/2025CommPermits.zip,,,,,Dallas–Fort Worth,Upcoming
tx,Fusion Fort Worth Apts,Haltom City,"5709 E BELKNAP ST, HALTOM CITY",346,permitted,Opens: not public yet,Permitted · opens: not public yet · 346 units · software not picked yet,2024-11-13,,,,,,,,https://www.tad.org/content/data-download/2025CommPermits.zip,,,,,Dallas–Fort Worth,Upcoming
tx,Station 121  At Town Center Apts,N Richland Hills,"1601 WEYLAND DR, NORTH RICHLAND HILLS",580,permitted,Opens: not public yet,Permitted · opens: not public yet · 580 units · software not picked yet,2024-11-15,,,,,,,,https://www.tad.org/content/data-download/2025CommPermits.zip,,,,,Rest of Texas,Upcoming
tx,Tides at Eastchase,Fort Worth,"8900 RANDOL MILL RD, FORT WORTH",340,permitted,Opens: not public yet,Permitted · opens: not public yet · 340 units · software not picked yet,2024-11-16,,,,,,,,https://www.tad.org/content/data-download/2025CommPermits.zip,,,,,Dallas–Fort Worth,Upcoming
tx,Eden Park At Bear Creek,Euless,"700 E ASH LN, EULESS",256,permitted,Opens: not public yet,Permitted · opens: not public yet · 256 units · software not picked yet,2024-11-19,,,,,,,,https://www.tad.org/content/data-download/2025CommPermits.zip,,,,,Dallas–Fort Worth,Upcoming
tx,Venue At 8651,Unassigned,"8651 MEADOWBROOK BLVD, FORT WORTH",333,permitted,Opens: not public yet,Permitted · opens: not public yet · 333 units · software not picked yet,2024-11-20,,,,,,,,https://www.tad.org/content/data-download/2025CommPermits.zip,,,,,Rest of Texas,Upcoming
tx,Flats On Mill,Unassigned,"8925 RANDOL MILL RD, FORT WORTH",208,permitted,Opens: not public yet,Permitted · opens: not public yet · 208 units · software not picked yet,2024-11-20,,,,,,,,https://www.tad.org/content/data-download/2025CommPermits.zip,,,,,Rest of Texas,Upcoming
tx,Wildwood Branch,Fort Worth,"6201 SHADY OAKS MANOR DR, FORT WORTH",280,permitted,Opens: not public yet,Permitted · opens: not public yet · 280 units · software not picked yet,2024-11-21,,,,,,,,https://www.tad.org/content/data-download/2025CommPermits.zip,,,,,Dallas–Fort Worth,Upcoming
tx,Oak Park,Euless,"1350 N MAIN ST, EULESS",608,permitted,Opens: not public yet,Permitted · opens: not public yet · 608 units · software not picked yet,2024-11-22,,,,,,,,https://www.tad.org/content/data-download/2025CommPermits.zip,,,,,Dallas–Fort Worth,Upcoming
tx,Red River Ranch Apts,Grand Prairie,"2625 N STATE HWY 360, GRAND PRAIRIE",336,permitted,Opens: not public yet,Permitted · opens: not public yet · 336 units · software not picked yet,2024-11-22,,,,,,,,https://www.tad.org/content/data-download/2025CommPermits.zip,,,,,Dallas–Fort Worth,Upcoming
tx,Soverign Hometown,TDLR,"6021 PARKER BLVD, NORTH RICHLAND HILLS",306,permitted,Opens: not public yet,Permitted · opens: not public yet · 306 units · software not picked yet,2024-11-25,,,,,,,,https://www.tad.org/content/data-download/2025CommPermits.zip,,,,,Rest of Texas,Upcoming
tx,HELU Blanco Trace Multifamily / The Entrada at San Marcos Bldg 1,San Marcos,428 Ivory St BLDG 1,,permitted,Opens: not public yet,Permitted · opens: not public yet · software not picked yet,2024-11-25,,,,,,,,https://smgis.sanmarcostx.gov/arcgis/rest/services/Planning/CoSM_BuildingPermits/FeatureServer/0/query?where=TYPE%3D%27New%27+AND+LANDUSE%3D%27Multi-Family%27+AND+ISSUED%3E%3Dtimestamp+%272024-09-01+00%3A00%3A00%27&outFields=%2A&f=json&resultRecordCount=1000&orderByFields=ISSUED+DESC,,,,,Austin,Upcoming
tx,Grapevine Twenty Four 99,Grapevine,"3601 GRAPEVINE MILLS PKWY, GRAPEVINE",348,permitted,Opens: not public yet,Permitted · opens: not public yet · 348 units · software not picked yet,2024-11-26,,,,,,,,https://www.tad.org/content/data-download/2025CommPermits.zip,,,,,Dallas–Fort Worth,Upcoming
tx,Enclave At Grapevine,Grapevine,"2311 W GRAPEVINE MILLS PKWY, GRAPEVINE",243,permitted,Opens: not public yet,Permitted · opens: not public yet · 243 units · software not picked yet,2024-11-27,,,,,,,,https://www.tad.org/content/data-download/2025CommPermits.zip,,,,,Dallas–Fort Worth,Upcoming
tx,Apartments at 505 Mary Street,Arlington,505 MARY STREET,,permitted,Opens: not public yet,Permitted · opens: not public yet · software not picked yet,2024-11-27,,,,,,,,https://gis2.arlingtontx.gov/agsext2/rest/services/OpenData/OD_Property/MapServer/1/query?where=MainUse+LIKE+%27Apartments%25%27+AND+WORKDESC%3D%27New+Construction%27&outFields=%2A&f=json&resultRecordCount=1000&orderByFields=ISSUEDATE+DESC,,,,,Dallas–Fort Worth,Upcoming
tx,Spanish Oaks Apts,Arlington,"3025 E PARK ROW DR, ARLINGTON",200,permitted,Opens: not public yet,Permitted · opens: not public yet · 200 units · software not picked yet,2024-12-03,,,,,,,,https://www.tad.org/content/data-download/2026CommPermits.zip,,,,,Dallas–Fort Worth,Upcoming
tx,Apartments at 1501 Airport Commerce Dr Bldg 1,Austin,1501 AIRPORT COMMERCE DR BLDG 1,60,permitted,Opens: not public yet,Permitted · opens: not public yet · 60 units · software not picked yet,2024-12-04,,,,,,,,https://abc.austintexas.gov/web/permit/public-search-other?t_detail=1&t_selected_folderrsn=13435385,,,,,Austin,Upcoming
tx,Fossil Hill Apts,Haltom City,"5700 N BEACH ST, HALTOM CITY",216,permitted,Opens: not public yet,Permitted · opens: not public yet · 216 units · software not picked yet,2024-12-05,,,,,,,,https://www.tad.org/content/data-download/2026CommPermits.zip,,,,,Dallas–Fort Worth,Upcoming
tx,Ladera Apartments,Haltom City,"2029 DAYTON ST, HALTOM CITY",168,permitted,Opens: not public yet,Permitted · opens: not public yet · 168 units · software not picked yet,2024-12-05,,,,,,,,https://www.tad.org/content/data-download/2026CommPermits.zip,,,,,Dallas–Fort Worth,Upcoming
tx,The Ridge And Parkdale,White Settlement,"9211 DALE LANE CT, WHITE SETTLEMENT",248,permitted,Opens: not public yet,Permitted · opens: not public yet · 248 units · software not picked yet,2024-12-06,,,,,,,,https://www.tad.org/content/data-download/2026CommPermits.zip,,,,,Dallas–Fort Worth,Upcoming
tx,Eagles Point Apts,Fort Worth,"8301 BOAT CLUB RD, FORT WORTH",240,permitted,Opens: not public yet,Permitted · opens: not public yet · 240 units · software not picked yet,2024-12-06,,,,,,,,https://www.tad.org/content/data-download/2026CommPermits.zip,,,,,Dallas–Fort Worth,Upcoming
tx,Arlington Oaks Apts,Arlington,"1111 HONEYSUCKLE WAY, ARLINGTON",202,permitted,Opens: not public yet,Permitted · opens: not public yet · 202 units · software not picked yet,2024-12-10,,,,,,,,https://www.tad.org/content/data-download/2026CommPermits.zip,,,,,Dallas–Fort Worth,Upcoming
tx,Apartments at 1310 Lbj Way Unit Fw3,Austin,1310 LBJ WAY UNIT FW3,178,permitted,Opens: not public yet,Permitted · opens: not public yet · 178 units · software not picked yet,2024-12-10,,,,,,,,https://abc.austintexas.gov/web/permit/public-search-other?t_detail=1&t_selected_folderrsn=13356354,,,,,Austin,Upcoming
tx,Carrier Place One - Multi Tenant,Grand Prairie,"1517 W CARRIER PKWY, GRAND PRAIRIE",,permitted,Opens: not public yet,Permitted · opens: not public yet · software not picked yet,2024-12-10,,,,,,,,https://www.tad.org/content/data-download/2026CommPermits.zip,,,,,Dallas–Fort Worth,Upcoming
tx,Camden Riverwalk Apts,Grapevine,"3800 GRAPEVINE MILLS PKWY, GRAPEVINE",600,permitted,Opens: not public yet,Permitted · opens: not public yet · 600 units · software not picked yet,2024-12-11,,,,,,,,https://www.tad.org/content/data-download/2026CommPermits.zip,,,,,Dallas–Fort Worth,Upcoming
tx,The Woodlands Of Arlington,Arlington,"2800 LYNNWOOD DR, ARLINGTON",265,permitted,Opens: not public yet,Permitted · opens: not public yet · 265 units · software not picked yet,2024-12-11,,,,,,,,https://www.tad.org/content/data-download/2026CommPermits.zip,,,,,Dallas–Fort Worth,Upcoming
tx,The Calhoun Apts (In Development),Fort Worth,"1000 JONES ST, FORT WORTH",,permitted,Opens: not public yet,Permitted · opens: not public yet · software not picked yet,2024-12-11,,,,,,,,https://www.tad.org/content/data-download/2026CommPermits.zip,,,,,Dallas–Fort Worth,Upcoming
tx,Vacant Land Phase 1,Fort Worth,"11450 TRINITY BLVD, FORT WORTH",,permitted,Opens: not public yet,Permitted · opens: not public yet · software not picked yet,2024-12-11,,,,,,,,https://www.tad.org/content/data-download/2026CommPermits.zip,,,,,Dallas–Fort Worth,Upcoming
tx,Matlock Flats Apts,Arlington,"710 EDEN RD, ARLINGTON",192,permitted,Opens: not public yet,Permitted · opens: not public yet · 192 units · software not picked yet,2024-12-12,,,,,,,,https://www.tad.org/content/data-download/2026CommPermits.zip,,,,,Dallas–Fort Worth,Upcoming
tx,Whisperwind Apartments,Fort Worth,"4928 EL CAMPO AVE, FORT WORTH",49,permitted,Opens: not public yet,Permitted · opens: not public yet · 49 units · software not picked yet,2024-12-12,,,,,,,,https://www.tad.org/content/data-download/2026CommPermits.zip,,,,,Dallas–Fort Worth,Upcoming
tx,Bexley Grapevine,Grapevine,"3535 BLUFFS LN, GRAPEVINE",450,permitted,Opens: not public yet,Permitted · opens: not public yet · 450 units · software not picked yet,2024-12-16,,,,,,,,https://www.tad.org/content/data-download/2026CommPermits.zip,,,,,Dallas–Fort Worth,Upcoming
tx,Oakley Apartments,Arlington,"501 GREEN OAKS CT, ARLINGTON",196,permitted,Opens: not public yet,Permitted · opens: not public yet · 196 units · software not picked yet,2024-12-16,,,,,,,,https://www.tad.org/content/data-download/2026CommPermits.zip,,,,,Dallas–Fort Worth,Upcoming
tx,Garden Park Apts,Arlington,"2208 E PARK ROW DR, ARLINGTON",251,permitted,Opens: not public yet,Permitted · opens: not public yet · 251 units · software not picked yet,2024-12-17,,,,,,,,https://www.tad.org/content/data-download/2026CommPermits.zip,,,,,Dallas–Fort Worth,Upcoming
tx,Lapiz Flats 40% Pctc,Grand Prairie,"2300 AVE H E, GRAND PRAIRIE",,permitted,Opens: not public yet,Permitted · opens: not public yet · software not picked yet,2024-12-17,,,,,,,,https://www.tad.org/content/data-download/2026CommPermits.zip,,,,,Dallas–Fort Worth,Upcoming
tx,Ellington,Plano,4701 Preston Park Blvd,266,sold,Sold Jul 2026,Sold Jul 2026 to S2 PRESTON PARK LP · 266 units · on Yardi → new owner may re-pick software.,,,,,,,,Yardi,,,,,,Dallas–Fort Worth,Sold
tx,Vacant Land Phase 2,Fort Worth,"8601 NORTH CITY DR, FORT WORTH",,permitted,Opens: not public yet,Permitted · opens: not public yet · software not picked yet,2024-12-18,,,,,,,,https://www.tad.org/content/data-download/2026CommPermits.zip,,,,,Dallas–Fort Worth,Upcoming
tx,Trinity Bell  Gardens Apartments,Fort Worth,"9500 TRINITY BLVD, FORT WORTH",240,permitted,Opens: not public yet,Permitted · opens: not public yet · 240 units · software not picked yet,2024-12-20,,,,,,,,https://www.tad.org/content/data-download/2026CommPermits.zip,,,,,Dallas–Fort Worth,Upcoming
tx,The Springs Apartments Club / Bldg1,San Marcos,316 NORTHGATE RD BLDG 1,,permitted,Opens: not public yet,Permitted · opens: not public yet · software not picked yet,2024-12-20,,,,,,,,https://smgis.sanmarcostx.gov/arcgis/rest/services/Planning/CoSM_BuildingPermits/FeatureServer/0/query?where=TYPE%3D%27New%27+AND+LANDUSE%3D%27Multi-Family%27+AND+ISSUED%3E%3Dtimestamp+%272024-09-01+00%3A00%3A00%27&outFields=%2A&f=json&resultRecordCount=1000&orderByFields=ISSUED+DESC,,,,,Austin,Upcoming
tx,Vacant Land Phase 3,Grand Prairie,"S STATE HWY 360, GRAND PRAIRIE",,permitted,Opens: not public yet,Permitted · opens: not public yet · software not picked yet,2024-12-23,,,,,,,,https://www.tad.org/content/data-download/2026CommPermits.zip,,,,,Dallas–Fort Worth,Upcoming
tx,Paradise Apartments,Everman,"917 COURY RD, EVERMAN",120,permitted,Opens: not public yet,Permitted · opens: not public yet · 120 units · software not picked yet,2024-12-24,,,,,,,,https://www.tad.org/content/data-download/2026CommPermits.zip,,,,,Dallas–Fort Worth,Upcoming
tx,The Venue At Home Twn/Retail (Grnd Flr,N Richland Hills,"9012 COURTENAY ST, NORTH RICHLAND HILLS",209,permitted,Opens: not public yet,Permitted · opens: not public yet · 209 units · software not picked yet,2024-12-26,,,,,,,,https://www.tad.org/content/data-download/2026CommPermits.zip,,,,,Rest of Texas,Upcoming
tx,Summer Square Apts,Crowley,"318 W MUSTANG ST, CROWLEY",52,permitted,Opens: not public yet,Permitted · opens: not public yet · 52 units · software not picked yet,2024-12-30,,,,,,,,https://www.tad.org/content/data-download/2026CommPermits.zip,,,,,Dallas–Fort Worth,Upcoming
tx,"Apartments at 3741 Stalcup Rd, Fort Worth",Fort Worth,"3741 STALCUP RD, FORT WORTH",,permitted,Opens: not public yet,Permitted · opens: not public yet · software not picked yet,2024-12-30,,,,,,,,https://www.tad.org/content/data-download/2026CommPermits.zip,,,,,Dallas–Fort Worth,Upcoming
tx,Constellation Ranch Apts,Fort Worth,"500 W LOOP 820 S, FORT WORTH",324,permitted,Opens: not public yet,Permitted · opens: not public yet · 324 units · software not picked yet,2024-12-31,,,,,,,,https://www.tad.org/content/data-download/2026CommPermits.zip,,,,,Dallas–Fort Worth,Upcoming
tx,Serena Vista Apartments,Arlington,"1519 SAN FRANCISCO CT, ARLINGTON",120,permitted,Opens: not public yet,Permitted · opens: not public yet · 120 units · software not picked yet,2025-01-02,,,,,,,,https://www.tad.org/content/data-download/2026CommPermits.zip,,,,,Dallas–Fort Worth,Upcoming
tx,Legacy Living At Arlington,Arlington,"1501 NE GREEN OAKS BLVD, ARLINGTON",60,permitted,Opens: not public yet,Permitted · opens: not public yet · 60 units · software not picked yet,2025-01-02,,,,,,,,https://www.tad.org/content/data-download/2026CommPermits.zip,,,,,Dallas–Fort Worth,Upcoming
tx,Apartments at 4605 S Pleasant Valley Rd Bldg 3,Austin,4605 S PLEASANT VALLEY RD BLDG 3,24,permitted,Opens: not public yet,Permitted · opens: not public yet · 24 units · software not picked yet,2025-01-02,,,,,,,,https://abc.austintexas.gov/web/permit/public-search-other?t_detail=1&t_selected_folderrsn=13441080,,,,,Austin,Upcoming
tx,"Trails Apts, The",Arlington,"4912 PACES TR, ARLINGTON",208,permitted,Opens: not public yet,Permitted · opens: not public yet · 208 units · software not picked yet,2025-01-03,,,,,,,,https://www.tad.org/content/data-download/2026CommPermits.zip,,,,,Dallas–Fort Worth,Upcoming
tx,600 East Apts,Arlington,"600 E ARKANSAS LN, ARLINGTON",204,permitted,Opens: not public yet,Permitted · opens: not public yet · 204 units · software not picked yet,2025-01-09,,,,,,,,https://www.tad.org/content/data-download/2026CommPermits.zip,,,,,Dallas–Fort Worth,Upcoming
tx,Windscape Gardens,Grand Prairie,"3099 PARHAM DR, GRAND PRAIRIE",154,permitted,Opens: not public yet,Permitted · opens: not public yet · 154 units · software not picked yet,2025-01-09,,,,,,,,https://www.tad.org/content/data-download/2026CommPermits.zip,,,,,Dallas–Fort Worth,Upcoming
tx,Vacant Land / 80094694,TDLR,"5220 E LANCASTER AVE, FORT WORTH",,permitted,Opens: not public yet,Permitted · opens: not public yet · software not picked yet,2025-01-10,,,,,,,,https://www.tad.org/content/data-download/2026CommPermits.zip,,,,,Rest of Texas,Upcoming
tx,Parks At Treepoint Apts,Arlington,"6601 TREEPOINT DR, ARLINGTON",586,permitted,Opens: not public yet,Permitted · opens: not public yet · 586 units · software not picked yet,2025-01-13,,,,,,,,https://www.tad.org/content/data-download/2026CommPermits.zip,,,,,Dallas–Fort Worth,Upcoming
tx,Cottages At Bedford,Bedford,"2000 PARK PLACE BLVD, BEDFORD",168,permitted,Opens: not public yet,Permitted · opens: not public yet · 168 units · software not picked yet,2025-01-13,,,,,,,,https://www.tad.org/content/data-download/2026CommPermits.zip,,,,,Dallas–Fort Worth,Upcoming
tx,Alpine Village,Grand Prairie,"965 DUNCAN PERRY RD, GRAND PRAIRIE",314,permitted,Opens: not public yet,Permitted · opens: not public yet · 314 units · software not picked yet,2025-01-16,,,,,,,,https://www.tad.org/content/data-download/2026CommPermits.zip,,,,,Dallas–Fort Worth,Upcoming
tx,Jefferson Prairie Park,Fort Worth,"5681 SYCAMORE SCHOOL RD, FORT WORTH",401,permitted,Opens: not public yet,Permitted · opens: not public yet · 401 units · software not picked yet,2025-01-17,,,,,,,,https://www.tad.org/content/data-download/2026CommPermits.zip,,,,,Dallas–Fort Worth,Upcoming
tx,Mercer Park Apts,Arlington,"2014 REMINGTON DR, ARLINGTON",247,permitted,Opens: not public yet,Permitted · opens: not public yet · 247 units · software not picked yet,2025-01-17,,,,,,,,https://www.tad.org/content/data-download/2026CommPermits.zip,,,,,Dallas–Fort Worth,Upcoming
tx,Oht Altamesa Llc,Fort Worth,"5554 ALTAMESA BLVD, FORT WORTH",,permitted,Opens: not public yet,Permitted · opens: not public yet · software not picked yet,2025-01-20,,,,,,,,https://www.tad.org/content/data-download/2026CommPermits.zip,,,,,Dallas–Fort Worth,Upcoming
tx,District 2308,Arlington,"2312 FAIR OAKS DR, ARLINGTON",240,permitted,Opens: not public yet,Permitted · opens: not public yet · 240 units · software not picked yet,2025-01-21,,,,,,,,https://www.tad.org/content/data-download/2026CommPermits.zip,,,,,Dallas–Fort Worth,Upcoming
tx,23Hundred @ Ridgeview,Plano,2300 Kathryn Ln,480,sold,Sold Jun 2025,Sold Jun 2025 · 480 units · software not yet identified → new owner may re-pick software.,,,,,,,,,,,,,,Dallas–Fort Worth,Sold
tx,Haggard Farm Townhomes,Plano,,,planned,Zoning filed Jun 2026,Zoning filed Jun 2026 → software not chosen yet.,,,,,,,,,,,,,,Dallas–Fort Worth,Upcoming
tx,Well Site - 3701 W Ih 20,Arlington,"3701 W IH 20, ARLINGTON",,permitted,Opens: not public yet,Permitted · opens: not public yet · software not picked yet,2025-01-21,,,,,,,,https://www.tad.org/content/data-download/2026CommPermits.zip,,,,,Dallas–Fort Worth,Upcoming
tx,Apartments at 2500 Rosewood Ave,Austin,2500 ROSEWOOD AVE,23,permitted,Opens: not public yet,Permitted · opens: not public yet · 23 units · software not picked yet,2025-01-22,,,,,,,,https://abc.austintexas.gov/web/permit/public-search-other?t_detail=1&t_selected_folderrsn=13301965,,,,,Austin,Upcoming
tx,Chatham Green Apts,Arlington,"3532 MATLOCK RD, ARLINGTON",234,permitted,Opens: not public yet,Permitted · opens: not public yet · 234 units · software not picked yet,2025-01-24,,,,,,,,https://www.tad.org/content/data-download/2026CommPermits.zip,,,,,Dallas–Fort Worth,Upcoming
tx,L'Abri Apartments,Arlington,"200 W PIONEER PKWY, ARLINGTON",90,permitted,Opens: not public yet,Permitted · opens: not public yet · 90 units · software not picked yet,2025-01-24,,,,,,,,https://www.tad.org/content/data-download/2026CommPermits.zip,,,,,Dallas–Fort Worth,Upcoming
tx,Rush Creek Apartments,Arlington,"1200 W SUBLETT RD, ARLINGTON",248,permitted,Opens: not public yet,Permitted · opens: not public yet · 248 units · software not picked yet,2025-01-27,,,,,,,,https://www.tad.org/content/data-download/2026CommPermits.zip,,,,,Dallas–Fort Worth,Upcoming
tx,Candle Chase Apts,Fort Worth,"4805 ALTAMESA BLVD, FORT WORTH",116,permitted,Opens: not public yet,Permitted · opens: not public yet · 116 units · software not picked yet,2025-01-27,,,,,,,,https://www.tad.org/content/data-download/2026CommPermits.zip,,,,,Dallas–Fort Worth,Upcoming
tx,Rise North Arlington Home Apts,Arlington,"500 TISH CIR, ARLINGTON",270,permitted,Opens: not public yet,Permitted · opens: not public yet · 270 units · software not picked yet,2025-01-28,,,,,,,,https://www.tad.org/content/data-download/2026CommPermits.zip,,,,,Dallas–Fort Worth,Upcoming
tx,Apartments at 714 Benge Drive Bldg 1,Arlington,714 BENGE DRIVE BLDG 1,,permitted,Opens: not public yet,Permitted · opens: not public yet · software not picked yet,2025-01-29,,,,,,,,https://gis2.arlingtontx.gov/agsext2/rest/services/OpenData/OD_Property/MapServer/1/query?where=MainUse+LIKE+%27Apartments%25%27+AND+WORKDESC%3D%27New+Construction%27&outFields=%2A&f=json&resultRecordCount=1000&orderByFields=ISSUEDATE+DESC,,,,,Dallas–Fort Worth,Upcoming
tx,Apartments at 710 Benge Drive Bldg 2,Arlington,710 BENGE DRIVE BLDG 2,,permitted,Opens: not public yet,Permitted · opens: not public yet · software not picked yet,2025-01-29,,,,,,,,https://gis2.arlingtontx.gov/agsext2/rest/services/OpenData/OD_Property/MapServer/1/query?where=MainUse+LIKE+%27Apartments%25%27+AND+WORKDESC%3D%27New+Construction%27&outFields=%2A&f=json&resultRecordCount=1000&orderByFields=ISSUEDATE+DESC,,,,,Dallas–Fort Worth,Upcoming
tx,Apartments at 712 Benge Drive Bldg 3,Arlington,712 BENGE DRIVE BLDG 3,,permitted,Opens: not public yet,Permitted · opens: not public yet · software not picked yet,2025-01-29,,,,,,,,https://gis2.arlingtontx.gov/agsext2/rest/services/OpenData/OD_Property/MapServer/1/query?where=MainUse+LIKE+%27Apartments%25%27+AND+WORKDESC%3D%27New+Construction%27&outFields=%2A&f=json&resultRecordCount=1000&orderByFields=ISSUEDATE+DESC,,,,,Dallas–Fort Worth,Upcoming
tx,Running Brook Apts,Arlington,"1519 RUNNING BROOK DR, ARLINGTON",232,permitted,Opens: not public yet,Permitted · opens: not public yet · 232 units · software not picked yet,2025-01-30,,,,,,,,https://www.tad.org/content/data-download/2026CommPermits.zip,,,,,Dallas–Fort Worth,Upcoming
tx,The Parks at Legacy West,Plano,"6501 Legacy Drive, Plano, TX",261,planned,Under construction Jul 2026,Under construction Jul 2026 · 261 units · opens ~2029 → software not chosen yet.,,,,,,,,,,,,,,Dallas–Fort Worth,Upcoming
tx,The Buckley,Plano,"600 Kissimmee Drive, Plano, TX",338,planned,Leasing Apr 2026,Leasing Apr 2026 · 338 units → software not chosen yet.,,,,,,,,,,,,,,Dallas–Fort Worth,Upcoming
tx,Villas At Edgewood,Fort Worth,"501 S EDGEWOOD TERR, FORT WORTH",72,permitted,Opens: not public yet,Permitted · opens: not public yet · 72 units · software not picked yet,2025-02-03,,,,,,,,https://www.tad.org/content/data-download/2026CommPermits.zip,,,,,Dallas–Fort Worth,Upcoming
tx,Fort Worth City Hall,Fort Worth,"200 TEXAS ST, FORT WORTH",,permitted,Opens: not public yet,Permitted · opens: not public yet · software not picked yet,2025-02-03,,,,,,,,https://www.tad.org/content/data-download/2026CommPermits.zip,,,,,Dallas–Fort Worth,Upcoming
tx,The Dawson,Unassigned,"9584 EDEN RD, ARLINGTON",273,permitted,Opens: not public yet,Permitted · opens: not public yet · 273 units · software not picked yet,2025-02-04,,,,,,,,https://www.tad.org/content/data-download/2026CommPermits.zip,,,,,Rest of Texas,Upcoming
tx,Ridglea Court Apartments,Fort Worth,"5928 FLETCHER AVE, FORT WORTH",26,permitted,Opens: not public yet,Permitted · opens: not public yet · 26 units · software not picked yet,2025-02-04,,,,,,,,https://www.tad.org/content/data-download/2026CommPermits.zip,,,,,Dallas–Fort Worth,Upcoming
tx,mirabel apts,Fort Worth,"6327 WOODWAY DR, FORT WORTH",108,permitted,Opens: not public yet,Permitted · opens: not public yet · 108 units · software not picked yet,2025-02-07,,,,,,,,https://www.tad.org/content/data-download/2026CommPermits.zip,,,,,Dallas–Fort Worth,Upcoming
tx,Good Place Assisted Living,N Richland Hills,"7801 NORTH RICHLAND BLVD, NORTH RICHLAND HILLS",80,permitted,Opens: not public yet,Permitted · opens: not public yet · 80 units · software not picked yet,2025-02-07,,,,,,,,https://www.tad.org/content/data-download/2026CommPermits.zip,,,,,Rest of Texas,Upcoming
tx,Pctc Alexander Apartments,Mansfield,"1725 E BROAD ST, MANSFIELD",388,permitted,Opens: not public yet,Permitted · opens: not public yet · 388 units · software not picked yet,2025-02-08,,,,,,,,https://www.tad.org/content/data-download/2026CommPermits.zip,,,,,Dallas–Fort Worth,Upcoming
tx,Victory Arts Center,Fort Worth,"801 W SHAW ST, FORT WORTH",45,permitted,Opens: not public yet,Permitted · opens: not public yet · 45 units · software not picked yet,2025-02-10,,,,,,,,https://www.tad.org/content/data-download/2026CommPermits.zip,,,,,Dallas–Fort Worth,Upcoming
tx,Apartments at 98 Red River St,Austin,98 RED RIVER ST,603,permitted,Opens: not public yet,Permitted · opens: not public yet · 603 units · software not picked yet,2025-02-14,,,,,,,,https://abc.austintexas.gov/web/permit/public-search-other?t_detail=1&t_selected_folderrsn=13443543,,,,,Austin,Upcoming
tx,Evergreen At Keller/Senior,Keller,"501 BOURLAND RD, KELLER",250,permitted,Opens: not public yet,Permitted · opens: not public yet · 250 units · software not picked yet,2025-02-19,,,,,,,,https://www.tad.org/content/data-download/2026CommPermits.zip,,,,,Dallas–Fort Worth,Upcoming
tx,Apartments at 5925 E Howard Ln Bldg 4,Austin,5925 E HOWARD LN BLDG 4,24,permitted,Opens: not public yet,Permitted · opens: not public yet · 24 units · software not picked yet,2025-02-20,,,,,,,,https://abc.austintexas.gov/web/permit/public-search-other?t_detail=1&t_selected_folderrsn=13400759,,,,,Austin,Upcoming
tx,Morgan Apts,Bedford,"1800 OAK CREEK LN, BEDFORD",464,permitted,Opens: not public yet,Permitted · opens: not public yet · 464 units · software not picked yet,2025-02-21,,,,,,,,https://www.tad.org/content/data-download/2026CommPermits.zip,,,,,Dallas–Fort Worth,Upcoming
tx,Apartment complex on Sherman Street,Richardson,"Sherman Street, Richardson, TX",,planned,Zoning approved,Zoning approved → software not chosen yet.,,,,,,,,,,,,,,Dallas–Fort Worth,Upcoming
tx,904 Collier St (The Coop Planned),Fort Worth,"904 COLLIER ST, FORT WORTH",,permitted,Opens: not public yet,Permitted · opens: not public yet · software not picked yet,2025-02-21,,,,,,,,https://www.tad.org/content/data-download/2026CommPermits.zip,,,,,Dallas–Fort Worth,Upcoming
tx,The Logan,Bedford,"1400 SIERRA SPRINGS, BEDFORD",490,permitted,Opens: not public yet,Permitted · opens: not public yet · 490 units · software not picked yet,2025-02-24,,,,,,,,https://www.tad.org/content/data-download/2026CommPermits.zip,,,,,Dallas–Fort Worth,Upcoming
tx,Camden Centreport Apartments,Fort Worth,"14400 TRINITY BLVD, FORT WORTH",268,permitted,Opens: not public yet,Permitted · opens: not public yet · 268 units · software not picked yet,2025-02-24,,,,,,,,https://www.tad.org/content/data-download/2026CommPermits.zip,,,,,Dallas–Fort Worth,Upcoming
tx,The Grove At La Frontera,Arlington,"8150 S COLLINS ST, ARLINGTON",396,permitted,Opens: not public yet,Permitted · opens: not public yet · 396 units · software not picked yet,2025-03-03,,,,,,,,https://www.tad.org/content/data-download/2026CommPermits.zip,,,,,Dallas–Fort Worth,Upcoming
tx,Reata West Apartments,Azle,"1133 BOYD RD, AZLE",35,permitted,Opens: not public yet,Permitted · opens: not public yet · 35 units · software not picked yet,2025-03-03,,,,,,,,https://www.tad.org/content/data-download/2026CommPermits.zip,,,,,Dallas–Fort Worth,Upcoming
tx,Apartments at 10304 Old San Antonio Rd Bldg 4,Austin,10304 OLD SAN ANTONIO RD BLDG 4,24,permitted,Opens: not public yet,Permitted · opens: not public yet · 24 units · software not picked yet,2025-03-03,,,,,,,,https://abc.austintexas.gov/web/permit/public-search-other?t_detail=1&t_selected_folderrsn=13472259,,,,,Austin,Upcoming
tx,Mylo Apartment Homes,Fort Worth,"6500 HULEN BEND BLVD, FORT WORTH",325,permitted,Opens: not public yet,Permitted · opens: not public yet · 325 units · software not picked yet,2025-03-05,,,,,,,,https://www.tad.org/content/data-download/2026CommPermits.zip,,,,,Dallas–Fort Worth,Upcoming
tx,Valley Oaks,Hurst,"101 E PIPELINE RD, HURST",322,permitted,Opens: not public yet,Permitted · opens: not public yet · 322 units · software not picked yet,2025-03-05,,,,,,,,https://www.tad.org/content/data-download/2026CommPermits.zip,,,,,Dallas–Fort Worth,Upcoming
tx,Apartments at 8440 Burnet Rd Bldg 2,Austin,8440 BURNET RD BLDG 2,180,permitted,Opens: not public yet,Permitted · opens: not public yet · 180 units · software not picked yet,2025-03-10,,,,,,,,https://abc.austintexas.gov/web/permit/public-search-other?t_detail=1&t_selected_folderrsn=13481444,,,,,Austin,Upcoming
tx,Caville Boys and Girls Club,Fort Worth,"5021 AVE G, FORT WORTH",,permitted,Opens: not public yet,Permitted · opens: not public yet · software not picked yet,2025-03-12,,,,,,,,https://www.tad.org/content/data-download/2026CommPermits.zip,,,,,Dallas–Fort Worth,Upcoming
tx,Future Heights Of Crowley Apts,TDLR,"7252 CROWLEY RD, FORT WORTH",,permitted,Opens: not public yet,Permitted · opens: not public yet · software not picked yet,2025-03-12,,,,,,,,https://www.tad.org/content/data-download/2026CommPermits.zip,,,,,Rest of Texas,Upcoming
tx,Stoneledge,Grapevine,"401 BOYD DR, GRAPEVINE",312,permitted,Opens: not public yet,Permitted · opens: not public yet · 312 units · software not picked yet,2025-03-13,,,,,,,,https://www.tad.org/content/data-download/2026CommPermits.zip,,,,,Dallas–Fort Worth,Upcoming
tx,Walnut Creek Asst Lvg & Memory,Mansfield,"2281 COUNTRY CLUB DR, MANSFIELD",70,permitted,Opens: not public yet,Permitted · opens: not public yet · 70 units · software not picked yet,2025-03-13,,,,,,,,https://www.tad.org/content/data-download/2026CommPermits.zip,,,,,Dallas–Fort Worth,Upcoming
tx,Crest River District,Unassigned,"124 ROBERTS CUT OFF RD, FORT WORTH",60,permitted,Opens: not public yet,Permitted · opens: not public yet · 60 units · software not picked yet,2025-03-13,,,,,,,,https://www.tad.org/content/data-download/2026CommPermits.zip,,,,,Rest of Texas,Upcoming
tx,San Antonio Courtyard Duplexes/Rental New Bldg 1 Apt 101 and Apt 102,San Marcos,411 W SAN ANTONIO ST APT 101,,permitted,Opens: not public yet,Permitted · opens: not public yet · software not picked yet,2025-03-13,,,,,,,,https://smgis.sanmarcostx.gov/arcgis/rest/services/Planning/CoSM_BuildingPermits/FeatureServer/0/query?where=TYPE%3D%27New%27+AND+LANDUSE%3D%27Multi-Family%27+AND+ISSUED%3E%3Dtimestamp+%272024-09-01+00%3A00%3A00%27&outFields=%2A&f=json&resultRecordCount=1000&orderByFields=ISSUED+DESC,,,,,Austin,Upcoming
tx,3 Thousand One Crystal Springs,Bedford,"3001 CRYSTAL SPRINGS, BEDFORD",152,permitted,Opens: not public yet,Permitted · opens: not public yet · 152 units · software not picked yet,2025-03-17,,,,,,,,https://www.tad.org/content/data-download/2026CommPermits.zip,,,,,Dallas–Fort Worth,Upcoming
tx,Apartments at 509 Debbie Lane Unit 100,Arlington,509 DEBBIE LANE Unit 100,,permitted,Opens: not public yet,Permitted · opens: not public yet · software not picked yet,2025-03-17,,,,,,,,https://gis2.arlingtontx.gov/agsext2/rest/services/OpenData/OD_Property/MapServer/1/query?where=MainUse+LIKE+%27Apartments%25%27+AND+WORKDESC%3D%27New+Construction%27&outFields=%2A&f=json&resultRecordCount=1000&orderByFields=ISSUEDATE+DESC,,,,,Dallas–Fort Worth,Upcoming
tx,Willows Ii Apts,Arlington,"2024 PARK SPRINGS BLVD, ARLINGTON",110,permitted,Opens: not public yet,Permitted · opens: not public yet · 110 units · software not picked yet,2025-03-20,,,,,,,,https://www.tad.org/content/data-download/2026CommPermits.zip,,,,,Dallas–Fort Worth,Upcoming
tx,Sunny Woods Sr Community Centr,Hurst,"1604 NORTH HILLS BLVD, HURST",84,permitted,Opens: not public yet,Permitted · opens: not public yet · 84 units · software not picked yet,2025-03-20,,,,,,,,https://www.tad.org/content/data-download/2026CommPermits.zip,,,,,Dallas–Fort Worth,Upcoming
tx,Park Plaza,Fort Worth,"2001 ADEN RD, FORT WORTH",232,permitted,Opens: not public yet,Permitted · opens: not public yet · 232 units · software not picked yet,2025-03-21,,,,,,,,https://www.tad.org/content/data-download/2026CommPermits.zip,,,,,Dallas–Fort Worth,Upcoming
tx,Apartments at 4215 S Lamar Blvd Svrd Nb,Austin,4215 S LAMAR BLVD SVRD NB,58,permitted,Opens: not public yet,Permitted · opens: not public yet · 58 units · software not picked yet,2025-03-21,,,,,,,,https://abc.austintexas.gov/web/permit/public-search-other?t_detail=1&t_selected_folderrsn=13405993,,,,,Austin,Upcoming
tx,La Puerta Verde Apts.,Haltom City,"4040 DENTON HWY, HALTOM CITY",74,permitted,Opens: not public yet,Permitted · opens: not public yet · 74 units · software not picked yet,2025-03-24,,,,,,,,https://www.tad.org/content/data-download/2026CommPermits.zip,,,,,Dallas–Fort Worth,Upcoming
tx,Ptct Ennova Highlands Apts,Arlington,"451 HIGHLANDER BLVD, ARLINGTON",348,permitted,Opens: not public yet,Permitted · opens: not public yet · 348 units · software not picked yet,2025-03-25,,,,,,,,https://www.tad.org/content/data-download/2026CommPermits.zip,,,,,Dallas–Fort Worth,Upcoming
tx,alpine creekside ptct,Haltom City,"5400 HALTOM RD, HALTOM CITY",296,permitted,Opens: not public yet,Permitted · opens: not public yet · 296 units · software not picked yet,2025-03-26,,,,,,,,https://www.tad.org/content/data-download/2026CommPermits.zip,,,,,Dallas–Fort Worth,Upcoming
tx,Cedar Ridge Townhomes,Arlington,"2043 KNOLL CREST DR, ARLINGTON",124,permitted,Opens: not public yet,Permitted · opens: not public yet · 124 units · software not picked yet,2025-03-26,,,,,,,,https://www.tad.org/content/data-download/2026CommPermits.zip,,,,,Dallas–Fort Worth,Upcoming
tx,Binyon-O'Keefe Building,Fort Worth,"210 E 7TH ST, FORT WORTH",100,permitted,Opens: not public yet,Permitted · opens: not public yet · 100 units · software not picked yet,2025-03-26,,,,,,,,https://www.tad.org/content/data-download/2026CommPermits.zip,,,,,Dallas–Fort Worth,Upcoming
tx,Trinity Terrace,TDLR,"1600 TEXAS ST, FORT WORTH",417,permitted,Opens: not public yet,Permitted · opens: not public yet · 417 units · software not picked yet,2025-03-27,,,,,,,,https://www.tad.org/content/data-download/2026CommPermits.zip,,,,,Rest of Texas,Upcoming
tx,Grayson Ridge Apartments,N Richland Hills,"6901 NE LOOP 820, NORTH RICHLAND HILLS",240,permitted,Opens: not public yet,Permitted · opens: not public yet · 240 units · software not picked yet,2025-03-27,,,,,,,,https://www.tad.org/content/data-download/2026CommPermits.zip,,,,,Rest of Texas,Upcoming
tx,Future Apts - Hughes House - Pctc,Fort Worth,"E Rosedale ST, FORT WORTH",64,permitted,Opens: not public yet,Permitted · opens: not public yet · 64 units · software not picked yet,2025-03-27,,,,,,,,https://www.tad.org/content/data-download/2026CommPermits.zip,,,,,Dallas–Fort Worth,Upcoming
tx,Joe Brown Insurance,Fort Worth,"3225 S UNIVERSITY DR, FORT WORTH",,permitted,Opens: not public yet,Permitted · opens: not public yet · software not picked yet,2025-03-27,,,,,,,,https://www.tad.org/content/data-download/2026CommPermits.zip,,,,,Dallas–Fort Worth,Upcoming
tx,Trailwinds Grapevine,Grapevine,"4501 STATE HWY 360, GRAPEVINE",324,permitted,Opens: not public yet,Permitted · opens: not public yet · 324 units · software not picked yet,2025-03-28,,,,,,,,https://www.tad.org/content/data-download/2026CommPermits.zip,,,,,Dallas–Fort Worth,Upcoming
tx,Brookdale Oak Hollow,Bedford,"2016 L DON DODSON DR, BEDFORD",56,permitted,Opens: not public yet,Permitted · opens: not public yet · 56 units · software not picked yet,2025-03-28,,,,,,,,https://www.tad.org/content/data-download/2026CommPermits.zip,,,,,Dallas–Fort Worth,Upcoming
tx,Parkside Apts,Hurst,"555 PRECINCT LINE RD, HURST",36,permitted,Opens: not public yet,Permitted · opens: not public yet · 36 units · software not picked yet,2025-04-01,,,,,,,,https://www.tad.org/content/data-download/2026CommPermits.zip,,,,,Dallas–Fort Worth,Upcoming
tx,Apartments at 3703 Dr. Mlk Jr. Drive Bldg 7,Arlington,3703 DR. MLK JR. DRIVE BLDG 7,,permitted,Opens: not public yet,Permitted · opens: not public yet · software not picked yet,2025-04-01,,,,,,,,https://gis2.arlingtontx.gov/agsext2/rest/services/OpenData/OD_Property/MapServer/1/query?where=MainUse+LIKE+%27Apartments%25%27+AND+WORKDESC%3D%27New+Construction%27&outFields=%2A&f=json&resultRecordCount=1000&orderByFields=ISSUEDATE+DESC,,,,,Dallas–Fort Worth,Upcoming
tx,Riachi At One 21 Apartments,Plano,9600 Coit Rd,402,sold,Owner changed to MFREVF V - PLANO LP,Owner changed to MFREVF V - PLANO LP · 402 units · software not yet identified → new owner may re-pick software.,,,,,,,,,,,,,,Dallas–Fort Worth,Sold
tx,Apartments at 3705 Dr. Mlk Jr. Drive Bldg 6,Arlington,3705 DR. MLK JR. DRIVE BLDG 6,,permitted,Opens: not public yet,Permitted · opens: not public yet · software not picked yet,2025-04-01,,,,,,,,https://gis2.arlingtontx.gov/agsext2/rest/services/OpenData/OD_Property/MapServer/1/query?where=MainUse+LIKE+%27Apartments%25%27+AND+WORKDESC%3D%27New+Construction%27&outFields=%2A&f=json&resultRecordCount=1000&orderByFields=ISSUEDATE+DESC,,,,,Dallas–Fort Worth,Upcoming
tx,Apartments at 3707 Dr. Mlk Jr. Drive Bldg 5,Arlington,3707 DR. MLK JR. DRIVE BLDG 5,,permitted,Opens: not public yet,Permitted · opens: not public yet · software not picked yet,2025-04-01,,,,,,,,https://gis2.arlingtontx.gov/agsext2/rest/services/OpenData/OD_Property/MapServer/1/query?where=MainUse+LIKE+%27Apartments%25%27+AND+WORKDESC%3D%27New+Construction%27&outFields=%2A&f=json&resultRecordCount=1000&orderByFields=ISSUEDATE+DESC,,,,,Dallas–Fort Worth,Upcoming
tx,Apartments at 3711 Dr. Mlk Jr. Drive Bldg 3,Arlington,3711 DR. MLK JR. DRIVE BLDG 3,,permitted,Opens: not public yet,Permitted · opens: not public yet · software not picked yet,2025-04-01,,,,,,,,https://gis2.arlingtontx.gov/agsext2/rest/services/OpenData/OD_Property/MapServer/1/query?where=MainUse+LIKE+%27Apartments%25%27+AND+WORKDESC%3D%27New+Construction%27&outFields=%2A&f=json&resultRecordCount=1000&orderByFields=ISSUEDATE+DESC,,,,,Dallas–Fort Worth,Upcoming
tx,Tides On Oakland,Fort Worth,"6011 OAKLAND HILLS DR, FORT WORTH",274,permitted,Opens: not public yet,Permitted · opens: not public yet · 274 units · software not picked yet,2025-04-02,,,,,,,,https://www.tad.org/content/data-download/2026CommPermits.zip,,,,,Dallas–Fort Worth,Upcoming
tx,Tides On Woodhaven,Fort Worth,"807 HEIGHTS DR, FORT WORTH",332,permitted,Opens: not public yet,Permitted · opens: not public yet · 332 units · software not picked yet,2025-04-04,,,,,,,,https://www.tad.org/content/data-download/2026CommPermits.zip,,,,,Dallas–Fort Worth,Upcoming
tx,Mira Monte Apts,Unassigned,"2800 LAS VEGAS TR, FORT WORTH",116,permitted,Opens: not public yet,Permitted · opens: not public yet · 116 units · software not picked yet,2025-04-05,,,,,,,,https://www.tad.org/content/data-download/2026CommPermits.zip,,,,,Rest of Texas,Upcoming
tx,The Carter Apts,Grapevine,"2149 ANDERSON GIBSON RD, GRAPEVINE",276,permitted,Opens: not public yet,Permitted · opens: not public yet · 276 units · software not picked yet,2025-04-07,,,,,,,,https://www.tad.org/content/data-download/2026CommPermits.zip,,,,,Dallas–Fort Worth,Upcoming
tx,Apartments at 1821  Mansfield Webb Rd   ,Arlington,1821  MANSFIELD WEBB RD   ,,permitted,Opens: not public yet,Permitted · opens: not public yet · software not picked yet,2025-04-07,,,,,,,,https://gis2.arlingtontx.gov/agsext2/rest/services/OpenData/OD_Property/MapServer/1/query?where=MainUse+LIKE+%27Apartments%25%27+AND+WORKDESC%3D%27New+Construction%27&outFields=%2A&f=json&resultRecordCount=1000&orderByFields=ISSUEDATE+DESC,,,,,Dallas–Fort Worth,Upcoming
tx,Apartments at 1819  Mansfield Webb Rd   ,Arlington,1819  MANSFIELD WEBB RD   ,,permitted,Opens: not public yet,Permitted · opens: not public yet · software not picked yet,2025-04-07,,,,,,,,https://gis2.arlingtontx.gov/agsext2/rest/services/OpenData/OD_Property/MapServer/1/query?where=MainUse+LIKE+%27Apartments%25%27+AND+WORKDESC%3D%27New+Construction%27&outFields=%2A&f=json&resultRecordCount=1000&orderByFields=ISSUEDATE+DESC,,,,,Dallas–Fort Worth,Upcoming
tx,Apartments at 1817  Mansfield Webb Rd   ,Arlington,1817  MANSFIELD WEBB RD   ,,permitted,Opens: not public yet,Permitted · opens: not public yet · software not picked yet,2025-04-07,,,,,,,,https://gis2.arlingtontx.gov/agsext2/rest/services/OpenData/OD_Property/MapServer/1/query?where=MainUse+LIKE+%27Apartments%25%27+AND+WORKDESC%3D%27New+Construction%27&outFields=%2A&f=json&resultRecordCount=1000&orderByFields=ISSUEDATE+DESC,,,,,Dallas–Fort Worth,Upcoming
tx,Apartments at 1815  Mansfield Webb Rd   ,Arlington,1815  MANSFIELD WEBB RD   ,,permitted,Opens: not public yet,Permitted · opens: not public yet · software not picked yet,2025-04-07,,,,,,,,https://gis2.arlingtontx.gov/agsext2/rest/services/OpenData/OD_Property/MapServer/1/query?where=MainUse+LIKE+%27Apartments%25%27+AND+WORKDESC%3D%27New+Construction%27&outFields=%2A&f=json&resultRecordCount=1000&orderByFields=ISSUEDATE+DESC,,,,,Dallas–Fort Worth,Upcoming
tx,Apartments at 1811  Mansfield Webb Rd   ,Arlington,1811  MANSFIELD WEBB RD   ,,permitted,Opens: not public yet,Permitted · opens: not public yet · software not picked yet,2025-04-07,,,,,,,,https://gis2.arlingtontx.gov/agsext2/rest/services/OpenData/OD_Property/MapServer/1/query?where=MainUse+LIKE+%27Apartments%25%27+AND+WORKDESC%3D%27New+Construction%27&outFields=%2A&f=json&resultRecordCount=1000&orderByFields=ISSUEDATE+DESC,,,,,Dallas–Fort Worth,Upcoming
tx,Apartments at 1809  Mansfield Webb Rd   ,Arlington,1809  MANSFIELD WEBB RD   ,,permitted,Opens: not public yet,Permitted · opens: not public yet · software not picked yet,2025-04-07,,,,,,,,https://gis2.arlingtontx.gov/agsext2/rest/services/OpenData/OD_Property/MapServer/1/query?where=MainUse+LIKE+%27Apartments%25%27+AND+WORKDESC%3D%27New+Construction%27&outFields=%2A&f=json&resultRecordCount=1000&orderByFields=ISSUEDATE+DESC,,,,,Dallas–Fort Worth,Upcoming
tx,Apartments at 1835  Mansfield Webb Rd   ,Arlington,1835  MANSFIELD WEBB RD   ,,permitted,Opens: not public yet,Permitted · opens: not public yet · software not picked yet,2025-04-07,,,,,,,,https://gis2.arlingtontx.gov/agsext2/rest/services/OpenData/OD_Property/MapServer/1/query?where=MainUse+LIKE+%27Apartments%25%27+AND+WORKDESC%3D%27New+Construction%27&outFields=%2A&f=json&resultRecordCount=1000&orderByFields=ISSUEDATE+DESC,,,,,Dallas–Fort Worth,Upcoming
tx,Apartments at 1833  Mansfield Webb Rd   ,Arlington,1833  MANSFIELD WEBB RD   ,,permitted,Opens: not public yet,Permitted · opens: not public yet · software not picked yet,2025-04-07,,,,,,,,https://gis2.arlingtontx.gov/agsext2/rest/services/OpenData/OD_Property/MapServer/1/query?where=MainUse+LIKE+%27Apartments%25%27+AND+WORKDESC%3D%27New+Construction%27&outFields=%2A&f=json&resultRecordCount=1000&orderByFields=ISSUEDATE+DESC,,,,,Dallas–Fort Worth,Upcoming
tx,Apartments at 1797  Mansfield Webb Rd   ,Arlington,1797  MANSFIELD WEBB RD   ,,permitted,Opens: not public yet,Permitted · opens: not public yet · software not picked yet,2025-04-07,,,,,,,,https://gis2.arlingtontx.gov/agsext2/rest/services/OpenData/OD_Property/MapServer/1/query?where=MainUse+LIKE+%27Apartments%25%27+AND+WORKDESC%3D%27New+Construction%27&outFields=%2A&f=json&resultRecordCount=1000&orderByFields=ISSUEDATE+DESC,,,,,Dallas–Fort Worth,Upcoming
tx,Apartments at 1827  Mansfield Webb Rd   ,Arlington,1827  MANSFIELD WEBB RD   ,,permitted,Opens: not public yet,Permitted · opens: not public yet · software not picked yet,2025-04-07,,,,,,,,https://gis2.arlingtontx.gov/agsext2/rest/services/OpenData/OD_Property/MapServer/1/query?where=MainUse+LIKE+%27Apartments%25%27+AND+WORKDESC%3D%27New+Construction%27&outFields=%2A&f=json&resultRecordCount=1000&orderByFields=ISSUEDATE+DESC,,,,,Dallas–Fort Worth,Upcoming
tx,Apartments at 1825  Mansfield Webb Rd   ,Arlington,1825  MANSFIELD WEBB RD   ,,permitted,Opens: not public yet,Permitted · opens: not public yet · software not picked yet,2025-04-07,,,,,,,,https://gis2.arlingtontx.gov/agsext2/rest/services/OpenData/OD_Property/MapServer/1/query?where=MainUse+LIKE+%27Apartments%25%27+AND+WORKDESC%3D%27New+Construction%27&outFields=%2A&f=json&resultRecordCount=1000&orderByFields=ISSUEDATE+DESC,,,,,Dallas–Fort Worth,Upcoming
tx,Apartments at 1823  Mansfield Webb Rd   ,Arlington,1823  MANSFIELD WEBB RD   ,,permitted,Opens: not public yet,Permitted · opens: not public yet · software not picked yet,2025-04-07,,,,,,,,https://gis2.arlingtontx.gov/agsext2/rest/services/OpenData/OD_Property/MapServer/1/query?where=MainUse+LIKE+%27Apartments%25%27+AND+WORKDESC%3D%27New+Construction%27&outFields=%2A&f=json&resultRecordCount=1000&orderByFields=ISSUEDATE+DESC,,,,,Dallas–Fort Worth,Upcoming
tx,Apartments at 1851  Mansfield Webb Rd   ,Arlington,1851  MANSFIELD WEBB RD   ,,permitted,Opens: not public yet,Permitted · opens: not public yet · software not picked yet,2025-04-07,,,,,,,,https://gis2.arlingtontx.gov/agsext2/rest/services/OpenData/OD_Property/MapServer/1/query?where=MainUse+LIKE+%27Apartments%25%27+AND+WORKDESC%3D%27New+Construction%27&outFields=%2A&f=json&resultRecordCount=1000&orderByFields=ISSUEDATE+DESC,,,,,Dallas–Fort Worth,Upcoming
tx,Apartments at 1853  Mansfield Webb Rd   ,Arlington,1853  MANSFIELD WEBB RD   ,,permitted,Opens: not public yet,Permitted · opens: not public yet · software not picked yet,2025-04-07,,,,,,,,https://gis2.arlingtontx.gov/agsext2/rest/services/OpenData/OD_Property/MapServer/1/query?where=MainUse+LIKE+%27Apartments%25%27+AND+WORKDESC%3D%27New+Construction%27&outFields=%2A&f=json&resultRecordCount=1000&orderByFields=ISSUEDATE+DESC,,,,,Dallas–Fort Worth,Upcoming
tx,Apartments at 1855  Mansfield Webb Rd   ,Arlington,1855  MANSFIELD WEBB RD   ,,permitted,Opens: not public yet,Permitted · opens: not public yet · software not picked yet,2025-04-07,,,,,,,,https://gis2.arlingtontx.gov/agsext2/rest/services/OpenData/OD_Property/MapServer/1/query?where=MainUse+LIKE+%27Apartments%25%27+AND+WORKDESC%3D%27New+Construction%27&outFields=%2A&f=json&resultRecordCount=1000&orderByFields=ISSUEDATE+DESC,,,,,Dallas–Fort Worth,Upcoming
tx,Orchards Market Plaza Senior Apts,Plano,3640 Mapleshade Ln,178,sold,Sold Jul 2026,Sold Jul 2026 to CSH PLANO ACT LLC · 178 units · on Entrata → new owner may re-pick software.,,,,,,,,Entrata,,,,,,Dallas–Fort Worth,Sold
tx,Apartments at 1837  Mansfield Webb Rd   ,Arlington,1837  MANSFIELD WEBB RD   ,,permitted,Opens: not public yet,Permitted · opens: not public yet · software not picked yet,2025-04-07,,,,,,,,https://gis2.arlingtontx.gov/agsext2/rest/services/OpenData/OD_Property/MapServer/1/query?where=MainUse+LIKE+%27Apartments%25%27+AND+WORKDESC%3D%27New+Construction%27&outFields=%2A&f=json&resultRecordCount=1000&orderByFields=ISSUEDATE+DESC,,,,,Dallas–Fort Worth,Upcoming
tx,Apartments at 1857  Mansfield Webb Rd   ,Arlington,1857  MANSFIELD WEBB RD   ,,permitted,Opens: not public yet,Permitted · opens: not public yet · software not picked yet,2025-04-07,,,,,,,,https://gis2.arlingtontx.gov/agsext2/rest/services/OpenData/OD_Property/MapServer/1/query?where=MainUse+LIKE+%27Apartments%25%27+AND+WORKDESC%3D%27New+Construction%27&outFields=%2A&f=json&resultRecordCount=1000&orderByFields=ISSUEDATE+DESC,,,,,Dallas–Fort Worth,Upcoming
tx,Apartments at 1769  Mansfield Webb Rd   ,Arlington,1769  MANSFIELD WEBB RD   ,,permitted,Opens: not public yet,Permitted · opens: not public yet · software not picked yet,2025-04-07,,,,,,,,https://gis2.arlingtontx.gov/agsext2/rest/services/OpenData/OD_Property/MapServer/1/query?where=MainUse+LIKE+%27Apartments%25%27+AND+WORKDESC%3D%27New+Construction%27&outFields=%2A&f=json&resultRecordCount=1000&orderByFields=ISSUEDATE+DESC,,,,,Dallas–Fort Worth,Upcoming
tx,Apartments at 1841 Mansfield Webb Road,Arlington,1841 MANSFIELD WEBB ROAD,,permitted,Opens: not public yet,Permitted · opens: not public yet · software not picked yet,2025-04-07,,,,,,,,https://gis2.arlingtontx.gov/agsext2/rest/services/OpenData/OD_Property/MapServer/1/query?where=MainUse+LIKE+%27Apartments%25%27+AND+WORKDESC%3D%27New+Construction%27&outFields=%2A&f=json&resultRecordCount=1000&orderByFields=ISSUEDATE+DESC,,,,,Dallas–Fort Worth,Upcoming
tx,Apartments at 1843 Mansfield Webb Road,Arlington,1843 MANSFIELD WEBB ROAD,,permitted,Opens: not public yet,Permitted · opens: not public yet · software not picked yet,2025-04-07,,,,,,,,https://gis2.arlingtontx.gov/agsext2/rest/services/OpenData/OD_Property/MapServer/1/query?where=MainUse+LIKE+%27Apartments%25%27+AND+WORKDESC%3D%27New+Construction%27&outFields=%2A&f=json&resultRecordCount=1000&orderByFields=ISSUEDATE+DESC,,,,,Dallas–Fort Worth,Upcoming
tx,Apartments at 1839  Mansfield Webb Rd   ,Arlington,1839  MANSFIELD WEBB RD   ,,permitted,Opens: not public yet,Permitted · opens: not public yet · software not picked yet,2025-04-07,,,,,,,,https://gis2.arlingtontx.gov/agsext2/rest/services/OpenData/OD_Property/MapServer/1/query?where=MainUse+LIKE+%27Apartments%25%27+AND+WORKDESC%3D%27New+Construction%27&outFields=%2A&f=json&resultRecordCount=1000&orderByFields=ISSUEDATE+DESC,,,,,Dallas–Fort Worth,Upcoming
tx,Apartments at 1701  Mansfield Webb Rd   Garage 1,Arlington,1701  MANSFIELD WEBB RD   GARAGE 1,,permitted,Opens: not public yet,Permitted · opens: not public yet · software not picked yet,2025-04-07,,,,,,,,https://gis2.arlingtontx.gov/agsext2/rest/services/OpenData/OD_Property/MapServer/1/query?where=MainUse+LIKE+%27Apartments%25%27+AND+WORKDESC%3D%27New+Construction%27&outFields=%2A&f=json&resultRecordCount=1000&orderByFields=ISSUEDATE+DESC,,,,,Dallas–Fort Worth,Upcoming
tx,Apartments at 1701  Mansfield Webb Rd   Garage 4,Arlington,1701  MANSFIELD WEBB RD   GARAGE 4,,permitted,Opens: not public yet,Permitted · opens: not public yet · software not picked yet,2025-04-07,,,,,,,,https://gis2.arlingtontx.gov/agsext2/rest/services/OpenData/OD_Property/MapServer/1/query?where=MainUse+LIKE+%27Apartments%25%27+AND+WORKDESC%3D%27New+Construction%27&outFields=%2A&f=json&resultRecordCount=1000&orderByFields=ISSUEDATE+DESC,,,,,Dallas–Fort Worth,Upcoming
tx,450 Crawford St,Fort Worth,"450 CRAWFORD ST, FORT WORTH",,permitted,Opens: not public yet,Permitted · opens: not public yet · software not picked yet,2025-04-16,,,,,,,,https://www.tad.org/content/data-download/2026CommPermits.zip,,,,,Dallas–Fort Worth,Upcoming
tx,Quarry Falls,TDLR,"4800 OLD DECATUR RD, FORT WORTH",378,permitted,Opens: not public yet,Permitted · opens: not public yet · 378 units · software not picked yet,2025-04-17,,,,,,,,https://www.tad.org/content/data-download/2026CommPermits.zip,,,,,Rest of Texas,Upcoming
tx,Apartments at 2300 Kramer Ln Bldg 2,Austin,2300 KRAMER LN BLDG 2,180,permitted,Opens: not public yet,Permitted · opens: not public yet · 180 units · software not picked yet,2025-04-18,,,,,,,,https://abc.austintexas.gov/web/permit/public-search-other?t_detail=1&t_selected_folderrsn=13503547,,,,,Austin,Upcoming
tx,Kace Apartments,Grand Prairie,"2301 H AVE, GRAND PRAIRIE",74,permitted,Opens: not public yet,Permitted · opens: not public yet · 74 units · software not picked yet,2025-04-18,,,,,,,,https://www.tad.org/content/data-download/2026CommPermits.zip,,,,,Dallas–Fort Worth,Upcoming
tx,Axis 110,Richardson,110 W Cityline Dr,351,sold,Sold Dec 2025,Sold Dec 2025 to AREIT DALLAS CITYLINE LLC · 351 units · on Yardi → new owner may re-pick software.,,,,,,,,Yardi,,,,,,Dallas–Fort Worth,Sold
tx,Legends At Chase Oaks Apartments,Plano,701 Legacy Dr,346,sold,Sold Sep 2025,Sold Sep 2025 to 701 LEGACY DRIVE SPE LLC · 346 units · on Yardi → new owner may re-pick software.,,,,,,,,Yardi,,,,,,Dallas–Fort Worth,Sold
tx,Collin Creek Multifamily,Plano,"811 N Central Expressway, Plano, TX 75075",,planned,Permit issued Jun 2026,Permit issued Jun 2026 · opens ~2027 → software not chosen yet.,,,,,,,,,,,,,,Dallas–Fort Worth,Upcoming
tx,JLB West Cityline,Richardson,"3500 Routh Creek Pkwy, Richardson, TX 75082",,planned,Permit issued,Permit issued · opens ~2027 → software not chosen yet.,,,,,,,,,,,,,,Dallas–Fort Worth,Upcoming
tx,Regalia Mansfield Apartments,Mansfield,"350 STATE HWY 360, MANSFIELD",308,permitted,Opens: not public yet,Permitted · opens: not public yet · 308 units · software not picked yet,2025-04-20,,,,,,,,https://www.tad.org/content/data-download/2026CommPermits.zip,,,,,Dallas–Fort Worth,Upcoming
tx,Bedford Creek Apts,Bedford,"328 BEDFORD RD, BEDFORD",266,permitted,Opens: not public yet,Permitted · opens: not public yet · 266 units · software not picked yet,2025-04-25,,,,,,,,https://www.tad.org/content/data-download/2026CommPermits.zip,,,,,Dallas–Fort Worth,Upcoming
tx,Apartments at 6125 Johnny Morris Rd Bldg 5,Austin,6125 JOHNNY MORRIS RD BLDG 5,48,permitted,Opens: not public yet,Permitted · opens: not public yet · 48 units · software not picked yet,2025-05-05,,,,,,,,https://abc.austintexas.gov/web/permit/public-search-other?t_detail=1&t_selected_folderrsn=13512287,,,,,Austin,Upcoming
tx,Southlake Brownstones,Southlake,"351 CENTRAL AVE, SOUTHLAKE",,permitted,Opens: not public yet,Permitted · opens: not public yet · software not picked yet,2025-05-06,,,,,,,,https://www.tad.org/content/data-download/2026CommPermits.zip,,,,,Dallas–Fort Worth,Upcoming
tx,Apartments at 800 W Bardin Road,Arlington,800 W BARDIN ROAD,,permitted,Opens: not public yet,Permitted · opens: not public yet · software not picked yet,2025-05-08,,,,,,,,https://gis2.arlingtontx.gov/agsext2/rest/services/OpenData/OD_Property/MapServer/1/query?where=MainUse+LIKE+%27Apartments%25%27+AND+WORKDESC%3D%27New+Construction%27&outFields=%2A&f=json&resultRecordCount=1000&orderByFields=ISSUEDATE+DESC,,,,,Dallas–Fort Worth,Upcoming
tx,Apartments at 7501 Cota Vista Dr Bldg 1,Austin,7501 COTA VISTA DR BLDG 1,54,permitted,Opens: not public yet,Permitted · opens: not public yet · 54 units · software not picked yet,2025-05-09,,,,,,,,https://abc.austintexas.gov/web/permit/public-search-other?t_detail=1&t_selected_folderrsn=13515364,,,,,Austin,Upcoming
tx,Regency at Ridgmar,Fort Worth,"2500 RIDGMAR BLVD, FORT WORTH",332,permitted,Opens: not public yet,Permitted · opens: not public yet · 332 units · software not picked yet,2025-05-13,,,,,,,,https://www.tad.org/content/data-download/2026CommPermits.zip,,,,,Dallas–Fort Worth,Upcoming
tx,Villas at Alameda,Fort Worth,"7000 JOHN T WHITE RD, FORT WORTH",205,permitted,Opens: not public yet,Permitted · opens: not public yet · 205 units · software not picked yet,2025-05-14,,,,,,,,https://www.tad.org/content/data-download/2026CommPermits.zip,,,,,Dallas–Fort Worth,Upcoming
tx,Village At Timarron,TDLR,"601 E SOUTHLAKE BLVD, SOUTHLAKE",,permitted,Opens: not public yet,Permitted · opens: not public yet · software not picked yet,2025-05-22,,,,,,,,https://www.tad.org/content/data-download/2026CommPermits.zip,,,,,Rest of Texas,Upcoming
tx,Apartments at 1010 Springdale Rd,Austin,1010 SPRINGDALE RD,585,permitted,Opens: not public yet,Permitted · opens: not public yet · 585 units · software not picked yet,2025-05-27,,,,,,,,https://abc.austintexas.gov/web/permit/public-search-other?t_detail=1&t_selected_folderrsn=13278370,,,,,Austin,Upcoming
tx,Dane Park Grapevine,Grapevine,"2701 N GRAPEVINE MILLS BLVD, GRAPEVINE",392,permitted,Opens: not public yet,Permitted · opens: not public yet · 392 units · software not picked yet,2025-05-29,,,,,,,,https://www.tad.org/content/data-download/2026CommPermits.zip,,,,,Dallas–Fort Worth,Upcoming
tx,Aden Crest,Fort Worth,"2200 ADEN RD, FORT WORTH",202,permitted,Opens: not public yet,Permitted · opens: not public yet · 202 units · software not picked yet,2025-05-30,,,,,,,,https://www.tad.org/content/data-download/2026CommPermits.zip,,,,,Dallas–Fort Worth,Upcoming
tx,Flats At Brentwood,Fort Worth,"2188 E LOOP 820, FORT WORTH",180,permitted,Opens: not public yet,Permitted · opens: not public yet · 180 units · software not picked yet,2025-06-02,,,,,,,,https://www.tad.org/content/data-download/2026CommPermits.zip,,,,,Dallas–Fort Worth,Upcoming
tx,Apartments at 10728 Burnet Rd,Austin,10728 BURNET RD,154,permitted,Opens: not public yet,Permitted · opens: not public yet · 154 units · software not picked yet,2025-06-04,,,,,,,,https://abc.austintexas.gov/web/permit/public-search-other?t_detail=1&t_selected_folderrsn=12133529,,,,,Austin,Upcoming
tx,Apartments at 4512 Denali Summit Dr,Austin,4512 DENALI SUMMIT DR,108,permitted,Opens: not public yet,Permitted · opens: not public yet · 108 units · software not picked yet,2025-06-05,,,,,,,,https://abc.austintexas.gov/web/permit/public-search-other?t_detail=1&t_selected_folderrsn=13522988,,,,,Austin,Upcoming
tx,Northpoint Villas,Fort Worth,"8100 N RIVERSIDE DR, FORT WORTH",276,permitted,Opens: not public yet,Permitted · opens: not public yet · 276 units · software not picked yet,2025-06-09,,,,,,,,https://www.tad.org/content/data-download/2026CommPermits.zip,,,,,Dallas–Fort Worth,Upcoming
tx,Apartments at 1727  Westview Ter  Bldg Office,Arlington,1727  WESTVIEW TER  Bldg OFFICE,,permitted,Opens: not public yet,Permitted · opens: not public yet · software not picked yet,2025-06-16,,,,,,,,https://gis2.arlingtontx.gov/agsext2/rest/services/OpenData/OD_Property/MapServer/1/query?where=MainUse+LIKE+%27Apartments%25%27+AND+WORKDESC%3D%27New+Construction%27&outFields=%2A&f=json&resultRecordCount=1000&orderByFields=ISSUEDATE+DESC,,,,,Dallas–Fort Worth,Upcoming
tx,"Courtyards At River Park, The",Fort Worth,"3209 TRINITY VIEW DR, FORT WORTH",209,permitted,Opens: not public yet,Permitted · opens: not public yet · 209 units · software not picked yet,2025-06-23,,,,,,,,https://www.tad.org/content/data-download/2026CommPermits.zip,,,,,Dallas–Fort Worth,Upcoming
tx,The Cooper,Unassigned,"1100 WASHINGTON AVE, FORT WORTH",390,permitted,Opens: not public yet,Permitted · opens: not public yet · 390 units · software not picked yet,2025-06-24,,,,,,,,https://www.tad.org/content/data-download/2026CommPermits.zip,,,,,Rest of Texas,Upcoming
tx,Centreport Landing,Fort Worth,"14301 STATLER CT, FORT WORTH",328,permitted,Opens: not public yet,Permitted · opens: not public yet · 328 units · software not picked yet,2025-06-30,,,,,,,,https://www.tad.org/content/data-download/2026CommPermits.zip,,,,,Dallas–Fort Worth,Upcoming
tx,Great Hearts Prairie View,Fort Worth,"9001 NW HWY 287, FORT WORTH",,permitted,Opens: not public yet,Permitted · opens: not public yet · software not picked yet,2025-06-30,,,,,,,,https://www.tad.org/content/data-download/2026CommPermits.zip,,,,,Dallas–Fort Worth,Upcoming
tx,Vacant Land - Commercial Phase 2,Fort Worth,"1701 UNIVERSITY DR, FORT WORTH",,permitted,Opens: not public yet,Permitted · opens: not public yet · software not picked yet,2025-07-01,,,,,,,,https://www.tad.org/content/data-download/2026CommPermits.zip,,,,,Dallas–Fort Worth,Upcoming
tx,Grand At Legacy West Apartments,Plano,6080 Water St,621,sold,Sold Apr 2025,Sold Apr 2025 to LW OWNER 1 LLC · 621 units · on Yardi → new owner may re-pick software.,,,,,,,,Yardi,,,,,,Dallas–Fort Worth,Sold
tx,Apartments at 1013 Montopolis Dr,Austin,1013 MONTOPOLIS DR,150,permitted,Opens: not public yet,Permitted · opens: not public yet · 150 units · software not picked yet,2025-07-07,,,,,,,,https://abc.austintexas.gov/web/permit/public-search-other?t_detail=1&t_selected_folderrsn=13537932,,,,,Austin,Upcoming
tx,Apartments at 4208 Medical Pkwy,Austin,4208 MEDICAL PKWY,70,permitted,Opens: not public yet,Permitted · opens: not public yet · 70 units · software not picked yet,2025-07-16,,,,,,,,https://abc.austintexas.gov/web/permit/public-search-other?t_detail=1&t_selected_folderrsn=13549268,,,,,Austin,Upcoming
tx,Tides At 5400,Fort Worth,"5416 BOCA RATON BLVD, FORT WORTH",169,permitted,Opens: not public yet,Permitted · opens: not public yet · 169 units · software not picked yet,2025-07-21,,,,,,,,https://www.tad.org/content/data-download/2026CommPermits.zip,,,,,Dallas–Fort Worth,Upcoming
tx,Apartments at 100 W Arbrook Boulevard,Arlington,100 W ARBROOK BOULEVARD,,permitted,Opens: not public yet,Permitted · opens: not public yet · software not picked yet,2025-08-14,,,,,,,,https://gis2.arlingtontx.gov/agsext2/rest/services/OpenData/OD_Property/MapServer/1/query?where=MainUse+LIKE+%27Apartments%25%27+AND+WORKDESC%3D%27New+Construction%27&outFields=%2A&f=json&resultRecordCount=1000&orderByFields=ISSUEDATE+DESC,,,,,Dallas–Fort Worth,Upcoming
tx,Apartments at 2213 Poquito St,Austin,2213 POQUITO ST,67,permitted,Opens: not public yet,Permitted · opens: not public yet · 67 units · software not picked yet,2025-09-02,,,,,,,,https://abc.austintexas.gov/web/permit/public-search-other?t_detail=1&t_selected_folderrsn=13574446,,,,,Austin,Upcoming
tx,Apartments at 1720 Lawrence St,Austin,1720 LAWRENCE ST,64,permitted,Opens: not public yet,Permitted · opens: not public yet · 64 units · software not picked yet,2025-09-10,,,,,,,,https://abc.austintexas.gov/web/permit/public-search-other?t_detail=1&t_selected_folderrsn=13580092,,,,,Austin,Upcoming
tx,AFF - 13039 SW 410 Building 1 - The Orion Apartments,San Antonio,"13039 SW 410, City of San Antonio, TX 78224",,permitted,Opens: not public yet,Permitted · opens: not public yet · software not picked yet,2025-09-15,,,,,,,,https://data.sanantonio.gov/api/3/action/datastore_search_sql,,,,,San Antonio,Upcoming
tx,Apartments at 1124 Clayton Ln,Austin,1124 CLAYTON LN,227,permitted,Opens: not public yet,Permitted · opens: not public yet · 227 units · software not picked yet,2025-09-17,,,,,,,,https://abc.austintexas.gov/web/permit/public-search-other?t_detail=1&t_selected_folderrsn=13583283,,,,,Austin,Upcoming
tx,Apartments at 8413 Southwest Pkwy Bldg 1,Austin,8413 SOUTHWEST PKWY BLDG 1,94,permitted,Opens: not public yet,Permitted · opens: not public yet · 94 units · software not picked yet,2025-09-22,,,,,,,,https://abc.austintexas.gov/web/permit/public-search-other?t_detail=1&t_selected_folderrsn=13584191,,,,,Austin,Upcoming
tx,Apartments at 2545 Brockton Dr,Austin,2545 BROCKTON DR,75,permitted,Opens: not public yet,Permitted · opens: not public yet · 75 units · software not picked yet,2025-09-25,,,,,,,,https://abc.austintexas.gov/web/permit/public-search-other?t_detail=1&t_selected_folderrsn=13587841,,,,,Austin,Upcoming
tx,Apartments at 206A Slaughter Street,Arlington,206A SLAUGHTER STREET,,permitted,Opens: not public yet,Permitted · opens: not public yet · software not picked yet,2025-10-02,,,,,,,,https://gis2.arlingtontx.gov/agsext2/rest/services/OpenData/OD_Property/MapServer/1/query?where=MainUse+LIKE+%27Apartments%25%27+AND+WORKDESC%3D%27New+Construction%27&outFields=%2A&f=json&resultRecordCount=1000&orderByFields=ISSUEDATE+DESC,,,,,Dallas–Fort Worth,Upcoming
tx,Apartments at 1101 Reinli St Bldg 2C,Austin,1101 REINLI ST BLDG 2C,32,permitted,Opens: not public yet,Permitted · opens: not public yet · 32 units · software not picked yet,2025-10-06,,,,,,,,https://abc.austintexas.gov/web/permit/public-search-other?t_detail=1&t_selected_folderrsn=12855369,,,,,Austin,Upcoming
tx,Park Residences Plano,Plano,1109 Park Vista Rd,318,sold,Sold Mar 2026,Sold Mar 2026 to PARK RESIDENCES PLANO WEST LLC · 318 units · on Yardi → new owner may re-pick software.,,,,,,,,Yardi,,,,,,Dallas–Fort Worth,Sold
tx,The Dayton,Plano,6000 Ohio Dr,389,sold,Sold Apr 2025,Sold Apr 2025 to PECOS HOUSING FINANCE CORPORATION · 389 units · on ResMan → new owner may re-pick software.,,,,,,,,ResMan,,,,,,Dallas–Fort Worth,Sold
tx,Apartments at 5901 S Pleasant Valley Rd,Austin,5901 S PLEASANT VALLEY RD,75,permitted,Opens: not public yet,Permitted · opens: not public yet · 75 units · software not picked yet,2025-10-07,,,,,,,,https://abc.austintexas.gov/web/permit/public-search-other?t_detail=1&t_selected_folderrsn=13590354,,,,,Austin,Upcoming
tx,Apartments at 3925 Viridian Village Drive Unit E1,Arlington,3925 VIRIDIAN VILLAGE DRIVE Unit E1,,permitted,Opens: not public yet,Permitted · opens: not public yet · software not picked yet,2025-10-07,,,,,,,,https://gis2.arlingtontx.gov/agsext2/rest/services/OpenData/OD_Property/MapServer/1/query?where=MainUse+LIKE+%27Apartments%25%27+AND+WORKDESC%3D%27New+Construction%27&outFields=%2A&f=json&resultRecordCount=1000&orderByFields=ISSUEDATE+DESC,,,,,Dallas–Fort Worth,Upcoming
tx,Apartments at 2730 E 7Th St,Austin,2730 E 7TH ST,105,permitted,Opens: not public yet,Permitted · opens: not public yet · 105 units · software not picked yet,2025-10-08,,,,,,,,https://abc.austintexas.gov/web/permit/public-search-other?t_detail=1&t_selected_folderrsn=13596729,,,,,Austin,Upcoming
tx,Apartments at 1799  Mansfield Webb Rd   ,Arlington,1799  MANSFIELD WEBB RD   ,,permitted,Opens: not public yet,Permitted · opens: not public yet · software not picked yet,2025-10-08,,,,,,,,https://gis2.arlingtontx.gov/agsext2/rest/services/OpenData/OD_Property/MapServer/1/query?where=MainUse+LIKE+%27Apartments%25%27+AND+WORKDESC%3D%27New+Construction%27&outFields=%2A&f=json&resultRecordCount=1000&orderByFields=ISSUEDATE+DESC,,,,,Dallas–Fort Worth,Upcoming
tx,Apartments at 1803  Mansfield Webb Rd   ,Arlington,1803  MANSFIELD WEBB RD   ,,permitted,Opens: not public yet,Permitted · opens: not public yet · software not picked yet,2025-10-08,,,,,,,,https://gis2.arlingtontx.gov/agsext2/rest/services/OpenData/OD_Property/MapServer/1/query?where=MainUse+LIKE+%27Apartments%25%27+AND+WORKDESC%3D%27New+Construction%27&outFields=%2A&f=json&resultRecordCount=1000&orderByFields=ISSUEDATE+DESC,,,,,Dallas–Fort Worth,Upcoming
tx,Apartments at 1805  Mansfield Webb Rd   ,Arlington,1805  MANSFIELD WEBB RD   ,,permitted,Opens: not public yet,Permitted · opens: not public yet · software not picked yet,2025-10-08,,,,,,,,https://gis2.arlingtontx.gov/agsext2/rest/services/OpenData/OD_Property/MapServer/1/query?where=MainUse+LIKE+%27Apartments%25%27+AND+WORKDESC%3D%27New+Construction%27&outFields=%2A&f=json&resultRecordCount=1000&orderByFields=ISSUEDATE+DESC,,,,,Dallas–Fort Worth,Upcoming
tx,Apartments at 1807  Mansfield Webb Rd   ,Arlington,1807  MANSFIELD WEBB RD   ,,permitted,Opens: not public yet,Permitted · opens: not public yet · software not picked yet,2025-10-08,,,,,,,,https://gis2.arlingtontx.gov/agsext2/rest/services/OpenData/OD_Property/MapServer/1/query?where=MainUse+LIKE+%27Apartments%25%27+AND+WORKDESC%3D%27New+Construction%27&outFields=%2A&f=json&resultRecordCount=1000&orderByFields=ISSUEDATE+DESC,,,,,Dallas–Fort Worth,Upcoming
tx,Apartments at 2915 E Cesar Chavez St,Austin,2915 E CESAR CHAVEZ ST,39,permitted,Opens: not public yet,Permitted · opens: not public yet · 39 units · software not picked yet,2025-10-09,,,,,,,,https://abc.austintexas.gov/web/permit/public-search-other?t_detail=1&t_selected_folderrsn=13597249,,,,,Austin,Upcoming
tx,Apartments at 823 Tillery St,Austin,823 TILLERY ST,120,permitted,Opens: not public yet,Permitted · opens: not public yet · 120 units · software not picked yet,2025-10-14,,,,,,,,https://abc.austintexas.gov/web/permit/public-search-other?t_detail=1&t_selected_folderrsn=13597483,,,,,Austin,Upcoming
tx,Apartments at 1703  Mansfield Webb Rd   ,Arlington,1703  MANSFIELD WEBB RD   ,,permitted,Opens: not public yet,Permitted · opens: not public yet · software not picked yet,2025-10-15,,,,,,,,https://gis2.arlingtontx.gov/agsext2/rest/services/OpenData/OD_Property/MapServer/1/query?where=MainUse+LIKE+%27Apartments%25%27+AND+WORKDESC%3D%27New+Construction%27&outFields=%2A&f=json&resultRecordCount=1000&orderByFields=ISSUEDATE+DESC,,,,,Dallas–Fort Worth,Upcoming
tx,Apartments at 1705  Mansfield Webb Rd   ,Arlington,1705  MANSFIELD WEBB RD   ,,permitted,Opens: not public yet,Permitted · opens: not public yet · software not picked yet,2025-10-15,,,,,,,,https://gis2.arlingtontx.gov/agsext2/rest/services/OpenData/OD_Property/MapServer/1/query?where=MainUse+LIKE+%27Apartments%25%27+AND+WORKDESC%3D%27New+Construction%27&outFields=%2A&f=json&resultRecordCount=1000&orderByFields=ISSUEDATE+DESC,,,,,Dallas–Fort Worth,Upcoming
tx,Bellevue At Spring Creek Apartments,Plano,2401 W Spring Creek Pkwy,278,sold,Sold Jun 2025,Sold Jun 2025 to SPRING CREEK 278 LLC · 278 units · software not yet identified → new owner may re-pick software.,,,,,,,,,,,,,,Dallas–Fort Worth,Sold
tx,Creekside At Legacy Apartments,Plano,6300 Windcrest Dr,380,sold,Sold Sep 2024,Sold Sep 2024 to KEY CREEKSIDE LLC · 380 units · on RealPage → new owner may re-pick software.,,,,,,,,RealPage,,,,,,Dallas–Fort Worth,Sold
tx,Haggard Farm,Plano,"Spring Creek Parkway and Parkwood Boulevard, Plano, TX 75024",,planned,Under construction Dec 2025,Under construction Dec 2025 · opens ~2027 → software not chosen yet.,,,,,,,,,,,,,,Dallas–Fort Worth,Upcoming
tx,Apartments at 1707  Mansfield Webb Rd   ,Arlington,1707  MANSFIELD WEBB RD   ,,permitted,Opens: not public yet,Permitted · opens: not public yet · software not picked yet,2025-10-15,,,,,,,,https://gis2.arlingtontx.gov/agsext2/rest/services/OpenData/OD_Property/MapServer/1/query?where=MainUse+LIKE+%27Apartments%25%27+AND+WORKDESC%3D%27New+Construction%27&outFields=%2A&f=json&resultRecordCount=1000&orderByFields=ISSUEDATE+DESC,,,,,Dallas–Fort Worth,Upcoming
tx,Apartments at 1709  Mansfield Webb Rd   ,Arlington,1709  MANSFIELD WEBB RD   ,,permitted,Opens: not public yet,Permitted · opens: not public yet · software not picked yet,2025-10-15,,,,,,,,https://gis2.arlingtontx.gov/agsext2/rest/services/OpenData/OD_Property/MapServer/1/query?where=MainUse+LIKE+%27Apartments%25%27+AND+WORKDESC%3D%27New+Construction%27&outFields=%2A&f=json&resultRecordCount=1000&orderByFields=ISSUEDATE+DESC,,,,,Dallas–Fort Worth,Upcoming
tx,Apartments at 1711  Mansfield Webb Rd   ,Arlington,1711  MANSFIELD WEBB RD   ,,permitted,Opens: not public yet,Permitted · opens: not public yet · software not picked yet,2025-10-15,,,,,,,,https://gis2.arlingtontx.gov/agsext2/rest/services/OpenData/OD_Property/MapServer/1/query?where=MainUse+LIKE+%27Apartments%25%27+AND+WORKDESC%3D%27New+Construction%27&outFields=%2A&f=json&resultRecordCount=1000&orderByFields=ISSUEDATE+DESC,,,,,Dallas–Fort Worth,Upcoming
tx,Apartments at 1715  Mansfield Webb Rd   ,Arlington,1715  MANSFIELD WEBB RD   ,,permitted,Opens: not public yet,Permitted · opens: not public yet · software not picked yet,2025-10-15,,,,,,,,https://gis2.arlingtontx.gov/agsext2/rest/services/OpenData/OD_Property/MapServer/1/query?where=MainUse+LIKE+%27Apartments%25%27+AND+WORKDESC%3D%27New+Construction%27&outFields=%2A&f=json&resultRecordCount=1000&orderByFields=ISSUEDATE+DESC,,,,,Dallas–Fort Worth,Upcoming
tx,Apartments at 1701  Mansfield Webb Rd   Garage 5,Arlington,1701  MANSFIELD WEBB RD   GARAGE 5,,permitted,Opens: not public yet,Permitted · opens: not public yet · software not picked yet,2025-11-10,,,,,,,,https://gis2.arlingtontx.gov/agsext2/rest/services/OpenData/OD_Property/MapServer/1/query?where=MainUse+LIKE+%27Apartments%25%27+AND+WORKDESC%3D%27New+Construction%27&outFields=%2A&f=json&resultRecordCount=1000&orderByFields=ISSUEDATE+DESC,,,,,Dallas–Fort Worth,Upcoming
tx,Apartments at 1701  Mansfield Webb Rd   Garage 6,Arlington,1701  MANSFIELD WEBB RD   GARAGE 6,,permitted,Opens: not public yet,Permitted · opens: not public yet · software not picked yet,2025-11-10,,,,,,,,https://gis2.arlingtontx.gov/agsext2/rest/services/OpenData/OD_Property/MapServer/1/query?where=MainUse+LIKE+%27Apartments%25%27+AND+WORKDESC%3D%27New+Construction%27&outFields=%2A&f=json&resultRecordCount=1000&orderByFields=ISSUEDATE+DESC,,,,,Dallas–Fort Worth,Upcoming
tx,Apartments at 1701  Mansfield Webb Rd   Garage 7,Arlington,1701  MANSFIELD WEBB RD   GARAGE 7,,permitted,Opens: not public yet,Permitted · opens: not public yet · software not picked yet,2025-11-10,,,,,,,,https://gis2.arlingtontx.gov/agsext2/rest/services/OpenData/OD_Property/MapServer/1/query?where=MainUse+LIKE+%27Apartments%25%27+AND+WORKDESC%3D%27New+Construction%27&outFields=%2A&f=json&resultRecordCount=1000&orderByFields=ISSUEDATE+DESC,,,,,Dallas–Fort Worth,Upcoming
tx,Apartments at 1701  Mansfield Webb Rd   Garage 9,Arlington,1701  MANSFIELD WEBB RD   GARAGE 9,,permitted,Opens: not public yet,Permitted · opens: not public yet · software not picked yet,2025-11-10,,,,,,,,https://gis2.arlingtontx.gov/agsext2/rest/services/OpenData/OD_Property/MapServer/1/query?where=MainUse+LIKE+%27Apartments%25%27+AND+WORKDESC%3D%27New+Construction%27&outFields=%2A&f=json&resultRecordCount=1000&orderByFields=ISSUEDATE+DESC,,,,,Dallas–Fort Worth,Upcoming
tx,Apartments at 1701  Mansfield Webb Rd   Garage 8,Arlington,1701  MANSFIELD WEBB RD   GARAGE 8,,permitted,Opens: not public yet,Permitted · opens: not public yet · software not picked yet,2025-11-10,,,,,,,,https://gis2.arlingtontx.gov/agsext2/rest/services/OpenData/OD_Property/MapServer/1/query?where=MainUse+LIKE+%27Apartments%25%27+AND+WORKDESC%3D%27New+Construction%27&outFields=%2A&f=json&resultRecordCount=1000&orderByFields=ISSUEDATE+DESC,,,,,Dallas–Fort Worth,Upcoming
tx,Apartments at 1701  Mansfield Webb Rd   Garage 10,Arlington,1701  MANSFIELD WEBB RD   GARAGE 10,,permitted,Opens: not public yet,Permitted · opens: not public yet · software not picked yet,2025-11-10,,,,,,,,https://gis2.arlingtontx.gov/agsext2/rest/services/OpenData/OD_Property/MapServer/1/query?where=MainUse+LIKE+%27Apartments%25%27+AND+WORKDESC%3D%27New+Construction%27&outFields=%2A&f=json&resultRecordCount=1000&orderByFields=ISSUEDATE+DESC,,,,,Dallas–Fort Worth,Upcoming
tx,Apartments at 1701  Mansfield Webb Rd   Garage 12,Arlington,1701  MANSFIELD WEBB RD   GARAGE 12,,permitted,Opens: not public yet,Permitted · opens: not public yet · software not picked yet,2025-11-10,,,,,,,,https://gis2.arlingtontx.gov/agsext2/rest/services/OpenData/OD_Property/MapServer/1/query?where=MainUse+LIKE+%27Apartments%25%27+AND+WORKDESC%3D%27New+Construction%27&outFields=%2A&f=json&resultRecordCount=1000&orderByFields=ISSUEDATE+DESC,,,,,Dallas–Fort Worth,Upcoming
tx,Apartments at 1701  Mansfield Webb Rd   Garage 11,Arlington,1701  MANSFIELD WEBB RD   GARAGE 11,,permitted,Opens: not public yet,Permitted · opens: not public yet · software not picked yet,2025-11-10,,,,,,,,https://gis2.arlingtontx.gov/agsext2/rest/services/OpenData/OD_Property/MapServer/1/query?where=MainUse+LIKE+%27Apartments%25%27+AND+WORKDESC%3D%27New+Construction%27&outFields=%2A&f=json&resultRecordCount=1000&orderByFields=ISSUEDATE+DESC,,,,,Dallas–Fort Worth,Upcoming
tx,Apartments at 1701  Mansfield Webb Rd   Garage 3,Arlington,1701  MANSFIELD WEBB RD   GARAGE 3,,permitted,Opens: not public yet,Permitted · opens: not public yet · software not picked yet,2025-11-10,,,,,,,,https://gis2.arlingtontx.gov/agsext2/rest/services/OpenData/OD_Property/MapServer/1/query?where=MainUse+LIKE+%27Apartments%25%27+AND+WORKDESC%3D%27New+Construction%27&outFields=%2A&f=json&resultRecordCount=1000&orderByFields=ISSUEDATE+DESC,,,,,Dallas–Fort Worth,Upcoming
tx,Apartments at 1701  Mansfield Webb Rd   Garage 2,Arlington,1701  MANSFIELD WEBB RD   GARAGE 2,,permitted,Opens: not public yet,Permitted · opens: not public yet · software not picked yet,2025-11-10,,,,,,,,https://gis2.arlingtontx.gov/agsext2/rest/services/OpenData/OD_Property/MapServer/1/query?where=MainUse+LIKE+%27Apartments%25%27+AND+WORKDESC%3D%27New+Construction%27&outFields=%2A&f=json&resultRecordCount=1000&orderByFields=ISSUEDATE+DESC,,,,,Dallas–Fort Worth,Upcoming
tx,Nacogdoches Apartments - Bld#  1-Apt.,San Antonio,"7010 COMANCHE LAND, CITY OF SAN ANTONIO, TX 78233",,permitted,Opens: not public yet,Permitted · opens: not public yet · software not picked yet,2025-11-24,,,,,,,,https://data.sanantonio.gov/api/3/action/datastore_search_sql,,,,,San Antonio,Upcoming
tx,Apartments at 1795  Mansfield Webb Rd   ,Arlington,1795  MANSFIELD WEBB RD   ,,permitted,Opens: not public yet,Permitted · opens: not public yet · software not picked yet,2025-11-25,,,,,,,,https://gis2.arlingtontx.gov/agsext2/rest/services/OpenData/OD_Property/MapServer/1/query?where=MainUse+LIKE+%27Apartments%25%27+AND+WORKDESC%3D%27New+Construction%27&outFields=%2A&f=json&resultRecordCount=1000&orderByFields=ISSUEDATE+DESC,,,,,Dallas–Fort Worth,Upcoming
tx,Apartments at 1717  Mansfield Webb Rd   ,Arlington,1717  MANSFIELD WEBB RD   ,,permitted,Opens: not public yet,Permitted · opens: not public yet · software not picked yet,2025-11-25,,,,,,,,https://gis2.arlingtontx.gov/agsext2/rest/services/OpenData/OD_Property/MapServer/1/query?where=MainUse+LIKE+%27Apartments%25%27+AND+WORKDESC%3D%27New+Construction%27&outFields=%2A&f=json&resultRecordCount=1000&orderByFields=ISSUEDATE+DESC,,,,,Dallas–Fort Worth,Upcoming
tx,Apartments at 1719  Mansfield Webb Rd   ,Arlington,1719  MANSFIELD WEBB RD   ,,permitted,Opens: not public yet,Permitted · opens: not public yet · software not picked yet,2025-11-25,,,,,,,,https://gis2.arlingtontx.gov/agsext2/rest/services/OpenData/OD_Property/MapServer/1/query?where=MainUse+LIKE+%27Apartments%25%27+AND+WORKDESC%3D%27New+Construction%27&outFields=%2A&f=json&resultRecordCount=1000&orderByFields=ISSUEDATE+DESC,,,,,Dallas–Fort Worth,Upcoming
tx,Apartments at 1801  Mansfield Webb Rd   ,Arlington,1801  MANSFIELD WEBB RD   ,,permitted,Opens: not public yet,Permitted · opens: not public yet · software not picked yet,2025-11-25,,,,,,,,https://gis2.arlingtontx.gov/agsext2/rest/services/OpenData/OD_Property/MapServer/1/query?where=MainUse+LIKE+%27Apartments%25%27+AND+WORKDESC%3D%27New+Construction%27&outFields=%2A&f=json&resultRecordCount=1000&orderByFields=ISSUEDATE+DESC,,,,,Dallas–Fort Worth,Upcoming
tx,Apartments at 1723  Mansfield Webb Rd   ,Arlington,1723  MANSFIELD WEBB RD   ,,permitted,Opens: not public yet,Permitted · opens: not public yet · software not picked yet,2025-11-25,,,,,,,,https://gis2.arlingtontx.gov/agsext2/rest/services/OpenData/OD_Property/MapServer/1/query?where=MainUse+LIKE+%27Apartments%25%27+AND+WORKDESC%3D%27New+Construction%27&outFields=%2A&f=json&resultRecordCount=1000&orderByFields=ISSUEDATE+DESC,,,,,Dallas–Fort Worth,Upcoming
tx,Apartments at 1725  Mansfield Webb Rd   ,Arlington,1725  MANSFIELD WEBB RD   ,,permitted,Opens: not public yet,Permitted · opens: not public yet · software not picked yet,2025-11-25,,,,,,,,https://gis2.arlingtontx.gov/agsext2/rest/services/OpenData/OD_Property/MapServer/1/query?where=MainUse+LIKE+%27Apartments%25%27+AND+WORKDESC%3D%27New+Construction%27&outFields=%2A&f=json&resultRecordCount=1000&orderByFields=ISSUEDATE+DESC,,,,,Dallas–Fort Worth,Upcoming
tx,Apartments at 1721  Mansfield Webb Rd   ,Arlington,1721  MANSFIELD WEBB RD   ,,permitted,Opens: not public yet,Permitted · opens: not public yet · software not picked yet,2025-11-25,,,,,,,,https://gis2.arlingtontx.gov/agsext2/rest/services/OpenData/OD_Property/MapServer/1/query?where=MainUse+LIKE+%27Apartments%25%27+AND+WORKDESC%3D%27New+Construction%27&outFields=%2A&f=json&resultRecordCount=1000&orderByFields=ISSUEDATE+DESC,,,,,Dallas–Fort Worth,Upcoming
tx,Apartments at 6410 Fm 969 Rd,Austin,6410 FM 969 RD,80,permitted,Opens: not public yet,Permitted · opens: not public yet · 80 units · software not picked yet,2025-12-01,,,,,,,,https://abc.austintexas.gov/web/permit/public-search-other?t_detail=1&t_selected_folderrsn=13610038,,,,,Austin,Upcoming
tx,Apartments at 8100 S Collins Street,Arlington,8100 S COLLINS STREET,,permitted,Opens: not public yet,Permitted · opens: not public yet · software not picked yet,2025-12-05,,,,,,,,https://gis2.arlingtontx.gov/agsext2/rest/services/OpenData/OD_Property/MapServer/1/query?where=MainUse+LIKE+%27Apartments%25%27+AND+WORKDESC%3D%27New+Construction%27&outFields=%2A&f=json&resultRecordCount=1000&orderByFields=ISSUEDATE+DESC,,,,,Dallas–Fort Worth,Upcoming
tx,Apartments at 1831  Mansfield Webb Rd   ,Arlington,1831  MANSFIELD WEBB RD   ,,permitted,Opens: not public yet,Permitted · opens: not public yet · software not picked yet,2025-12-09,,,,,,,,https://gis2.arlingtontx.gov/agsext2/rest/services/OpenData/OD_Property/MapServer/1/query?where=MainUse+LIKE+%27Apartments%25%27+AND+WORKDESC%3D%27New+Construction%27&outFields=%2A&f=json&resultRecordCount=1000&orderByFields=ISSUEDATE+DESC,,,,,Dallas–Fort Worth,Upcoming
tx,Apartments at 1829  Mansfield Webb Rd   ,Arlington,1829  MANSFIELD WEBB RD   ,,permitted,Opens: not public yet,Permitted · opens: not public yet · software not picked yet,2025-12-09,,,,,,,,https://gis2.arlingtontx.gov/agsext2/rest/services/OpenData/OD_Property/MapServer/1/query?where=MainUse+LIKE+%27Apartments%25%27+AND+WORKDESC%3D%27New+Construction%27&outFields=%2A&f=json&resultRecordCount=1000&orderByFields=ISSUEDATE+DESC,,,,,Dallas–Fort Worth,Upcoming
tx,Apartments at 1793  Mansfield Webb Rd   ,Arlington,1793  MANSFIELD WEBB RD   ,,permitted,Opens: not public yet,Permitted · opens: not public yet · software not picked yet,2025-12-09,,,,,,,,https://gis2.arlingtontx.gov/agsext2/rest/services/OpenData/OD_Property/MapServer/1/query?where=MainUse+LIKE+%27Apartments%25%27+AND+WORKDESC%3D%27New+Construction%27&outFields=%2A&f=json&resultRecordCount=1000&orderByFields=ISSUEDATE+DESC,,,,,Dallas–Fort Worth,Upcoming
tx,Apartments at 1791  Mansfield Webb Rd   ,Arlington,1791  MANSFIELD WEBB RD   ,,permitted,Opens: not public yet,Permitted · opens: not public yet · software not picked yet,2025-12-09,,,,,,,,https://gis2.arlingtontx.gov/agsext2/rest/services/OpenData/OD_Property/MapServer/1/query?where=MainUse+LIKE+%27Apartments%25%27+AND+WORKDESC%3D%27New+Construction%27&outFields=%2A&f=json&resultRecordCount=1000&orderByFields=ISSUEDATE+DESC,,,,,Dallas–Fort Worth,Upcoming
tx,Apartments at 1789  Mansfield Webb Rd   ,Arlington,1789  MANSFIELD WEBB RD   ,,permitted,Opens: not public yet,Permitted · opens: not public yet · software not picked yet,2025-12-09,,,,,,,,https://gis2.arlingtontx.gov/agsext2/rest/services/OpenData/OD_Property/MapServer/1/query?where=MainUse+LIKE+%27Apartments%25%27+AND+WORKDESC%3D%27New+Construction%27&outFields=%2A&f=json&resultRecordCount=1000&orderByFields=ISSUEDATE+DESC,,,,,Dallas–Fort Worth,Upcoming
tx,Apartments at 1787  Mansfield Webb Rd   ,Arlington,1787  MANSFIELD WEBB RD   ,,permitted,Opens: not public yet,Permitted · opens: not public yet · software not picked yet,2025-12-09,,,,,,,,https://gis2.arlingtontx.gov/agsext2/rest/services/OpenData/OD_Property/MapServer/1/query?where=MainUse+LIKE+%27Apartments%25%27+AND+WORKDESC%3D%27New+Construction%27&outFields=%2A&f=json&resultRecordCount=1000&orderByFields=ISSUEDATE+DESC,,,,,Dallas–Fort Worth,Upcoming
tx,Apartments at 1785  Mansfield Webb Rd   ,Arlington,1785  MANSFIELD WEBB RD   ,,permitted,Opens: not public yet,Permitted · opens: not public yet · software not picked yet,2025-12-09,,,,,,,,https://gis2.arlingtontx.gov/agsext2/rest/services/OpenData/OD_Property/MapServer/1/query?where=MainUse+LIKE+%27Apartments%25%27+AND+WORKDESC%3D%27New+Construction%27&outFields=%2A&f=json&resultRecordCount=1000&orderByFields=ISSUEDATE+DESC,,,,,Dallas–Fort Worth,Upcoming
tx,Apartments at 1779  Mansfield Webb Rd   ,Arlington,1779  MANSFIELD WEBB RD   ,,permitted,Opens: not public yet,Permitted · opens: not public yet · software not picked yet,2025-12-09,,,,,,,,https://gis2.arlingtontx.gov/agsext2/rest/services/OpenData/OD_Property/MapServer/1/query?where=MainUse+LIKE+%27Apartments%25%27+AND+WORKDESC%3D%27New+Construction%27&outFields=%2A&f=json&resultRecordCount=1000&orderByFields=ISSUEDATE+DESC,,,,,Dallas–Fort Worth,Upcoming
tx,Apartments at 1777  Mansfield Webb Rd   ,Arlington,1777  MANSFIELD WEBB RD   ,,permitted,Opens: not public yet,Permitted · opens: not public yet · software not picked yet,2025-12-09,,,,,,,,https://gis2.arlingtontx.gov/agsext2/rest/services/OpenData/OD_Property/MapServer/1/query?where=MainUse+LIKE+%27Apartments%25%27+AND+WORKDESC%3D%27New+Construction%27&outFields=%2A&f=json&resultRecordCount=1000&orderByFields=ISSUEDATE+DESC,,,,,Dallas–Fort Worth,Upcoming
tx,Apartments at 1745  Mansfield Webb Rd   ,Arlington,1745  MANSFIELD WEBB RD   ,,permitted,Opens: not public yet,Permitted · opens: not public yet · software not picked yet,2025-12-09,,,,,,,,https://gis2.arlingtontx.gov/agsext2/rest/services/OpenData/OD_Property/MapServer/1/query?where=MainUse+LIKE+%27Apartments%25%27+AND+WORKDESC%3D%27New+Construction%27&outFields=%2A&f=json&resultRecordCount=1000&orderByFields=ISSUEDATE+DESC,,,,,Dallas–Fort Worth,Upcoming
tx,Axis 3700,Plano,3700 Mapleshade Ln,300,sold,Owner changed to APARTMENTS AXIS SPE LLC,Owner changed to APARTMENTS AXIS SPE LLC · 300 units · software not yet identified → new owner may re-pick software.,,,,,,,,,,,,,,Dallas–Fort Worth,Sold
tx,Apartments at 1741  Mansfield Webb Rd   ,Arlington,1741  MANSFIELD WEBB RD   ,,permitted,Opens: not public yet,Permitted · opens: not public yet · software not picked yet,2025-12-09,,,,,,,,https://gis2.arlingtontx.gov/agsext2/rest/services/OpenData/OD_Property/MapServer/1/query?where=MainUse+LIKE+%27Apartments%25%27+AND+WORKDESC%3D%27New+Construction%27&outFields=%2A&f=json&resultRecordCount=1000&orderByFields=ISSUEDATE+DESC,,,,,Dallas–Fort Worth,Upcoming
tx,Apartments at 1739  Mansfield Webb Rd   ,Arlington,1739  MANSFIELD WEBB RD   ,,permitted,Opens: not public yet,Permitted · opens: not public yet · software not picked yet,2025-12-09,,,,,,,,https://gis2.arlingtontx.gov/agsext2/rest/services/OpenData/OD_Property/MapServer/1/query?where=MainUse+LIKE+%27Apartments%25%27+AND+WORKDESC%3D%27New+Construction%27&outFields=%2A&f=json&resultRecordCount=1000&orderByFields=ISSUEDATE+DESC,,,,,Dallas–Fort Worth,Upcoming
tx,Apartments at 1737  Mansfield Webb Rd   ,Arlington,1737  MANSFIELD WEBB RD   ,,permitted,Opens: not public yet,Permitted · opens: not public yet · software not picked yet,2025-12-09,,,,,,,,https://gis2.arlingtontx.gov/agsext2/rest/services/OpenData/OD_Property/MapServer/1/query?where=MainUse+LIKE+%27Apartments%25%27+AND+WORKDESC%3D%27New+Construction%27&outFields=%2A&f=json&resultRecordCount=1000&orderByFields=ISSUEDATE+DESC,,,,,Dallas–Fort Worth,Upcoming
tx,Apartments at 1735  Mansfield Webb Rd   ,Arlington,1735  MANSFIELD WEBB RD   ,,permitted,Opens: not public yet,Permitted · opens: not public yet · software not picked yet,2025-12-09,,,,,,,,https://gis2.arlingtontx.gov/agsext2/rest/services/OpenData/OD_Property/MapServer/1/query?where=MainUse+LIKE+%27Apartments%25%27+AND+WORKDESC%3D%27New+Construction%27&outFields=%2A&f=json&resultRecordCount=1000&orderByFields=ISSUEDATE+DESC,,,,,Dallas–Fort Worth,Upcoming
tx,Apartments at 1733  Mansfield Webb Rd   ,Arlington,1733  MANSFIELD WEBB RD   ,,permitted,Opens: not public yet,Permitted · opens: not public yet · software not picked yet,2025-12-09,,,,,,,,https://gis2.arlingtontx.gov/agsext2/rest/services/OpenData/OD_Property/MapServer/1/query?where=MainUse+LIKE+%27Apartments%25%27+AND+WORKDESC%3D%27New+Construction%27&outFields=%2A&f=json&resultRecordCount=1000&orderByFields=ISSUEDATE+DESC,,,,,Dallas–Fort Worth,Upcoming
tx,Apartments at 1731  Mansfield Webb Rd   ,Arlington,1731  MANSFIELD WEBB RD   ,,permitted,Opens: not public yet,Permitted · opens: not public yet · software not picked yet,2025-12-09,,,,,,,,https://gis2.arlingtontx.gov/agsext2/rest/services/OpenData/OD_Property/MapServer/1/query?where=MainUse+LIKE+%27Apartments%25%27+AND+WORKDESC%3D%27New+Construction%27&outFields=%2A&f=json&resultRecordCount=1000&orderByFields=ISSUEDATE+DESC,,,,,Dallas–Fort Worth,Upcoming
tx,Apartments at 1729  Mansfield Webb Rd   ,Arlington,1729  MANSFIELD WEBB RD   ,,permitted,Opens: not public yet,Permitted · opens: not public yet · software not picked yet,2025-12-09,,,,,,,,https://gis2.arlingtontx.gov/agsext2/rest/services/OpenData/OD_Property/MapServer/1/query?where=MainUse+LIKE+%27Apartments%25%27+AND+WORKDESC%3D%27New+Construction%27&outFields=%2A&f=json&resultRecordCount=1000&orderByFields=ISSUEDATE+DESC,,,,,Dallas–Fort Worth,Upcoming
tx,Apartments at 1727  Mansfield Webb Rd   ,Arlington,1727  MANSFIELD WEBB RD   ,,permitted,Opens: not public yet,Permitted · opens: not public yet · software not picked yet,2025-12-09,,,,,,,,https://gis2.arlingtontx.gov/agsext2/rest/services/OpenData/OD_Property/MapServer/1/query?where=MainUse+LIKE+%27Apartments%25%27+AND+WORKDESC%3D%27New+Construction%27&outFields=%2A&f=json&resultRecordCount=1000&orderByFields=ISSUEDATE+DESC,,,,,Dallas–Fort Worth,Upcoming
tx,Apartments at 7817 W Sh 71 Bldg 2,Austin,7817 W SH 71 BLDG 2,49,permitted,Opens: not public yet,Permitted · opens: not public yet · 49 units · software not picked yet,2025-12-11,,,,,,,,https://abc.austintexas.gov/web/permit/public-search-other?t_detail=1&t_selected_folderrsn=13626079,,,,,Austin,Upcoming
tx,Alpine At The Square,Saginaw,"701 SAGINAW SQUARE BLVD, SAGINAW",,permitted,Opens: not public yet,Permitted · opens: not public yet · software not picked yet,2025-12-26,,,,,,,,https://www.tad.org/content/data-download/2025CommPermits.zip,,,,,Dallas–Fort Worth,Upcoming
tx,3810 Transportation Way Unit 329 - PLAN 3B,San Marcos,3810 TRANSPORTATION WAY APT 329,,permitted,Opens: not public yet,Permitted · opens: not public yet · software not picked yet,2026-01-12,,,,,,,,https://smgis.sanmarcostx.gov/arcgis/rest/services/Planning/CoSM_BuildingPermits/FeatureServer/0/query?where=TYPE%3D%27New%27+AND+LANDUSE%3D%27Multi-Family%27+AND+ISSUED%3E%3Dtimestamp+%272024-09-01+00%3A00%3A00%27&outFields=%2A&f=json&resultRecordCount=1000&orderByFields=ISSUED+DESC,,,,,Austin,Upcoming
tx,"119,873 Sf New Apt Bld (104Units)(2/8) 1-5-3-R2/A3-A-Spk/Fa '21Ibc",Houston,3028 CENTER ST BLDG1A,104,permitted,Opens: not public yet,Permitted · opens: not public yet · 104 units · software not picked yet,2026-01-13,,,,,,,,houston-weekly-xlsx,,,,,Houston,Upcoming
tx,"112,805Sf New Apt Bld(102Unit)(7/8)1-5-3-R2/A3-A-Spk/Fa '21Ibc",Houston,3028 WASHINGTON AVE 2A,102,permitted,Opens: not public yet,Permitted · opens: not public yet · 102 units · software not picked yet,2026-01-13,,,,,,,,houston-weekly-xlsx,,,,,Houston,Upcoming
tx,"69,056Sf New Apt Bld(70Units)(8/8)1-5-3-R2-A-Spk/Fa '21Ibc",Houston,3028 WASHINGTON AVE BLDG2B,70,permitted,Opens: not public yet,Permitted · opens: not public yet · 70 units · software not picked yet,2026-01-13,,,,,,,,houston-weekly-xlsx,,,,,Houston,Upcoming
tx,"78,855 Sf New Apt Bld (65 Units) (M/8) 1-5-3-R2-A-Spk/Fa '21 Ibc",Houston,3028 CENTER ST BLDG1B,65,permitted,Opens: not public yet,Permitted · opens: not public yet · 65 units · software not picked yet,2026-01-13,,,,,,,,houston-weekly-xlsx,,,,,Houston,Upcoming
tx,Apartments at 7900 Easthaven Blvd,Houston,7900 EASTHAVEN BLVD BLD B,,permitted,Opens: not public yet,Permitted · opens: not public yet · software not picked yet,2026-01-23,,,,,,,,houston-weekly-xlsx,,,,,Houston,Upcoming
tx,Apartments at 320 E Stephens Street Bldg,Arlington,320 E STEPHENS STREET Bldg,,permitted,Opens: not public yet,Permitted · opens: not public yet · software not picked yet,2026-02-02,,,,,,,,https://gis2.arlingtontx.gov/agsext2/rest/services/OpenData/OD_Property/MapServer/1/query?where=MainUse+LIKE+%27Apartments%25%27+AND+WORKDESC%3D%27New+Construction%27&outFields=%2A&f=json&resultRecordCount=1000&orderByFields=ISSUEDATE+DESC,,,,,Dallas–Fort Worth,Upcoming
tx,Apartments at 6405 Berkman Dr,Austin,6405 BERKMAN DR,104,permitted,Opens: not public yet,Permitted · opens: not public yet · 104 units · software not picked yet,2026-02-09,,,,,,,,https://abc.austintexas.gov/web/permit/public-search-other?t_detail=1&t_selected_folderrsn=13651286,,,,,Austin,Upcoming
tx,Apartments at 5516 Humming Bird Ln,Austin,5516 HUMMING BIRD LN,104,permitted,Opens: not public yet,Permitted · opens: not public yet · 104 units · software not picked yet,2026-02-17,,,,,,,,https://abc.austintexas.gov/web/permit/public-search-other?t_detail=1&t_selected_folderrsn=13654987,,,,,Austin,Upcoming
tx,Apartments at 2533 W Randol Mill Road,Arlington,2533 W RANDOL MILL ROAD,,permitted,Opens: not public yet,Permitted · opens: not public yet · software not picked yet,2026-02-19,,,,,,,,https://gis2.arlingtontx.gov/agsext2/rest/services/OpenData/OD_Property/MapServer/1/query?where=MainUse+LIKE+%27Apartments%25%27+AND+WORKDESC%3D%27New+Construction%27&outFields=%2A&f=json&resultRecordCount=1000&orderByFields=ISSUEDATE+DESC,,,,,Dallas–Fort Worth,Upcoming
tx,Apartments at 2551 W Randol Mill Rd   ,Arlington,2551 W RANDOL MILL RD   ,,permitted,Opens: not public yet,Permitted · opens: not public yet · software not picked yet,2026-02-20,,,,,,,,https://gis2.arlingtontx.gov/agsext2/rest/services/OpenData/OD_Property/MapServer/1/query?where=MainUse+LIKE+%27Apartments%25%27+AND+WORKDESC%3D%27New+Construction%27&outFields=%2A&f=json&resultRecordCount=1000&orderByFields=ISSUEDATE+DESC,,,,,Dallas–Fort Worth,Upcoming
tx,Apartments at 2549 W Randol Mill Road,Arlington,2549 W RANDOL MILL ROAD,,permitted,Opens: not public yet,Permitted · opens: not public yet · software not picked yet,2026-02-20,,,,,,,,https://gis2.arlingtontx.gov/agsext2/rest/services/OpenData/OD_Property/MapServer/1/query?where=MainUse+LIKE+%27Apartments%25%27+AND+WORKDESC%3D%27New+Construction%27&outFields=%2A&f=json&resultRecordCount=1000&orderByFields=ISSUEDATE+DESC,,,,,Dallas–Fort Worth,Upcoming
tx,Apartments at 2545 W Randol Mill Rd   ,Arlington,2545 W RANDOL MILL RD   ,,permitted,Opens: not public yet,Permitted · opens: not public yet · software not picked yet,2026-02-20,,,,,,,,https://gis2.arlingtontx.gov/agsext2/rest/services/OpenData/OD_Property/MapServer/1/query?where=MainUse+LIKE+%27Apartments%25%27+AND+WORKDESC%3D%27New+Construction%27&outFields=%2A&f=json&resultRecordCount=1000&orderByFields=ISSUEDATE+DESC,,,,,Dallas–Fort Worth,Upcoming
tx,Apartments at 2541 W Randol Mill Rd   ,Arlington,2541 W RANDOL MILL RD   ,,permitted,Opens: not public yet,Permitted · opens: not public yet · software not picked yet,2026-02-20,,,,,,,,https://gis2.arlingtontx.gov/agsext2/rest/services/OpenData/OD_Property/MapServer/1/query?where=MainUse+LIKE+%27Apartments%25%27+AND+WORKDESC%3D%27New+Construction%27&outFields=%2A&f=json&resultRecordCount=1000&orderByFields=ISSUEDATE+DESC,,,,,Dallas–Fort Worth,Upcoming
tx,Apartments at 2537 W Randol Mill Rd   ,Arlington,2537 W RANDOL MILL RD   ,,permitted,Opens: not public yet,Permitted · opens: not public yet · software not picked yet,2026-02-20,,,,,,,,https://gis2.arlingtontx.gov/agsext2/rest/services/OpenData/OD_Property/MapServer/1/query?where=MainUse+LIKE+%27Apartments%25%27+AND+WORKDESC%3D%27New+Construction%27&outFields=%2A&f=json&resultRecordCount=1000&orderByFields=ISSUEDATE+DESC,,,,,Dallas–Fort Worth,Upcoming
tx,Apartments at 2559 W Randol Mill Rd   ,Arlington,2559 W RANDOL MILL RD   ,,permitted,Opens: not public yet,Permitted · opens: not public yet · software not picked yet,2026-02-20,,,,,,,,https://gis2.arlingtontx.gov/agsext2/rest/services/OpenData/OD_Property/MapServer/1/query?where=MainUse+LIKE+%27Apartments%25%27+AND+WORKDESC%3D%27New+Construction%27&outFields=%2A&f=json&resultRecordCount=1000&orderByFields=ISSUEDATE+DESC,,,,,Dallas–Fort Worth,Upcoming
tx,Apartments at 2555 W Randol Mill Rd   ,Arlington,2555 W RANDOL MILL RD   ,,permitted,Opens: not public yet,Permitted · opens: not public yet · software not picked yet,2026-02-20,,,,,,,,https://gis2.arlingtontx.gov/agsext2/rest/services/OpenData/OD_Property/MapServer/1/query?where=MainUse+LIKE+%27Apartments%25%27+AND+WORKDESC%3D%27New+Construction%27&outFields=%2A&f=json&resultRecordCount=1000&orderByFields=ISSUEDATE+DESC,,,,,Dallas–Fort Worth,Upcoming
tx,Apartments at 2567 W Randol Mill Rd   ,Arlington,2567 W RANDOL MILL RD   ,,permitted,Opens: not public yet,Permitted · opens: not public yet · software not picked yet,2026-02-20,,,,,,,,https://gis2.arlingtontx.gov/agsext2/rest/services/OpenData/OD_Property/MapServer/1/query?where=MainUse+LIKE+%27Apartments%25%27+AND+WORKDESC%3D%27New+Construction%27&outFields=%2A&f=json&resultRecordCount=1000&orderByFields=ISSUEDATE+DESC,,,,,Dallas–Fort Worth,Upcoming
tx,Apartments at 2563 W Randol Mill Rd   ,Arlington,2563 W RANDOL MILL RD   ,,permitted,Opens: not public yet,Permitted · opens: not public yet · software not picked yet,2026-02-20,,,,,,,,https://gis2.arlingtontx.gov/agsext2/rest/services/OpenData/OD_Property/MapServer/1/query?where=MainUse+LIKE+%27Apartments%25%27+AND+WORKDESC%3D%27New+Construction%27&outFields=%2A&f=json&resultRecordCount=1000&orderByFields=ISSUEDATE+DESC,,,,,Dallas–Fort Worth,Upcoming
tx,Apartments at 2571 W Randol Mill Road,Arlington,2571 W RANDOL MILL ROAD,,permitted,Opens: not public yet,Permitted · opens: not public yet · software not picked yet,2026-02-20,,,,,,,,https://gis2.arlingtontx.gov/agsext2/rest/services/OpenData/OD_Property/MapServer/1/query?where=MainUse+LIKE+%27Apartments%25%27+AND+WORKDESC%3D%27New+Construction%27&outFields=%2A&f=json&resultRecordCount=1000&orderByFields=ISSUEDATE+DESC,,,,,Dallas–Fort Worth,Upcoming
tx,Apartments at 2575 W Randol Mill Rd   ,Arlington,2575 W RANDOL MILL RD   ,,permitted,Opens: not public yet,Permitted · opens: not public yet · software not picked yet,2026-02-20,,,,,,,,https://gis2.arlingtontx.gov/agsext2/rest/services/OpenData/OD_Property/MapServer/1/query?where=MainUse+LIKE+%27Apartments%25%27+AND+WORKDESC%3D%27New+Construction%27&outFields=%2A&f=json&resultRecordCount=1000&orderByFields=ISSUEDATE+DESC,,,,,Dallas–Fort Worth,Upcoming
tx,Apartments at 2579 W Randol Mill Rd   ,Arlington,2579 W RANDOL MILL RD   ,,permitted,Opens: not public yet,Permitted · opens: not public yet · software not picked yet,2026-02-20,,,,,,,,https://gis2.arlingtontx.gov/agsext2/rest/services/OpenData/OD_Property/MapServer/1/query?where=MainUse+LIKE+%27Apartments%25%27+AND+WORKDESC%3D%27New+Construction%27&outFields=%2A&f=json&resultRecordCount=1000&orderByFields=ISSUEDATE+DESC,,,,,Dallas–Fort Worth,Upcoming
tx,Apartments at 2583 W Randol Mill Rd   ,Arlington,2583 W RANDOL MILL RD   ,,permitted,Opens: not public yet,Permitted · opens: not public yet · software not picked yet,2026-02-20,,,,,,,,https://gis2.arlingtontx.gov/agsext2/rest/services/OpenData/OD_Property/MapServer/1/query?where=MainUse+LIKE+%27Apartments%25%27+AND+WORKDESC%3D%27New+Construction%27&outFields=%2A&f=json&resultRecordCount=1000&orderByFields=ISSUEDATE+DESC,,,,,Dallas–Fort Worth,Upcoming
tx,New 125 Kw Nat. Gas Exterior Generator Apartment 2021 Ibc,Houston,2125 YALE ST,,permitted,Opens: not public yet,Permitted · opens: not public yet · software not picked yet,2026-02-20,,,,,,,,houston-weekly-xlsx,,,,,Houston,Upcoming
tx,Apartments at 2587 W Randol Mill Rd   ,Arlington,2587 W RANDOL MILL RD   ,,permitted,Opens: not public yet,Permitted · opens: not public yet · software not picked yet,2026-02-24,,,,,,,,https://gis2.arlingtontx.gov/agsext2/rest/services/OpenData/OD_Property/MapServer/1/query?where=MainUse+LIKE+%27Apartments%25%27+AND+WORKDESC%3D%27New+Construction%27&outFields=%2A&f=json&resultRecordCount=1000&orderByFields=ISSUEDATE+DESC,,,,,Dallas–Fort Worth,Upcoming
tx,New 99137 Sf Apartment Building/Site 1-4-5-R2-A 21Ibc Sp/Fa (M/3),Houston,1117 BLAND ST,103,permitted,Opens: not public yet,Permitted · opens: not public yet · 103 units · software not picked yet,2026-03-09,,,,,,,,houston-weekly-xlsx,,,,,Houston,Upcoming
tx,Apartments at 206F Slaughter Street,Arlington,206F SLAUGHTER STREET,,permitted,Opens: not public yet,Permitted · opens: not public yet · software not picked yet,2026-03-10,,,,,,,,https://gis2.arlingtontx.gov/agsext2/rest/services/OpenData/OD_Property/MapServer/1/query?where=MainUse+LIKE+%27Apartments%25%27+AND+WORKDESC%3D%27New+Construction%27&outFields=%2A&f=json&resultRecordCount=1000&orderByFields=ISSUEDATE+DESC,,,,,Dallas–Fort Worth,Upcoming
tx,Apartments at 206E Slaughter Street,Arlington,206E SLAUGHTER STREET,,permitted,Opens: not public yet,Permitted · opens: not public yet · software not picked yet,2026-03-10,,,,,,,,https://gis2.arlingtontx.gov/agsext2/rest/services/OpenData/OD_Property/MapServer/1/query?where=MainUse+LIKE+%27Apartments%25%27+AND+WORKDESC%3D%27New+Construction%27&outFields=%2A&f=json&resultRecordCount=1000&orderByFields=ISSUEDATE+DESC,,,,,Dallas–Fort Worth,Upcoming
tx,Apartments at 206D Slaughter Street,Arlington,206D SLAUGHTER STREET,,permitted,Opens: not public yet,Permitted · opens: not public yet · software not picked yet,2026-03-10,,,,,,,,https://gis2.arlingtontx.gov/agsext2/rest/services/OpenData/OD_Property/MapServer/1/query?where=MainUse+LIKE+%27Apartments%25%27+AND+WORKDESC%3D%27New+Construction%27&outFields=%2A&f=json&resultRecordCount=1000&orderByFields=ISSUEDATE+DESC,,,,,Dallas–Fort Worth,Upcoming
tx,Apartments at 206C Slaughter Street,Arlington,206C SLAUGHTER STREET,,permitted,Opens: not public yet,Permitted · opens: not public yet · software not picked yet,2026-03-10,,,,,,,,https://gis2.arlingtontx.gov/agsext2/rest/services/OpenData/OD_Property/MapServer/1/query?where=MainUse+LIKE+%27Apartments%25%27+AND+WORKDESC%3D%27New+Construction%27&outFields=%2A&f=json&resultRecordCount=1000&orderByFields=ISSUEDATE+DESC,,,,,Dallas–Fort Worth,Upcoming
tx,Apartments at 206B Slaughter Street,Arlington,206B SLAUGHTER STREET,,permitted,Opens: not public yet,Permitted · opens: not public yet · software not picked yet,2026-03-10,,,,,,,,https://gis2.arlingtontx.gov/agsext2/rest/services/OpenData/OD_Property/MapServer/1/query?where=MainUse+LIKE+%27Apartments%25%27+AND+WORKDESC%3D%27New+Construction%27&outFields=%2A&f=json&resultRecordCount=1000&orderByFields=ISSUEDATE+DESC,,,,,Dallas–Fort Worth,Upcoming
tx,"New Exterior 48 Kw Natural Gas Generator, Apartment 2021 Ibc",Houston,6007 MEMORIAL DR,,permitted,Opens: not public yet,Permitted · opens: not public yet · software not picked yet,2026-03-16,,,,,,,,houston-weekly-xlsx,,,,,Houston,Upcoming
tx,Apartments at 11901 Dionda Ln Bldg 1,Austin,11901 DIONDA LN BLDG 1,24,permitted,Opens: not public yet,Permitted · opens: not public yet · 24 units · software not picked yet,2026-03-19,,,,,,,,https://abc.austintexas.gov/web/permit/public-search-other?t_detail=1&t_selected_folderrsn=13197738,,,,,Austin,Upcoming
tx,Apartments at 1771  Mansfield Webb Rd   ,Arlington,1771  MANSFIELD WEBB RD   ,,permitted,Opens: not public yet,Permitted · opens: not public yet · software not picked yet,2026-03-27,,,,,,,,https://gis2.arlingtontx.gov/agsext2/rest/services/OpenData/OD_Property/MapServer/1/query?where=MainUse+LIKE+%27Apartments%25%27+AND+WORKDESC%3D%27New+Construction%27&outFields=%2A&f=json&resultRecordCount=1000&orderByFields=ISSUEDATE+DESC,,,,,Dallas–Fort Worth,Upcoming
tx,Apartments at 1783  Mansfield Webb Rd   ,Arlington,1783  MANSFIELD WEBB RD   ,,permitted,Opens: not public yet,Permitted · opens: not public yet · software not picked yet,2026-03-27,,,,,,,,https://gis2.arlingtontx.gov/agsext2/rest/services/OpenData/OD_Property/MapServer/1/query?where=MainUse+LIKE+%27Apartments%25%27+AND+WORKDESC%3D%27New+Construction%27&outFields=%2A&f=json&resultRecordCount=1000&orderByFields=ISSUEDATE+DESC,,,,,Dallas–Fort Worth,Upcoming
tx,Apartments at 1781  Mansfield Webb Rd   ,Arlington,1781  MANSFIELD WEBB RD   ,,permitted,Opens: not public yet,Permitted · opens: not public yet · software not picked yet,2026-03-27,,,,,,,,https://gis2.arlingtontx.gov/agsext2/rest/services/OpenData/OD_Property/MapServer/1/query?where=MainUse+LIKE+%27Apartments%25%27+AND+WORKDESC%3D%27New+Construction%27&outFields=%2A&f=json&resultRecordCount=1000&orderByFields=ISSUEDATE+DESC,,,,,Dallas–Fort Worth,Upcoming
tx,Spring Pointe Apartments,Richardson,3501 N Jupiter Rd,208,sold,Sold Apr 2025,Sold Apr 2025 to THE CAMERON COUNTY HOUSING FINANCE CORPORATION · 208 units · software not yet identified → new owner may re-pick software.,,,,,,,,,,,,,,Dallas–Fort Worth,Sold
tx,Apartments at 1751  Mansfield Webb Rd   ,Arlington,1751  MANSFIELD WEBB RD   ,,permitted,Opens: not public yet,Permitted · opens: not public yet · software not picked yet,2026-03-30,,,,,,,,https://gis2.arlingtontx.gov/agsext2/rest/services/OpenData/OD_Property/MapServer/1/query?where=MainUse+LIKE+%27Apartments%25%27+AND+WORKDESC%3D%27New+Construction%27&outFields=%2A&f=json&resultRecordCount=1000&orderByFields=ISSUEDATE+DESC,,,,,Dallas–Fort Worth,Upcoming
tx,Apartments at 1747  Mansfield Webb Rd   ,Arlington,1747  MANSFIELD WEBB RD   ,,permitted,Opens: not public yet,Permitted · opens: not public yet · software not picked yet,2026-03-30,,,,,,,,https://gis2.arlingtontx.gov/agsext2/rest/services/OpenData/OD_Property/MapServer/1/query?where=MainUse+LIKE+%27Apartments%25%27+AND+WORKDESC%3D%27New+Construction%27&outFields=%2A&f=json&resultRecordCount=1000&orderByFields=ISSUEDATE+DESC,,,,,Dallas–Fort Worth,Upcoming
tx,Apartments at 1749  Mansfield Webb Rd   ,Arlington,1749  MANSFIELD WEBB RD   ,,permitted,Opens: not public yet,Permitted · opens: not public yet · software not picked yet,2026-03-30,,,,,,,,https://gis2.arlingtontx.gov/agsext2/rest/services/OpenData/OD_Property/MapServer/1/query?where=MainUse+LIKE+%27Apartments%25%27+AND+WORKDESC%3D%27New+Construction%27&outFields=%2A&f=json&resultRecordCount=1000&orderByFields=ISSUEDATE+DESC,,,,,Dallas–Fort Worth,Upcoming
tx,Apartments at 1743  Mansfield Webb Rd   ,Arlington,1743  MANSFIELD WEBB RD   ,,permitted,Opens: not public yet,Permitted · opens: not public yet · software not picked yet,2026-03-30,,,,,,,,https://gis2.arlingtontx.gov/agsext2/rest/services/OpenData/OD_Property/MapServer/1/query?where=MainUse+LIKE+%27Apartments%25%27+AND+WORKDESC%3D%27New+Construction%27&outFields=%2A&f=json&resultRecordCount=1000&orderByFields=ISSUEDATE+DESC,,,,,Dallas–Fort Worth,Upcoming
tx,Apartments at 1775  Mansfield Webb Rd   ,Arlington,1775  MANSFIELD WEBB RD   ,,permitted,Opens: not public yet,Permitted · opens: not public yet · software not picked yet,2026-03-30,,,,,,,,https://gis2.arlingtontx.gov/agsext2/rest/services/OpenData/OD_Property/MapServer/1/query?where=MainUse+LIKE+%27Apartments%25%27+AND+WORKDESC%3D%27New+Construction%27&outFields=%2A&f=json&resultRecordCount=1000&orderByFields=ISSUEDATE+DESC,,,,,Dallas–Fort Worth,Upcoming
tx,Apartments at 1773  Mansfield Webb Rd   ,Arlington,1773  MANSFIELD WEBB RD   ,,permitted,Opens: not public yet,Permitted · opens: not public yet · software not picked yet,2026-03-30,,,,,,,,https://gis2.arlingtontx.gov/agsext2/rest/services/OpenData/OD_Property/MapServer/1/query?where=MainUse+LIKE+%27Apartments%25%27+AND+WORKDESC%3D%27New+Construction%27&outFields=%2A&f=json&resultRecordCount=1000&orderByFields=ISSUEDATE+DESC,,,,,Dallas–Fort Worth,Upcoming
tx,Apartments at 1420 E Howard Ln Bldg 3,Austin,1420 E HOWARD LN BLDG 3,108,permitted,Opens: not public yet,Permitted · opens: not public yet · 108 units · software not picked yet,2026-05-08,,,,,,,,https://abc.austintexas.gov/web/permit/public-search-other?t_detail=1&t_selected_folderrsn=13609128,,,,,Austin,Upcoming
tx,"77,578 Sf/ New Apartment W/Sitewrk (M/3)1-4-5-R2/A3-A/21 Ibc/Spk13",Houston,2611 SAINT CHARLES ST,,permitted,Opens: not public yet,Permitted · opens: not public yet · software not picked yet,2026-05-08,,,,,,,,houston-weekly-xlsx,,,,,Houston,Upcoming
tx,Apartments at 1326 Lamar Square Dr,Austin,1326 LAMAR SQUARE DR,101,permitted,Opens: not public yet,Permitted · opens: not public yet · 101 units · software not picked yet,2026-05-13,,,,,,,,https://abc.austintexas.gov/web/permit/public-search-other?t_detail=1&t_selected_folderrsn=13689848,,,,,Austin,Upcoming
tx,Apartments at 300 E Stephens St   Garage 9,Arlington,300 E STEPHENS ST   GARAGE 9,,permitted,Opens: not public yet,Permitted · opens: not public yet · software not picked yet,2026-05-28,,,,,,,,https://gis2.arlingtontx.gov/agsext2/rest/services/OpenData/OD_Property/MapServer/1/query?where=MainUse+LIKE+%27Apartments%25%27+AND+WORKDESC%3D%27New+Construction%27&outFields=%2A&f=json&resultRecordCount=1000&orderByFields=ISSUEDATE+DESC,,,,,Dallas–Fort Worth,Upcoming
tx,Apartments at 300 E Stephens St   Garage 8,Arlington,300 E STEPHENS ST   GARAGE 8,,permitted,Opens: not public yet,Permitted · opens: not public yet · software not picked yet,2026-05-28,,,,,,,,https://gis2.arlingtontx.gov/agsext2/rest/services/OpenData/OD_Property/MapServer/1/query?where=MainUse+LIKE+%27Apartments%25%27+AND+WORKDESC%3D%27New+Construction%27&outFields=%2A&f=json&resultRecordCount=1000&orderByFields=ISSUEDATE+DESC,,,,,Dallas–Fort Worth,Upcoming
tx,Lakeshore At Preston Apartments,Plano,3700 Preston Rd,302,sold,Sold Sep 2024,Sold Sep 2024 to SIMFA LAKESHORE FEE SIMPLE LLC · 302 units · on Yardi → new owner may re-pick software.,,,,,,,,Yardi,,,,,,Dallas–Fort Worth,Sold
tx,Apartments at 300 E Stephens St   Garage 7,Arlington,300 E STEPHENS ST   GARAGE 7,,permitted,Opens: not public yet,Permitted · opens: not public yet · software not picked yet,2026-05-28,,,,,,,,https://gis2.arlingtontx.gov/agsext2/rest/services/OpenData/OD_Property/MapServer/1/query?where=MainUse+LIKE+%27Apartments%25%27+AND+WORKDESC%3D%27New+Construction%27&outFields=%2A&f=json&resultRecordCount=1000&orderByFields=ISSUEDATE+DESC,,,,,Dallas–Fort Worth,Upcoming
tx,Apartments at 300 E Stephens St   Garage 6,Arlington,300 E STEPHENS ST   GARAGE 6,,permitted,Opens: not public yet,Permitted · opens: not public yet · software not picked yet,2026-05-28,,,,,,,,https://gis2.arlingtontx.gov/agsext2/rest/services/OpenData/OD_Property/MapServer/1/query?where=MainUse+LIKE+%27Apartments%25%27+AND+WORKDESC%3D%27New+Construction%27&outFields=%2A&f=json&resultRecordCount=1000&orderByFields=ISSUEDATE+DESC,,,,,Dallas–Fort Worth,Upcoming
tx,Apartments at 300 E Stephens St   Garage 5,Arlington,300 E STEPHENS ST   GARAGE 5,,permitted,Opens: not public yet,Permitted · opens: not public yet · software not picked yet,2026-05-28,,,,,,,,https://gis2.arlingtontx.gov/agsext2/rest/services/OpenData/OD_Property/MapServer/1/query?where=MainUse+LIKE+%27Apartments%25%27+AND+WORKDESC%3D%27New+Construction%27&outFields=%2A&f=json&resultRecordCount=1000&orderByFields=ISSUEDATE+DESC,,,,,Dallas–Fort Worth,Upcoming
tx,Apartments at 300 E Stephens St   Garage 4,Arlington,300 E STEPHENS ST   GARAGE 4,,permitted,Opens: not public yet,Permitted · opens: not public yet · software not picked yet,2026-05-28,,,,,,,,https://gis2.arlingtontx.gov/agsext2/rest/services/OpenData/OD_Property/MapServer/1/query?where=MainUse+LIKE+%27Apartments%25%27+AND+WORKDESC%3D%27New+Construction%27&outFields=%2A&f=json&resultRecordCount=1000&orderByFields=ISSUEDATE+DESC,,,,,Dallas–Fort Worth,Upcoming
tx,Apartments at 300 E Stephens St   Garage 3,Arlington,300 E STEPHENS ST   GARAGE 3,,permitted,Opens: not public yet,Permitted · opens: not public yet · software not picked yet,2026-05-28,,,,,,,,https://gis2.arlingtontx.gov/agsext2/rest/services/OpenData/OD_Property/MapServer/1/query?where=MainUse+LIKE+%27Apartments%25%27+AND+WORKDESC%3D%27New+Construction%27&outFields=%2A&f=json&resultRecordCount=1000&orderByFields=ISSUEDATE+DESC,,,,,Dallas–Fort Worth,Upcoming
tx,Apartments at 300 E Stephens St   Garage 2,Arlington,300 E STEPHENS ST   GARAGE 2,,permitted,Opens: not public yet,Permitted · opens: not public yet · software not picked yet,2026-05-28,,,,,,,,https://gis2.arlingtontx.gov/agsext2/rest/services/OpenData/OD_Property/MapServer/1/query?where=MainUse+LIKE+%27Apartments%25%27+AND+WORKDESC%3D%27New+Construction%27&outFields=%2A&f=json&resultRecordCount=1000&orderByFields=ISSUEDATE+DESC,,,,,Dallas–Fort Worth,Upcoming
tx,Apartments at 300 E Stephens St   Garage 1,Arlington,300 E STEPHENS ST   GARAGE 1,,permitted,Opens: not public yet,Permitted · opens: not public yet · software not picked yet,2026-05-28,,,,,,,,https://gis2.arlingtontx.gov/agsext2/rest/services/OpenData/OD_Property/MapServer/1/query?where=MainUse+LIKE+%27Apartments%25%27+AND+WORKDESC%3D%27New+Construction%27&outFields=%2A&f=json&resultRecordCount=1000&orderByFields=ISSUEDATE+DESC,,,,,Dallas–Fort Worth,Upcoming
tx,Apartments at 1753  Mansfield Webb Rd   ,Arlington,1753  MANSFIELD WEBB RD   ,,permitted,Opens: not public yet,Permitted · opens: not public yet · software not picked yet,2026-06-01,,,,,,,,https://gis2.arlingtontx.gov/agsext2/rest/services/OpenData/OD_Property/MapServer/1/query?where=MainUse+LIKE+%27Apartments%25%27+AND+WORKDESC%3D%27New+Construction%27&outFields=%2A&f=json&resultRecordCount=1000&orderByFields=ISSUEDATE+DESC,,,,,Dallas–Fort Worth,Upcoming
tx,Apartments at 1761  Mansfield Webb Rd   ,Arlington,1761  MANSFIELD WEBB RD   ,,permitted,Opens: not public yet,Permitted · opens: not public yet · software not picked yet,2026-06-01,,,,,,,,https://gis2.arlingtontx.gov/agsext2/rest/services/OpenData/OD_Property/MapServer/1/query?where=MainUse+LIKE+%27Apartments%25%27+AND+WORKDESC%3D%27New+Construction%27&outFields=%2A&f=json&resultRecordCount=1000&orderByFields=ISSUEDATE+DESC,,,,,Dallas–Fort Worth,Upcoming
tx,Apartments at 1757  Mansfield Webb Rd   ,Arlington,1757  MANSFIELD WEBB RD   ,,permitted,Opens: not public yet,Permitted · opens: not public yet · software not picked yet,2026-06-01,,,,,,,,https://gis2.arlingtontx.gov/agsext2/rest/services/OpenData/OD_Property/MapServer/1/query?where=MainUse+LIKE+%27Apartments%25%27+AND+WORKDESC%3D%27New+Construction%27&outFields=%2A&f=json&resultRecordCount=1000&orderByFields=ISSUEDATE+DESC,,,,,Dallas–Fort Worth,Upcoming
tx,Apartments at 1755  Mansfield Webb Rd   ,Arlington,1755  MANSFIELD WEBB RD   ,,permitted,Opens: not public yet,Permitted · opens: not public yet · software not picked yet,2026-06-01,,,,,,,,https://gis2.arlingtontx.gov/agsext2/rest/services/OpenData/OD_Property/MapServer/1/query?where=MainUse+LIKE+%27Apartments%25%27+AND+WORKDESC%3D%27New+Construction%27&outFields=%2A&f=json&resultRecordCount=1000&orderByFields=ISSUEDATE+DESC,,,,,Dallas–Fort Worth,Upcoming
tx,Apartments at 1759  Mansfield Webb Rd   ,Arlington,1759  MANSFIELD WEBB RD   ,,permitted,Opens: not public yet,Permitted · opens: not public yet · software not picked yet,2026-06-01,,,,,,,,https://gis2.arlingtontx.gov/agsext2/rest/services/OpenData/OD_Property/MapServer/1/query?where=MainUse+LIKE+%27Apartments%25%27+AND+WORKDESC%3D%27New+Construction%27&outFields=%2A&f=json&resultRecordCount=1000&orderByFields=ISSUEDATE+DESC,,,,,Dallas–Fort Worth,Upcoming
tx,Apartments at 6915 Bridge Point Pkwy Bldg 9,Austin,6915 BRIDGE POINT PKWY BLDG 9,30,permitted,Opens: not public yet,Permitted · opens: not public yet · 30 units · software not picked yet,2026-06-08,,,,,,,,https://abc.austintexas.gov/web/permit/public-search-other?t_detail=1&t_selected_folderrsn=13623496,,,,,Austin,Upcoming
tx,Apartments at 1767  Mansfield Webb Rd   ,Arlington,1767  MANSFIELD WEBB RD   ,,permitted,Opens: not public yet,Permitted · opens: not public yet · software not picked yet,2026-06-10,,,,,,,,https://gis2.arlingtontx.gov/agsext2/rest/services/OpenData/OD_Property/MapServer/1/query?where=MainUse+LIKE+%27Apartments%25%27+AND+WORKDESC%3D%27New+Construction%27&outFields=%2A&f=json&resultRecordCount=1000&orderByFields=ISSUEDATE+DESC,,,,,Dallas–Fort Worth,Upcoming
tx,Apartments at 1765  Mansfield Webb Rd   ,Arlington,1765  MANSFIELD WEBB RD   ,,permitted,Opens: not public yet,Permitted · opens: not public yet · software not picked yet,2026-06-10,,,,,,,,https://gis2.arlingtontx.gov/agsext2/rest/services/OpenData/OD_Property/MapServer/1/query?where=MainUse+LIKE+%27Apartments%25%27+AND+WORKDESC%3D%27New+Construction%27&outFields=%2A&f=json&resultRecordCount=1000&orderByFields=ISSUEDATE+DESC,,,,,Dallas–Fort Worth,Upcoming
tx,Apartments at 1763  Mansfield Webb Rd   ,Arlington,1763  MANSFIELD WEBB RD   ,,permitted,Opens: not public yet,Permitted · opens: not public yet · software not picked yet,2026-06-10,,,,,,,,https://gis2.arlingtontx.gov/agsext2/rest/services/OpenData/OD_Property/MapServer/1/query?where=MainUse+LIKE+%27Apartments%25%27+AND+WORKDESC%3D%27New+Construction%27&outFields=%2A&f=json&resultRecordCount=1000&orderByFields=ISSUEDATE+DESC,,,,,Dallas–Fort Worth,Upcoming
tx,Apartments at 2403  Brown Blv  Bldg Office,Arlington,2403  BROWN BLV  Bldg OFFICE,,permitted,Opens: not public yet,Permitted · opens: not public yet · software not picked yet,2026-06-24,,,,,,,,https://gis2.arlingtontx.gov/agsext2/rest/services/OpenData/OD_Property/MapServer/1/query?where=MainUse+LIKE+%27Apartments%25%27+AND+WORKDESC%3D%27New+Construction%27&outFields=%2A&f=json&resultRecordCount=1000&orderByFields=ISSUEDATE+DESC,,,,,Dallas–Fort Worth,Upcoming
tx,Apartments at 512 Sabine St,Austin,512 SABINE ST,232,permitted,Opens: not public yet,Permitted · opens: not public yet · 232 units · software not picked yet,2026-07-01,,,,,,,,https://abc.austintexas.gov/web/permit/public-search-other?t_detail=1&t_selected_folderrsn=13641646,,,,,Austin,Upcoming
tx,Apartments at 7504 Cota Vista Dr Bldg 7,Austin,7504 COTA VISTA DR BLDG 7,44,permitted,Opens: not public yet,Permitted · opens: not public yet · 44 units · software not picked yet,2026-07-06,,,,,(210) 771-4127,,,https://abc.austintexas.gov/web/permit/public-search-other?t_detail=1&t_selected_folderrsn=13416147,,,,,Austin,Upcoming
tx,Apartments at 130 W Arbrook Boulevard,Arlington,130 W ARBROOK BOULEVARD,,permitted,Opens: not public yet,Permitted · opens: not public yet · software not picked yet,2026-07-06,,,,,,,,https://gis2.arlingtontx.gov/agsext2/rest/services/OpenData/OD_Property/MapServer/1/query?where=MainUse+LIKE+%27Apartments%25%27+AND+WORKDESC%3D%27New+Construction%27&outFields=%2A&f=json&resultRecordCount=1000&orderByFields=ISSUEDATE+DESC,,,,,Dallas–Fort Worth,Upcoming
tx,Apartments at 110 W Arbrook Boulevard,Arlington,110 W ARBROOK BOULEVARD,,permitted,Opens: not public yet,Permitted · opens: not public yet · software not picked yet,2026-07-06,,,,,,,,https://gis2.arlingtontx.gov/agsext2/rest/services/OpenData/OD_Property/MapServer/1/query?where=MainUse+LIKE+%27Apartments%25%27+AND+WORKDESC%3D%27New+Construction%27&outFields=%2A&f=json&resultRecordCount=1000&orderByFields=ISSUEDATE+DESC,,,,,Dallas–Fort Worth,Upcoming
tx,Apartments at 800 E St Johns Ave Bldg 2,Austin,800 E ST JOHNS AVE BLDG 2,70,permitted,Opens: not public yet,Permitted · opens: not public yet · 70 units · software not picked yet,2026-07-15,,,,,,,,https://abc.austintexas.gov/web/permit/public-search-other?t_detail=1&t_selected_folderrsn=13735907,,,,,Austin,Upcoming
tx,Apartments at 845 Blackson Ave,Austin,845 BLACKSON AVE,25,permitted,Opens: not public yet,Permitted · opens: not public yet · 25 units · software not picked yet,2026-07-15,,,,,,,,https://abc.austintexas.gov/web/permit/public-search-other?t_detail=1&t_selected_folderrsn=13735916,,,,,Austin,Upcoming
tx,The Ludlow,Plano,601 Belpree Dr,326,sold,Owner changed to HERITAGE CREEKSIDE BLOCK B OWNER LLC,Owner changed to HERITAGE CREEKSIDE BLOCK B OWNER LLC · 326 units · on RealPage → new owner may re-pick software.,,,,,,,,RealPage,,,,,,Dallas–Fort Worth,Sold
tx,Apartments at 1820 Estancia Pkwy Bldg 1,Austin,1820 ESTANCIA PKWY BLDG 1,148,permitted,Opens: not public yet,Permitted · opens: not public yet · 148 units · software not picked yet,2026-07-22,,,,,,,,https://abc.austintexas.gov/web/permit/public-search-other?t_detail=1&t_selected_folderrsn=13739653,,,,,Austin,Upcoming
tx,Apartments at 2345 Ascension Boulevard,Arlington,2345 ASCENSION BOULEVARD,,permitted,Opens: not public yet,Permitted · opens: not public yet · software not picked yet,2026-07-27,,,,,,,,https://gis2.arlingtontx.gov/agsext2/rest/services/OpenData/OD_Property/MapServer/1/query?where=MainUse+LIKE+%27Apartments%25%27+AND+WORKDESC%3D%27New+Construction%27&outFields=%2A&f=json&resultRecordCount=1000&orderByFields=ISSUEDATE+DESC,,,,,Dallas–Fort Worth,Upcoming
tx,Apartments at 2341 Ascension Boulevard,Arlington,2341 ASCENSION BOULEVARD,,permitted,Opens: not public yet,Permitted · opens: not public yet · software not picked yet,2026-07-27,,,,,,,,https://gis2.arlingtontx.gov/agsext2/rest/services/OpenData/OD_Property/MapServer/1/query?where=MainUse+LIKE+%27Apartments%25%27+AND+WORKDESC%3D%27New+Construction%27&outFields=%2A&f=json&resultRecordCount=1000&orderByFields=ISSUEDATE+DESC,,,,,Dallas–Fort Worth,Upcoming
tx,Apartments at 2337 Ascension Boulevard,Arlington,2337 ASCENSION BOULEVARD,,permitted,Opens: not public yet,Permitted · opens: not public yet · software not picked yet,2026-07-27,,,,,,,,https://gis2.arlingtontx.gov/agsext2/rest/services/OpenData/OD_Property/MapServer/1/query?where=MainUse+LIKE+%27Apartments%25%27+AND+WORKDESC%3D%27New+Construction%27&outFields=%2A&f=json&resultRecordCount=1000&orderByFields=ISSUEDATE+DESC,,,,,Dallas–Fort Worth,Upcoming
tx,Apartments at 2333 Ascension Boulevard,Arlington,2333 ASCENSION BOULEVARD,,permitted,Opens: not public yet,Permitted · opens: not public yet · software not picked yet,2026-07-27,,,,,,,,https://gis2.arlingtontx.gov/agsext2/rest/services/OpenData/OD_Property/MapServer/1/query?where=MainUse+LIKE+%27Apartments%25%27+AND+WORKDESC%3D%27New+Construction%27&outFields=%2A&f=json&resultRecordCount=1000&orderByFields=ISSUEDATE+DESC,,,,,Dallas–Fort Worth,Upcoming
tx,Apartments at 2329  Ascension Blv   ,Arlington,2329  ASCENSION BLV   ,,permitted,Opens: not public yet,Permitted · opens: not public yet · software not picked yet,2026-07-27,,,,,,,,https://gis2.arlingtontx.gov/agsext2/rest/services/OpenData/OD_Property/MapServer/1/query?where=MainUse+LIKE+%27Apartments%25%27+AND+WORKDESC%3D%27New+Construction%27&outFields=%2A&f=json&resultRecordCount=1000&orderByFields=ISSUEDATE+DESC,,,,,Dallas–Fort Worth,Upcoming
tx,Apartments at 2323  Ascension Blv   ,Arlington,2323  ASCENSION BLV   ,,permitted,Opens: not public yet,Permitted · opens: not public yet · software not picked yet,2026-07-27,,,,,,,,https://gis2.arlingtontx.gov/agsext2/rest/services/OpenData/OD_Property/MapServer/1/query?where=MainUse+LIKE+%27Apartments%25%27+AND+WORKDESC%3D%27New+Construction%27&outFields=%2A&f=json&resultRecordCount=1000&orderByFields=ISSUEDATE+DESC,,,,,Dallas–Fort Worth,Upcoming
tx,Apartments at 2319  Ascension Blv   ,Arlington,2319  ASCENSION BLV   ,,permitted,Opens: not public yet,Permitted · opens: not public yet · software not picked yet,2026-07-27,,,,,,,,https://gis2.arlingtontx.gov/agsext2/rest/services/OpenData/OD_Property/MapServer/1/query?where=MainUse+LIKE+%27Apartments%25%27+AND+WORKDESC%3D%27New+Construction%27&outFields=%2A&f=json&resultRecordCount=1000&orderByFields=ISSUEDATE+DESC,,,,,Dallas–Fort Worth,Upcoming
tx,Apartments at 2315  Ascension Blv   ,Arlington,2315  ASCENSION BLV   ,,permitted,Opens: not public yet,Permitted · opens: not public yet · software not picked yet,2026-07-27,,,,,,,,https://gis2.arlingtontx.gov/agsext2/rest/services/OpenData/OD_Property/MapServer/1/query?where=MainUse+LIKE+%27Apartments%25%27+AND+WORKDESC%3D%27New+Construction%27&outFields=%2A&f=json&resultRecordCount=1000&orderByFields=ISSUEDATE+DESC,,,,,Dallas–Fort Worth,Upcoming
tx,Apartments at 2309  Ascension Blv   ,Arlington,2309  ASCENSION BLV   ,,permitted,Opens: not public yet,Permitted · opens: not public yet · software not picked yet,2026-07-27,,,,,,,,https://gis2.arlingtontx.gov/agsext2/rest/services/OpenData/OD_Property/MapServer/1/query?where=MainUse+LIKE+%27Apartments%25%27+AND+WORKDESC%3D%27New+Construction%27&outFields=%2A&f=json&resultRecordCount=1000&orderByFields=ISSUEDATE+DESC,,,,,Dallas–Fort Worth,Upcoming
tx,Apartments at 2305 Ascension Boulevard,Arlington,2305 ASCENSION BOULEVARD,,permitted,Opens: not public yet,Permitted · opens: not public yet · software not picked yet,2026-07-27,,,,,,,,https://gis2.arlingtontx.gov/agsext2/rest/services/OpenData/OD_Property/MapServer/1/query?where=MainUse+LIKE+%27Apartments%25%27+AND+WORKDESC%3D%27New+Construction%27&outFields=%2A&f=json&resultRecordCount=1000&orderByFields=ISSUEDATE+DESC,,,,,Dallas–Fort Worth,Upcoming
tx,Mcdermott Place Apartments,Plano,8900 Independence Pkwy,324,sold,Owner changed to HEITMAN CREDIT ACQUISITION XL LP,Owner changed to HEITMAN CREDIT ACQUISITION XL LP · 324 units · on Yardi → new owner may re-pick software.,,,,,,,,Yardi,,,,,,Dallas–Fort Worth,Sold
tx,Apartments at 2301 Ascension Boulevard ,Arlington,2301 ASCENSION BOULEVARD ,,permitted,Opens: not public yet,Permitted · opens: not public yet · software not picked yet,2026-07-27,,,,,,,,https://gis2.arlingtontx.gov/agsext2/rest/services/OpenData/OD_Property/MapServer/1/query?where=MainUse+LIKE+%27Apartments%25%27+AND+WORKDESC%3D%27New+Construction%27&outFields=%2A&f=json&resultRecordCount=1000&orderByFields=ISSUEDATE+DESC,,,,,Dallas–Fort Worth,Upcoming
tx,New Apartment Electrical Service 2021 Ibc,Houston,1919 W MAIN ST,,permitted,Opens: not public yet,Permitted · opens: not public yet · software not picked yet,2026-07-27,,,,,,,,houston-weekly-xlsx,,,,,Houston,Upcoming
tx,Apartments at 1415 Enclave Pky,Houston,1415 ENCLAVE PKY BLD 3,,permitted,Opens: not public yet,Permitted · opens: not public yet · software not picked yet,2026-07-30,,,,,,,,houston-weekly-xlsx,,,,,Houston,Upcoming
tx,Apartments at 1600 Wheless Ln,Austin,1600 WHELESS LN,50,permitted,Opens: not public yet,Permitted · opens: not public yet · 50 units · software not picked yet,2026-08-10,,,,,,,,https://abc.austintexas.gov/web/permit/public-search-other?t_detail=1&t_selected_folderrsn=13664787,,,,,Austin,Upcoming
tx,Apartments at 13300 Center Lake Dr Bldg 1,Austin,13300 CENTER LAKE DR BLDG 1,42,permitted,Opens: not public yet,Permitted · opens: not public yet · 42 units · software not picked yet,2026-08-10,,,,,,,,https://abc.austintexas.gov/web/permit/public-search-other?t_detail=1&t_selected_folderrsn=13742902,,,,,Austin,Upcoming
tx,Apartments at 9580 Eden Road Bldg 2,Arlington,9580 EDEN ROAD BLDG 2,,permitted,Opens: not public yet,Permitted · opens: not public yet · software not picked yet,2026-08-17,,,,,,,,https://gis2.arlingtontx.gov/agsext2/rest/services/OpenData/OD_Property/MapServer/1/query?where=MainUse+LIKE+%27Apartments%25%27+AND+WORKDESC%3D%27New+Construction%27&outFields=%2A&f=json&resultRecordCount=1000&orderByFields=ISSUEDATE+DESC,,,,,Dallas–Fort Worth,Upcoming
tx,Apartments at 9588 Eden Road Bldg 5,Arlington,9588 EDEN ROAD BLDG 5,,permitted,Opens: not public yet,Permitted · opens: not public yet · software not picked yet,2026-08-20,,,,,,,,https://gis2.arlingtontx.gov/agsext2/rest/services/OpenData/OD_Property/MapServer/1/query?where=MainUse+LIKE+%27Apartments%25%27+AND+WORKDESC%3D%27New+Construction%27&outFields=%2A&f=json&resultRecordCount=1000&orderByFields=ISSUEDATE+DESC,,,,,Dallas–Fort Worth,Upcoming
tx,Apartments at 9586 Eden Road Bldg 4,Arlington,9586 EDEN ROAD BLDG 4,,permitted,Opens: not public yet,Permitted · opens: not public yet · software not picked yet,2026-08-20,,,,,,,,https://gis2.arlingtontx.gov/agsext2/rest/services/OpenData/OD_Property/MapServer/1/query?where=MainUse+LIKE+%27Apartments%25%27+AND+WORKDESC%3D%27New+Construction%27&outFields=%2A&f=json&resultRecordCount=1000&orderByFields=ISSUEDATE+DESC,,,,,Dallas–Fort Worth,Upcoming
tx,Apartments at 9582 Eden Road Bldg 3,Arlington,9582 EDEN ROAD BLDG 3,,permitted,Opens: not public yet,Permitted · opens: not public yet · software not picked yet,2026-08-20,,,,,,,,https://gis2.arlingtontx.gov/agsext2/rest/services/OpenData/OD_Property/MapServer/1/query?where=MainUse+LIKE+%27Apartments%25%27+AND+WORKDESC%3D%27New+Construction%27&outFields=%2A&f=json&resultRecordCount=1000&orderByFields=ISSUEDATE+DESC,,,,,Dallas–Fort Worth,Upcoming
tx,Apartments at 9584 Eden Road Bldg 1,Arlington,9584 EDEN ROAD BLDG 1,,permitted,Opens: not public yet,Permitted · opens: not public yet · software not picked yet,2026-08-20,,,,,,,,https://gis2.arlingtontx.gov/agsext2/rest/services/OpenData/OD_Property/MapServer/1/query?where=MainUse+LIKE+%27Apartments%25%27+AND+WORKDESC%3D%27New+Construction%27&outFields=%2A&f=json&resultRecordCount=1000&orderByFields=ISSUEDATE+DESC,,,,,Dallas–Fort Worth,Upcoming
tx,Apartment,Fort Worth,None,302,permitted,Opens: not public yet,Permitted · opens: not public yet · 302 units · software not picked yet,2026-08-25,,,,,,,,https://services5.arcgis.com/3ddLCBXe1bRt7mzj/arcgis/rest/services/CFW_Open_Data_Development_Permits_View/FeatureServer/0/query?where=Permit_SubType%3D%27New%27+AND+Specific_Use+LIKE+%27%25partment%25%27+AND+File_Date%3E%3Dtimestamp+%272024-09-01+00%3A00%3A00%27&outFields=%2A&f=json&resultRecordCount=1000&orderByFields=File_Date+DESC,,,,,Dallas–Fort Worth,Upcoming
tx,Apartments at 2631 Kramer Ln Unit Fw3,Austin,2631 KRAMER LN UNIT FW3,159,permitted,Opens: not public yet,Permitted · opens: not public yet · 159 units · software not picked yet,2026-08-27,,,,,,,,https://abc.austintexas.gov/web/permit/public-search-other?t_detail=1&t_selected_folderrsn=13762352,,,,,Austin,Upcoming
tx,Apartments at 340 E Stephens Street Bldg,Arlington,340 E STEPHENS STREET Bldg,,permitted,Opens: not public yet,Permitted · opens: not public yet · software not picked yet,2026-09-02,,,,,,,,https://gis2.arlingtontx.gov/agsext2/rest/services/OpenData/OD_Property/MapServer/1/query?where=MainUse+LIKE+%27Apartments%25%27+AND+WORKDESC%3D%27New+Construction%27&outFields=%2A&f=json&resultRecordCount=1000&orderByFields=ISSUEDATE+DESC,,,,,Dallas–Fort Worth,Upcoming
tx,Apartments at 300 E Stephens Street,Arlington,300 E STEPHENS STREET,,permitted,Opens: not public yet,Permitted · opens: not public yet · software not picked yet,2026-09-02,,,,,,,,https://gis2.arlingtontx.gov/agsext2/rest/services/OpenData/OD_Property/MapServer/1/query?where=MainUse+LIKE+%27Apartments%25%27+AND+WORKDESC%3D%27New+Construction%27&outFields=%2A&f=json&resultRecordCount=1000&orderByFields=ISSUEDATE+DESC,,,,,Dallas–Fort Worth,Upcoming
tx,Desert Pearl Apartments,El Paso,12400 Vista Del Sol Drive,,under construction,Opened 2026-09-01,Under construction · opens 2026-09-01 · software not picked yet,2025-05-23,2026-09-01,,,EP Heritage Development,(915) 892-0400,,,https://www.tdlr.texas.gov/TABS/Search/Project/TABS2025019646,,,,,Rest of Texas,Leasing
tx,Epitome Thaxton Multi-Family,Austin,8318 Thaxton Rd,,under construction,Opened 2026-08-30,Under construction · opens 2026-08-30 · software not picked yet,2025-01-31,2026-08-30,,,Epitome Development,(281) 216-9630,,,https://www.tdlr.texas.gov/TABS/Search/Project/TABS2025010869,,,,,Austin,Leasing
tx,RMSphere Asset Management Apartments,Houston,13303 Bammel North Houston Rd.,1,under construction,Opened 2026-08-28,Under construction · opens 2026-08-28 · 1 units · software not picked yet,2024-12-08,2026-08-28,,,RMSphere Asset Management Inc,(832) 491-4904,,,https://www.tdlr.texas.gov/TABS/Search/Project/TABS2025007118,,,,,Houston,Leasing
tx,2121 Broadway Apartments,Houston,2121 Broadway St,,under construction,Opened 2026-08-28,Under construction · opens 2026-08-28 · software not picked yet,2025-03-20,2026-08-28,,,"PMG Project Management Group, LLC",(713) 880-2626,,,https://www.tdlr.texas.gov/TABS/Search/Project/TABS2025014674,,,,,Houston,Leasing
tx,2910 Motley Senior Living,Mesquite,2910 Motley Dr,133,under construction,Opened 2026-07-01,Under construction · opens 2026-07-01 · 133 units · software not picked yet,2024-10-01,2026-07-01,,,"2910 Motley Senior Living, Ltd.",(972) 774-4439,,,https://www.tdlr.texas.gov/TABS/Search/Project/TABS2025002194,,,,,Dallas–Fort Worth,Leasing
tx,Village East Apartments,Fort Worth,2750 West Cantey Street,,under construction,Opened 2026-07-01,Under construction · opens 2026-07-01 · software not picked yet,2025-08-21,2026-07-01,,,Newsome Development,(785) 331-4644,,,https://www.tdlr.texas.gov/TABS/Search/Project/TABS2025026462,,,,,Dallas–Fort Worth,Leasing
tx,Bird Creek Senior Living,Temple,S General Bruce Drive & W Avenue K,102,under construction,Opened 2026-06-01,Under construction · opens 2026-06-01 · 102 units · software not picked yet,2024-11-19,2026-06-01,,,"Temple TXHP, LP",(913) 638-2500,,,https://www.tdlr.texas.gov/TABS/Search/Project/TABS2025005898,,,,,Rest of Texas,Leasing
tx,Mid-Town Pharr Apartments - site improvements,Pharr,601 West Polk Ave.,,under construction,Opened 2026-05-13,Under construction · opens 2026-05-13 · software not picked yet,2025-01-14,2026-05-13,,,"Mid-Town Pharr, LLC, TX LLC",(956) 631-9500,,,https://www.tdlr.texas.gov/TABS/Search/Project/TABS2025009480,,,,,Rest of Texas,Leasing
tx,Avalon Gardens Apartments,Hempstead,21801 Blassingame Road,40,under construction,Opened 2026-05-01,Under construction · opens 2026-05-01 · 40 units · software not picked yet,2025-02-10,2026-05-01,,,Enclave Property,(832) 715-2321,,,https://www.tdlr.texas.gov/TABS/Search/Project/TABS2025011461,,,,,Houston,Leasing
tx,Sam Houston Apartments,Houston,6125 SOUTH SAM HOUSTON EAST PKY,,under construction,Opened 2026-05-01,Under construction · opens 2026-05-01 · software not picked yet,2025-07-11,2026-05-01,,,8 WAY EQUITY LLC,(713) 245-0779,,,https://www.tdlr.texas.gov/TABS/Search/Project/TABS2025023290,,,,,Houston,Leasing
tx,The Legacy at Willow Bend Expansion - FLATS,Plano,6101 Ohio Dr.,,under construction,Opened 2026-05-01,Under construction · opens 2026-05-01 · software not picked yet,2024-11-26,2026-05-01,,,The Legacy at Willow Bend Retirement Community Inc,(972) 468-6166,,,https://www.tdlr.texas.gov/TABS/Search/Project/TABS2025006463,,,,,Rest of Texas,Leasing
tx,Mesa Hills Apartments,El Paso,"1040 Mesa Hills El Paso, Tx 79912",,under construction,Opened 2026-04-01,Under construction · opens 2026-04-01 · software not picked yet,2025-01-10,2026-04-01,,,Housing Opportunity Management Enterprises,(915) 849-3631,,,https://www.tdlr.texas.gov/TABS/Search/Project/TABS2025009259,,,,,Rest of Texas,Leasing
tx,Maranello - Premier Auto Residences,Plano,Mapleshade LN -NE corner appr. 235 LF east of Ohio,,under construction,Opened 2026-03-23,Under construction · opens 2026-03-23 · software not picked yet,2024-11-05,2026-03-23,,,"Maranello – Plano, LP",(214) 597-3569,,,https://www.tdlr.texas.gov/TABS/Search/Project/TABS2025004910,,,,,Rest of Texas,Leasing
tx,Prestige Apartments,Denton,4111 Edwards  Road Salem Oaks Cove,250,under construction,Opened 2026-03-09,Under construction · opens 2026-03-09 · 250 units · software not picked yet,2024-10-02,2026-03-09,,,Honors Way Group,(817) 409-8795,,,https://www.tdlr.texas.gov/TABS/Search/Project/TABS2025002275,,,,,Dallas–Fort Worth,Leasing
tx,Lee Place Apartments,El Paso,11520 Montana Ave,80,under construction,Opened 2026-03-01,Under construction · opens 2026-03-01 · 80 units · software not picked yet,2025-02-04,2026-03-01,,,"Lee Place Apartments, llc",(915) 850-0009,,,https://www.tdlr.texas.gov/TABS/Search/Project/TABS2025011014,,,,,Rest of Texas,Leasing
tx,Bulverde Multifamily Apartments,San Antonio,17626 Bulverde Avenue,,under construction,Opened 2026-02-28,Under construction · opens 2026-02-28 · software not picked yet,2026-02-20,2026-02-28,,,"Bulverde Apartments 2022, LLC",(205) 443-4550,,,https://www.tdlr.texas.gov/TABS/Search/Project/TABS2026013108,,,,,San Antonio,Leasing
tx,Autumn Parc Apartments,Arlington,W Arkansas LN,,under construction,Opened 2026-01-05,Under construction · opens 2026-01-05 · software not picked yet,2024-09-11,2026-01-05,,,OM Housing,(214) 432-7610,,,https://www.tdlr.texas.gov/TABS/Search/Project/TABS2025000674,,,,,Dallas–Fort Worth,Leasing
tx,Tuscany Parkway Apartments,Amarillo,0 Tuscany Pkwy (The Colonies #54 Lot 003 Block 0001),73,under construction,Opened 2025-12-31,Under construction · opens 2025-12-31 · 73 units · software not picked yet,2024-09-18,2025-12-31,,,Tuscany Parkway Apartments LLC,(949) 529-7011,,,https://www.tdlr.texas.gov/TABS/Search/Project/TABS2025001287,,,,,Rest of Texas,Leasing
tx,Bibb Senior Living,Eagle Pass,574. S Bibb,66,under construction,Opened 2025-12-31,Under construction · opens 2025-12-31 · 66 units · software not picked yet,2024-09-24,2025-12-31,,,"Bibb TXHP, LP",(913) 638-2500,,,https://www.tdlr.texas.gov/TABS/Search/Project/TABS2025001659,,,,,Rest of Texas,Leasing
tx,"Apartments At Mckaskle Road Building A, B, & C",Sugar Land,15410 MCKASKLE ROAD,,under construction,Opened 2025-12-31,Under construction · opens 2025-12-31 · software not picked yet,2024-09-17,2025-12-31,,,PARTNERS REALTY AND DEVELOPMENT LP,(281) 777-7944,,,https://www.tdlr.texas.gov/TABS/Search/Project/TABS2025001215,,,,,Houston,Leasing
tx,Overture Plano Senior Apartments,Plano,500 Coit Rd,168,sold,Sold Sep 2025,Sold Sep 2025 to DHC HYB SLC PROPERTIES LLC · 168 units · on Entrata → new owner may re-pick software.,,,,,,,,Entrata,,,,,,Dallas–Fort Worth,Sold
tx,Guerlain Luxury Apartments,Edinburg,Lot 2-Los Lagos Apt. Sub&#39;n. 2406 S. Raul Longoria,,under construction,Opened 2025-12-25,Under construction · opens 2025-12-25 · software not picked yet,2025-02-14,2025-12-25,,,Apartment Guerlain no.1 LLC,(956) 605-9445,,,https://www.tdlr.texas.gov/TABS/Search/Project/TABS2025011931,,,,,Rest of Texas,Leasing
tx,Vineyard Springs Apartments,Johnson City,893 W. Highway 290,168,under construction,Opened 2025-09-01,Under construction · opens 2025-09-01 · 168 units · software not picked yet,2025-06-24,2025-09-01,,,"TX-290-1031, LLC",(714) 546-4255,,,https://www.tdlr.texas.gov/TABS/Search/Project/TABS2025021961,,,,,Rest of Texas,Leasing
tx,1401 South Lamar Multifamily and Garage,Austin,1401 S Lamar,,under construction,Opened 2025-09-01,Under construction · opens 2025-09-01 · software not picked yet,2025-08-07,2025-09-01,,,Seamless SOLA I LP,(512) 330-9502,,,https://www.tdlr.texas.gov/TABS/Search/Project/TABS2025025389,,,,,Austin,Leasing
tx,Quantum Drive,San Antonio,Quantum Drive and SW Loop 410,404,planned,Planned (not permitted yet),Planned · expected: not public yet · 404 units · software not chosen yet,,,,,,(214) 960-1309,,,,,,,,San Antonio,Planned
tx,Crystal Bend Apartments,Pflugerville,2313 & 2405 Crystal Bend Drive,390,planned,Planned (not permitted yet),Planned · expected: not public yet · 390 units · software not chosen yet,,,,,,,,,,,,,,Austin,Planned
tx,The Arboretum at Woodland Hills,Houston,SE corner of FM1960 and Woodland Hills Dr,366,planned,Planned (not permitted yet),Planned · expected: not public yet · 366 units · software not chosen yet,,,,,,,,,,,,,,Houston,Planned
tx,The Culbreath,Dallas,2770 Bethurum Ave.,364,planned,Planned (not permitted yet),Planned · expected: not public yet · 364 units · software not chosen yet,,,,,,,,,,,,,,Dallas–Fort Worth,Planned
tx,Centerpoint Commons,San Marcos,SWQ Centerpoint Road and Commercial Loop,363,planned,Planned (not permitted yet),Planned · expected: not public yet · 363 units · software not chosen yet,,,,,,,,,,,,,,Austin,Planned
tx,Tapestry at Katy (fka Enclave at Katy),Katy,5138 & 5202 Katy Hockley Road,360,planned,Planned (not permitted yet),Planned · expected: not public yet · 360 units · software not chosen yet,,,,,,,,,,,,,,Houston,Planned
tx,Enclave on Louetta,Spring,2324 Louetta Road,358,planned,Planned (not permitted yet),Planned · expected: not public yet · 358 units · software not chosen yet,,,,,,,,,,,,,,Houston,Planned
tx,Reserve at Ella,Houston,867 Rushcreek Drive,344,planned,Planned (not permitted yet),Planned · expected: not public yet · 344 units · software not chosen yet,,,,,,(210) 771-4127,,,,,,,,Houston,Planned
tx,Breckinridge Point Apartments,Richardson,4250 E Renner Rd,226,sold,Sold Jun 2025,Sold Jun 2025 to BRECKINRIDGE POINT TX LLC · 226 units · on Yardi → new owner may re-pick software.,,,,,,,,Yardi,,,,,,Dallas–Fort Worth,Sold
tx,Sageland Flats fka Brooks Family Apartments,San Antonio,Northwest Corner of Research Plaza and Challenger Drive,338,planned,Planned (not permitted yet),Planned · expected: not public yet · 338 units · software not chosen yet,,,,,,,,,,,,,,San Antonio,Planned
tx,Oso Apartments,Converse,2075 Shuwirth Road,336,planned,Planned (not permitted yet),Planned · expected: not public yet · 336 units · software not chosen yet,,,,,,,,,,,,,,San Antonio,Planned
tx,The Orion Apartment Homes,San Antonio,13039 SW Loop 410,336,planned,Planned (not permitted yet),Planned · expected: not public yet · 336 units · software not chosen yet,,,,,,,,,,,,,,San Antonio,Planned
tx,Stones Crossing Apartment Homes,San Antonio,23219 U.S. HWY 281 N,336,planned,Planned (not permitted yet),Planned · expected: not public yet · 336 units · software not chosen yet,,,,,,,,,,,,,,San Antonio,Planned
tx,301 Lofts,San Antonio,13388 W Hwy 90,336,planned,Planned (not permitted yet),Planned · expected: not public yet · 336 units · software not chosen yet,,,,,,(216) 584-0613,,,,,,,,San Antonio,Planned
tx,The Gateway at Trinity Forest,Dallas,2050 Dowdy Ferry Rd,330,planned,Planned (not permitted yet),Planned · expected: not public yet · 330 units · software not chosen yet,,,,,,,,,,,,,,Dallas–Fort Worth,Planned
tx,Tower Road Apartments,Manor,12200 Tower Road,324,planned,Planned (not permitted yet),Planned · expected: not public yet · 324 units · software not chosen yet,,,,,,,,,,,,,,Austin,Planned
tx,Palladium Old FM 471 W,San Antonio,Old FM 471 W and Talley Rd,321,planned,Planned (not permitted yet),Planned · expected: not public yet · 321 units · software not chosen yet,,,,,,,,,,,,,,San Antonio,Planned
tx,Torrington Briarwood,Mesquite,23701 Lyndon B Johnson Fwy,313,planned,Planned (not permitted yet),Planned · expected: not public yet · 313 units · software not chosen yet,,,,,,,,,,,,,,Dallas–Fort Worth,Planned
tx,Creek Bend Apartment Homes,San Antonio,2335 E Borgfeld Dr,312,planned,Planned (not permitted yet),Planned · expected: not public yet · 312 units · software not chosen yet,,,,,,,,,,,,,,San Antonio,Planned
tx,Maxwell Hwy 21 Apartments,Maxwell,3966 FM 1966,312,planned,Planned (not permitted yet),Planned · expected: not public yet · 312 units · software not chosen yet,,,,,,,,,,,,,,Austin,Planned
tx,The Springs Apartments,San Marcos,approx. SEC of IH‐35 & Aquarena Springs Dr.,304,planned,Planned (not permitted yet),Planned · expected: not public yet · 304 units · software not chosen yet,,,,,,,,,,,,,,Austin,Planned
tx,Palladium Buckner Station,Dallas,8008 Elam Road,304,planned,Planned (not permitted yet),Planned · expected: not public yet · 304 units · software not chosen yet,,,,,,,,,,,,,,Dallas–Fort Worth,Planned
tx,Hughes House II,Fort Worth,1401 Etta Street,302,planned,Planned (not permitted yet),Planned · expected: not public yet · 302 units · software not chosen yet,,,,,,,,,,,,,,Dallas–Fort Worth,Planned
tx,Lofts at Creekview,San Antonio,3623 and 3841 East Commerce,301,planned,Planned (not permitted yet),Planned · expected: not public yet · 301 units · software not chosen yet,,,,,,,,,,,,,,San Antonio,Planned
tx,EMLI at Mesa Gardens,Houston,10199 Mesa Drive,300,planned,Planned (not permitted yet),Planned · expected: not public yet · 300 units · software not chosen yet,,,,,,,,,,,,,,Houston,Planned
tx,The Ridge at Loop 12,Dallas,1200 N Walton Walker Blvd,300,planned,Planned (not permitted yet),Planned · expected: not public yet · 300 units · software not chosen yet,,,,,,,,,,,,,,Dallas–Fort Worth,Planned
tx,Torrington Wilmer,Dallas,1501 E. Beltline,300,planned,Planned (not permitted yet),Planned · expected: not public yet · 300 units · software not chosen yet,,,,,,(210) 493-8633,,,,,,,,Dallas–Fort Worth,Planned
tx,West Dell Apartment Homes,San Antonio,11437 Alamo Ranch Parkway,300,planned,Planned (not permitted yet),Planned · expected: not public yet · 300 units · software not chosen yet,,,,,,,,,,,,,,San Antonio,Planned
tx,West Dell Apartments,San Antonio,Approx. 11400 Alamo Ranch Parkway,300,planned,Planned (not permitted yet),Planned · expected: not public yet · 300 units · software not chosen yet,,,,,,(317) 208-3767,,,,,,,,San Antonio,Planned
tx,Torrington Creekside,Mesquite,825 Windbell Circle,290,planned,Planned (not permitted yet),Planned · expected: not public yet · 290 units · software not chosen yet,,,,,,(210) 493-8633,,,,,,,,Dallas–Fort Worth,Planned
tx,Palladium San Antonio,San Antonio,4770 Military Drive W,288,planned,Planned (not permitted yet),Planned · expected: not public yet · 288 units · software not chosen yet,,,,,,,,,,,,,,San Antonio,Planned
tx,Palladium Carver Living,Mesquite,2200 W Bruton Road,288,planned,Planned (not permitted yet),Planned · expected: not public yet · 288 units · software not chosen yet,,,,,,,,,,,,,,Dallas–Fort Worth,Planned
tx,Breckenridge Point Apartments,Richardson,3500 North Star Rd,214,sold,Sold Jun 2025,Sold Jun 2025 to BRECKINRIDGE POINT TX LLC · 214 units · on Yardi → new owner may re-pick software.,,,,,,,,Yardi,,,,,,Dallas–Fort Worth,Sold
tx,Wooded Lake Apartments,Mesquite,1300 Wooded Lake Drive,288,planned,Planned (not permitted yet),Planned · expected: not public yet · 288 units · software not chosen yet,,,,,,,,,,,,,,Dallas–Fort Worth,Planned
tx,Cordova Apartments,Houston,6160 Madden Lane,283,planned,Planned (not permitted yet),Planned · expected: not public yet · 283 units · software not chosen yet,,,,,,,,,,,,,,Houston,Planned
tx,Central at Commerce,San Antonio,1231 East Commerce Street,279,planned,Planned (not permitted yet),Planned · expected: not public yet · 279 units · software not chosen yet,,,,,,,,,,,,,,San Antonio,Planned
tx,Willow Creek Manor,Houston,10621 Cossey Road,264,planned,Planned (not permitted yet),Planned · expected: not public yet · 264 units · software not chosen yet,,,,,,,,,,,,,,Houston,Planned
tx,Riverbreeze Apartments,San Antonio,SWQ 410 SW Loop & Palo Alto Road,264,planned,Planned (not permitted yet),Planned · expected: not public yet · 264 units · software not chosen yet,,,,,,,,,,,,,,San Antonio,Planned
tx,Ed Bluestein Multifamily Apartments,Austin,7009 Ed Bluestein Bouelvard,263,planned,Planned (not permitted yet),Planned · expected: not public yet · 263 units · software not chosen yet,,,,,,,,,,,,,,Austin,Planned
tx,Hill View Heights,San Antonio,Approx 15024 Culebra Road,260,planned,Planned (not permitted yet),Planned · expected: not public yet · 260 units · software not chosen yet,,,,,,,,,,,,,,San Antonio,Planned
tx,Avanti Hills,Mesquite,NWQ E Glen Blvd & Clay Mathis Rd,260,planned,Planned (not permitted yet),Planned · expected: not public yet · 260 units · software not chosen yet,,,,,,,,,,,,,,Dallas–Fort Worth,Planned
tx,Timber Trails Apartments,Seguin,SEQ Hwy 46 and Jefferson Avenue,255,planned,Planned (not permitted yet),Planned · expected: not public yet · 255 units · software not chosen yet,,,,,,(641) 832-9088,,,,,,,,San Antonio,Planned
tx,Covington Acres,Keene,2632 US Highway 67,252,planned,Planned (not permitted yet),Planned · expected: not public yet · 252 units · software not chosen yet,,,,,,,,,,,,,,Dallas–Fort Worth,Planned
tx,Northside Village,Georgetown,350 Hwy 195,250,planned,Planned (not permitted yet),Planned · expected: not public yet · 250 units · software not chosen yet,,,,,,(214) 960-1158,,,,,,,,Austin,Planned
tx,The Wexley,Plano,5401 Independence Pkwy,204,sold,Sold Aug 2025,Sold Aug 2025 to HARVESTREE OWNER LLC · 204 units · on Yardi → new owner may re-pick software.,,,,,,,,Yardi,,,,,,Dallas–Fort Worth,Sold
tx,Torrington Forest,Dallas,7100 Great Trinity Forest Way,248,planned,Planned (not permitted yet),Planned · expected: not public yet · 248 units · software not chosen yet,,,,,,,,,,,,,,Dallas–Fort Worth,Planned
tx,Cactus Trails Apartments,San Antonio,10585 Shaenfield Road,248,planned,Planned (not permitted yet),Planned · expected: not public yet · 248 units · software not chosen yet,,,,,,(641) 830-9088,,,,,,,,San Antonio,Planned
tx,Palladium E Lancaster Avenue,Fort Worth,4909 & 5003 E Lancaster Avenue and 4808 & 4900 Norma Street,243,planned,Planned (not permitted yet),Planned · expected: not public yet · 243 units · software not chosen yet,,,,,,,,,,,,,,Dallas–Fort Worth,Planned
tx,Cedar Ridge Terrace fka Brooks Senior Apartments,San Antonio,Northeast Corner of Research Plaza and Challenger Drive,239,planned,Planned (not permitted yet),Planned · expected: not public yet · 239 units · software not chosen yet,,,,,,,,,,,,,,San Antonio,Planned
tx,Residences at Pearsall Park,San Antonio,Corner of Ray Ellison Blvd and Old Pearsall Road,238,planned,Planned (not permitted yet),Planned · expected: not public yet · 238 units · software not chosen yet,,,,,,,,,,,,,,San Antonio,Planned
tx,Tabor Village (fka Baraboo Hills),Dallas,6200 Baraboo Drive,229,planned,Planned (not permitted yet),Planned · expected: not public yet · 229 units · software not chosen yet,,,,,,,,,,,,,,Dallas–Fort Worth,Planned
tx,Richardson Ridge,Fort Worth,4000 Campus Drive,228,planned,Planned (not permitted yet),Planned · expected: not public yet · 228 units · software not chosen yet,,,,,,319-217-8136,,,,,,,,Dallas–Fort Worth,Planned
tx,Independence Heights II Apartments,Houston,222 Crosstimbers St,221,planned,Planned (not permitted yet),Planned · expected: not public yet · 221 units · software not chosen yet,,,,,,,,,,,,,,Houston,Planned
tx,Westmoreland Townhomes,Dallas,6600 South Westmoreland Drive,216,planned,Planned (not permitted yet),Planned · expected: not public yet · 216 units · software not chosen yet,,,,,,,,,,,,,,Dallas–Fort Worth,Planned
tx,Huntington Place Senior Living Dallas,Dallas,NEQ Clark Road and W. Camp Wisdom Rd,210,planned,Planned (not permitted yet),Planned · expected: not public yet · 210 units · software not chosen yet,,,,,,(512) 983-0422,,,,,,,,Dallas–Fort Worth,Planned
tx,Heights at UNT Station,Dallas,1021 E. Wheatland Road,210,planned,Planned (not permitted yet),Planned · expected: not public yet · 210 units · software not chosen yet,,,,,,(817) 845-8026,,,,,,,,Dallas–Fort Worth,Planned
tx,Huntington Place Senior Living Garland,Garland,SWQ Edgefield Drive and Cedar Drive,204,planned,Planned (not permitted yet),Planned · expected: not public yet · 204 units · software not chosen yet,,,,,,,,,,,,,,Dallas–Fort Worth,Planned
tx,Cedar Bluff Apartments,Seguin,920 San Antonio Avenue,203,planned,Planned (not permitted yet),Planned · expected: not public yet · 203 units · software not chosen yet,,,,,,,,,,,,,,San Antonio,Planned
tx,The Commons at Acequia Trails,San Antonio,NE Corner of South Presa Street and Old Corpus Christi Road,201,planned,Planned (not permitted yet),Planned · expected: not public yet · 201 units · software not chosen yet,,,,,,,,,,,,,,San Antonio,Planned
tx,HiLine Illinois,Dallas,4710 W Illinois Ave,200,planned,Planned (not permitted yet),Planned · expected: not public yet · 200 units · software not chosen yet,,,,,,,,,,,,,,Dallas–Fort Worth,Planned
tx,THF Huntington Place Senior Living Little Elm,Little Elm,NEQ Navo Road and Union Park Blvd.,198,planned,Planned (not permitted yet),Planned · expected: not public yet · 198 units · software not chosen yet,,,,,,,,,,,,,,Dallas–Fort Worth,Planned
tx,Legacy Senior Residences,San Antonio,6219 S. New Braunfels Avenue,180,planned,Planned (not permitted yet),Planned · expected: not public yet · 180 units · software not chosen yet,,,,,,,,,,,,,,San Antonio,Planned
tx,The Legacy on Kiest,Dallas,2621 Southerland Ave,180,planned,Planned (not permitted yet),Planned · expected: not public yet · 180 units · software not chosen yet,,,,,,,,,,,,,,Dallas–Fort Worth,Planned
tx,Evans & Rosedale Urban Village,Fort Worth,900 Evans Avenue,180,planned,Planned (not permitted yet),Planned · expected: not public yet · 180 units · software not chosen yet,,,,,,(414) 800-5289,,,,,,,,Dallas–Fort Worth,Planned
tx,Walnut Springs,Seguin,2551 N. Guadalupe St.,177,planned,Planned (not permitted yet),Planned · expected: not public yet · 177 units · software not chosen yet,,,,,,,,,,,,,,San Antonio,Planned
tx,Paytom Gin Apartments,Austin,1800 Payton Gin Road,176,planned,Planned (not permitted yet),Planned · expected: not public yet · 176 units · software not chosen yet,,,,,,,,,,,,,,Austin,Planned
tx,The Katy,Elgin,601 West 2nd Street,150,planned,Planned (not permitted yet),Planned · expected: not public yet · 150 units · software not chosen yet,,,,,,,,,,,,,,Austin,Planned
tx,Preserve at Dominion Park,Houston ETJ,13100 Kuykendahl Road,134,planned,Planned (not permitted yet),Planned · expected: not public yet · 134 units · software not chosen yet,,,,,,(713) 232-0354,,,,,,,,Rest of Texas,Planned
tx,The Holland,Plano,8020 Windrose Ave,175,sold,Sold Apr 2025,Sold Apr 2025 to LW RESIDENTIAL PARTNERS LP · 175 units · on Yardi → new owner may re-pick software.,,,,,,,,Yardi,,,,,,Dallas–Fort Worth,Sold
tx,Woodlands Of Plano Apartments Tc,Plano,1300 Rigsbee Dr,232,sold,Owner changed to CLOVER WOODLANDS PLANO OWNER LLC,Owner changed to CLOVER WOODLANDS PLANO OWNER LLC · 232 units · on RealPage → new owner may re-pick software.,,,,,,,,RealPage,,,,,,Dallas–Fort Worth,Sold
tx,New Faith Senior Village Apartments,Houston,4315 W. Fuqua Street,128,planned,Planned (not permitted yet),Planned · expected: not public yet · 128 units · software not chosen yet,,,,,,,,,,,,,,Houston,Planned
tx,Hartwood at Windstone,Houston,19735 Clay Rd.,123,planned,Planned (not permitted yet),Planned · expected: not public yet · 123 units · software not chosen yet,,,,,,,,,,,,,,Houston,Planned
tx,New Hope Housing Avenue C,Houston,7501 Harrisburg Blvd.,120,planned,Planned (not permitted yet),Planned · expected: not public yet · 120 units · software not chosen yet,,,,,,,,,,,,,,Houston,Planned
tx,3606 S Cockrell Hill Road Senior Living,Dallas,3606 and 3626 S Cockrell Hill Road,120,planned,Planned (not permitted yet),Planned · expected: not public yet · 120 units · software not chosen yet,,,,,,,,,,,,,,Dallas–Fort Worth,Planned
tx,Andover Village Apartments (f/k/a Nunn Village Apartments),Houston,6901 Bellfort Avenue,120,planned,Planned (not permitted yet),Planned · expected: not public yet · 120 units · software not chosen yet,,,,,,,,,,,,,,Houston,Planned
tx,Citrus Village Apartments,Pharr,695 N I Road,120,planned,Planned (not permitted yet),Planned · expected: not public yet · 120 units · software not chosen yet,,,,,,,,,,,,,,Rest of Texas,Planned
tx,Bernicia Place,Houston,SEC of Old Spanish Trail and Scottcrest Drive,120,planned,Planned (not permitted yet),Planned · expected: not public yet · 120 units · software not chosen yet,,,,,,(713) 669-4521,,,,,,,,Houston,Planned
tx,930 Military Parkway Living,Mesquite,940 Military Parkway,111,planned,Planned (not permitted yet),Planned · expected: not public yet · 111 units · software not chosen yet,,,,,,,,,,,,,,Dallas–Fort Worth,Planned
tx,McKinney Ranch Senior Living,McKinney,5353 McKinney Ranch Parkway,109,planned,Planned (not permitted yet),Planned · expected: not public yet · 109 units · software not chosen yet,,,,,,,,,,,,,,Dallas–Fort Worth,Planned
tx,The Grove at Deerbrook,Houston,SEQ Deerbrook Park Blvd and Orchard Ridge Ln,108,planned,Planned (not permitted yet),Planned · expected: not public yet · 108 units · software not chosen yet,,,,,,,,,,,,,,Houston,Planned
tx,Las Fuentes,Mission,2801 Leonor Street,105,planned,Planned (not permitted yet),Planned · expected: not public yet · 105 units · software not chosen yet,,,,,,,,,,,,,,Rest of Texas,Planned
tx,The Calvin,Plano,2501 Ohio Dr,167,sold,Sold Dec 2024,Sold Dec 2024 to RC CALVIN LLC · 167 units · on AppFolio → new owner may re-pick software.,,,,,,,,AppFolio,,,,,,Dallas–Fort Worth,Sold
tx,Burleson Studios,Austin,7905 Burleson Road,104,planned,Planned (not permitted yet),Planned · expected: not public yet · 104 units · software not chosen yet,,,,,,,,,,,,,,Austin,Planned
tx,Bailey at Stassney,Austin,400 W Stassney Lane,104,planned,Planned (not permitted yet),Planned · expected: not public yet · 104 units · software not chosen yet,,,,,,,,,,,,,,Austin,Planned
tx,Mandalay,Palmview,south side of the 600 Block of West Veterans Blvd.,104,planned,Planned (not permitted yet),Planned · expected: not public yet · 104 units · software not chosen yet,,,,,,,,,,,,,,Rest of Texas,Planned
tx,Villas at Primrose,McAllen,SEQ of Buddy Owens Blvd. & N. Ware Rd.,104,planned,Planned (not permitted yet),Planned · expected: not public yet · 104 units · software not chosen yet,,,,,,,,,,,,,,Rest of Texas,Planned
tx,Retreat at Esther,Houston,Southwest Quadrant of Wheatley St and Esther Dr,103,planned,Planned (not permitted yet),Planned · expected: not public yet · 103 units · software not chosen yet,,,,,,,,,,,,,,Houston,Planned
tx,WALIPP Senior Residence Expansion,Houston,"5120 Scott St., 5134 Grantwood St., 5141 Grantwood St.",102,planned,Planned (not permitted yet),Planned · expected: not public yet · 102 units · software not chosen yet,,,,,,,,,,,,,,Houston,Planned
tx,Westwood Apartments,Killeen,3001 Illinois Ave.,102,planned,Planned (not permitted yet),Planned · expected: not public yet · 102 units · software not chosen yet,,,,,,,,,,,,,,Rest of Texas,Planned
tx,The Tidwell,Houston,304 Tidwell Road,99,planned,Planned (not permitted yet),Planned · expected: not public yet · 99 units · software not chosen yet,,,,,,,,,,,,,,Houston,Planned
tx,Dashwood Trails,Houston,NEC Dashwood Dr and Jetty Ln,98,planned,Planned (not permitted yet),Planned · expected: not public yet · 98 units · software not chosen yet,,,,,,,,,,,,,,Houston,Planned
tx,Northpark Garden Villas,Houston,East Side Imperial Valley Dr at Northpark Central Dr,98,planned,Planned (not permitted yet),Planned · expected: not public yet · 98 units · software not chosen yet,,,,,,,,,,,,,,Houston,Planned
tx,Sherry Pointe Apartments,Arlington,NEQ of E Arkansas Ln and Sherry St,96,planned,Planned (not permitted yet),Planned · expected: not public yet · 96 units · software not chosen yet,,,,,,,,,,,,,,Dallas–Fort Worth,Planned
tx,Cedar Brook Village,Houston,7401 Little York Rd,96,planned,Planned (not permitted yet),Planned · expected: not public yet · 96 units · software not chosen yet,,,,,,,,,,,,,,Houston,Planned
tx,Instrata At Legacy West,Plano,7850 Communications Pkwy,161,sold,Sold Apr 2025,Sold Apr 2025 to LW OWNER 2 LLC · 161 units · on Yardi → new owner may re-pick software.,,,,,,,,Yardi,,,,,,Dallas–Fort Worth,Sold
tx,Reserve at Augustine,Dallas,115 S St Augustine Rd,96,planned,Planned (not permitted yet),Planned · expected: not public yet · 96 units · software not chosen yet,,,,,,,,,,,,,,Dallas–Fort Worth,Planned
tx,Meadowbrook Apartments,Robinson,510 N Old. Robinson Rd,93,planned,Planned (not permitted yet),Planned · expected: not public yet · 93 units · software not chosen yet,,,,,,,,,,,,,,Rest of Texas,Planned
tx,Heritage Estates at Valley Ridge,Lewisville,SEQ W Valley Ridge Blvd and N Garden Ridge Blvd,92,planned,Planned (not permitted yet),Planned · expected: not public yet · 92 units · software not chosen yet,,,,,,,,,,,,,,Dallas–Fort Worth,Planned
tx,The James at Wheatland,Dallas,7100 W Wheatland Rd.,90,planned,Planned (not permitted yet),Planned · expected: not public yet · 90 units · software not chosen yet,,,,,,,,,,,,,,Dallas–Fort Worth,Planned
tx,Riverside Garden Villas,Houston,SWC of Riverside Grove and Addicks Clodine Road,90,planned,Planned (not permitted yet),Planned · expected: not public yet · 90 units · software not chosen yet,,,,,,,,,,,,,,Houston,Planned
tx,Kingfield Trails,Houston,15606 Kingfield,90,planned,Planned (not permitted yet),Planned · expected: not public yet · 90 units · software not chosen yet,,,,,,,,,,,,,,Houston,Planned
tx,Connect Hillcroft,Houston,6420 Hillcroft Avenue,90,planned,Planned (not permitted yet),Planned · expected: not public yet · 90 units · software not chosen yet,,,,,,,,,,,,,,Houston,Planned
tx,"CSH Silverleaf Senior Living, Ltd.",Houston,SEC of Blackhawk Blvd and Texas Sage Drive,90,planned,Planned (not permitted yet),Planned · expected: not public yet · 90 units · software not chosen yet,,,,,,,,,,,,,,Houston,Planned
tx,Trinity East Senior,Houston,2620 Live Oak Street,90,planned,Planned (not permitted yet),Planned · expected: not public yet · 90 units · software not chosen yet,,,,,,,,,,,,,,Houston,Planned
tx,Amarillo Lofts,Amarillo,6601 Lowes Lane,90,planned,Planned (not permitted yet),Planned · expected: not public yet · 90 units · software not chosen yet,,,,,,,,,,,,,,Rest of Texas,Planned
tx,Greens at Retton,Houston,NWC of Retton Dr. & Northwest Frwy.,90,planned,Planned (not permitted yet),Planned · expected: not public yet · 90 units · software not chosen yet,,,,,,,,,,,,,,Houston,Planned
tx,Stella Haven,Denton,3300 Sundown Blvd,88,planned,Planned (not permitted yet),Planned · expected: not public yet · 88 units · software not chosen yet,,,,,,,,,,,,,,Dallas–Fort Worth,Planned
tx,Oasis Gardens,Houston,12709 Beechnut St.,88,planned,Planned (not permitted yet),Planned · expected: not public yet · 88 units · software not chosen yet,,,,,,,,,,,,,,Houston,Planned
tx,Bella Limon,Dallas,4311 - 4329 Belmont Ave,87,planned,Planned (not permitted yet),Planned · expected: not public yet · 87 units · software not chosen yet,,,,,,,,,,,,,,Dallas–Fort Worth,Planned
tx,Heritage Estates at Medina,San Antonio,SWC I-410 and Medina Base Rd,86,planned,Planned (not permitted yet),Planned · expected: not public yet · 86 units · software not chosen yet,,,,,,,,,,,,,,San Antonio,Planned
tx,Park at Dogwood,New Braunfels,NEC McQueeny Road at County Line Memorial Trail,85,planned,Planned (not permitted yet),Planned · expected: not public yet · 85 units · software not chosen yet,,,,,,,,,,,,,,San Antonio,Planned
tx,McAdams Haven,Denton,NWC Lindsey St and Bernard St,84,planned,Planned (not permitted yet),Planned · expected: not public yet · 84 units · software not chosen yet,,,,,,,,,,,,,,Dallas–Fort Worth,Planned
tx,The Maven,Austin,618 E. Highland Mall Boulevard,83,planned,Planned (not permitted yet),Planned · expected: not public yet · 83 units · software not chosen yet,,,,,,,,,,,,,,Austin,Planned
tx,Buena Vida Senior Living,Brownsville,E Ringgold St and E 14th St,82,planned,Planned (not permitted yet),Planned · expected: not public yet · 82 units · software not chosen yet,,,,,,,,,,,,,,Rest of Texas,Planned
tx,The Watson (fka Watson Apartments),Arlington,1401 S Watson Rd,82,planned,Planned (not permitted yet),Planned · expected: not public yet · 82 units · software not chosen yet,,,,,,,,,,,,,,Dallas–Fort Worth,Planned
tx,Avenue at Lancaster,Fort Worth,5733 Craig Street,81,planned,Planned (not permitted yet),Planned · expected: not public yet · 81 units · software not chosen yet,,,,,,,,,,,,,,Dallas–Fort Worth,Planned
tx,Buena Vida Apartments,Brownsville,E Tyler St and E 16th,80,planned,Planned (not permitted yet),Planned · expected: not public yet · 80 units · software not chosen yet,,,,,,,,,,,,,,Rest of Texas,Planned
tx,Avenue U Villas,Lubbock,8401 Avenue U,80,planned,Planned (not permitted yet),Planned · expected: not public yet · 80 units · software not chosen yet,,,,,,,,,,,,,,Rest of Texas,Planned
tx,Tecovas Terrace,Amarillo,1601 SE 28th Avenue,80,planned,Planned (not permitted yet),Planned · expected: not public yet · 80 units · software not chosen yet,,,,,,,,,,,,,,Rest of Texas,Planned
tx,NHH Little York,Houston,5716 Little York Road,80,planned,Planned (not permitted yet),Planned · expected: not public yet · 80 units · software not chosen yet,,,,,,,,,,,,,,Houston,Planned
tx,Emancipation West,Houston,2718 Emancipation Ave.,80,planned,Planned (not permitted yet),Planned · expected: not public yet · 80 units · software not chosen yet,,,,,,,,,,,,,,Houston,Planned
tx,West Fork Place,Houston,"West side of Kingwood Place, Dr., south of Kingwood Medical Drive",79,planned,Planned (not permitted yet),Planned · expected: not public yet · 79 units · software not chosen yet,,,,,,,,,,,,,,Houston,Planned
tx,Hughes House III,Fort Worth,4912 East Rosedale Street and 5021 Avenue G,78,planned,Planned (not permitted yet),Planned · expected: not public yet · 78 units · software not chosen yet,,,,,,,,,,,,,,Dallas–Fort Worth,Planned
tx,Campbell Place,Arlington,"6608, 6700, 6704 and 6710 U.S. 287 Frontage Road",78,planned,Planned (not permitted yet),Planned · expected: not public yet · 78 units · software not chosen yet,,,,,,,,,,,,,,Dallas–Fort Worth,Planned
tx,Aldine Station,Houston,SEC of Aldine Mail Rte Rd and Fall Meadow Ln,78,planned,Planned (not permitted yet),Planned · expected: not public yet · 78 units · software not chosen yet,,,,,,,,,,,,,,Houston,Planned
tx,Paredes Apartments,Brownsville,5101 Paredes Line Rd,78,planned,Planned (not permitted yet),Planned · expected: not public yet · 78 units · software not chosen yet,,,,,,,,,,,,,,Rest of Texas,Planned
tx,The Eleanor,Dallas,7030 W. Wheatland Rd.,76,planned,Planned (not permitted yet),Planned · expected: not public yet · 76 units · software not chosen yet,,,,,,,,,,,,,,Dallas–Fort Worth,Planned
tx,Victory Lofts,Houston,SWQ of S Victory St and Bradmar St,76,planned,Planned (not permitted yet),Planned · expected: not public yet · 76 units · software not chosen yet,,,,,,,,,,,,,,Houston,Planned
tx,Palo Verde Senior Apartments,Corpus Christi,5501 Huntwick Ave,75,planned,Planned (not permitted yet),Planned · expected: not public yet · 75 units · software not chosen yet,,,,,,,,,,,,,,Rest of Texas,Planned
tx,Alta Vista Apartments,Plano,700 18Th St,133,sold,Sold Feb 2025,Sold Feb 2025 to ALTA VISTA APARTMENTS & TJFL LEGACY LP · 133 units · on RealPage → new owner may re-pick software.,,,,,,,,RealPage,,,,,,Dallas–Fort Worth,Sold
tx,Sycamores at Pleasant Valley,Austin,5900 South Pleassant Valley,75,planned,Planned (not permitted yet),Planned · expected: not public yet · 75 units · software not chosen yet,,,,,,,,,,,,,,Austin,Planned
tx,Crown Heritage Senior Village,Kilgore,300-302 Fritz Swanson Rd (fka W Lantrip St),75,planned,Planned (not permitted yet),Planned · expected: not public yet · 75 units · software not chosen yet,,,,,,,,,,,,,,Rest of Texas,Planned
tx,Ironwood Apartments,McAllen,NEQ of E. Dicker Rd. & S. McColl Rd.,75,planned,Planned (not permitted yet),Planned · expected: not public yet · 75 units · software not chosen yet,,,,,,,,,,,,,,Rest of Texas,Planned
tx,Residences at Sakowitz,Houston,1702 Sakowitz Street,73,planned,Planned (not permitted yet),Planned · expected: not public yet · 73 units · software not chosen yet,,,,,,,,,,,,,,Houston,Planned
tx,Palms at Morris,Corpus Christi,2212 Morris St,72,planned,Planned (not permitted yet),Planned · expected: not public yet · 72 units · software not chosen yet,,,,,,,,,,,,,,Rest of Texas,Planned
tx,Conway Village,Mission,2699 Conway Ave,72,planned,Planned (not permitted yet),Planned · expected: not public yet · 72 units · software not chosen yet,,,,,,,,,,,,,,Rest of Texas,Planned
tx,The Ashbourne,Houston,9677 S Kirkwood Rd,72,planned,Planned (not permitted yet),Planned · expected: not public yet · 72 units · software not chosen yet,,,,,,,,,,,,,,Houston,Planned
tx,The Enclave at Riverbank,Laredo,NWQ of Riverbank Dr. and Elk Dr.,72,planned,Planned (not permitted yet),Planned · expected: not public yet · 72 units · software not chosen yet,,,,,,,,,,,,,,Rest of Texas,Planned
tx,Hudson Hallmark,Brownsville,NEC Ruben M Torres & Hudson Blvd,72,planned,Planned (not permitted yet),Planned · expected: not public yet · 72 units · software not chosen yet,,,,,,,,,,,,,,Rest of Texas,Planned
tx,Cielo Towers II /FKA Cielo Seniors,El Paso,201 Cortez Drive,72,planned,Planned (not permitted yet),Planned · expected: not public yet · 72 units · software not chosen yet,,,,,,,,,,,,,,Rest of Texas,Planned
tx,Ovetta Rosedale,Austin,4202-4210 Medical Pkwy,70,planned,Planned (not permitted yet),Planned · expected: not public yet · 70 units · software not chosen yet,,,,,,,,,,,,,,Austin,Planned
tx,Pebble Hills Place,El Paso,SWC of N Zaragoza Rd and Pebble Hills Blvd,70,planned,Planned (not permitted yet),Planned · expected: not public yet · 70 units · software not chosen yet,,,,,,,,,,,,,,Rest of Texas,Planned
tx,McCart Meadows Senior Living,Fort Worth,7100 McCart Ave.,68,planned,Planned (not permitted yet),Planned · expected: not public yet · 68 units · software not chosen yet,,,,,,,,,,,,,,Dallas–Fort Worth,Planned
tx,The Judy at VIDA,San Antonio,10345 S Zarzamora Street,68,planned,Planned (not permitted yet),Planned · expected: not public yet · 68 units · software not chosen yet,,,,,,,,,,,,,,San Antonio,Planned
tx,Pine Creek Senior Village,Nacogdoches,SEC SE Stallings Drive and East Main Street,66,planned,Planned (not permitted yet),Planned · expected: not public yet · 66 units · software not chosen yet,,,,,,,,,,,,,,Rest of Texas,Planned
tx,Livingston Estates,Livingston,"1071 W. Church St (Polk CAD ID 11545, 11755)",66,planned,Planned (not permitted yet),Planned · expected: not public yet · 66 units · software not chosen yet,,,,,,,,,,,,,,Rest of Texas,Planned
tx,Jordan II Apartments,Austin,2701 1/2 Philomena St.,66,planned,Planned (not permitted yet),Planned · expected: not public yet · 66 units · software not chosen yet,,,,,,,,,,,,,,Austin,Planned
tx,Lofts at Wayfarer,Houston,SWC of Blackhawk Blvd and Texas Sage Dr,65,planned,Planned (not permitted yet),Planned · expected: not public yet · 65 units · software not chosen yet,,,,,,,,,,,,,,Houston,Planned
tx,Asteri Waco,Waco,1704 South 18th Street,65,planned,Planned (not permitted yet),Planned · expected: not public yet · 65 units · software not chosen yet,,,,,,,,,,,,,,Rest of Texas,Planned
tx,Nuestra Tierra,San Antonio,9000 block of Guilbeau Road,65,planned,Planned (not permitted yet),Planned · expected: not public yet · 65 units · software not chosen yet,,,,,,,,,,,,,,San Antonio,Planned
tx,Mesa Hills I,El Paso,Bluff Canyon Cir and S Mesa Hills Dr,64,planned,Planned (not permitted yet),Planned · expected: not public yet · 64 units · software not chosen yet,,,,,,,,,,,,,,Rest of Texas,Planned
tx,Rowen Vale,Austin,206 E Annie Street,64,planned,Planned (not permitted yet),Planned · expected: not public yet · 64 units · software not chosen yet,,,,,,,,,,,,,,Austin,Planned
tx,Vista at Culebra,San Antonio,East of Culebra Road and Arcadia Creek,64,planned,Planned (not permitted yet),Planned · expected: not public yet · 64 units · software not chosen yet,,,,,,,,,,,,,,San Antonio,Planned
tx,Eastside Crossings II / fka Eastside Crossing Senior,El Paso,Laila H Lane & Joe Battle Blvd,64,planned,Planned (not permitted yet),Planned · expected: not public yet · 64 units · software not chosen yet,,,,,,,,,,,,,,Rest of Texas,Planned
tx,Riva Ridge,Beaumont,SEQ Concord Rd & Gober Rd,63,planned,Planned (not permitted yet),Planned · expected: not public yet · 63 units · software not chosen yet,,,,,,,,,,,,,,Rest of Texas,Planned
tx,Pebble Hills Seniors,El Paso,NWC Charles Foster Avenue and John Hayes Street,60,planned,Planned (not permitted yet),Planned · expected: not public yet · 60 units · software not chosen yet,,,,,,,,,,,,,,Rest of Texas,Planned
tx,Pleasant Pointe Apartments,Mount Pleasant,1708 West 16th Street,60,planned,Planned (not permitted yet),Planned · expected: not public yet · 60 units · software not chosen yet,,,,,,,,,,,,,,Rest of Texas,Planned
tx,Union Grove,Lufkin,2911 Old Union Rd,60,planned,Planned (not permitted yet),Planned · expected: not public yet · 60 units · software not chosen yet,,,,,,,,,,,,,,Rest of Texas,Planned
tx,Villas at Augusta,El Paso,SWC of Augusta Dr and Zaragoza Road,60,planned,Planned (not permitted yet),Planned · expected: not public yet · 60 units · software not chosen yet,,,,,,,,,,,,,,Rest of Texas,Planned
tx,Shiloh Lofts,Dallas,10810 Shiloh Road,60,planned,Planned (not permitted yet),Planned · expected: not public yet · 60 units · software not chosen yet,,,,,,,,,,,,,,Dallas–Fort Worth,Planned
tx,Texano Apartments,Hidalgo,SEC Texano Drive and S 15th St,60,planned,Planned (not permitted yet),Planned · expected: not public yet · 60 units · software not chosen yet,,,,,,,,,,,,,,Rest of Texas,Planned
tx,Reserve at Kilgore,Kilgore,SWC Utzman St and Parkview St,59,planned,Planned (not permitted yet),Planned · expected: not public yet · 59 units · software not chosen yet,,,,,,,,,,,,,,Rest of Texas,Planned
tx,Corry Edwards Townhomes,Kennedale,509 Corry A Edwards Dr,59,planned,Planned (not permitted yet),Planned · expected: not public yet · 59 units · software not chosen yet,,,,,,,,,,,,,,Dallas–Fort Worth,Planned
tx,The Bloom at Lamar Square,Austin,1326 + 1328 Lamar Square Drive,58,planned,Planned (not permitted yet),Planned · expected: not public yet · 58 units · software not chosen yet,,,,,,512-610-4016,,,,,,,,Austin,Planned
tx,Athens Trails,Athens,414 W College St,57,planned,Planned (not permitted yet),Planned · expected: not public yet · 57 units · software not chosen yet,,,,,,,,,,,,,,Rest of Texas,Planned
tx,Prado Place,Beaumont,"415 S 11th St, Beaumont, TX 77701",56,planned,Planned (not permitted yet),Planned · expected: not public yet · 56 units · software not chosen yet,,,,,,,,,,,,,,Rest of Texas,Planned
tx,Heritage Park,Sealy,581 Acres Lane,56,planned,Planned (not permitted yet),Planned · expected: not public yet · 56 units · software not chosen yet,,,,,,,,,,,,,,Houston,Planned
tx,Freedom's Path Kerrville II,Kerrville,Approx 3602 Memorial Blvd,52,planned,Planned (not permitted yet),Planned · expected: not public yet · 52 units · software not chosen yet,,,,,,,,,,,,,,Rest of Texas,Planned
tx,Early Pioneer Crossing,Early,401 Old Comanche Rd.,52,planned,Planned (not permitted yet),Planned · expected: not public yet · 52 units · software not chosen yet,,,,,,,,,,,,,,Rest of Texas,Planned
tx,Pine Creek Apartments,Bastrop,Hwy 71 & Lovers Lane (~108 Lovers Lane),52,planned,Planned (not permitted yet),Planned · expected: not public yet · 52 units · software not chosen yet,,,,,,,,,,,,,,Austin,Planned
tx,Lantana Villas,Hidalgo,600 Block of East Coma Avenue,52,planned,Planned (not permitted yet),Planned · expected: not public yet · 52 units · software not chosen yet,,,,,,,,,,,,,,Rest of Texas,Planned
tx,Mount Pleasant Trails,Mount Pleasant,"N side of Tennison Rd, Approx 2150 ft East of S Jefferson Ave",52,planned,Planned (not permitted yet),Planned · expected: not public yet · 52 units · software not chosen yet,,,,,,,,,,,,,,Rest of Texas,Planned
tx,Buena Vida Supportive Housing,Brownsville,E 14th St and E Tyler St,50,planned,Planned (not permitted yet),Planned · expected: not public yet · 50 units · software not chosen yet,,,,,,,,,,,,,,Rest of Texas,Planned
tx,Cottages on Independence,Port Lavaca,Independence Dr and Sandcrab Blvd,50,planned,Planned (not permitted yet),Planned · expected: not public yet · 50 units · software not chosen yet,,,,,,440-263-0406,,,,,,,,Rest of Texas,Planned
tx,Easy Street Lofts,Cleveland,600 Easy St.,49,planned,Planned (not permitted yet),Planned · expected: not public yet · 49 units · software not chosen yet,,,,,,,,,,,,,,Houston,Planned
tx,Abbington Station,Pleasanton,SEC of 7th Street and Austin Street,48,planned,Planned (not permitted yet),Planned · expected: not public yet · 48 units · software not chosen yet,,,,,,,,,,,,,,San Antonio,Planned
tx,Patriot Pointe at Fox Ave,Lewisville,SWC Fox Ave and Edmonds Ln,48,planned,Planned (not permitted yet),Planned · expected: not public yet · 48 units · software not chosen yet,,,,,,,,,,,,,,Dallas–Fort Worth,Planned
tx,Gatesville Terrace,Gatesville,300 Block of S Hwy 36 Bypass,48,planned,Planned (not permitted yet),Planned · expected: not public yet · 48 units · software not chosen yet,,,,,,,,,,,,,,Rest of Texas,Planned
tx,Ortiz Lofts,Robstown,NWC of County Road 69 & 44,48,planned,Planned (not permitted yet),Planned · expected: not public yet · 48 units · software not chosen yet,,,,,,,,,,,,,,Rest of Texas,Planned
tx,Avalon at Levelland,Levelland,508 Clubview Drive,44,planned,Planned (not permitted yet),Planned · expected: not public yet · 44 units · software not chosen yet,,,,,,,,,,,,,,Rest of Texas,Planned
tx,Lantern at Big Spring,Big Spring,NWC of Sunset Ave. and Birdwell Ln.,44,planned,Planned (not permitted yet),Planned · expected: not public yet · 44 units · software not chosen yet,,,,,,,,,,,,,,Rest of Texas,Planned
tx,Gainesville Trails,Gainesville,420 W Garnett,42,planned,Planned (not permitted yet),Planned · expected: not public yet · 42 units · software not chosen yet,,,,,,,,,,,,,,Rest of Texas,Planned
tx,Burkburnett Royal Gardens,Burkburnett,350 D W Taylor Road,41,planned,Planned (not permitted yet),Planned · expected: not public yet · 41 units · software not chosen yet,,,,,,,,,,,,,,Rest of Texas,Planned
tx,Mesa Hills II,El Paso,NWQ Bluff Canyon Cir and S Mesa Hills Dr,40,planned,Planned (not permitted yet),Planned · expected: not public yet · 40 units · software not chosen yet,,,,,,,,,,,,,,Rest of Texas,Planned
tx,The Rosie,Vinton,SEQ of Cap Carter Rd and Doniphan Dr,40,planned,Planned (not permitted yet),Planned · expected: not public yet · 40 units · software not chosen yet,,,,,,,,,,,,,,Rest of Texas,Planned
tx,The Lantern at Robstown,Robstown,NWC of CR 44 and CR 69,39,planned,Planned (not permitted yet),Planned · expected: not public yet · 39 units · software not chosen yet,,,,,,,,,,,,,,Rest of Texas,Planned
tx,Lofts at Birdwell Phase 2,Big Springs,130 ft. N. of NWC of Sunset Ave. & Birdwell Ln.,39,planned,Planned (not permitted yet),Planned · expected: not public yet · 39 units · software not chosen yet,,,,,,,,,,,,,,Rest of Texas,Planned
tx,The Lenora,Austin,4507 Menchaca Rd,39,planned,Planned (not permitted yet),Planned · expected: not public yet · 39 units · software not chosen yet,,,,,,,,,,,,,,Austin,Planned
tx,Green Manor Apartments,Burnet,310 E. 3rd,36,planned,Planned (not permitted yet),Planned · expected: not public yet · 36 units · software not chosen yet,,,,,,,,,,,,,,Rest of Texas,Planned
tx,Reserve at Corsicana,Corsicana,300 N 45th St,36,planned,Planned (not permitted yet),Planned · expected: not public yet · 36 units · software not chosen yet,,,,,,,,,,,,,,Rest of Texas,Planned
tx,Hillsboro Trails,Hillsboro,NEQ Old Brandon Rd and Dynasty Dr,36,planned,Planned (not permitted yet),Planned · expected: not public yet · 36 units · software not chosen yet,,,,,,,,,,,,,,Rest of Texas,Planned
tx,The Residence at Red Cedar,Corsicana,"E side of S 45th St, S of W Park Row Blvd",32,planned,Planned (not permitted yet),Planned · expected: not public yet · 32 units · software not chosen yet,,,,,,,,,,,,,,Rest of Texas,Planned
tx,Gatesville Crossing,Gatesville,Approx 2909 S Hwy 36,32,planned,Planned (not permitted yet),Planned · expected: not public yet · 32 units · software not chosen yet,,,,,,,,,,,,,,Rest of Texas,Planned
tx,The Residence at Green Meadow,San Angelo,NWQ Green Meadow Dr and Southwest Blvd,30,planned,Planned (not permitted yet),Planned · expected: not public yet · 30 units · software not chosen yet,,,,,,,,,,,,,,Rest of Texas,Planned
tx,Meadow View Estates,Homestead Meadows South,NWQ of Santiesteban Lane and Buntline Drive,30,planned,Planned (not permitted yet),Planned · expected: not public yet · 30 units · software not chosen yet,,,,,,,,,,,,,,Rest of Texas,Planned
tx,Wildcat Villas,Anthony,SEQ of Wildcat Dr and 4th St,27,planned,Planned (not permitted yet),Planned · expected: not public yet · 27 units · software not chosen yet,,,,,,,,,,,,,,Rest of Texas,Planned
tx,803 Dunson Glen Dr 36,HOUSTON,803 DUNSON GLEN DR 36,,sold,Sold 2025-12-30,Sold 2025-12-30 · to TDA TX RESERVE LLC · new owner may re-pick software,,,2025-12-30,TDA TX RESERVE LLC,,,,,https://download.hcad.org/data/CAMA/2026/Real_acct_owner.zip,,,,,Houston,Sold
tx,903 Dunson Glen Dr 32,HOUSTON,903 DUNSON GLEN DR 32,,sold,Sold 2025-12-30,Sold 2025-12-30 · to TDA TX RESERVE LLC · new owner may re-pick software,,,2025-12-30,TDA TX RESERVE LLC,,,,,https://download.hcad.org/data/CAMA/2026/Real_acct_owner.zip,,,,,Houston,Sold
tx,Aspen Court Apartments,Plano,1600 Amelia Ct,70,sold,Sold May 2025,Sold May 2025 to AMELIA 77 LLC · 70 units · on ResMan → new owner may re-pick software.,,,,,,,,ResMan,,,,,,Dallas–Fort Worth,Sold
tx,911 Sun Prairie Dr 80,HOUSTON,911 SUN PRAIRIE DR 80,,sold,Sold 2025-12-30,Sold 2025-12-30 · to TDA TX RESERVE LLC · new owner may re-pick software,,,2025-12-30,TDA TX RESERVE LLC,,,,,https://download.hcad.org/data/CAMA/2026/Real_acct_owner.zip,,,,,Houston,Sold
tx,16700 Golf Club Dr 78,CROSBY,16700 GOLF CLUB DR 78,,sold,Sold 2025-12-29,Sold 2025-12-29 · to MERIDIAN PEAK HOLDINGS LLC · new owner may re-pick software,,,2025-12-29,MERIDIAN PEAK HOLDINGS LLC,,,,,https://download.hcad.org/data/CAMA/2026/Real_acct_owner.zip,,,,,Rest of Texas,Sold
tx,9401 Coventry Square Dr 128,HOUSTON,9401 COVENTRY SQUARE DR 128,,sold,Sold 2025-12-25,Sold 2025-12-25 · to MVC COVENTRY HOLDING LP · new owner may re-pick software,,,2025-12-25,MVC COVENTRY HOLDING LP,,,,,https://download.hcad.org/data/CAMA/2026/Real_acct_owner.zip,,,,,Houston,Sold
tx,7800 W Airport Blvd 124,HOUSTON,7800 W AIRPORT BLVD 124,,sold,Sold 2025-12-18,Sold 2025-12-18 · to AMRITTA WEALTH MANAGEMENT LLC · new owner may re-pick software,,,2025-12-18,AMRITTA WEALTH MANAGEMENT LLC,,,,,https://download.hcad.org/data/CAMA/2026/Real_acct_owner.zip,,,,,Houston,Sold
tx,1920 Hollister St 60,HOUSTON,1920 HOLLISTER ST 60,,sold,Sold 2025-12-18,Sold 2025-12-18 · to HOLLISTER LUXURY APARTMENTS TX LLC · new owner may re-pick software,,,2025-12-18,HOLLISTER LUXURY APARTMENTS TX LLC,,,,,https://download.hcad.org/data/CAMA/2026/Real_acct_owner.zip,,,,,Houston,Sold
tx,11201 Olympia Dr 369,HOUSTON,11201 OLYMPIA DR 369,,sold,Sold 2025-12-18,Sold 2025-12-18 · to QUINN WESTCHASE APARTMENTS LLC · new owner may re-pick software,,,2025-12-18,QUINN WESTCHASE APARTMENTS LLC,,,,,https://download.hcad.org/data/CAMA/2026/Real_acct_owner.zip,,,,,Houston,Sold
tx,915 Silber Rd 161,HOUSTON,915 SILBER RD 161,,sold,Sold 2025-12-17,Sold 2025-12-17 · to 915 SILBER PARTNERS LLC · new owner may re-pick software,,,2025-12-17,915 SILBER PARTNERS LLC,,,,,https://download.hcad.org/data/CAMA/2026/Real_acct_owner.zip,,,,,Houston,Sold
tx,2218 Greenhouse Rd 306,HOUSTON,2218 GREENHOUSE RD 306,,sold,Sold 2025-12-16,Sold 2025-12-16 · to REEV I - 2218 GREENHOUSE LLC · new owner may re-pick software,,,2025-12-16,REEV I - 2218 GREENHOUSE LLC,,,,,https://download.hcad.org/data/CAMA/2026/Real_acct_owner.zip,,,,,Houston,Sold
tx,12300 Fleming Dr 460,HOUSTON,12300 FLEMING DR 460,,sold,Sold 2025-12-10,Sold 2025-12-10 · to HOME LAND 89 LLC · new owner may re-pick software,,,2025-12-10,HOME LAND 89 LLC,,,,,https://download.hcad.org/data/CAMA/2026/Real_acct_owner.zip,,,,,Houston,Sold
tx,611 Shepherd Dr 245,HOUSTON,611 SHEPHERD DR 245,,sold,Sold 2025-12-10,Sold 2025-12-10 · to BEL SHEPHERD LIMITED PARTNERSHIP · new owner may re-pick software,,,2025-12-10,BEL SHEPHERD LIMITED PARTNERSHIP,,,,,https://download.hcad.org/data/CAMA/2026/Real_acct_owner.zip,,,,,Houston,Sold
tx,700 Cavalcade St 292,HOUSTON,700 CAVALCADE ST 292,,sold,Sold 2025-12-10,Sold 2025-12-10 · to HILLTOP ELLORY HEIGHTS PROPERTY OWNER LP · new owner may re-pick software,,,2025-12-10,HILLTOP ELLORY HEIGHTS PROPERTY OWNER LP,,,,,https://download.hcad.org/data/CAMA/2026/Real_acct_owner.zip,,,,,Houston,Sold
tx,14814 Perthshire Rd 190,HOUSTON,14814 PERTHSHIRE RD 190,,sold,Sold 2025-12-10,Sold 2025-12-10 · to VE PERTHSHIRE OWNER · new owner may re-pick software,,,2025-12-10,VE PERTHSHIRE OWNER,,,,,https://download.hcad.org/data/CAMA/2026/Real_acct_owner.zip,,,,,Houston,Sold
tx,1541 Moritz Dr 56,HOUSTON,1541 MORITZ DR 56,,sold,Sold 2025-12-09,Sold 2025-12-09 · to 1541 MORITZ LP % RC INVESTMENT PROPERTIES LLC · new owner may re-pick software,,,2025-12-09,1541 MORITZ LP % RC INVESTMENT PROPERTIES LLC,,,,,https://download.hcad.org/data/CAMA/2026/Real_acct_owner.zip,,,,,Houston,Sold
tx,220 Bammel Westfield Rd 120,HOUSTON,220 BAMMEL WESTFIELD RD 120,,sold,Sold 2025-12-09,Sold 2025-12-09 · to DORDOI INVEST INC · new owner may re-pick software,,,2025-12-09,DORDOI INVEST INC,,,,,https://download.hcad.org/data/CAMA/2026/Real_acct_owner.zip,,,,,Houston,Sold
tx,13333 Northborough Dr 170,HOUSTON,13333 NORTHBOROUGH DR 170,,sold,Sold 2025-12-09,Sold 2025-12-09 · to NSI CANFIELD LLC · new owner may re-pick software,,,2025-12-09,NSI CANFIELD LLC,,,,,https://download.hcad.org/data/CAMA/2026/Real_acct_owner.zip,,,,,Houston,Sold
tx,13355 Northborough Dr 144,HOUSTON,13355 NORTHBOROUGH DR 144,,sold,Sold 2025-12-09,Sold 2025-12-09 · to NSI CANFIELD LLC · new owner may re-pick software,,,2025-12-09,NSI CANFIELD LLC,,,,,https://download.hcad.org/data/CAMA/2026/Real_acct_owner.zip,,,,,Houston,Sold
tx,13350 Northborough Dr 104,HOUSTON,13350 NORTHBOROUGH DR 104,,sold,Sold 2025-12-09,Sold 2025-12-09 · to NSI CANFIELD LLC · new owner may re-pick software,,,2025-12-09,NSI CANFIELD LLC,,,,,https://download.hcad.org/data/CAMA/2026/Real_acct_owner.zip,,,,,Houston,Sold
tx,8222 Kingsbrook Rd 306,HOUSTON,8222 KINGSBROOK RD 306,,sold,Sold 2025-12-08,Sold 2025-12-08 · to THFHA LLC · new owner may re-pick software,,,2025-12-08,THFHA LLC,,,,,https://download.hcad.org/data/CAMA/2026/Real_acct_owner.zip,,,,,Houston,Sold
tx,8351 Park Place Blvd 40,HOUSTON,8351 PARK PLACE BLVD 40,,sold,Sold 2025-12-04,Sold 2025-12-04 · to UNTITLED PROP LLC · new owner may re-pick software,,,2025-12-04,UNTITLED PROP LLC,,,,,https://download.hcad.org/data/CAMA/2026/Real_acct_owner.zip,,,,,Houston,Sold
tx,8345 Park Place Blvd 50,HOUSTON,8345 PARK PLACE BLVD 50,,sold,Sold 2025-12-04,Sold 2025-12-04 · to FAT PROPERTY LLC · new owner may re-pick software,,,2025-12-04,FAT PROPERTY LLC,,,,,https://download.hcad.org/data/CAMA/2026/Real_acct_owner.zip,,,,,Houston,Sold
tx,4011 Galveston Rd 143,HOUSTON,4011 GALVESTON RD 143,,sold,Sold 2025-12-04,Sold 2025-12-04 · to DORCHESTER WEALTH MANAGEMENT LLC · new owner may re-pick software,,,2025-12-04,DORCHESTER WEALTH MANAGEMENT LLC,,,,,https://download.hcad.org/data/CAMA/2026/Real_acct_owner.zip,,,,,Houston,Sold
tx,3600 S Shaver St 75,SOUTH HOUSTON,3600 S SHAVER ST 75,,sold,Sold 2025-11-28,Sold 2025-11-28 · to BELLATX2023 LLC · new owner may re-pick software,,,2025-11-28,BELLATX2023 LLC,,,,,https://download.hcad.org/data/CAMA/2026/Real_acct_owner.zip,,,,,Houston,Sold
tx,1000 S Allen Genoa Rd 78,SOUTH HOUSTON,1000 S ALLEN GENOA RD 78,,sold,Sold 2025-11-28,Sold 2025-11-28 · to BELLATX2023 LLC · new owner may re-pick software,,,2025-11-28,BELLATX2023 LLC,,,,,https://download.hcad.org/data/CAMA/2026/Real_acct_owner.zip,,,,,Houston,Sold
tx,17417 W Lake Houston Pky 327,HUMBLE,17417 W LAKE HOUSTON PKY 327,,sold,Sold 2025-11-27,Sold 2025-11-27 · to AG-HILLTOP HARPER AT LAKE HOUSTON · new owner may re-pick software,,,2025-11-27,AG-HILLTOP HARPER AT LAKE HOUSTON,,,,,https://download.hcad.org/data/CAMA/2026/Real_acct_owner.zip,,,,,Houston,Sold
tx,424 Thornton Rd 34,HOUSTON,424 THORNTON RD 34,,sold,Sold 2025-11-26,Sold 2025-11-26 · to THORNTON 414 LLC · new owner may re-pick software,,,2025-11-26,THORNTON 414 LLC,,,,,https://download.hcad.org/data/CAMA/2026/Real_acct_owner.zip,,,,,Houston,Sold
tx,1226 W Grand Pky S 354,KATY,1226 W GRAND PKY S 354,,sold,Sold 2025-11-25,Sold 2025-11-25 · to AG-HILLTOP GRAND PARKWAY · new owner may re-pick software,,,2025-11-25,AG-HILLTOP GRAND PARKWAY,,,,,https://download.hcad.org/data/CAMA/2026/Real_acct_owner.zip,,,,,Houston,Sold
tx,500 W Pasadena Blvd 215,DEER PARK,500 W PASADENA BLVD 215,,sold,Sold 2025-11-20,Sold 2025-11-20 · to PAL PARKTOWN LP · new owner may re-pick software,,,2025-11-20,PAL PARKTOWN LP,,,,,https://download.hcad.org/data/CAMA/2026/Real_acct_owner.zip,,,,,Houston,Sold
tx,146 Center Ct 94,DEER PARK,146 CENTER CT 94,,sold,Sold 2025-11-20,Sold 2025-11-20 · to PAL PARKTOWN LP · new owner may re-pick software,,,2025-11-20,PAL PARKTOWN LP,,,,,https://download.hcad.org/data/CAMA/2026/Real_acct_owner.zip,,,,,Houston,Sold
tx,1002 Katy Gap Rd 389,KATY,1002 KATY GAP RD 389,,sold,Sold 2025-11-20,Sold 2025-11-20 · to 1002 KATY GAP BORROWER LLC · new owner may re-pick software,,,2025-11-20,1002 KATY GAP BORROWER LLC,,,,,https://download.hcad.org/data/CAMA/2026/Real_acct_owner.zip,,,,,Houston,Sold
tx,8990 Richmond Ave 228,HOUSTON,8990 RICHMOND AVE 228,,sold,Sold 2025-11-19,Sold 2025-11-19 · to UA GRANITE CLUB LLC · new owner may re-pick software,,,2025-11-19,UA GRANITE CLUB LLC,,,,,https://download.hcad.org/data/CAMA/2026/Real_acct_owner.zip,,,,,Houston,Sold
tx,9999 Kempwood Dr 326,HOUSTON,9999 KEMPWOOD DR 326,,sold,Sold 2025-11-19,Sold 2025-11-19 · to 10010 KEMPWOOD DRIVE LP · new owner may re-pick software,,,2025-11-19,10010 KEMPWOOD DRIVE LP,,,,,https://download.hcad.org/data/CAMA/2026/Real_acct_owner.zip,,,,,Houston,Sold
tx,8901 Bissonnet St 268,HOUSTON,8901 BISSONNET ST 268,,sold,Sold 2025-11-19,Sold 2025-11-19 · to AMG STONE RIVER LLC · new owner may re-pick software,,,2025-11-19,AMG STONE RIVER LLC,,,,,https://download.hcad.org/data/CAMA/2026/Real_acct_owner.zip,,,,,Houston,Sold
tx,10221 Centrepark Dr 432,HOUSTON,10221 CENTREPARK DR 432,,sold,Sold 2025-11-19,Sold 2025-11-19 · to AG-HILLTOP SPRING SHADOWS PROPERTY · new owner may re-pick software,,,2025-11-19,AG-HILLTOP SPRING SHADOWS PROPERTY,,,,,https://download.hcad.org/data/CAMA/2026/Real_acct_owner.zip,,,,,Houston,Sold
tx,10010 Kempwood Dr 388,HOUSTON,10010 KEMPWOOD DR 388,,sold,Sold 2025-11-19,Sold 2025-11-19 · to 9999 KEMPWOOD DRIVE LP · new owner may re-pick software,,,2025-11-19,9999 KEMPWOOD DRIVE LP,,,,,https://download.hcad.org/data/CAMA/2026/Real_acct_owner.zip,,,,,Houston,Sold
tx,1716 Crownover Rd 26,HOUSTON,1716 CROWNOVER RD 26,,sold,Sold 2025-11-14,Sold 2025-11-14 · to 1716 CROWNOVER LLC · new owner may re-pick software,,,2025-11-14,1716 CROWNOVER LLC,,,,,https://download.hcad.org/data/CAMA/2026/Real_acct_owner.zip,,,,,Houston,Sold
tx,9401 Tanager St 224,HOUSTON,9401 TANAGER ST 224,,sold,Sold 2025-11-13,Sold 2025-11-13 · to UA RIVERAINE LLC · new owner may re-pick software,,,2025-11-13,UA RIVERAINE LLC,,,,,https://download.hcad.org/data/CAMA/2026/Real_acct_owner.zip,,,,,Houston,Sold
tx,8181 Colony St 424,HOUSTON,8181 COLONY ST 424,,sold,Sold 2025-11-13,Sold 2025-11-13 · to UA RIVERAINE LLC · new owner may re-pick software,,,2025-11-13,UA RIVERAINE LLC,,,,,https://download.hcad.org/data/CAMA/2026/Real_acct_owner.zip,,,,,Houston,Sold
tx,403 Garner Rd 52,PASADENA,403 GARNER RD 52,,sold,Sold 2025-11-12,Sold 2025-11-12 · to 403 GARNER RD SPE LLC · new owner may re-pick software,,,2025-11-12,403 GARNER RD SPE LLC,,,,,https://download.hcad.org/data/CAMA/2026/Real_acct_owner.zip,,,,,Houston,Sold
tx,8627 Hufsmith Rd 380,TOMBALL,8627 HUFSMITH RD 380,,sold,Sold 2025-11-12,Sold 2025-11-12 · to AR PRESERVE LLC · new owner may re-pick software,,,2025-11-12,AR PRESERVE LLC,,,,,https://download.hcad.org/data/CAMA/2026/Real_acct_owner.zip,,,,,Houston,Sold
tx,641 W Crosstimbers St 327,HOUSTON,641 W CROSSTIMBERS ST 327,,sold,Sold 2025-11-12,Sold 2025-11-12 · to RPMI 641 W CROSSTIMBERS ST OWNER LLC C/O RYAN LLC · new owner may re-pick software,,,2025-11-12,RPMI 641 W CROSSTIMBERS ST OWNER LLC C/O RYAN LLC,,,,,https://download.hcad.org/data/CAMA/2026/Real_acct_owner.zip,,,,,Houston,Sold
tx,902 Cleveland St 140,HOUSTON,902 CLEVELAND ST 140,,sold,Sold 2025-11-11,Sold 2025-11-11 · to CWS ST JOSEPH LLC ET AL · new owner may re-pick software,,,2025-11-11,CWS ST JOSEPH LLC ET AL,,,,,https://download.hcad.org/data/CAMA/2026/Real_acct_owner.zip,,,,,Houston,Sold
tx,123 Winkler Dr 135,HOUSTON,123 WINKLER DR 135,,sold,Sold 2025-11-10,Sold 2025-11-10 · to 123 WINKLER REALTY LLC · new owner may re-pick software,,,2025-11-10,123 WINKLER REALTY LLC,,,,,https://download.hcad.org/data/CAMA/2026/Real_acct_owner.zip,,,,,Houston,Sold
tx,9135 Airline Dr 33,HOUSTON,9135 AIRLINE DR 33,,sold,Sold 2025-11-07,Sold 2025-11-07 · to SULYUKMANOV ALBERT · new owner may re-pick software,,,2025-11-07,SULYUKMANOV ALBERT,,,,,https://download.hcad.org/data/CAMA/2026/Real_acct_owner.zip,,,,,Houston,Sold
tx,9447 Concourse Dr 268,HOUSTON,9447 CONCOURSE DR 268,,sold,Sold 2025-11-07,Sold 2025-11-07 · to OCONEE REAL ESTATE HOLDINGS XVIII · new owner may re-pick software,,,2025-11-07,OCONEE REAL ESTATE HOLDINGS XVIII,,,,,https://download.hcad.org/data/CAMA/2026/Real_acct_owner.zip,,,,,Houston,Sold
tx,14651 Philippine St 254,HOUSTON,14651 PHILIPPINE ST 254,,sold,Sold 2025-11-05,Sold 2025-11-05 · to AP KENSINGTON PROPERTY LLC · new owner may re-pick software,,,2025-11-05,AP KENSINGTON PROPERTY LLC,,,,,https://download.hcad.org/data/CAMA/2026/Real_acct_owner.zip,,,,,Houston,Sold
tx,2101 Hayes Rd 367,HOUSTON,2101 HAYES RD 367,,sold,Sold 2025-11-05,Sold 2025-11-05 · to RC 2101 HAYES LLC · new owner may re-pick software,,,2025-11-05,RC 2101 HAYES LLC,,,,,https://download.hcad.org/data/CAMA/2026/Real_acct_owner.zip,,,,,Houston,Sold
tx,8501 Broadway Blvd 328,HOUSTON,8501 BROADWAY BLVD 328,,sold,Sold 2025-11-04,Sold 2025-11-04 · to OCONEE REAL ESTATE HOLDINGS · new owner may re-pick software,,,2025-11-04,OCONEE REAL ESTATE HOLDINGS,,,,,https://download.hcad.org/data/CAMA/2026/Real_acct_owner.zip,,,,,Houston,Sold
tx,8030 W Airport Blvd 73,HOUSTON,8030 W AIRPORT BLVD 73,,sold,Sold 2025-11-04,Sold 2025-11-04 · to OCONEE REAL ESTATE HOLDINGS · new owner may re-pick software,,,2025-11-04,OCONEE REAL ESTATE HOLDINGS,,,,,https://download.hcad.org/data/CAMA/2026/Real_acct_owner.zip,,,,,Houston,Sold
tx,8300 W Airport Blvd 178,HOUSTON,8300 W AIRPORT BLVD 178,,sold,Sold 2025-11-04,Sold 2025-11-04 · to OCONEE REAL ESTATE HOLDINGS · new owner may re-pick software,,,2025-11-04,OCONEE REAL ESTATE HOLDINGS,,,,,https://download.hcad.org/data/CAMA/2026/Real_acct_owner.zip,,,,,Houston,Sold
tx,9475 W Sam Houston Pky S 428,HOUSTON,9475 W SAM HOUSTON PKY S 428,,sold,Sold 2025-11-04,Sold 2025-11-04 · to OCONEE REAL ESTATE HOLDINGS XVIII · new owner may re-pick software,,,2025-11-04,OCONEE REAL ESTATE HOLDINGS XVIII,,,,,https://download.hcad.org/data/CAMA/2026/Real_acct_owner.zip,,,,,Houston,Sold
tx,2410 S Kirkwood Rd 279,HOUSTON,2410 S KIRKWOOD RD 279,,sold,Sold 2025-11-03,Sold 2025-11-03 · to 2410 SOUTH KIRKWOOD ROAD HOLDINGS LP · new owner may re-pick software,,,2025-11-03,2410 SOUTH KIRKWOOD ROAD HOLDINGS LP,,,,,https://download.hcad.org/data/CAMA/2026/Real_acct_owner.zip,,,,,Houston,Sold
tx,4010 Linkwood Dr 476,HOUSTON,4010 LINKWOOD DR 476,,sold,Sold 2025-10-31,Sold 2025-10-31 · to MVD DE APARTMENTS LLC · new owner may re-pick software,,,2025-10-31,MVD DE APARTMENTS LLC,,,,,https://download.hcad.org/data/CAMA/2026/Real_acct_owner.zip,,,,,Houston,Sold
tx,4137 Dover St 32,HOUSTON,4137 DOVER ST 32,,sold,Sold 2025-10-30,Sold 2025-10-30 · to DALPHA GROUP LLC · new owner may re-pick software,,,2025-10-30,DALPHA GROUP LLC,,,,,https://download.hcad.org/data/CAMA/2026/Real_acct_owner.zip,,,,,Houston,Sold
tx,7330 Silent Wood Ln 28,HOUSTON,7330 SILENT WOOD LN 28,,sold,Sold 2025-10-29,Sold 2025-10-29 · to EI1 LLC · new owner may re-pick software,,,2025-10-29,EI1 LLC,,,,,https://download.hcad.org/data/CAMA/2026/Real_acct_owner.zip,,,,,Houston,Sold
tx,17610 Cali Dr 134,HOUSTON,17610 CALI DR 134,,sold,Sold 2025-10-28,Sold 2025-10-28 · to CALI CROSSING ACQUISITION LLC · new owner may re-pick software,,,2025-10-28,CALI CROSSING ACQUISITION LLC,,,,,https://download.hcad.org/data/CAMA/2026/Real_acct_owner.zip,,,,,Houston,Sold
tx,14403 Ella Blvd 268,HOUSTON,14403 ELLA BLVD 268,,sold,Sold 2025-10-27,Sold 2025-10-27 · to AF1 PROPERTY LLC · new owner may re-pick software,,,2025-10-27,AF1 PROPERTY LLC,,,,,https://download.hcad.org/data/CAMA/2026/Real_acct_owner.zip,,,,,Houston,Sold
tx,10902 Pine Peak Way,HUMBLE,10902 PINE PEAK WAY,,sold,Sold 2025-10-24,Sold 2025-10-24 · to RK GLADE APARTMENTS LLC · new owner may re-pick software,,,2025-10-24,RK GLADE APARTMENTS LLC,,,,,https://download.hcad.org/data/CAMA/2026/Real_acct_owner.zip,,,,,Houston,Sold
tx,2300 Red Bluff Rd 170,PASADENA,2300 RED BLUFF RD 170,,sold,Sold 2025-10-21,Sold 2025-10-21 · to JP QUARTERS ON RED BLUFF LLC · new owner may re-pick software,,,2025-10-21,JP QUARTERS ON RED BLUFF LLC,,,,,https://download.hcad.org/data/CAMA/2026/Real_acct_owner.zip,,,,,Houston,Sold
tx,9404 West Rd 280,HOUSTON,9404 WEST RD 280,,sold,Sold 2025-10-21,Sold 2025-10-21 · to LSC DISCOVERY OWNER LLC ET AL · new owner may re-pick software,,,2025-10-21,LSC DISCOVERY OWNER LLC ET AL,,,,,https://download.hcad.org/data/CAMA/2026/Real_acct_owner.zip,,,,,Houston,Sold
tx,9550 Meyer Forest Dr 296,HOUSTON,9550 MEYER FOREST DR 296,,sold,Sold 2025-10-07,Sold 2025-10-07 · to PRE LAKESIDE LLC · new owner may re-pick software,,,2025-10-07,PRE LAKESIDE LLC,,,,,https://download.hcad.org/data/CAMA/2026/Real_acct_owner.zip,,,,,Houston,Sold
tx,1414 S Dairy Ashford Rd 256,HOUSTON,1414 S DAIRY ASHFORD RD 256,,sold,Sold 2025-10-01,Sold 2025-10-01 · to KV AVENTURA 1414 APARTMENTS LLC · new owner may re-pick software,,,2025-10-01,KV AVENTURA 1414 APARTMENTS LLC,,,,,https://download.hcad.org/data/CAMA/2026/Real_acct_owner.zip,,,,,Houston,Sold
tx,1919 W Main 77,HOUSTON,1919 W MAIN 77,,sold,Sold 2025-09-29,Sold 2025-09-29 · to A NEW HOPE PROPE LLC · new owner may re-pick software,,,2025-09-29,A NEW HOPE PROPE LLC,,,,,https://download.hcad.org/data/CAMA/2026/Real_acct_owner.zip,,,,,Houston,Sold
tx,2211 W Alabama Dr 40,HOUSTON,2211 W ALABAMA DR 40,,sold,Sold 2025-09-29,Sold 2025-09-29 · to 2211 W ALABAMA LLC C/O CWCAPITAL ASSET MANAGEMENT · new owner may re-pick software,,,2025-09-29,2211 W ALABAMA LLC C/O CWCAPITAL ASSET MANAGEMENT,,,,,https://download.hcad.org/data/CAMA/2026/Real_acct_owner.zip,,,,,Houston,Sold
tx,10202 Challenger 7 Dr 123,HOUSTON,10202 CHALLENGER 7 DR 123,,sold,Sold 2025-09-29,Sold 2025-09-29 · to AF2 PROPERTY LLC · new owner may re-pick software,,,2025-09-29,AF2 PROPERTY LLC,,,,,https://download.hcad.org/data/CAMA/2026/Real_acct_owner.zip,,,,,Houston,Sold
tx,4458 Nasa Road 1,SEABROOK,4458 NASA ROAD 1,,sold,Sold 2025-09-26,Sold 2025-09-26 · to DPEG MANAGEMENT LLC · new owner may re-pick software,,,2025-09-26,DPEG MANAGEMENT LLC,,,,,https://download.hcad.org/data/CAMA/2026/Real_acct_owner.zip,,,,,Houston,Sold
tx,14580 Crosby Fwy 246,HOUSTON,14580 CROSBY FWY 246,,sold,Sold 2025-09-26,Sold 2025-09-26 · to MP NEW FOREST SPE LLC · new owner may re-pick software,,,2025-09-26,MP NEW FOREST SPE LLC,,,,,https://download.hcad.org/data/CAMA/2026/Real_acct_owner.zip,,,,,Houston,Sold
tx,9707 S Gessner Dr 544,HOUSTON,9707 S GESSNER DR 544,,sold,Sold 2025-09-25,Sold 2025-09-25 · to SSB ASSETS LLC · new owner may re-pick software,,,2025-09-25,SSB ASSETS LLC,,,,,https://download.hcad.org/data/CAMA/2026/Real_acct_owner.zip,,,,,Houston,Sold
tx,19606 Park Row Dr 280,HOUSTON,19606 PARK ROW DR 280,,sold,Sold 2025-09-25,Sold 2025-09-25 · to TERRA SPE LLC · new owner may re-pick software,,,2025-09-25,TERRA SPE LLC,,,,,https://download.hcad.org/data/CAMA/2026/Real_acct_owner.zip,,,,,Houston,Sold
tx,16200 Highway 3 Ste 336,WEBSTER,16200 HIGHWAY 3 STE 336,,sold,Sold 2025-09-23,Sold 2025-09-23 · to CH REALTY X-OHT MF HOUSTON · new owner may re-pick software,,,2025-09-23,CH REALTY X-OHT MF HOUSTON,,,,,https://download.hcad.org/data/CAMA/2026/Real_acct_owner.zip,,,,,Houston,Sold
tx,5004 Memorial Dr 356,HOUSTON,5004 MEMORIAL DR 356,,sold,Sold 2025-09-23,Sold 2025-09-23 · to COMREF MEMORIAL LLC · new owner may re-pick software,,,2025-09-23,COMREF MEMORIAL LLC,,,,,https://download.hcad.org/data/CAMA/2026/Real_acct_owner.zip,,,,,Houston,Sold
tx,301 Tri City Beach Rd 44,BAYTOWN,301 TRI CITY BEACH RD 44,,sold,Sold 2025-09-19,Sold 2025-09-19 · to BAYTOWN COLLECTIVE LLC · new owner may re-pick software,,,2025-09-19,BAYTOWN COLLECTIVE LLC,,,,,https://download.hcad.org/data/CAMA/2026/Real_acct_owner.zip,,,,,Houston,Sold
tx,301 Tri City Beach Rd 70,BAYTOWN,301 TRI CITY BEACH RD 70,,sold,Sold 2025-09-19,Sold 2025-09-19 · to BAYTOWN VOLLECTIVE LLC · new owner may re-pick software,,,2025-09-19,BAYTOWN VOLLECTIVE LLC,,,,,https://download.hcad.org/data/CAMA/2026/Real_acct_owner.zip,,,,,Houston,Sold
tx,3643 N Macgregor Way 40,HOUSTON,3643 N MACGREGOR WAY 40,,sold,Sold 2025-09-19,Sold 2025-09-19 · to PANK HOLDINGS LLC · new owner may re-pick software,,,2025-09-19,PANK HOLDINGS LLC,,,,,https://download.hcad.org/data/CAMA/2026/Real_acct_owner.zip,,,,,Houston,Sold
tx,407 S Richey Rd 468,PASADENA,407 S RICHEY RD 468,,sold,Sold 2025-09-18,Sold 2025-09-18 · to OWEMANCOS PASADENA RUN LP · new owner may re-pick software,,,2025-09-18,OWEMANCOS PASADENA RUN LP,,,,,https://download.hcad.org/data/CAMA/2026/Real_acct_owner.zip,,,,,Houston,Sold
tx,621 Richey St 514,PASADENA,621 RICHEY ST 514,,sold,Sold 2025-09-18,Sold 2025-09-18 · to OWEMANCOS PASADENA RUN LP · new owner may re-pick software,,,2025-09-18,OWEMANCOS PASADENA RUN LP,,,,,https://download.hcad.org/data/CAMA/2026/Real_acct_owner.zip,,,,,Houston,Sold
tx,9757 Windwater Dr 150,HOUSTON,9757 WINDWATER DR 150,,sold,Sold 2025-09-18,Sold 2025-09-18 · to HM WINDMILL LAKES JV LLC · new owner may re-pick software,,,2025-09-18,HM WINDMILL LAKES JV LLC,,,,,https://download.hcad.org/data/CAMA/2026/Real_acct_owner.zip,,,,,Houston,Sold
tx,16848 W Lake Houston Pky 320,HUMBLE,16848 W LAKE HOUSTON PKY 320,,sold,Sold 2025-09-17,Sold 2025-09-17 · to AT PARKWAY LP · new owner may re-pick software,,,2025-09-17,AT PARKWAY LP,,,,,https://download.hcad.org/data/CAMA/2026/Real_acct_owner.zip,,,,,Houston,Sold
tx,2300 Mccue Rd 299,HOUSTON,2300 MCCUE RD 299,,sold,Sold 2025-09-17,Sold 2025-09-17 · to BLUE ATLANTIC MONTECITO LP · new owner may re-pick software,,,2025-09-17,BLUE ATLANTIC MONTECITO LP,,,,,https://download.hcad.org/data/CAMA/2026/Real_acct_owner.zip,,,,,Houston,Sold
tx,8787 Woodway Dr 246,HOUSTON,8787 WOODWAY DR 246,,sold,Sold 2025-09-10,Sold 2025-09-10 · to HOUSTON PINEY POINT VALUE ADD PROPERTY % GREYBROOK REALTY PROPERTIES INC · new owner may re-pick software,,,2025-09-10,HOUSTON PINEY POINT VALUE ADD PROPERTY % GREYBROOK REALTY PROPERTIES INC,,,,,https://download.hcad.org/data/CAMA/2026/Real_acct_owner.zip,,,,,Houston,Sold
tx,3455 Fm 1960 Rd 120,HUMBLE,3455 FM 1960 RD 120,,sold,Sold 2025-09-09,Sold 2025-09-09 · to TERRACES AT COPPER LEAF LP · new owner may re-pick software,,,2025-09-09,TERRACES AT COPPER LEAF LP,,,,,https://download.hcad.org/data/CAMA/2026/Real_acct_owner.zip,,,,,Houston,Sold
tx,7830 Bayou Forest Dr 24,HOUSTON,7830 BAYOU FOREST DR 24,,sold,Sold 2025-09-05,Sold 2025-09-05 · to SAKS INVWOOD INVESTMENTS LLC · new owner may re-pick software,,,2025-09-05,SAKS INVWOOD INVESTMENTS LLC,,,,,https://download.hcad.org/data/CAMA/2026/Real_acct_owner.zip,,,,,Houston,Sold
tx,4811 E Sam Houston Pky S 294,PASADENA,4811 E SAM HOUSTON PKY S 294,,sold,Sold 2025-09-05,Sold 2025-09-05 · to G&I XI CRESHAW LP · new owner may re-pick software,,,2025-09-05,G&I XI CRESHAW LP,,,,,https://download.hcad.org/data/CAMA/2026/Real_acct_owner.zip,,,,,Houston,Sold
tx,13913 Ella Blvd 196,HOUSTON,13913 ELLA BLVD 196,,sold,Sold 2025-09-03,Sold 2025-09-03 · to MONTECELLO OWNER LLC · new owner may re-pick software,,,2025-09-03,MONTECELLO OWNER LLC,,,,,https://download.hcad.org/data/CAMA/2026/Real_acct_owner.zip,,,,,Houston,Sold
tx,10950 Briar Forest Dr 592,HOUSTON,10950 BRIAR FOREST DR 592,,sold,Sold 2025-09-03,Sold 2025-09-03 · to PUBLIC WELFARE INVESTMENTS HOLDCO LLC · new owner may re-pick software,,,2025-09-03,PUBLIC WELFARE INVESTMENTS HOLDCO LLC,,,,,https://download.hcad.org/data/CAMA/2026/Real_acct_owner.zip,,,,,Houston,Sold
tx,4101 Shaver St 518,PASADENA,4101 SHAVER ST 518,,sold,Sold 2025-09-02,Sold 2025-09-02 · to TC SPE 5 LLC · new owner may re-pick software,,,2025-09-02,TC SPE 5 LLC,,,,,https://download.hcad.org/data/CAMA/2026/Real_acct_owner.zip,,,,,Houston,Sold
tx,4801 Allendale Rd 182,HOUSTON,4801 ALLENDALE RD 182,,sold,Sold 2025-09-02,Sold 2025-09-02 · to TC SPE 6 LLC · new owner may re-pick software,,,2025-09-02,TC SPE 6 LLC,,,,,https://download.hcad.org/data/CAMA/2026/Real_acct_owner.zip,,,,,Houston,Sold
tx,3411 Cummins St 103,HOUSTON,3411 CUMMINS ST 103,,sold,Sold 2025-08-28,Sold 2025-08-28 · to VA9 GREENWAY COURT LLC · new owner may re-pick software,,,2025-08-28,VA9 GREENWAY COURT LLC,,,,,https://download.hcad.org/data/CAMA/2026/Real_acct_owner.zip,,,,,Houston,Sold
tx,8923 Antoine Dr 40,HOUSTON,8923 ANTOINE DR 40,,sold,Sold 2025-08-28,Sold 2025-08-28 · to 8923-9021 ANTOINE DRIVE HOLDINGS LP · new owner may re-pick software,,,2025-08-28,8923-9021 ANTOINE DRIVE HOLDINGS LP,,,,,https://download.hcad.org/data/CAMA/2026/Real_acct_owner.zip,,,,,Houston,Sold
tx,11707 Fallbrook Dr 252,HOUSTON,11707 FALLBROOK DR 252,,sold,Sold 2025-08-28,Sold 2025-08-28 · to GALT EILLEND LTD · new owner may re-pick software,,,2025-08-28,GALT EILLEND LTD,,,,,https://download.hcad.org/data/CAMA/2026/Real_acct_owner.zip,,,,,Houston,Sold
tx,15100 Golden Eagle Dr 118,HUMBLE,15100 GOLDEN EAGLE DR 118,,sold,Sold 2025-08-26,Sold 2025-08-26 · to ROCKSTAR WATERCHASE LLC · new owner may re-pick software,,,2025-08-26,ROCKSTAR WATERCHASE LLC,,,,,https://download.hcad.org/data/CAMA/2026/Real_acct_owner.zip,,,,,Houston,Sold
tx,8137 Rankin Rd 32,HUMBLE,8137 RANKIN RD 32,,sold,Sold 2025-08-22,Sold 2025-08-22 · to BRYSON RANKIN LLC · new owner may re-pick software,,,2025-08-22,BRYSON RANKIN LLC,,,,,https://download.hcad.org/data/CAMA/2026/Real_acct_owner.zip,,,,,Houston,Sold
tx,6620 Gessner Dr 196,HOUSTON,6620 GESSNER DR 196,,sold,Sold 2025-08-22,Sold 2025-08-22 · to JS FRANKLIN LLC & Etal · new owner may re-pick software,,,2025-08-22,JS FRANKLIN LLC & Etal,,,,,https://download.hcad.org/data/CAMA/2026/Real_acct_owner.zip,,,,,Houston,Sold
tx,The Park At Ashford,Tarrant County,3500 S FIELDER RD,144,sold,Sold 2025-08-22,Sold 2025-08-22 · 144 units · new owner may re-pick software,,,2025-08-22,,,,,,,,,,,Dallas–Fort Worth,Sold
tx,2105 Cedar Bayou Rd 104,BAYTOWN,2105 CEDAR BAYOU RD 104,,sold,Sold 2025-08-21,Sold 2025-08-21 · to TPI GREENFIELD LLC · new owner may re-pick software,,,2025-08-21,TPI GREENFIELD LLC,,,,,https://download.hcad.org/data/CAMA/2026/Real_acct_owner.zip,,,,,Houston,Sold
tx,1148 Silber Rd 352,HOUSTON,1148 SILBER RD 352,,sold,Sold 2025-08-20,Sold 2025-08-20 · to MEMORIAL OWNER LLC · new owner may re-pick software,,,2025-08-20,MEMORIAL OWNER LLC,,,,,https://download.hcad.org/data/CAMA/2026/Real_acct_owner.zip,,,,,Houston,Sold
tx,14515 Briar Forest Dr 396,HOUSTON,14515 BRIAR FOREST DR 396,,sold,Sold 2025-08-19,Sold 2025-08-19 · to BEL BRIAR LIMITED PARTNERSHIP · new owner may re-pick software,,,2025-08-19,BEL BRIAR LIMITED PARTNERSHIP,,,,,https://download.hcad.org/data/CAMA/2026/Real_acct_owner.zip,,,,,Houston,Sold
tx,3800 Sherwood Ln 126,HOUSTON,3800 SHERWOOD LN 126,,sold,Sold 2025-08-16,Sold 2025-08-16 · to TO 3800 LLC · new owner may re-pick software,,,2025-08-16,TO 3800 LLC,,,,,https://download.hcad.org/data/CAMA/2026/Real_acct_owner.zip,,,,,Houston,Sold
tx,225 S Heights Blvd 318,HOUSTON,225 S HEIGHTS BLVD 318,,sold,Sold 2025-08-15,Sold 2025-08-15 · to WHITMORE APARTMENTS OWNER LP · new owner may re-pick software,,,2025-08-15,WHITMORE APARTMENTS OWNER LP,,,,,https://download.hcad.org/data/CAMA/2026/Real_acct_owner.zip,,,,,Houston,Sold
tx,5500 El Camino Del Rey St 401,HOUSTON,5500 EL CAMINO DEL REY ST 401,,sold,Sold 2025-08-14,Sold 2025-08-14 · to MSL APARTMENTS LLC · new owner may re-pick software,,,2025-08-14,MSL APARTMENTS LLC,,,,,https://download.hcad.org/data/CAMA/2026/Real_acct_owner.zip,,,,,Houston,Sold
tx,2727 Revere St 423,HOUSTON,2727 REVERE ST 423,,sold,Sold 2025-08-13,Sold 2025-08-13 · to LA MAISON ARMANDO LLC · new owner may re-pick software,,,2025-08-13,LA MAISON ARMANDO LLC,,,,,https://download.hcad.org/data/CAMA/2026/Real_acct_owner.zip,,,,,Houston,Sold
tx,12888 Queensbury Ln 100,HOUSTON,12888 QUEENSBURY LN 100,,sold,Sold 2025-08-13,Sold 2025-08-13 · to LOFTS ARMANDO LLC · new owner may re-pick software,,,2025-08-13,LOFTS ARMANDO LLC,,,,,https://download.hcad.org/data/CAMA/2026/Real_acct_owner.zip,,,,,Houston,Sold
tx,12808 Queensbury Ln 150,HOUSTON,12808 QUEENSBURY LN 150,,sold,Sold 2025-08-13,Sold 2025-08-13 · to LOFTS ARMANDO LLC · new owner may re-pick software,,,2025-08-13,LOFTS ARMANDO LLC,,,,,https://download.hcad.org/data/CAMA/2026/Real_acct_owner.zip,,,,,Houston,Sold
tx,796 Town And Country Blvd 114,HOUSTON,796 TOWN AND COUNTRY BLVD 114,,sold,Sold 2025-08-13,Sold 2025-08-13 · to DOMAIN ARMANDO LLC · new owner may re-pick software,,,2025-08-13,DOMAIN ARMANDO LLC,,,,,https://download.hcad.org/data/CAMA/2026/Real_acct_owner.zip,,,,,Houston,Sold
tx,4641 Montrose Blvd 325,HOUSTON,4641 MONTROSE BLVD 325,,sold,Sold 2025-08-13,Sold 2025-08-13 · to CHELSEA ARMANDO LLC · new owner may re-pick software,,,2025-08-13,CHELSEA ARMANDO LLC,,,,,https://download.hcad.org/data/CAMA/2026/Real_acct_owner.zip,,,,,Houston,Sold
tx,1320 Montrose Blvd 224,HOUSTON,1320 MONTROSE BLVD 224,,sold,Sold 2025-08-13,Sold 2025-08-13 · to MONTROSE ARMANDO LLC · new owner may re-pick software,,,2025-08-13,MONTROSE ARMANDO LLC,,,,,https://download.hcad.org/data/CAMA/2026/Real_acct_owner.zip,,,,,Houston,Sold
tx,1911 Holcombe Blvd 375,HOUSTON,1911 HOLCOMBE BLVD 375,,sold,Sold 2025-08-12,Sold 2025-08-12 · to VANTAGE ARMANDO LLC · new owner may re-pick software,,,2025-08-12,VANTAGE ARMANDO LLC,,,,,https://download.hcad.org/data/CAMA/2026/Real_acct_owner.zip,,,,,Houston,Sold
tx,14900 Memorial Dr 288,HOUSTON,14900 MEMORIAL DR 288,,sold,Sold 2025-08-11,Sold 2025-08-11 · to 14900 MEMORIAL DRIVE OWNER LLC · new owner may re-pick software,,,2025-08-11,14900 MEMORIAL DRIVE OWNER LLC,,,,,https://download.hcad.org/data/CAMA/2026/Real_acct_owner.zip,,,,,Houston,Sold
tx,14000 Ella Blvd 258,HOUSTON,14000 ELLA BLVD 258,,sold,Sold 2025-08-05,Sold 2025-08-05 · to TL-I LLC · new owner may re-pick software,,,2025-08-05,TL-I LLC,,,,,https://download.hcad.org/data/CAMA/2026/Real_acct_owner.zip,,,,,Houston,Sold
tx,300 N Vista Dr 296,HOUSTON,300 N VISTA DR 296,,sold,Sold 2025-08-05,Sold 2025-08-05 · to TL-I LLC · new owner may re-pick software,,,2025-08-05,TL-I LLC,,,,,https://download.hcad.org/data/CAMA/2026/Real_acct_owner.zip,,,,,Houston,Sold
tx,9303 Woodfair Dr 248,HOUSTON,9303 WOODFAIR DR 248,,sold,Sold 2025-08-03,Sold 2025-08-03 · to MAR DEL SOL OWNER 2 LLC · new owner may re-pick software,,,2025-08-03,MAR DEL SOL OWNER 2 LLC,,,,,https://download.hcad.org/data/CAMA/2026/Real_acct_owner.zip,,,,,Houston,Sold
tx,11402 Beechnut St 80,HOUSTON,11402 BEECHNUT ST 80,,sold,Sold 2025-08-01,Sold 2025-08-01 · to APT LEAWOOD PLAZA LLC · new owner may re-pick software,,,2025-08-01,APT LEAWOOD PLAZA LLC,,,,,https://download.hcad.org/data/CAMA/2026/Real_acct_owner.zip,,,,,Houston,Sold
tx,10010 Greenfork Dr 180,HOUSTON,10010 GREENFORK DR 180,,sold,Sold 2025-08-01,Sold 2025-08-01 · to APT WHISPERING OAKS LLC · new owner may re-pick software,,,2025-08-01,APT WHISPERING OAKS LLC,,,,,https://download.hcad.org/data/CAMA/2026/Real_acct_owner.zip,,,,,Houston,Sold
tx,1200 Carolyn Ct 24,HUMBLE,1200 CAROLYN CT 24,,sold,Sold 2025-07-31,Sold 2025-07-31 · to AEH CAROLYN COURT LLC · new owner may re-pick software,,,2025-07-31,AEH CAROLYN COURT LLC,,,,,https://download.hcad.org/data/CAMA/2026/Real_acct_owner.zip,,,,,Houston,Sold
tx,2028 Laverne St 58,HOUSTON,2028 LAVERNE ST 58,,sold,Sold 2025-07-31,Sold 2025-07-31 · to LAVERNE SUNSHINE PROPERTY LLC · new owner may re-pick software,,,2025-07-31,LAVERNE SUNSHINE PROPERTY LLC,,,,,https://download.hcad.org/data/CAMA/2026/Real_acct_owner.zip,,,,,Houston,Sold
tx,6909 Renwick Dr 94,HOUSTON,6909 RENWICK DR 94,,sold,Sold 2025-07-30,Sold 2025-07-30 · to GROVE AT EDGEMOOR LLC · new owner may re-pick software,,,2025-07-30,GROVE AT EDGEMOOR LLC,,,,,https://download.hcad.org/data/CAMA/2026/Real_acct_owner.zip,,,,,Houston,Sold
tx,10225 Wortham Blvd 444,HOUSTON,10225 WORTHAM BLVD 444,,sold,Sold 2025-07-30,Sold 2025-07-30 · to WORTHAM TX PARTNER LP CORTLAND PARTNERS LLC · new owner may re-pick software,,,2025-07-30,WORTHAM TX PARTNER LP CORTLAND PARTNERS LLC,,,,,https://download.hcad.org/data/CAMA/2026/Real_acct_owner.zip,,,,,Houston,Sold
tx,3400 Woodchase Dr 656,HOUSTON,3400 WOODCHASE DR 656,,sold,Sold 2025-07-29,Sold 2025-07-29 · to ASHFORD SANTA ANA PROPERTY OWNER LLC · new owner may re-pick software,,,2025-07-29,ASHFORD SANTA ANA PROPERTY OWNER LLC,,,,,https://download.hcad.org/data/CAMA/2026/Real_acct_owner.zip,,,,,Houston,Sold
tx,21901 Gosling Rd 189,SPRING,21901 GOSLING RD 189,,sold,Sold 2025-07-29,Sold 2025-07-29 · to GOSLING MF II PROP CO 1 LLC · new owner may re-pick software,,,2025-07-29,GOSLING MF II PROP CO 1 LLC,,,,,https://download.hcad.org/data/CAMA/2026/Real_acct_owner.zip,,,,,Houston,Sold
tx,5000 Pease St 74,HOUSTON,5000 PEASE ST 74,,sold,Sold 2025-07-28,Sold 2025-07-28 · to JEFFERSON SQUARE LLC · new owner may re-pick software,,,2025-07-28,JEFFERSON SQUARE LLC,,,,,https://download.hcad.org/data/CAMA/2026/Real_acct_owner.zip,,,,,Houston,Sold
tx,6201 W Bellfort St 284,HOUSTON,6201 W BELLFORT ST 284,,sold,Sold 2025-07-25,Sold 2025-07-25 · to OAKWOOD VILLA APARTMENTS LLC · new owner may re-pick software,,,2025-07-25,OAKWOOD VILLA APARTMENTS LLC,,,,,https://download.hcad.org/data/CAMA/2026/Real_acct_owner.zip,,,,,Houston,Sold
tx,1742 Woodvine Dr 105,HOUSTON,1742 WOODVINE DR 105,,sold,Sold 2025-07-23,Sold 2025-07-23 · to TEXASTAR INVESTMENTS LLC · new owner may re-pick software,,,2025-07-23,TEXASTAR INVESTMENTS LLC,,,,,https://download.hcad.org/data/CAMA/2026/Real_acct_owner.zip,,,,,Houston,Sold
tx,11805 Meadowglen Ln 104,HOUSTON,11805 MEADOWGLEN LN 104,,sold,Sold 2025-07-23,Sold 2025-07-23 · to GVII-MS ROYAL OAKS OWNER LP · new owner may re-pick software,,,2025-07-23,GVII-MS ROYAL OAKS OWNER LP,,,,,https://download.hcad.org/data/CAMA/2026/Real_acct_owner.zip,,,,,Houston,Sold
tx,2104 James Bowie Dr 18,BAYTOWN,2104 JAMES BOWIE DR 18,,sold,Sold 2025-07-18,Sold 2025-07-18 · to LUNA BAY TOWNHOMES LLC · new owner may re-pick software,,,2025-07-18,LUNA BAY TOWNHOMES LLC,,,,,https://download.hcad.org/data/CAMA/2026/Real_acct_owner.zip,,,,,Houston,Sold
tx,15815 Memorial Dr 104,HOUSTON,15815 MEMORIAL DR 104,,sold,Sold 2025-07-18,Sold 2025-07-18 · to TAZONO URBAN CORPORATION · new owner may re-pick software,,,2025-07-18,TAZONO URBAN CORPORATION,,,,,https://download.hcad.org/data/CAMA/2026/Real_acct_owner.zip,,,,,Houston,Sold
tx,12835 Jones Rd 28,HOUSTON,12835 JONES RD 28,,sold,Sold 2025-07-17,Sold 2025-07-17 · to 12835 JONES ROAD LLC · new owner may re-pick software,,,2025-07-17,12835 JONES ROAD LLC,,,,,https://download.hcad.org/data/CAMA/2026/Real_acct_owner.zip,,,,,Houston,Sold
tx,327 Hufsmith 48,TOMBALL,327 HUFSMITH 48,,sold,Sold 2025-07-15,Sold 2025-07-15 · to TOMBALL TORA BORROWER LLC · new owner may re-pick software,,,2025-07-15,TOMBALL TORA BORROWER LLC,,,,,https://download.hcad.org/data/CAMA/2026/Real_acct_owner.zip,,,,,Houston,Sold
tx,18828 Sh 249 77,HOUSTON,18828 SH 249 77,,sold,Sold 2025-07-14,Sold 2025-07-14 · to 18828 STATE HIGHWAY 249 REO LLC · new owner may re-pick software,,,2025-07-14,18828 STATE HIGHWAY 249 REO LLC,,,,,https://download.hcad.org/data/CAMA/2026/Real_acct_owner.zip,,,,,Houston,Sold
tx,1111 Rusk St 286,HOUSTON,1111 RUSK ST 286,,sold,Sold 2025-07-11,Sold 2025-07-11 · to HSC STAR LP · new owner may re-pick software,,,2025-07-11,HSC STAR LP,,,,,https://download.hcad.org/data/CAMA/2026/Real_acct_owner.zip,,,,,Houston,Sold
tx,8719 Fm 1960 Rd W 83,HOUSTON,8719 FM 1960 RD W 83,,sold,Sold 2025-07-10,Sold 2025-07-10 · to 8719 FM 1960 ROAD WEST REO LLC · new owner may re-pick software,,,2025-07-10,8719 FM 1960 ROAD WEST REO LLC,,,,,https://download.hcad.org/data/CAMA/2026/Real_acct_owner.zip,,,,,Houston,Sold
tx,5959 Fm 1960 Rd W 404,HOUSTON,5959 FM 1960 RD W 404,,sold,Sold 2025-07-08,Sold 2025-07-08 · to ARMOUR 5959 FM LLC · new owner may re-pick software,,,2025-07-08,ARMOUR 5959 FM LLC,,,,,https://download.hcad.org/data/CAMA/2026/Real_acct_owner.zip,,,,,Houston,Sold
tx,2215 Spring Stuebner Rd,SPRING,2215 SPRING STUEBNER RD,,sold,Sold 2025-07-07,Sold 2025-07-07 · to NORTHWOODS APARTMENTS LP · new owner may re-pick software,,,2025-07-07,NORTHWOODS APARTMENTS LP,,,,,https://download.hcad.org/data/CAMA/2026/Real_acct_owner.zip,,,,,Houston,Sold
tx,4899 Montrose Blvd 187,HOUSTON,4899 MONTROSE BLVD 187,,sold,Sold 2025-07-05,Sold 2025-07-05 · to FINGER MUSEUM TOWER LLC · new owner may re-pick software,,,2025-07-05,FINGER MUSEUM TOWER LLC,,,,,https://download.hcad.org/data/CAMA/2026/Real_acct_owner.zip,,,,,Houston,Sold
tx,10522 Beechnut St 326,HOUSTON,10522 BEECHNUT ST 326,,sold,Sold 2025-07-01,Sold 2025-07-01 · to 900 TITLE JEFFERSON LLC C/O CW CAPITAL ASSEST MANAGEMENT LLC · new owner may re-pick software,,,2025-07-01,900 TITLE JEFFERSON LLC C/O CW CAPITAL ASSEST MANAGEMENT LLC,,,,,https://download.hcad.org/data/CAMA/2026/Real_acct_owner.zip,,,,,Houston,Sold
tx,2500 E James St 308,BAYTOWN,2500 E JAMES ST 308,,sold,Sold 2025-06-30,Sold 2025-06-30 · to NEWPORT JV SUB IV LLC · new owner may re-pick software,,,2025-06-30,NEWPORT JV SUB IV LLC,,,,,https://download.hcad.org/data/CAMA/2026/Real_acct_owner.zip,,,,,Houston,Sold
tx,3811 Link Valley Dr 61,HOUSTON,3811 LINK VALLEY DR 61,,sold,Sold 2025-06-30,Sold 2025-06-30 · to HOUSTON SPYGLASS LLC · new owner may re-pick software,,,2025-06-30,HOUSTON SPYGLASS LLC,,,,,https://download.hcad.org/data/CAMA/2026/Real_acct_owner.zip,,,,,Houston,Sold
tx,600 Nottingham Oaks Trl 200,HOUSTON,600 NOTTINGHAM OAKS TRL 200,,sold,Sold 2025-06-30,Sold 2025-06-30 · to 600 NOTTINGHAM OAKS TRAIL HOLDINGS LP · new owner may re-pick software,,,2025-06-30,600 NOTTINGHAM OAKS TRAIL HOLDINGS LP,,,,,https://download.hcad.org/data/CAMA/2026/Real_acct_owner.zip,,,,,Houston,Sold
tx,7302 Corporate Dr 302,HOUSTON,7302 CORPORATE DR 302,,sold,Sold 2025-06-27,Sold 2025-06-27 · to RUBICON AROWANA LLC · new owner may re-pick software,,,2025-06-27,RUBICON AROWANA LLC,,,,,https://download.hcad.org/data/CAMA/2026/Real_acct_owner.zip,,,,,Houston,Sold
tx,10202 Club Creek Dr 424,HOUSTON,10202 CLUB CREEK DR 424,,sold,Sold 2025-06-26,Sold 2025-06-26 · to VILLA MADRID 2025 LLC · new owner may re-pick software,,,2025-06-26,VILLA MADRID 2025 LLC,,,,,https://download.hcad.org/data/CAMA/2026/Real_acct_owner.zip,,,,,Houston,Sold
tx,23403 Kingsland Dr 382,KATY,23403 KINGSLAND DR 382,,sold,Sold 2025-06-26,Sold 2025-06-26 · to PRICE RESERVE ON KINGSLAND LLC · new owner may re-pick software,,,2025-06-26,PRICE RESERVE ON KINGSLAND LLC,,,,,https://download.hcad.org/data/CAMA/2026/Real_acct_owner.zip,,,,,Houston,Sold
tx,1655 Blue Bell Rd 195,HOUSTON,1655 BLUE BELL RD 195,,sold,Sold 2025-06-25,Sold 2025-06-25 · to IRG-BGO BLUE BELL ONE LP · new owner may re-pick software,,,2025-06-25,IRG-BGO BLUE BELL ONE LP,,,,,https://download.hcad.org/data/CAMA/2026/Real_acct_owner.zip,,,,,Houston,Sold
tx,5050 Sunflower St 160,HOUSTON,5050 SUNFLOWER ST 160,,sold,Sold 2025-06-24,Sold 2025-06-24 · to SUNFLOWER TERRACE PRESERVATION LLC C/O FAIRSTEAD · new owner may re-pick software,,,2025-06-24,SUNFLOWER TERRACE PRESERVATION LLC C/O FAIRSTEAD,,,,,https://download.hcad.org/data/CAMA/2026/Real_acct_owner.zip,,,,,Houston,Sold
tx,2611 Bens Branch Dr 518,HUMBLE,2611 BENS BRANCH DR 518,,sold,Sold 2025-06-24,Sold 2025-06-24 · to GEP XI TOWN CENTER LP · new owner may re-pick software,,,2025-06-24,GEP XI TOWN CENTER LP,,,,,https://download.hcad.org/data/CAMA/2026/Real_acct_owner.zip,,,,,Houston,Sold
tx,16112 North Fwy 372,HOUSTON,16112 NORTH FWY 372,,sold,Sold 2025-06-24,Sold 2025-06-24 · to LIFE AT SPRING ESTATES OWNER LLC · new owner may re-pick software,,,2025-06-24,LIFE AT SPRING ESTATES OWNER LLC,,,,,https://download.hcad.org/data/CAMA/2026/Real_acct_owner.zip,,,,,Houston,Sold
tx,23615 Kingsland Blvd,KATY,23615 KINGSLAND BLVD,,sold,Sold 2025-06-23,Sold 2025-06-23 · to OHT KATY GAP LP · new owner may re-pick software,,,2025-06-23,OHT KATY GAP LP,"OHT Partners, LLC",(512) 813-7103,,,https://download.hcad.org/data/CAMA/2026/Real_acct_owner.zip,,,,,Houston,Sold
tx,2015 Johanna Dr 18,HOUSTON,2015 JOHANNA DR 18,,sold,Sold 2025-06-23,Sold 2025-06-23 · to JOHANNA VENTURES LLC · new owner may re-pick software,,,2025-06-23,JOHANNA VENTURES LLC,,,,,https://download.hcad.org/data/CAMA/2026/Real_acct_owner.zip,,,,,Houston,Sold
tx,2010 Johanna Dr 30,HOUSTON,2010 JOHANNA DR 30,,sold,Sold 2025-06-23,Sold 2025-06-23 · to JOHANNA VENTURES LLC · new owner may re-pick software,,,2025-06-23,JOHANNA VENTURES LLC,,,,,https://download.hcad.org/data/CAMA/2026/Real_acct_owner.zip,,,,,Houston,Sold
tx,1855 Wirt Rd 324,HOUSTON,1855 WIRT RD 324,,sold,Sold 2025-06-20,Sold 2025-06-20 · to FBRT BANYAN PALMS OWNER LLC · new owner may re-pick software,,,2025-06-20,FBRT BANYAN PALMS OWNER LLC,,,,,https://download.hcad.org/data/CAMA/2026/Real_acct_owner.zip,,,,,Houston,Sold
tx,1901 Richmond Ave 42,HOUSTON,1901 RICHMOND AVE 42,,sold,Sold 2025-06-16,Sold 2025-06-16 · to 1901 RICHMOND INVESTORS LLC · new owner may re-pick software,,,2025-06-16,1901 RICHMOND INVESTORS LLC,,,,,https://download.hcad.org/data/CAMA/2026/Real_acct_owner.zip,,,,,Houston,Sold
tx,22820 Imperial Valley Dr 192,HOUSTON,22820 IMPERIAL VALLEY DR 192,,sold,Sold 2025-06-13,Sold 2025-06-13 · to ROCKFISH CAPITAL IMERIAL VALLEY LLC · new owner may re-pick software,,,2025-06-13,ROCKFISH CAPITAL IMERIAL VALLEY LLC,,,,,https://download.hcad.org/data/CAMA/2026/Real_acct_owner.zip,,,,,Houston,Sold
tx,5714 Jessamine St 22,HOUSTON,5714 JESSAMINE ST 22,,sold,Sold 2025-06-12,Sold 2025-06-12 · to 5714 JESSAMINE LLC · new owner may re-pick software,,,2025-06-12,5714 JESSAMINE LLC,,,,,https://download.hcad.org/data/CAMA/2026/Real_acct_owner.zip,,,,,Houston,Sold
tx,702 Hadley St 337,HOUSTON,702 HADLEY ST 337,,sold,Sold 2025-06-10,Sold 2025-06-10 · to RE III RESHI HOUSTON III DE LLC · new owner may re-pick software,,,2025-06-10,RE III RESHI HOUSTON III DE LLC,,,,,https://download.hcad.org/data/CAMA/2026/Real_acct_owner.zip,,,,,Houston,Sold
tx,10601 Sabo Rd 252,HOUSTON,10601 SABO RD 252,,sold,Sold 2025-06-10,Sold 2025-06-10 · to GWR SABO ROAD OWNER LLC · new owner may re-pick software,,,2025-06-10,GWR SABO ROAD OWNER LLC,,,,,https://download.hcad.org/data/CAMA/2026/Real_acct_owner.zip,,,,,Houston,Sold
tx,305 W Baker Rd 392,BAYTOWN,305 W BAKER RD 392,,sold,Sold 2025-06-05,Sold 2025-06-05 · to LAKES AT MADERA CITYR FUND LLC · new owner may re-pick software,,,2025-06-05,LAKES AT MADERA CITYR FUND LLC,,,,,https://download.hcad.org/data/CAMA/2026/Real_acct_owner.zip,,,,,Houston,Sold
tx,1010 Jackson Ave 42,PASADENA,1010 JACKSON AVE 42,,sold,Sold 2025-06-03,Sold 2025-06-03 · to STORMFIELD CAPITAL FUNDING LLC · new owner may re-pick software,,,2025-06-03,STORMFIELD CAPITAL FUNDING LLC,,,,,https://download.hcad.org/data/CAMA/2026/Real_acct_owner.zip,,,,,Houston,Sold
tx,8047 Grow Ln 337,HOUSTON,8047 GROW LN 337,,sold,Sold 2025-06-03,Sold 2025-06-03 · to CF 7835 GROW LANE QUAIL I LLC · new owner may re-pick software,,,2025-06-03,CF 7835 GROW LANE QUAIL I LLC,,,,,https://download.hcad.org/data/CAMA/2026/Real_acct_owner.zip,,,,,Houston,Sold
tx,7835 Grow Ln 192,HOUSTON,7835 GROW LN 192,,sold,Sold 2025-06-03,Sold 2025-06-03 · to CF 7835 GROW LANE QUAIL I LLC · new owner may re-pick software,,,2025-06-03,CF 7835 GROW LANE QUAIL I LLC,,,,,https://download.hcad.org/data/CAMA/2026/Real_acct_owner.zip,,,,,Houston,Sold
tx,505 Wells Fargo Dr 276,HOUSTON,505 WELLS FARGO DR 276,,sold,Sold 2025-06-03,Sold 2025-06-03 · to LSF HOUSTON LLC · new owner may re-pick software,,,2025-06-03,LSF HOUSTON LLC,,,,,https://download.hcad.org/data/CAMA/2026/Real_acct_owner.zip,,,,,Houston,Sold
tx,13150 Bissonnet St 143,HOUSTON,13150 BISSONNET ST 143,,sold,Sold 2025-06-03,Sold 2025-06-03 · to LFT HOUSTON LLC · new owner may re-pick software,,,2025-06-03,LFT HOUSTON LLC,,,,,https://download.hcad.org/data/CAMA/2026/Real_acct_owner.zip,,,,,Houston,Sold
tx,3003 Memorial Ct 380,HOUSTON,3003 MEMORIAL CT 380,,sold,Sold 2025-06-03,Sold 2025-06-03 · to CB MARCELLA MEMORIAL HEIGHTS LLC · new owner may re-pick software,,,2025-06-03,CB MARCELLA MEMORIAL HEIGHTS LLC,,,,,https://download.hcad.org/data/CAMA/2026/Real_acct_owner.zip,,,,,Houston,Sold
tx,1901 Cullen Blvd 190,HOUSTON,1901 CULLEN BLVD 190,,sold,Sold 2025-06-03,Sold 2025-06-03 · to 900 TITLE JEFFERSON LLC % CWCAPITAL · new owner may re-pick software,,,2025-06-03,900 TITLE JEFFERSON LLC % CWCAPITAL,,,,,https://download.hcad.org/data/CAMA/2026/Real_acct_owner.zip,,,,,Houston,Sold
tx,4812 Sycamore Ave 56,PASADENA,4812 SYCAMORE AVE 56,,sold,Sold 2025-06-02,Sold 2025-06-02 · to STORMFIELD CAPITAL FUNDING I LLC · new owner may re-pick software,,,2025-06-02,STORMFIELD CAPITAL FUNDING I LLC,,,,,https://download.hcad.org/data/CAMA/2026/Real_acct_owner.zip,,,,,Houston,Sold
tx,832 W Greens Rd 232,HOUSTON,832 W GREENS RD 232,,sold,Sold 2025-06-02,Sold 2025-06-02 · to COOKEVILLE CANE CREEK APARTMENTS LP · new owner may re-pick software,,,2025-06-02,COOKEVILLE CANE CREEK APARTMENTS LP,,,,,https://download.hcad.org/data/CAMA/2026/Real_acct_owner.zip,,,,,Houston,Sold
tx,333 Airtex Dr 228,HOUSTON,333 AIRTEX DR 228,,sold,Sold 2025-05-30,Sold 2025-05-30 · to BRIDGEWATER APARTMENTS LP ET AL · new owner may re-pick software,,,2025-05-30,BRIDGEWATER APARTMENTS LP ET AL,,,,,https://download.hcad.org/data/CAMA/2026/Real_acct_owner.zip,,,,,Houston,Sold
tx,3201 Garth Rd 56,BAYTOWN,3201 GARTH RD 56,,sold,Sold 2025-05-30,Sold 2025-05-30 · to VERVE APARTMENTS LLC · new owner may re-pick software,,,2025-05-30,VERVE APARTMENTS LLC,,,,,https://download.hcad.org/data/CAMA/2026/Real_acct_owner.zip,,,,,Houston,Sold
tx,2311 Mid Ln 297,HOUSTON,2311 MID LN 297,,sold,Sold 2025-05-30,Sold 2025-05-30 · to BVF-VI IVY OWNER LP · new owner may re-pick software,,,2025-05-30,BVF-VI IVY OWNER LP,,,,,https://download.hcad.org/data/CAMA/2026/Real_acct_owner.zip,,,,,Houston,Sold
tx,6111 Winsome Ln 105,HOUSTON,6111 WINSOME LN 105,,sold,Sold 2025-05-28,Sold 2025-05-28 · to AMERITAS LIFE INSURANCE CORP · new owner may re-pick software,,,2025-05-28,AMERITAS LIFE INSURANCE CORP,,,,,https://download.hcad.org/data/CAMA/2026/Real_acct_owner.zip,,,,,Houston,Sold
tx,3030 Greenridge Dr 83,HOUSTON,3030 GREENRIDGE DR 83,,sold,Sold 2025-05-28,Sold 2025-05-28 · to AMERITAS LIFE INSURANCE CORP · new owner may re-pick software,,,2025-05-28,AMERITAS LIFE INSURANCE CORP,,,,,https://download.hcad.org/data/CAMA/2026/Real_acct_owner.zip,,,,,Houston,Sold
tx,8791 Hammerly Blvd 198,HOUSTON,8791 HAMMERLY BLVD 198,,sold,Sold 2025-05-27,Sold 2025-05-27 · to CALDERA PROPERTY OWNER LLC · new owner may re-pick software,,,2025-05-27,CALDERA PROPERTY OWNER LLC,,,,,https://download.hcad.org/data/CAMA/2026/Real_acct_owner.zip,,,,,Houston,Sold
tx,6310 Dumfries Dr 314,HOUSTON,6310 DUMFRIES DR 314,,sold,Sold 2025-05-27,Sold 2025-05-27 · to ASHFORD CASA SERENA PROPERTY OWNER LLC · new owner may re-pick software,,,2025-05-27,ASHFORD CASA SERENA PROPERTY OWNER LLC,,,,,https://download.hcad.org/data/CAMA/2026/Real_acct_owner.zip,,,,,Houston,Sold
tx,9393 Fm 1960 Bypass Rd W 228,HUMBLE,9393 FM 1960 BYPASS RD W 228,,sold,Sold 2025-05-23,Sold 2025-05-23 · to WILLOWBEND APARTMENTS PHASE I LLC · new owner may re-pick software,,,2025-05-23,WILLOWBEND APARTMENTS PHASE I LLC,,,,,https://download.hcad.org/data/CAMA/2026/Real_acct_owner.zip,,,,,Houston,Sold
tx,9387 Fm 1960 Bypass Rd W 229,HUMBLE,9387 FM 1960 BYPASS RD W 229,,sold,Sold 2025-05-22,Sold 2025-05-22 · to WILLOWBEND APARTMENTS PHASE II LLC · new owner may re-pick software,,,2025-05-22,WILLOWBEND APARTMENTS PHASE II LLC,,,,,https://download.hcad.org/data/CAMA/2026/Real_acct_owner.zip,,,,,Houston,Sold
tx,601 W Donovan St 78,HOUSTON,601 W DONOVAN ST 78,,sold,Sold 2025-05-20,Sold 2025-05-20 · to PECOS HOUSING FINANCE CORP · new owner may re-pick software,,,2025-05-20,PECOS HOUSING FINANCE CORP,,,,,https://download.hcad.org/data/CAMA/2026/Real_acct_owner.zip,,,,,Houston,Sold
tx,8162 Richmond Ave 280,HOUSTON,8162 RICHMOND AVE 280,,sold,Sold 2025-05-20,Sold 2025-05-20 · to LA VILLA HOUSING FINANCE CORP · new owner may re-pick software,,,2025-05-20,LA VILLA HOUSING FINANCE CORP,,,,,https://download.hcad.org/data/CAMA/2026/Real_acct_owner.zip,,,,,Houston,Sold
tx,1110 El Camino Village Dr 449,HOUSTON,1110 EL CAMINO VILLAGE DR 449,,sold,Sold 2025-05-19,Sold 2025-05-19 · to EDCOUCH COMMUNITY HOUSING FINANCE CORP · new owner may re-pick software,,,2025-05-19,EDCOUCH COMMUNITY HOUSING FINANCE CORP,,,,,https://download.hcad.org/data/CAMA/2026/Real_acct_owner.zip,,,,,Houston,Sold
tx,4040 Synott Rd 255,HOUSTON,4040 SYNOTT RD 255,,sold,Sold 2025-05-19,Sold 2025-05-19 · to ARM BRIAR VILLAGE LLC · new owner may re-pick software,,,2025-05-19,ARM BRIAR VILLAGE LLC,,,,,https://download.hcad.org/data/CAMA/2026/Real_acct_owner.zip,,,,,Houston,Sold
tx,14220 Park Row Dr 318,HOUSTON,14220 PARK ROW DR 318,,sold,Sold 2025-05-19,Sold 2025-05-19 · to PECOS HOUSING FINANCE CORP · new owner may re-pick software,,,2025-05-19,PECOS HOUSING FINANCE CORP,,,,,https://download.hcad.org/data/CAMA/2026/Real_acct_owner.zip,,,,,Houston,Sold
tx,3401 Dunvale Rd 152,HOUSTON,3401 DUNVALE RD 152,,sold,Sold 2025-05-15,Sold 2025-05-15 · to LA VILLA HOUSING FINANCE CORP · new owner may re-pick software,,,2025-05-15,LA VILLA HOUSING FINANCE CORP,,,,,https://download.hcad.org/data/CAMA/2026/Real_acct_owner.zip,,,,,Houston,Sold
tx,6636 Bellfort St 26,HOUSTON,6636 BELLFORT ST 26,,sold,Sold 2025-05-15,Sold 2025-05-15 · to COMMUNITY LOAN SERVICIHG LLC · new owner may re-pick software,,,2025-05-15,COMMUNITY LOAN SERVICIHG LLC,,,,,https://download.hcad.org/data/CAMA/2026/Real_acct_owner.zip,,,,,Houston,Sold
tx,13202 Briar Forest Dr 352,HOUSTON,13202 BRIAR FOREST DR 352,,sold,Sold 2025-05-15,Sold 2025-05-15 · to PECOS HOUSING FINANCE CORP · new owner may re-pick software,,,2025-05-15,PECOS HOUSING FINANCE CORP,,,,,https://download.hcad.org/data/CAMA/2026/Real_acct_owner.zip,,,,,Houston,Sold
tx,4200 Scotland St 308,HOUSTON,4200 SCOTLAND ST 308,,sold,Sold 2025-05-14,Sold 2025-05-14 · to AR MIM MEMORIAL HILLS OWNER LP · new owner may re-pick software,,,2025-05-14,AR MIM MEMORIAL HILLS OWNER LP,,,,,https://download.hcad.org/data/CAMA/2026/Real_acct_owner.zip,,,,,Houston,Sold
tx,5909 Glenmont Dr 534,HOUSTON,5909 GLENMONT DR 534,,sold,Sold 2025-05-13,Sold 2025-05-13 · to NAZAR INVEST INC · new owner may re-pick software,,,2025-05-13,NAZAR INVEST INC,,,,,https://download.hcad.org/data/CAMA/2026/Real_acct_owner.zip,,,,,Houston,Sold
tx,116 E Edgebrook Dr 230,HOUSTON,116 E EDGEBROOK DR 230,,sold,Sold 2025-05-13,Sold 2025-05-13 · to ARLINGTON PLACE SI LLC · new owner may re-pick software,,,2025-05-13,ARLINGTON PLACE SI LLC,,,,,https://download.hcad.org/data/CAMA/2026/Real_acct_owner.zip,,,,,Houston,Sold
tx,5900 N Braeswood Blvd 152,HOUSTON,5900 N BRAESWOOD BLVD 152,,sold,Sold 2025-05-13,Sold 2025-05-13 · to CAMERON COUNTY HOUSING FINANCE CORP · new owner may re-pick software,,,2025-05-13,CAMERON COUNTY HOUSING FINANCE CORP,,,,,https://download.hcad.org/data/CAMA/2026/Real_acct_owner.zip,,,,,Houston,Sold
tx,14818 Vintage Preserve Pky 350,HOUSTON,14818 VINTAGE PRESERVE PKY 350,,sold,Sold 2025-05-13,Sold 2025-05-13 · to VINTAGE PARK APARTMENTS LLC · new owner may re-pick software,,,2025-05-13,VINTAGE PARK APARTMENTS LLC,,,,,https://download.hcad.org/data/CAMA/2026/Real_acct_owner.zip,,,,,Houston,Sold
tx,20525 Holzwarth Rd 288,SPRING,20525 HOLZWARTH RD 288,,sold,Sold 2025-05-13,Sold 2025-05-13 · to HOLZWARTH RD APARTMENTS LLC · new owner may re-pick software,,,2025-05-13,HOLZWARTH RD APARTMENTS LLC,,,,,https://download.hcad.org/data/CAMA/2026/Real_acct_owner.zip,,,,,Houston,Sold
tx,1822 Barker Cypress Rd 384,HOUSTON,1822 BARKER CYPRESS RD 384,,sold,Sold 2025-05-12,Sold 2025-05-12 · to PECOS HOUSING FINANCE CORPORATION · new owner may re-pick software,,,2025-05-12,PECOS HOUSING FINANCE CORPORATION,,,,,https://download.hcad.org/data/CAMA/2026/Real_acct_owner.zip,,,,,Houston,Sold
tx,1110 Graham Dr 206,TOMBALL,1110 GRAHAM DR 206,,sold,Sold 2025-05-12,Sold 2025-05-12 · to PECOS HOUSING FINANCE CORP · new owner may re-pick software,,,2025-05-12,PECOS HOUSING FINANCE CORP,,,,,https://download.hcad.org/data/CAMA/2026/Real_acct_owner.zip,,,,,Houston,Sold
tx,1800 Barker Cypress Rd 264,HOUSTON,1800 BARKER CYPRESS RD 264,,sold,Sold 2025-05-12,Sold 2025-05-12 · to PECOS HOUSING FINANCE CORP · new owner may re-pick software,,,2025-05-12,PECOS HOUSING FINANCE CORP,,,,,https://download.hcad.org/data/CAMA/2026/Real_acct_owner.zip,,,,,Houston,Sold
tx,1920 Richmond Ave 17,HOUSTON,1920 RICHMOND AVE 17,,sold,Sold 2025-05-09,Sold 2025-05-09 · to CELINA COMMONS LLC · new owner may re-pick software,,,2025-05-09,CELINA COMMONS LLC,,,,,https://download.hcad.org/data/CAMA/2026/Real_acct_owner.zip,,,,,Houston,Sold
tx,5505 Pine St 48,HOUSTON,5505 PINE ST 48,,sold,Sold 2025-05-08,Sold 2025-05-08 · to CAMERON COUNTY HOUSING FINANCE CORP · new owner may re-pick software,,,2025-05-08,CAMERON COUNTY HOUSING FINANCE CORP,,,,,https://download.hcad.org/data/CAMA/2026/Real_acct_owner.zip,,,,,Houston,Sold
tx,11710 Algonquin Dr 200,HOUSTON,11710 ALGONQUIN DR 200,,sold,Sold 2025-05-07,Sold 2025-05-07 · to EDCOUCH COMMUNITY HOUSING · new owner may re-pick software,,,2025-05-07,EDCOUCH COMMUNITY HOUSING,,,,,https://download.hcad.org/data/CAMA/2026/Real_acct_owner.zip,,,,,Houston,Sold
tx,9607 Riddlewood Ln 8,HOUSTON,9607 RIDDLEWOOD LN 8,,sold,Sold 2025-05-07,Sold 2025-05-07 · to HIGHLANDS REIDENTIAL MORTGAGE LTD · new owner may re-pick software,,,2025-05-07,HIGHLANDS REIDENTIAL MORTGAGE LTD,,,,,https://download.hcad.org/data/CAMA/2026/Real_acct_owner.zip,,,,,Houston,Sold
tx,2400 Hackett Dr 196,HOUSTON,2400 HACKETT DR 196,,sold,Sold 2025-05-07,Sold 2025-05-07 · to LA VILLA HOUSING FINANCE CORP · new owner may re-pick software,,,2025-05-07,LA VILLA HOUSING FINANCE CORP,,,,,https://download.hcad.org/data/CAMA/2026/Real_acct_owner.zip,,,,,Houston,Sold
tx,Bella Vida,Tarrant County,927 N OAK ST,84,sold,Sold 2025-05-07,Sold 2025-05-07 · 84 units · new owner may re-pick software,,,2025-05-07,,,,,,,,,,,Dallas–Fort Worth,Sold
tx,Westland Estates,Tarrant County,2950 ALEMEDA ST,192,sold,Sold 2025-05-07,Sold 2025-05-07 · 192 units · new owner may re-pick software,,,2025-05-07,,,,,,,,,,,Dallas–Fort Worth,Sold
tx,333 Uvalde Rd 291,HOUSTON,333 UVALDE RD 291,,sold,Sold 2025-05-06,Sold 2025-05-06 · to 900 TITLE JEFFERSON LLC % CWCAPITAL ASSET MANAGEMENT LLC · new owner may re-pick software,,,2025-05-06,900 TITLE JEFFERSON LLC % CWCAPITAL ASSET MANAGEMENT LLC,,,,,https://download.hcad.org/data/CAMA/2026/Real_acct_owner.zip,,,,,Houston,Sold
tx,11800 Grant Rd 530,CYPRESS,11800 GRANT RD 530,,sold,Sold 2025-05-05,Sold 2025-05-05 · to PECOS HOUSING FINANCE CORPORATION · new owner may re-pick software,,,2025-05-05,PECOS HOUSING FINANCE CORPORATION,,,,,https://download.hcad.org/data/CAMA/2026/Real_acct_owner.zip,,,,,Houston,Sold
tx,10070 Westpark Dr 324,HOUSTON,10070 WESTPARK DR 324,,sold,Sold 2025-05-05,Sold 2025-05-05 · to LA VILLA HOUSING FINANCE CORPORATION · new owner may re-pick software,,,2025-05-05,LA VILLA HOUSING FINANCE CORPORATION,,,,,https://download.hcad.org/data/CAMA/2026/Real_acct_owner.zip,,,,,Houston,Sold
tx,5100 Fm 1960 Rd W 288,HOUSTON,5100 FM 1960 RD W 288,,sold,Sold 2025-05-05,Sold 2025-05-05 · to LA VILLA HOUSING FINANCE CORPORATION · new owner may re-pick software,,,2025-05-05,LA VILLA HOUSING FINANCE CORPORATION,,,,,https://download.hcad.org/data/CAMA/2026/Real_acct_owner.zip,,,,,Houston,Sold
tx,411 Highland Cross Dr 236,HOUSTON,411 HIGHLAND CROSS DR 236,,sold,Sold 2025-05-05,Sold 2025-05-05 · to LA VILLA HOUSING FINANCE CORP · new owner may re-pick software,,,2025-05-05,LA VILLA HOUSING FINANCE CORP,,,,,https://download.hcad.org/data/CAMA/2026/Real_acct_owner.zip,,,,,Houston,Sold
tx,15405 Katy Fwy 116,HOUSTON,15405 KATY FWY 116,,sold,Sold 2025-05-02,Sold 2025-05-02 · to THE BLUEPRINT APARTMENTS LLC · new owner may re-pick software,,,2025-05-02,THE BLUEPRINT APARTMENTS LLC,,,,,https://download.hcad.org/data/CAMA/2026/Real_acct_owner.zip,,,,,Houston,Sold
tx,7655 Washington Ave 356,HOUSTON,7655 WASHINGTON AVE 356,,sold,Sold 2025-05-01,Sold 2025-05-01 · to PLEASANTON HOUSING FINANCE CORPORATION · new owner may re-pick software,,,2025-05-01,PLEASANTON HOUSING FINANCE CORPORATION,,,,,https://download.hcad.org/data/CAMA/2026/Real_acct_owner.zip,,,,,Houston,Sold
tx,3101 Smith St 154,HOUSTON,3101 SMITH ST 154,,sold,Sold 2025-04-30,Sold 2025-04-30 · to HSR MIDTOWN LLC · new owner may re-pick software,,,2025-04-30,HSR MIDTOWN LLC,,,,,https://download.hcad.org/data/CAMA/2026/Real_acct_owner.zip,,,,,Houston,Sold
tx,12211 Summer Creek Trace Dr 278,HOUSTON,12211 SUMMER CREEK TRACE DR 278,,sold,Sold 2025-04-30,Sold 2025-04-30 · to HPI WESTLAKE LLC · new owner may re-pick software,,,2025-04-30,HPI WESTLAKE LLC,,,,,https://download.hcad.org/data/CAMA/2026/Real_acct_owner.zip,,,,,Houston,Sold
tx,4475 Wilson Rd 252,HUMBLE,4475 WILSON RD 252,,sold,Sold 2025-04-29,Sold 2025-04-29 · to AR-PARK LAKES LLC · new owner may re-pick software,,,2025-04-29,AR-PARK LAKES LLC,,,,,https://download.hcad.org/data/CAMA/2026/Real_acct_owner.zip,,,,,Houston,Sold
tx,14700 Woodson Park Dr 240,HOUSTON,14700 WOODSON PARK DR 240,,sold,Sold 2025-04-22,Sold 2025-04-22 · to 14700 TP LLC · new owner may re-pick software,,,2025-04-22,14700 TP LLC,,,,,https://download.hcad.org/data/CAMA/2026/Real_acct_owner.zip,,,,,Houston,Sold
tx,18021 Kingsland Blvd 423,HOUSTON,18021 KINGSLAND BLVD 423,,sold,Sold 2025-04-17,Sold 2025-04-17 · to ALDEN RIDGMAR CREEK ENTERPRISE LLC · new owner may re-pick software,,,2025-04-17,ALDEN RIDGMAR CREEK ENTERPRISE LLC,,,,,https://download.hcad.org/data/CAMA/2026/Real_acct_owner.zip,,,,,Houston,Sold
tx,1700 Seaspray Ct 372,HOUSTON,1700 SEASPRAY CT 372,,sold,Sold 2025-04-15,Sold 2025-04-15 · to PECOS HOUSING FINANCE CORPORATION · new owner may re-pick software,,,2025-04-15,PECOS HOUSING FINANCE CORPORATION,,,,,https://download.hcad.org/data/CAMA/2026/Real_acct_owner.zip,,,,,Houston,Sold
tx,1819 Briarcreek Blvd 44,HOUSTON,1819 BRIARCREEK BLVD 44,,sold,Sold 2025-04-11,Sold 2025-04-11 · to TEAM CHUDECKE MUSTANG LLC · new owner may re-pick software,,,2025-04-11,TEAM CHUDECKE MUSTANG LLC,,,,,https://download.hcad.org/data/CAMA/2026/Real_acct_owner.zip,,,,,Houston,Sold
tx,2033 S Gessner Rd 376,HOUSTON,2033 S GESSNER RD 376,,sold,Sold 2025-04-10,Sold 2025-04-10 · to GESSNER ROAD OWNER LLC · new owner may re-pick software,,,2025-04-10,GESSNER ROAD OWNER LLC,,,,,https://download.hcad.org/data/CAMA/2026/Real_acct_owner.zip,,,,,Houston,Sold
tx,1221 Redford St 856,HOUSTON,1221 REDFORD ST 856,,sold,Sold 2025-04-09,Sold 2025-04-09 · to EDCOUCH COMMUNITY HOUSING FINANCE CORP · new owner may re-pick software,,,2025-04-09,EDCOUCH COMMUNITY HOUSING FINANCE CORP,,,,,https://download.hcad.org/data/CAMA/2026/Real_acct_owner.zip,,,,,Houston,Sold
tx,5454 Newcastle Dr 580,HOUSTON,5454 NEWCASTLE DR 580,,sold,Sold 2025-04-08,Sold 2025-04-08 · to MAVERICK COUNTY HOUSING FINANCE CORP · new owner may re-pick software,,,2025-04-08,MAVERICK COUNTY HOUSING FINANCE CORP,,,,,https://download.hcad.org/data/CAMA/2026/Real_acct_owner.zip,,,,,Houston,Sold
tx,Landmark At Crowley,Tarrant County,305 W FM 1187,267,sold,Sold 2025-04-08,Sold 2025-04-08 · 267 units · new owner may re-pick software,,,2025-04-08,,,,,,,,,,,Dallas–Fort Worth,Sold
tx,1700 Rollingbrook Dr 240,BAYTOWN,1700 ROLLINGBROOK DR 240,,sold,Sold 2025-04-07,Sold 2025-04-07 · to CAMERON COUNTY HOUSING FINANCE CORP · new owner may re-pick software,,,2025-04-07,CAMERON COUNTY HOUSING FINANCE CORP,,,,,https://download.hcad.org/data/CAMA/2026/Real_acct_owner.zip,,,,,Houston,Sold
tx,3045 Golfcrest Blvd 29,HOUSTON,3045 GOLFCREST BLVD 29,,sold,Sold 2025-04-04,Sold 2025-04-04 · to TEAM CHUDECKE ARMADILLO LLC · new owner may re-pick software,,,2025-04-04,TEAM CHUDECKE ARMADILLO LLC,,,,,https://download.hcad.org/data/CAMA/2026/Real_acct_owner.zip,,,,,Houston,Sold
tx,1720 Crestdale Dr 75,HOUSTON,1720 CRESTDALE DR 75,,sold,Sold 2025-04-03,Sold 2025-04-03 · to PECOS HOUSING FINANCE CORP · new owner may re-pick software,,,2025-04-03,PECOS HOUSING FINANCE CORP,,,,,https://download.hcad.org/data/CAMA/2026/Real_acct_owner.zip,,,,,Houston,Sold
tx,1620 Oak Tree Dr 90,HOUSTON,1620 OAK TREE DR 90,,sold,Sold 2025-04-03,Sold 2025-04-03 · to PECOS HOUSING FINANCE CORP · new owner may re-pick software,,,2025-04-03,PECOS HOUSING FINANCE CORP,,,,,https://download.hcad.org/data/CAMA/2026/Real_acct_owner.zip,,,,,Houston,Sold
tx,2727 Elmside Dr 171,HOUSTON,2727 ELMSIDE DR 171,,sold,Sold 2025-04-03,Sold 2025-04-03 · to PECOS HOUSING FINANCE CORP · new owner may re-pick software,,,2025-04-03,PECOS HOUSING FINANCE CORP,,,,,https://download.hcad.org/data/CAMA/2026/Real_acct_owner.zip,,,,,Houston,Sold
tx,5110 Azalea Trace Dr 256,HOUSTON,5110 AZALEA TRACE DR 256,,sold,Sold 2025-04-03,Sold 2025-04-03 · to PECOS HOUSING FINANCE CORPORATION · new owner may re-pick software,,,2025-04-03,PECOS HOUSING FINANCE CORPORATION,,,,,https://download.hcad.org/data/CAMA/2026/Real_acct_owner.zip,,,,,Houston,Sold
tx,1710 W T C Jester Blvd 48,HOUSTON,1710 W T C JESTER BLVD 48,,sold,Sold 2025-04-02,Sold 2025-04-02 · to GWO LLC · new owner may re-pick software,,,2025-04-02,GWO LLC,,,,,https://download.hcad.org/data/CAMA/2026/Real_acct_owner.zip,,,,,Houston,Sold
tx,1325 Greens Pky 96,HOUSTON,1325 GREENS PKY 96,,sold,Sold 2025-04-01,Sold 2025-04-01 · to LSF PLV HOUSTON LLC · new owner may re-pick software,,,2025-04-01,LSF PLV HOUSTON LLC,,,,,https://download.hcad.org/data/CAMA/2026/Real_acct_owner.zip,,,,,Houston,Sold
tx,1335 Silverado Dr 344,HOUSTON,1335 SILVERADO DR 344,,sold,Sold 2025-04-01,Sold 2025-04-01 · to PECOS HOUSING FINANCE CORP · new owner may re-pick software,,,2025-04-01,PECOS HOUSING FINANCE CORP,,,,,https://download.hcad.org/data/CAMA/2026/Real_acct_owner.zip,,,,,Houston,Sold
tx,2150 Katy Fort Bend Rd 258,KATY,2150 KATY FORT BEND RD 258,,sold,Sold 2025-04-01,Sold 2025-04-01 · to CWS KATY LP · new owner may re-pick software,,,2025-04-01,CWS KATY LP,,,,,https://download.hcad.org/data/CAMA/2026/Real_acct_owner.zip,,,,,Houston,Sold
tx,22022 Cimarron Pky 272,KATY,22022 CIMARRON PKY 272,,sold,Sold 2025-03-29,Sold 2025-03-29 · to PECOS HOUSING FINANCE COPRORATION · new owner may re-pick software,,,2025-03-29,PECOS HOUSING FINANCE COPRORATION,,,,,https://download.hcad.org/data/CAMA/2026/Real_acct_owner.zip,,,,,Houston,Sold
tx,900 Henderson Ave 440,WEBSTER,900 HENDERSON AVE 440,,sold,Sold 2025-03-29,Sold 2025-03-29 · to PECOS HOUSING FINANCE CORP · new owner may re-pick software,,,2025-03-29,PECOS HOUSING FINANCE CORP,,,,,https://download.hcad.org/data/CAMA/2026/Real_acct_owner.zip,,,,,Houston,Sold
tx,435 Janisch Rd,HOUSTON,435 JANISCH RD,,sold,Sold 2025-03-28,Sold 2025-03-28 · to JANISCH ROAD APARTMENTS LL · new owner may re-pick software,,,2025-03-28,JANISCH ROAD APARTMENTS LL,,,,,https://download.hcad.org/data/CAMA/2026/Real_acct_owner.zip,,,,,Houston,Sold
tx,8011 Bendell Dr 18,HOUSTON,8011 BENDELL DR 18,,sold,Sold 2025-03-27,Sold 2025-03-27 · to ROBINSON ST LLC · new owner may re-pick software,,,2025-03-27,ROBINSON ST LLC,,,,,https://download.hcad.org/data/CAMA/2026/Real_acct_owner.zip,,,,,Houston,Sold
tx,9001 Jones Rd 290,HOUSTON,9001 JONES RD 290,,sold,Sold 2025-03-26,Sold 2025-03-26 · to CEP AVAYA STEEPLECHASE DE LLC · new owner may re-pick software,,,2025-03-26,CEP AVAYA STEEPLECHASE DE LLC,,,,,https://download.hcad.org/data/CAMA/2026/Real_acct_owner.zip,,,,,Houston,Sold
tx,Richland Court,Richland Hills,"6626 REEVES ST, RICHLAND HILLS",46,sold,Sold 2025-03-25,Sold 2025-03-25 · 46 units · new owner may re-pick software,2025-01-06,,2025-03-25,,,,,,https://www.tad.org/content/data-download/2026CommPermits.zip,,,,,Dallas–Fort Worth,Sold
tx,14531 Ella Blvd 520,HOUSTON,14531 ELLA BLVD 520,,sold,Sold 2025-03-25,Sold 2025-03-25 · to AD PECAN LLC · new owner may re-pick software,,,2025-03-25,AD PECAN LLC,,,,,https://download.hcad.org/data/CAMA/2026/Real_acct_owner.zip,,,,,Houston,Sold
tx,7979 Westheimer Rd 459,HOUSTON,7979 WESTHEIMER RD 459,,sold,Sold 2025-03-25,Sold 2025-03-25 · to NEW RAMA KRISHNA PROPERTIES DELAWARE LLC · new owner may re-pick software,,,2025-03-25,NEW RAMA KRISHNA PROPERTIES DELAWARE LLC,,,,,https://download.hcad.org/data/CAMA/2026/Real_acct_owner.zip,,,,,Houston,Sold
tx,2801 Broadmead Dr 235,HOUSTON,2801 BROADMEAD DR 235,,sold,Sold 2025-03-25,Sold 2025-03-25 · to PECOS HOUSING FINANCE CORP · new owner may re-pick software,,,2025-03-25,PECOS HOUSING FINANCE CORP,,,,,https://download.hcad.org/data/CAMA/2026/Real_acct_owner.zip,,,,,Houston,Sold
tx,9301 Clay Rd 76,HOUSTON,9301 CLAY RD 76,,sold,Sold 2025-03-24,Sold 2025-03-24 · to CIRCULO JADE FOREST LLC · new owner may re-pick software,,,2025-03-24,CIRCULO JADE FOREST LLC,,,,,https://download.hcad.org/data/CAMA/2026/Real_acct_owner.zip,,,,,Houston,Sold
tx,Delara Chase Apts,Tarrant County,4805 ALTAMESA BLVD,116,sold,Sold 2025-03-24,Sold 2025-03-24 · 116 units · new owner may re-pick software,,,2025-03-24,,,,,,,,,,,Dallas–Fort Worth,Sold
tx,411 S Bender Ave 300,HUMBLE,411 S BENDER AVE 300,,sold,Sold 2025-03-18,Sold 2025-03-18 · to PECOS HOUSING FINANCE CORP · new owner may re-pick software,,,2025-03-18,PECOS HOUSING FINANCE CORP,,,,,https://download.hcad.org/data/CAMA/2026/Real_acct_owner.zip,,,,,Houston,Sold
tx,5555 Holly View Dr 324,HOUSTON,5555 HOLLY VIEW DR 324,,sold,Sold 2025-03-18,Sold 2025-03-18 · to PECOS HOUSING FINANCE CORPORATION · new owner may re-pick software,,,2025-03-18,PECOS HOUSING FINANCE CORPORATION,,,,,https://download.hcad.org/data/CAMA/2026/Real_acct_owner.zip,,,,,Houston,Sold
tx,4400 Memorial Dr 688,HOUSTON,4400 MEMORIAL DR 688,,sold,Sold 2025-03-18,Sold 2025-03-18 · to LA VILLA HOUSING FINANCE CORPORATION · new owner may re-pick software,,,2025-03-18,LA VILLA HOUSING FINANCE CORPORATION,,,,,https://download.hcad.org/data/CAMA/2026/Real_acct_owner.zip,,,,,Houston,Sold
tx,21021 Aldine Westfield Rd 330,HOUSTON,21021 ALDINE WESTFIELD RD 330,,sold,Sold 2025-03-18,Sold 2025-03-18 · to PLEASANTON HOUSING FINANCE CORPORATION · new owner may re-pick software,,,2025-03-18,PLEASANTON HOUSING FINANCE CORPORATION,,,,,https://download.hcad.org/data/CAMA/2026/Real_acct_owner.zip,,,,,Houston,Sold
tx,Oaks At Jane Lane,Tarrant County,3001 JANE LN,109,sold,Sold 2025-03-14,Sold 2025-03-14 · 109 units · new owner may re-pick software,,,2025-03-14,,,,,,,,,,,Dallas–Fort Worth,Sold
tx,670 Maxey Rd 211,HOUSTON,670 MAXEY RD 211,,sold,Sold 2025-03-13,Sold 2025-03-13 · to PECOS HOUSING FINANCE CORP · new owner may re-pick software,,,2025-03-13,PECOS HOUSING FINANCE CORP,,,,,https://download.hcad.org/data/CAMA/2026/Real_acct_owner.zip,,,,,Houston,Sold
tx,2002 Spring Stuebner Rd 326,SPRING,2002 SPRING STUEBNER RD 326,,sold,Sold 2025-03-12,Sold 2025-03-12 · to ECHO SPRINGWOODS RESIDENTIAL LLC · new owner may re-pick software,,,2025-03-12,ECHO SPRINGWOODS RESIDENTIAL LLC,,,,,https://download.hcad.org/data/CAMA/2026/Real_acct_owner.zip,,,,,Houston,Sold
tx,712 Pinemont Dr 88,HOUSTON,712 PINEMONT DR 88,,sold,Sold 2025-03-12,Sold 2025-03-12 · to PECOS HOUSING FINANCE CORP · new owner may re-pick software,,,2025-03-12,PECOS HOUSING FINANCE CORP,,,,,https://download.hcad.org/data/CAMA/2026/Real_acct_owner.zip,,,,,Houston,Sold
tx,818 Pinemont Dr 68,HOUSTON,818 PINEMONT DR 68,,sold,Sold 2025-03-12,Sold 2025-03-12 · to PECOS HOUSING FINANCE CORP · new owner may re-pick software,,,2025-03-12,PECOS HOUSING FINANCE CORP,,,,,https://download.hcad.org/data/CAMA/2026/Real_acct_owner.zip,,,,,Houston,Sold
tx,14504 Briar Forest Dr 240,HOUSTON,14504 BRIAR FOREST DR 240,,sold,Sold 2025-03-12,Sold 2025-03-12 · to LION VBF LLC · new owner may re-pick software,,,2025-03-12,LION VBF LLC,,,,,https://download.hcad.org/data/CAMA/2026/Real_acct_owner.zip,,,,,Houston,Sold
tx,11111 Grant Rd 422,CYPRESS,11111 GRANT RD 422,,sold,Sold 2025-03-12,Sold 2025-03-12 · to PECOS HOUSING FINAN CE CORPORATION · new owner may re-pick software,,,2025-03-12,PECOS HOUSING FINAN CE CORPORATION,,,,,https://download.hcad.org/data/CAMA/2026/Real_acct_owner.zip,,,,,Houston,Sold
tx,9110 Tidwell Rd 108,HOUSTON,9110 TIDWELL RD 108,,sold,Sold 2025-03-12,Sold 2025-03-12 · to COMMONS OF GRACE LP · new owner may re-pick software,,,2025-03-12,COMMONS OF GRACE LP,,,,,https://download.hcad.org/data/CAMA/2026/Real_acct_owner.zip,,,,,Houston,Sold
tx,221 Arbrook,Tarrant County,2201 E ARBROOK BLVD,30,sold,Sold 2025-03-10,Sold 2025-03-10 · 30 units · new owner may re-pick software,,,2025-03-10,,,,,,,,,,,Dallas–Fort Worth,Sold
tx,970 Bunker Hill Rd 164,HOUSTON,970 BUNKER HILL RD 164,,sold,Sold 2025-03-07,Sold 2025-03-07 · to MOODY 77024 MULTI-FAMILY DST · new owner may re-pick software,,,2025-03-07,MOODY 77024 MULTI-FAMILY DST,,,,,https://download.hcad.org/data/CAMA/2026/Real_acct_owner.zip,,,,,Houston,Sold
tx,1919 Portsmouth St 30,HOUSTON,1919 PORTSMOUTH ST 30,,sold,Sold 2025-03-06,Sold 2025-03-06 · to CSC 1919 PORTSMOUTH REALTY LLC · new owner may re-pick software,,,2025-03-06,CSC 1919 PORTSMOUTH REALTY LLC,,,,,https://download.hcad.org/data/CAMA/2026/Real_acct_owner.zip,,,,,Houston,Sold
tx,9300 N Sam Houston Pky E 324,HUMBLE,9300 N SAM HOUSTON PKY E 324,,sold,Sold 2025-03-06,Sold 2025-03-06 · to PLEASANTON HOUSING FINANCE CORPORATION · new owner may re-pick software,,,2025-03-06,PLEASANTON HOUSING FINANCE CORPORATION,,,,,https://download.hcad.org/data/CAMA/2026/Real_acct_owner.zip,,,,,Houston,Sold
tx,6301 Alfano St 40,HOUSTON,6301 ALFANO ST 40,,sold,Sold 2025-03-05,Sold 2025-03-05 · to R GARDEN LLC · new owner may re-pick software,,,2025-03-05,R GARDEN LLC,,,,,https://download.hcad.org/data/CAMA/2026/Real_acct_owner.zip,,,,,Houston,Sold
tx,3838 Glen Arbor Dr 32,HOUSTON,3838 GLEN ARBOR DR 32,,sold,Sold 2025-03-03,Sold 2025-03-03 · to SAYEG LIVING TRUST · new owner may re-pick software,,,2025-03-03,SAYEG LIVING TRUST,,,,,https://download.hcad.org/data/CAMA/2026/Real_acct_owner.zip,,,,,Houston,Sold
tx,902 Oak St 44,HOUSTON,902 OAK ST 44,,sold,Sold 2025-02-28,Sold 2025-02-28 · to 902 OAK LLC · new owner may re-pick software,,,2025-02-28,902 OAK LLC,,,,,https://download.hcad.org/data/CAMA/2026/Real_acct_owner.zip,,,,,Houston,Sold
tx,Ashton Apartment Homes,Saginaw,"681 N SAGINAW BLVD, SAGINAW",152,sold,Sold 2025-02-26,Sold 2025-02-26 · 152 units · new owner may re-pick software,2025-01-19,,2025-02-26,,,,,,https://www.tad.org/content/data-download/2026CommPermits.zip,,,,,Dallas–Fort Worth,Sold
tx,12660 Medfield Dr 106,HOUSTON,12660 MEDFIELD DR 106,,sold,Sold 2025-02-26,Sold 2025-02-26 · to HOUSTON VANDERBILT LODGE APARTMENTS LP · new owner may re-pick software,,,2025-02-26,HOUSTON VANDERBILT LODGE APARTMENTS LP,,,,,https://download.hcad.org/data/CAMA/2026/Real_acct_owner.zip,,,,,Houston,Sold
tx,The Wyatt At Presidio Junction,Tarrant County,2301 PRESIDIO VISTA DR,348,sold,Sold 2025-02-26,Sold 2025-02-26 · 348 units · new owner may re-pick software,,,2025-02-26,,,,,,,,,,,Dallas–Fort Worth,Sold
tx,10373 N Sam Houston Pky E 260,HUMBLE,10373 N SAM HOUSTON PKY E 260,,sold,Sold 2025-02-25,Sold 2025-02-25 · to HUMBLE- EAGLE CREEK APTS LLC · new owner may re-pick software,,,2025-02-25,HUMBLE- EAGLE CREEK APTS LLC,,,,,https://download.hcad.org/data/CAMA/2026/Real_acct_owner.zip,,,,,Houston,Sold
tx,938 Kingwood Dr 312,HUMBLE,938 KINGWOOD DR 312,,sold,Sold 2025-02-24,Sold 2025-02-24 · to CWS KINGWOOD SPE LLC · new owner may re-pick software,,,2025-02-24,CWS KINGWOOD SPE LLC,,,,,https://download.hcad.org/data/CAMA/2026/Real_acct_owner.zip,,,,,Houston,Sold
tx,6500 Dunlap St 258,HOUSTON,6500 DUNLAP ST 258,,sold,Sold 2025-02-18,Sold 2025-02-18 · to PECOS HOUSING FINANCE CORPORATION · new owner may re-pick software,,,2025-02-18,PECOS HOUSING FINANCE CORPORATION,,,,,https://download.hcad.org/data/CAMA/2026/Real_acct_owner.zip,,,,,Houston,Sold
tx,6550 Hillcroft St 921,HOUSTON,6550 HILLCROFT ST 921,,sold,Sold 2025-02-13,Sold 2025-02-13 · to PECOS HOUSING FINANCE CORPORATION · new owner may re-pick software,,,2025-02-13,PECOS HOUSING FINANCE CORPORATION,,,,,https://download.hcad.org/data/CAMA/2026/Real_acct_owner.zip,,,,,Houston,Sold
tx,2380 S Macgregor Way 224,HOUSTON,2380 S MACGREGOR WAY 224,,sold,Sold 2025-02-13,Sold 2025-02-13 · to LAC 2380 S MACGREGOR LLC · new owner may re-pick software,,,2025-02-13,LAC 2380 S MACGREGOR LLC,,,,,https://download.hcad.org/data/CAMA/2026/Real_acct_owner.zip,,,,,Houston,Sold
tx,6821 Fairway Dr 22,HOUSTON,6821 FAIRWAY DR 22,,sold,Sold 2025-02-11,Sold 2025-02-11 · to AMBLEGROVE LLC · new owner may re-pick software,,,2025-02-11,AMBLEGROVE LLC,,,,,https://download.hcad.org/data/CAMA/2026/Real_acct_owner.zip,,,,,Houston,Sold
tx,Solea Tavolo Park (55+ Active),Tarrant County,7545 HARRIS PKWY,184,sold,Sold 2025-02-05,Sold 2025-02-05 · 184 units · new owner may re-pick software,,,2025-02-05,,,,,,,,,,,Dallas–Fort Worth,Sold
tx,Solea Keller,Tarrant County,3661 KELLER HICKS RD,558,sold,Sold 2025-02-05,Sold 2025-02-05 · 558 units · new owner may re-pick software,,,2025-02-05,,,,,,,,,,,Dallas–Fort Worth,Sold
tx,1515 Rudel Dr 128,TOMBALL,1515 RUDEL DR 128,,sold,Sold 2025-02-04,Sold 2025-02-04 · to PUBLIC WELFARE INVESTMENTS HOLDCO LLC · new owner may re-pick software,,,2025-02-04,PUBLIC WELFARE INVESTMENTS HOLDCO LLC,,,,,https://download.hcad.org/data/CAMA/2026/Real_acct_owner.zip,,,,,Houston,Sold
tx,1903 Portsmouth St 29,HOUSTON,1903 PORTSMOUTH ST 29,,sold,Sold 2025-02-03,Sold 2025-02-03 · to CSC 1919 PORTSMOUTH REALTY LLC · new owner may re-pick software,,,2025-02-03,CSC 1919 PORTSMOUTH REALTY LLC,,,,,https://download.hcad.org/data/CAMA/2026/Real_acct_owner.zip,,,,,Houston,Sold
tx,3125 Crestdale Dr 546,HOUSTON,3125 CRESTDALE DR 546,,sold,Sold 2025-02-02,Sold 2025-02-02 · to EDCOUCH COMMUNITY HOUSING FINANCE · new owner may re-pick software,,,2025-02-02,EDCOUCH COMMUNITY HOUSING FINANCE,,,,,https://download.hcad.org/data/CAMA/2026/Real_acct_owner.zip,,,,,Houston,Sold
tx,201 Emerson St 20,HOUSTON,201 EMERSON ST 20,,sold,Sold 2025-01-28,Sold 2025-01-28 · to 201 EMERSON LLC · new owner may re-pick software,,,2025-01-28,201 EMERSON LLC,,,,,https://download.hcad.org/data/CAMA/2026/Real_acct_owner.zip,,,,,Houston,Sold
tx,8877 Frankway Dr 284,HOUSTON,8877 FRANKWAY DR 284,,sold,Sold 2025-01-28,Sold 2025-01-28 · to MAVERICK COUNTY HOUSING FINANCE CORP · new owner may re-pick software,,,2025-01-28,MAVERICK COUNTY HOUSING FINANCE CORP,,,,,https://download.hcad.org/data/CAMA/2026/Real_acct_owner.zip,,,,,Houston,Sold
tx,409 Travis St 274,HOUSTON,409 TRAVIS ST 274,,sold,Sold 2025-01-28,Sold 2025-01-28 · to HSC ARIS LLC ET AL · new owner may re-pick software,,,2025-01-28,HSC ARIS LLC ET AL,,,,,https://download.hcad.org/data/CAMA/2026/Real_acct_owner.zip,,,,,Houston,Sold
tx,Cottages at Summer Cree,Tarrant County,5400 MOUNTAIN BROOK LN,196,sold,Sold 2025-01-25,Sold 2025-01-25 · 196 units · new owner may re-pick software,,,2025-01-25,,,,,,,,,,,Dallas–Fort Worth,Sold
tx,2345 Bering Dr 264,HOUSTON,2345 BERING DR 264,,sold,Sold 2025-01-23,Sold 2025-01-23 · to PHOENICIAN MULTIFAMILY PARTNERS LP · new owner may re-pick software,,,2025-01-23,PHOENICIAN MULTIFAMILY PARTNERS LP,,,,,https://download.hcad.org/data/CAMA/2026/Real_acct_owner.zip,,,,,Houston,Sold
tx,6105 W Orem Dr 124,HOUSTON,6105 W OREM DR 124,,sold,Sold 2025-01-15,Sold 2025-01-15 · to CORINTHIAN VILLAGE HOLDINGS LLC · new owner may re-pick software,,,2025-01-15,CORINTHIAN VILLAGE HOLDINGS LLC,,,,,https://download.hcad.org/data/CAMA/2026/Real_acct_owner.zip,,,,,Houston,Sold
tx,700 Dunson Glen Dr 196,HOUSTON,700 DUNSON GLEN DR 196,,sold,Sold 2025-01-07,Sold 2025-01-07 · to LSF GTP HOUSTON LLC · new owner may re-pick software,,,2025-01-07,LSF GTP HOUSTON LLC,,,,,https://download.hcad.org/data/CAMA/2026/Real_acct_owner.zip,,,,,Houston,Sold
tx,2700 Westridge St 184,HOUSTON,2700 WESTRIDGE ST 184,,sold,Sold 2025-01-07,Sold 2025-01-07 · to LSF RPA HOUSTON LLC · new owner may re-pick software,,,2025-01-07,LSF RPA HOUSTON LLC,,,,,https://download.hcad.org/data/CAMA/2026/Real_acct_owner.zip,,,,,Houston,Sold
tx,2851 Wallingford Dr 182,HOUSTON,2851 WALLINGFORD DR 182,,sold,Sold 2025-01-07,Sold 2025-01-07 · to HG OAKS OF WESTCHASE LLC · new owner may re-pick software,,,2025-01-07,HG OAKS OF WESTCHASE LLC,,,,,https://download.hcad.org/data/CAMA/2026/Real_acct_owner.zip,,,,,Houston,Sold
tx,11119 Steeple Way Blvd 154,HOUSTON,11119 STEEPLE WAY BLVD 154,,sold,Sold 2025-01-07,Sold 2025-01-07 · to HPI STEEPLE LLC · new owner may re-pick software,,,2025-01-07,HPI STEEPLE LLC,,,,,https://download.hcad.org/data/CAMA/2026/Real_acct_owner.zip,,,,,Houston,Sold
tx,529 Barker Clodine Rd 302,HOUSTON,529 BARKER CLODINE RD 302,,sold,Sold 2025-01-03,Sold 2025-01-03 · to SYNC AT GREEN TRAILS OWNER LP · new owner may re-pick software,,,2025-01-03,SYNC AT GREEN TRAILS OWNER LP,,,,,https://download.hcad.org/data/CAMA/2026/Real_acct_owner.zip,,,,,Houston,Sold
tx,Ranch Three0Five,Tarrant County,251 E BARDIN RD,226,sold,Sold 2024-12-30,Sold 2024-12-30 · 226 units · new owner may re-pick software,,,2024-12-30,,,,,,,,,,,Dallas–Fort Worth,Sold
tx,Hampton Townhomes,Tarrant County,121 S HAMPTON RD,76,sold,Sold 2024-12-30,Sold 2024-12-30 · 76 units · new owner may re-pick software,,,2024-12-30,,,,,,,,,,,Dallas–Fort Worth,Sold
tx,7900 South Loop E 28,HOUSTON,7900 SOUTH LOOP E 28,,sold,Sold 2024-12-26,Sold 2024-12-26 · to GULFGATE OAKS APARTMENTS LLC · new owner may re-pick software,,,2024-12-26,GULFGATE OAKS APARTMENTS LLC,,,,,https://download.hcad.org/data/CAMA/2026/Real_acct_owner.zip,,,,,Houston,Sold
tx,13725 Cambury Dr 160,HOUSTON,13725 CAMBURY DR 160,,sold,Sold 2024-12-20,Sold 2024-12-20 · to AMG CITY VIEW APARTMENTS LLC · new owner may re-pick software,,,2024-12-20,AMG CITY VIEW APARTMENTS LLC,,,,,https://download.hcad.org/data/CAMA/2026/Real_acct_owner.zip,,,,,Houston,Sold
tx,11144 Fuqua St 240,HOUSTON,11144 FUQUA ST 240,,sold,Sold 2024-12-20,Sold 2024-12-20 · to ABC ALL BOUT CHILDREN INC · new owner may re-pick software,,,2024-12-20,ABC ALL BOUT CHILDREN INC,,,,,https://download.hcad.org/data/CAMA/2026/Real_acct_owner.zip,,,,,Houston,Sold
tx,1017 Skylark Rd 13,PASADENA,1017 SKYLARK RD 13,,sold,Sold 2024-12-19,Sold 2024-12-19 · to PALMS TOWNHOMES LLC · new owner may re-pick software,,,2024-12-19,PALMS TOWNHOMES LLC,,,,,https://download.hcad.org/data/CAMA/2026/Real_acct_owner.zip,,,,,Houston,Sold
tx,2700 S Dairy Ashford Rd 180,HOUSTON,2700 S DAIRY ASHFORD RD 180,,sold,Sold 2024-12-19,Sold 2024-12-19 · to ASHFORD PARK HWC PO LLC · new owner may re-pick software,,,2024-12-19,ASHFORD PARK HWC PO LLC,,,,,https://download.hcad.org/data/CAMA/2026/Real_acct_owner.zip,,,,,Houston,Sold
tx,150 Dominion Park Dr 843,HOUSTON,150 DOMINION PARK DR 843,,sold,Sold 2024-12-19,Sold 2024-12-19 · to TRAILS AT DOMINION PARK PROPERTY · new owner may re-pick software,,,2024-12-19,TRAILS AT DOMINION PARK PROPERTY,,,,,https://download.hcad.org/data/CAMA/2026/Real_acct_owner.zip,,,,,Houston,Sold
tx,Harlowe Apartments,Tarrant County,2525 STATE HWY 360,486,sold,Sold 2024-12-19,Sold 2024-12-19 · 486 units · new owner may re-pick software,,,2024-12-19,,,,,,,,,,,Dallas–Fort Worth,Sold
tx,3520 Nasa Road 1 125,SEABROOK,3520 NASA ROAD 1 125,,sold,Sold 2024-12-18,Sold 2024-12-18 · to APARTMENT FUND LLC · new owner may re-pick software,,,2024-12-18,APARTMENT FUND LLC,,,,,https://download.hcad.org/data/CAMA/2026/Real_acct_owner.zip,,,,,Houston,Sold
tx,14445 Wallisville Rd 168,HOUSTON,14445 WALLISVILLE RD 168,,sold,Sold 2024-12-18,Sold 2024-12-18 · to BOARDWALK DOVER POINTE LLC · new owner may re-pick software,,,2024-12-18,BOARDWALK DOVER POINTE LLC,,,,,https://download.hcad.org/data/CAMA/2026/Real_acct_owner.zip,,,,,Houston,Sold
tx,7900 Creekbend Dr 130,HOUSTON,7900 CREEKBEND DR 130,,sold,Sold 2024-12-18,Sold 2024-12-18 · to WINDSOR PARK 7 LLC · new owner may re-pick software,,,2024-12-18,WINDSOR PARK 7 LLC,,,,,https://download.hcad.org/data/CAMA/2026/Real_acct_owner.zip,,,,,Houston,Sold
tx,6301 Almeda Rd 320,HOUSTON,6301 ALMEDA RD 320,,sold,Sold 2024-12-18,Sold 2024-12-18 · to MAVERICK COUNTY HOUSING FINANCE CORP · new owner may re-pick software,,,2024-12-18,MAVERICK COUNTY HOUSING FINANCE CORP,,,,,https://download.hcad.org/data/CAMA/2026/Real_acct_owner.zip,,,,,Houston,Sold
tx,333 Normandy St 122,HOUSTON,333 NORMANDY ST 122,,sold,Sold 2024-12-18,Sold 2024-12-18 · to NORMANDY OWNER LLC · new owner may re-pick software,,,2024-12-18,NORMANDY OWNER LLC,,,,,https://download.hcad.org/data/CAMA/2026/Real_acct_owner.zip,,,,,Houston,Sold
tx,5740 San Felipe St 327,HOUSTON,5740 SAN FELIPE ST 327,,sold,Sold 2024-12-17,Sold 2024-12-17 · to HSR TANGLEWOOD LLC · new owner may re-pick software,,,2024-12-17,HSR TANGLEWOOD LLC,,,,,https://download.hcad.org/data/CAMA/2026/Real_acct_owner.zip,,,,,Houston,Sold
tx,4500 N Main St 68,HOUSTON,4500 N MAIN ST 68,,sold,Sold 2024-12-16,Sold 2024-12-16 · to 4500 N MAIN LLC · new owner may re-pick software,,,2024-12-16,4500 N MAIN LLC,,,,,https://download.hcad.org/data/CAMA/2026/Real_acct_owner.zip,,,,,Houston,Sold
tx,5400 Memorial Dr 112,HOUSTON,5400 MEMORIAL DR 112,,sold,Sold 2024-12-10,Sold 2024-12-10 · to FELL IN LOVE LLC · new owner may re-pick software,,,2024-12-10,FELL IN LOVE LLC,,,,,https://download.hcad.org/data/CAMA/2026/Real_acct_owner.zip,,,,,Houston,Sold
tx,2635 Tim St 84,HOUSTON,2635 TIM ST 84,,sold,Sold 2024-12-10,Sold 2024-12-10 · to NACHATTAR LLC · new owner may re-pick software,,,2024-12-10,NACHATTAR LLC,,,,,https://download.hcad.org/data/CAMA/2026/Real_acct_owner.zip,,,,,Houston,Sold
tx,100 Detering St 383,HOUSTON,100 DETERING ST 383,,sold,Sold 2024-12-09,Sold 2024-12-09 · to VIRAGE APARTMENTS OWNER LLC · new owner may re-pick software,,,2024-12-09,VIRAGE APARTMENTS OWNER LLC,,,,,https://download.hcad.org/data/CAMA/2026/Real_acct_owner.zip,,,,,Houston,Sold
tx,10919 Fondren Rd 346,HOUSTON,10919 FONDREN RD 346,,sold,Sold 2024-12-04,Sold 2024-12-04 · to WILLOWS APTS LLC · new owner may re-pick software,,,2024-12-04,WILLOWS APTS LLC,,,,,https://download.hcad.org/data/CAMA/2026/Real_acct_owner.zip,,,,,Houston,Sold
tx,2666 Marilee Ln 122,HOUSTON,2666 MARILEE LN 122,,sold,Sold 2024-12-03,Sold 2024-12-03 · to HERITAGE APARTMENTS PROPERTY OWNER LLC · new owner may re-pick software,,,2024-12-03,HERITAGE APARTMENTS PROPERTY OWNER LLC,,,,,https://download.hcad.org/data/CAMA/2026/Real_acct_owner.zip,,,,,Houston,Sold
tx,9465 Clearwood Dr 276,HOUSTON,9465 CLEARWOOD DR 276,,sold,Sold 2024-12-03,Sold 2024-12-03 · to BDS III TX CLEARWOOD VILLAS LLC RYAN MCGRATH · new owner may re-pick software,,,2024-12-03,BDS III TX CLEARWOOD VILLAS LLC RYAN MCGRATH,,,,,https://download.hcad.org/data/CAMA/2026/Real_acct_owner.zip,,,,,Houston,Sold
tx,905 Cypress Station Dr 448,HOUSTON,905 CYPRESS STATION DR 448,,sold,Sold 2024-12-02,Sold 2024-12-02 · to PECOS HOUSING FINANACE CORPORATION · new owner may re-pick software,,,2024-12-02,PECOS HOUSING FINANACE CORPORATION,,,,,https://download.hcad.org/data/CAMA/2026/Real_acct_owner.zip,,,,,Houston,Sold
tx,1907 Dismuke St 48,HOUSTON,1907 DISMUKE ST 48,,sold,Sold 2024-11-25,Sold 2024-11-25 · to TEAM CHUDECKE LONGHORN LLC · new owner may re-pick software,,,2024-11-25,TEAM CHUDECKE LONGHORN LLC,,,,,https://download.hcad.org/data/CAMA/2026/Real_acct_owner.zip,,,,,Houston,Sold
tx,6011 Dashwood Dr 71,HOUSTON,6011 DASHWOOD DR 71,,sold,Sold 2024-11-25,Sold 2024-11-25 · to FRIDA GARDEN HOUSE LLC · new owner may re-pick software,,,2024-11-25,FRIDA GARDEN HOUSE LLC,,,,,https://download.hcad.org/data/CAMA/2026/Real_acct_owner.zip,,,,,Houston,Sold
tx,6010 Dashwood Dr 14,HOUSTON,6010 DASHWOOD DR 14,,sold,Sold 2024-11-25,Sold 2024-11-25 · to FRIDA GARDEN LLC · new owner may re-pick software,,,2024-11-25,FRIDA GARDEN LLC,,,,,https://download.hcad.org/data/CAMA/2026/Real_acct_owner.zip,,,,,Houston,Sold
tx,807 Lehman St,HOUSTON,807 LEHMAN ST,,sold,Sold 2024-11-22,Sold 2024-11-22 · to LEHMAN DEVELOPMENT PARTNERS LLC · new owner may re-pick software,,,2024-11-22,LEHMAN DEVELOPMENT PARTNERS LLC,,,,,https://download.hcad.org/data/CAMA/2026/Real_acct_owner.zip,,,,,Houston,Sold
tx,13223 Champions Centre Dr 139,HOUSTON,13223 CHAMPIONS CENTRE DR 139,,sold,Sold 2024-11-21,Sold 2024-11-21 · to 13223 CHAMPIONS SPV LLC · new owner may re-pick software,,,2024-11-21,13223 CHAMPIONS SPV LLC,,,,,https://download.hcad.org/data/CAMA/2026/Real_acct_owner.zip,,,,,Houston,Sold
tx,4702 Mangum Rd 38,HOUSTON,4702 MANGUM RD 38,,sold,Sold 2024-11-19,Sold 2024-11-19 · to MANGUM PARTNERS LLC · new owner may re-pick software,,,2024-11-19,MANGUM PARTNERS LLC,,,,,https://download.hcad.org/data/CAMA/2026/Real_acct_owner.zip,,,,,Houston,Sold
tx,6919 Main St 483,HOUSTON,6919 MAIN ST 483,,sold,Sold 2024-11-19,"Sold 2024-11-19 · to LIFE TOWER OWNER LLC MONZER HOURANI, CEO · new owner may re-pick software",,,2024-11-19,"LIFE TOWER OWNER LLC MONZER HOURANI, CEO",,,,,https://download.hcad.org/data/CAMA/2026/Real_acct_owner.zip,,,,,Houston,Sold
tx,Forum At Grand Prairie,Tarrant County,2650 S FORUM DR,304,sold,Sold 2024-11-19,Sold 2024-11-19 · 304 units · new owner may re-pick software,,,2024-11-19,,,,,,,,,,,Dallas–Fort Worth,Sold
tx,8751 Broadway St 383,HOUSTON,8751 BROADWAY ST 383,,sold,Sold 2024-11-12,Sold 2024-11-12 · to VERDE APARTMENT PORTFOLIO ONE LLC · new owner may re-pick software,,,2024-11-12,VERDE APARTMENT PORTFOLIO ONE LLC,,,,,https://download.hcad.org/data/CAMA/2026/Real_acct_owner.zip,,,,,Houston,Sold
tx,8751 Broadway St 216,Harris County,8751 BROADWAY ST 216,,sold,Sold 2024-11-12,Sold 2024-11-12 · to VERDE APARTMENT PORTFOLIO ONE LLC · new owner may re-pick software,,,2024-11-12,VERDE APARTMENT PORTFOLIO ONE LLC,,,,,https://download.hcad.org/data/CAMA/2026/Real_acct_owner.zip,,,,,Rest of Texas,Sold
tx,8751 Broadway St 213,HOUSTON,8751 BROADWAY ST 213,,sold,Sold 2024-11-12,Sold 2024-11-12 · to VERDE APARTMENT PROTFOLIO ONE LLC · new owner may re-pick software,,,2024-11-12,VERDE APARTMENT PROTFOLIO ONE LLC,,,,,https://download.hcad.org/data/CAMA/2026/Real_acct_owner.zip,,,,,Houston,Sold
tx,8801 Glencrest St 322,HOUSTON,8801 GLENCREST ST 322,,sold,Sold 2024-11-12,Sold 2024-11-12 · to VERDE APARTMENT PROTFOLLIO ONE LLC · new owner may re-pick software,,,2024-11-12,VERDE APARTMENT PROTFOLLIO ONE LLC,,,,,https://download.hcad.org/data/CAMA/2026/Real_acct_owner.zip,,,,,Houston,Sold
tx,8900 Glencrest St 208,HOUSTON,8900 GLENCREST ST 208,,sold,Sold 2024-11-12,Sold 2024-11-12 · to VERDE APARTMENT PROTFOKIO ONE LLC · new owner may re-pick software,,,2024-11-12,VERDE APARTMENT PROTFOKIO ONE LLC,,,,,https://download.hcad.org/data/CAMA/2026/Real_acct_owner.zip,,,,,Houston,Sold
tx,8950 Glencrest St 212,HOUSTON,8950 GLENCREST ST 212,,sold,Sold 2024-11-12,Sold 2024-11-12 · to VERDE APARTMENT PORTFOLIO ONE LLC · new owner may re-pick software,,,2024-11-12,VERDE APARTMENT PORTFOLIO ONE LLC,,,,,https://download.hcad.org/data/CAMA/2026/Real_acct_owner.zip,,,,,Houston,Sold
tx,8950 Glencrest St 200,HOUSTON,8950 GLENCREST ST 200,,sold,Sold 2024-11-12,Sold 2024-11-12 · to VERDE APARTMENT PORTFOLIO ONE LLC · new owner may re-pick software,,,2024-11-12,VERDE APARTMENT PORTFOLIO ONE LLC,,,,,https://download.hcad.org/data/CAMA/2026/Real_acct_owner.zip,,,,,Houston,Sold
tx,8955 Broadway St 208,HOUSTON,8955 BROADWAY ST 208,,sold,Sold 2024-11-12,Sold 2024-11-12 · to VERDE APARTMENT PROTFOLIO ONE LLC · new owner may re-pick software,,,2024-11-12,VERDE APARTMENT PROTFOLIO ONE LLC,,,,,https://download.hcad.org/data/CAMA/2026/Real_acct_owner.zip,,,,,Houston,Sold
tx,6425 Westheimer Rd 798,HOUSTON,6425 WESTHEIMER RD 798,,sold,Sold 2024-11-11,Sold 2024-11-11 · to AD PALMS LLC · new owner may re-pick software,,,2024-11-11,AD PALMS LLC,,,,,https://download.hcad.org/data/CAMA/2026/Real_acct_owner.zip,,,,,Houston,Sold
tx,166 Winkler Dr 96,HOUSTON,166 WINKLER DR 96,,sold,Sold 2024-11-11,Sold 2024-11-11 · to AD WINKLER LLC · new owner may re-pick software,,,2024-11-11,AD WINKLER LLC,,,,,https://download.hcad.org/data/CAMA/2026/Real_acct_owner.zip,,,,,Houston,Sold
tx,810 Oak Ave,HOUSTON,810 OAK AVE,,sold,Sold 2024-11-11,Sold 2024-11-11 · to HCHFC LOST OAKS LANDOWNER LLC · new owner may re-pick software,,,2024-11-11,HCHFC LOST OAKS LANDOWNER LLC,,,,,https://download.hcad.org/data/CAMA/2026/Real_acct_owner.zip,,,,,Houston,Sold
tx,7035 Bellfort St 154,HOUSTON,7035 BELLFORT ST 154,,sold,Sold 2024-11-08,Sold 2024-11-08 · to SRB BELLFORT PLAZA LLC · new owner may re-pick software,,,2024-11-08,SRB BELLFORT PLAZA LLC,,,,,https://download.hcad.org/data/CAMA/2026/Real_acct_owner.zip,,,,,Houston,Sold
tx,1901 Lakeside Dr 132,SEABROOK,1901 LAKESIDE DR 132,,sold,Sold 2024-11-08,Sold 2024-11-08 · to RAVJ SEABROOK INFINITE PROPERTY SPE LLC · new owner may re-pick software,,,2024-11-08,RAVJ SEABROOK INFINITE PROPERTY SPE LLC,,,,,https://download.hcad.org/data/CAMA/2026/Real_acct_owner.zip,,,,,Houston,Sold
tx,13030 Northborough Dr 202,HOUSTON,13030 NORTHBOROUGH DR 202,,sold,Sold 2024-11-07,Sold 2024-11-07 · to FIDELITY BANK N A · new owner may re-pick software,,,2024-11-07,FIDELITY BANK N A,,,,,https://download.hcad.org/data/CAMA/2026/Real_acct_owner.zip,,,,,Houston,Sold
tx,13030 Northborough Dr 68,HOUSTON,13030 NORTHBOROUGH DR 68,,sold,Sold 2024-11-06,Sold 2024-11-06 · to FIDELITY BANK · new owner may re-pick software,,,2024-11-06,FIDELITY BANK,,,,,https://download.hcad.org/data/CAMA/2026/Real_acct_owner.zip,,,,,Houston,Sold
tx,6500 W 43Rd St 292,HOUSTON,6500 W 43RD ST 292,,sold,Sold 2024-11-05,Sold 2024-11-05 · to CITIBANK N A KEYBANK NATIONAL ASSOCIATION · new owner may re-pick software,,,2024-11-05,CITIBANK N A KEYBANK NATIONAL ASSOCIATION,,,,,https://download.hcad.org/data/CAMA/2026/Real_acct_owner.zip,,,,,Houston,Sold
tx,1640 Blalock Rd 115,HOUSTON,1640 BLALOCK RD 115,,sold,Sold 2024-11-01,Sold 2024-11-01 · to ELITE REALTY PARTNERS LLC · new owner may re-pick software,,,2024-11-01,ELITE REALTY PARTNERS LLC,,,,,https://download.hcad.org/data/CAMA/2026/Real_acct_owner.zip,,,,,Houston,Sold
tx,414 Marshall St 27,HOUSTON,414 MARSHALL ST 27,,sold,Sold 2024-10-31,Sold 2024-10-31 · to 414 MARSHALL STREET LP · new owner may re-pick software,,,2024-10-31,414 MARSHALL STREET LP,,,,,https://download.hcad.org/data/CAMA/2026/Real_acct_owner.zip,,,,,Houston,Sold
tx,4320 Leeland St 26,HOUSTON,4320 LEELAND ST 26,,sold,Sold 2024-10-30,Sold 2024-10-30 · to DJ PROPERTY INVESTMENTS LLC · new owner may re-pick software,,,2024-10-30,DJ PROPERTY INVESTMENTS LLC,,,,,https://download.hcad.org/data/CAMA/2026/Real_acct_owner.zip,,,,,Houston,Sold
tx,4055 S Braeswood Blvd 153,HOUSTON,4055 S BRAESWOOD BLVD 153,,sold,Sold 2024-10-29,Sold 2024-10-29 · to STAR BRAESWOOD APARTMENTS LLC · new owner may re-pick software,,,2024-10-29,STAR BRAESWOOD APARTMENTS LLC,,,,,https://download.hcad.org/data/CAMA/2026/Real_acct_owner.zip,,,,,Houston,Sold
tx,10575 Westpark Dr 156,HOUSTON,10575 WESTPARK DR 156,,sold,Sold 2024-10-24,Sold 2024-10-24 · to CR WESTPARK LLC · new owner may re-pick software,,,2024-10-24,CR WESTPARK LLC,,,,,https://download.hcad.org/data/CAMA/2026/Real_acct_owner.zip,,,,,Houston,Sold
tx,2121 Mid Ln 329,HOUSTON,2121 MID LN 329,,sold,Sold 2024-10-22,Sold 2024-10-22 · to GWL DIRECT 2121 MID LLC · new owner may re-pick software,,,2024-10-22,GWL DIRECT 2121 MID LLC,,,,,https://download.hcad.org/data/CAMA/2026/Real_acct_owner.zip,,,,,Houston,Sold
tx,6400 Washington Ave 198,HOUSTON,6400 WASHINGTON AVE 198,,sold,Sold 2024-10-16,Sold 2024-10-16 · to LCP MF111 MEMORIAL LLC · new owner may re-pick software,,,2024-10-16,LCP MF111 MEMORIAL LLC,,,,,https://download.hcad.org/data/CAMA/2026/Real_acct_owner.zip,,,,,Houston,Sold
tx,6401 Washington Ave,HOUSTON,6401 WASHINGTON AVE,,sold,Sold 2024-10-16,Sold 2024-10-16 · to LCP MFIII MEMORIAL LLC · new owner may re-pick software,,,2024-10-16,LCP MFIII MEMORIAL LLC,,,,,https://download.hcad.org/data/CAMA/2026/Real_acct_owner.zip,,,,,Houston,Sold
tx,1 N Atlantic St,BAYTOWN,1 N ATLANTIC ST,,sold,Sold 2024-10-15,Sold 2024-10-15 · to SMI BAYTOWN I LLC · new owner may re-pick software,,,2024-10-15,SMI BAYTOWN I LLC,,,,,https://download.hcad.org/data/CAMA/2026/Real_acct_owner.zip,,,,,Houston,Sold
tx,1000 Country Place Dr 169,HOUSTON,1000 COUNTRY PLACE DR 169,,sold,Sold 2024-10-14,Sold 2024-10-14 · to OURREA AMALFI LLC ET AL · new owner may re-pick software,,,2024-10-14,OURREA AMALFI LLC ET AL,,,,,https://download.hcad.org/data/CAMA/2026/Real_acct_owner.zip,,,,,Houston,Sold
tx,Ten Twelve West,Tarrant County,1014 W PIONEER PKWY,143,sold,Sold 2024-10-10,Sold 2024-10-10 · 143 units · new owner may re-pick software,,,2024-10-10,,,,,,,,,,,Dallas–Fort Worth,Sold
tx,The Biltmore Apts,Tarrant County,2300 MISTY RIDGE CIR,186,sold,Sold 2024-10-10,Sold 2024-10-10 · 186 units · new owner may re-pick software,,,2024-10-10,,,,,,,,,,,Dallas–Fort Worth,Sold
tx,Hendrix,Tarrant County,1625 CONSTITUTION PKWY,249,sold,Sold 2024-10-08,Sold 2024-10-08 · 249 units · new owner may re-pick software,,,2024-10-08,,,,,,,,,,,Dallas–Fort Worth,Sold
tx,10001 Mesa Dr,HOUSTON,10001 MESA DR,,sold,Sold 2024-10-03,Sold 2024-10-03 · to HCHFC MESA GARDENS LANDOWNER LLC · new owner may re-pick software,,,2024-10-03,HCHFC MESA GARDENS LANDOWNER LLC,,,,,https://download.hcad.org/data/CAMA/2026/Real_acct_owner.zip,,,,,Houston,Sold
tx,3500 Red Bluff Rd 308,PASADENA,3500 RED BLUFF RD 308,,sold,Sold 2024-10-02,Sold 2024-10-02 · to TPCG BEVERLY LLC · new owner may re-pick software,,,2024-10-02,TPCG BEVERLY LLC,,,,,https://download.hcad.org/data/CAMA/2026/Real_acct_owner.zip,,,,,Houston,Sold
tx,8585 Woodway Dr 190,HOUSTON,8585 WOODWAY DR 190,,sold,Sold 2024-10-01,Sold 2024-10-01 · to LION STONE CREEK LLC · new owner may re-pick software,,,2024-10-01,LION STONE CREEK LLC,,,,,https://download.hcad.org/data/CAMA/2026/Real_acct_owner.zip,,,,,Houston,Sold
tx,13502 Northborough Dr 240,HOUSTON,13502 NORTHBOROUGH DR 240,,sold,Sold 2024-09-30,Sold 2024-09-30 · to AD SAGO LLC · new owner may re-pick software,,,2024-09-30,AD SAGO LLC,,,,,https://download.hcad.org/data/CAMA/2026/Real_acct_owner.zip,,,,,Houston,Sold
tx,310 Berry Rd 94,HOUSTON,310 BERRY RD 94,,sold,Sold 2024-09-30,Sold 2024-09-30 · to OA HOUSTON HOLDINGS LP · new owner may re-pick software,,,2024-09-30,OA HOUSTON HOLDINGS LP,,,,,https://download.hcad.org/data/CAMA/2026/Real_acct_owner.zip,,,,,Houston,Sold
tx,2802 Westside Dr 40,PASADENA,2802 WESTSIDE DR 40,,sold,Sold 2024-09-27,Sold 2024-09-27 · to SDK WESTSIDE LLC · new owner may re-pick software,,,2024-09-27,SDK WESTSIDE LLC,,,,,https://download.hcad.org/data/CAMA/2026/Real_acct_owner.zip,,,,,Houston,Sold
tx,13718 Force St 32,HOUSTON,13718 FORCE ST 32,,sold,Sold 2024-09-27,Sold 2024-09-27 · to SDK FORCE LLC · new owner may re-pick software,,,2024-09-27,SDK FORCE LLC,,,,,https://download.hcad.org/data/CAMA/2026/Real_acct_owner.zip,,,,,Houston,Sold
tx,17011 East Fwy 100,CHANNELVIEW,17011 EAST FWY 100,,sold,Sold 2024-09-27,Sold 2024-09-27 · to STUDIOS AT CHANNELVIEW LLC % ALEX CARTWRIGHT762390 · new owner may re-pick software,,,2024-09-27,STUDIOS AT CHANNELVIEW LLC % ALEX CARTWRIGHT762390,,,,,https://download.hcad.org/data/CAMA/2026/Real_acct_owner.zip,,,,,Rest of Texas,Sold
tx,1215 Sawyer St 327,HOUSTON,1215 SAWYER ST 327,,sold,Sold 2024-09-26,Sold 2024-09-26 · to SAWYER YARDS HOLDCO LP · new owner may re-pick software,,,2024-09-26,SAWYER YARDS HOLDCO LP,,,,,https://download.hcad.org/data/CAMA/2026/Real_acct_owner.zip,,,,,Houston,Sold
tx,The Borough,Tarrant County,5700 BOCA RATON BLVD,208,sold,Sold 2024-09-26,Sold 2024-09-26 · 208 units · new owner may re-pick software,,,2024-09-26,,,,,,,,,,,Dallas–Fort Worth,Sold
tx,7850 Fm 1960 Rd E 141,HUMBLE,7850 FM 1960 RD E 141,,sold,Sold 2024-09-25,Sold 2024-09-25 · to 7850 FM1960 LP · new owner may re-pick software,,,2024-09-25,7850 FM1960 LP,,,,,https://download.hcad.org/data/CAMA/2026/Real_acct_owner.zip,,,,,Houston,Sold
tx,3030 Summer St 375,HOUSTON,3030 SUMMER ST 375,,sold,Sold 2024-09-23,Sold 2024-09-23 · to BREP SUMMER LLC · new owner may re-pick software,,,2024-09-23,BREP SUMMER LLC,,,,,https://download.hcad.org/data/CAMA/2026/Real_acct_owner.zip,,,,,Houston,Sold
tx,5600 Dancy Rd,HOUSTON,5600 DANCY RD,,sold,Sold 2024-09-19,Sold 2024-09-19 · to SPR SRE TANNER ROAD II OWNER LP C/O THE CARLYLE GROUP · new owner may re-pick software,,,2024-09-19,SPR SRE TANNER ROAD II OWNER LP C/O THE CARLYLE GROUP,,,,,https://download.hcad.org/data/CAMA/2026/Real_acct_owner.zip,,,,,Houston,Sold
tx,3415 Havenbrook Dr 152,HUMBLE,3415 HAVENBROOK DR 152,,sold,Sold 2024-09-16,Sold 2024-09-16 · to 3415 HAVENBROOK LP · new owner may re-pick software,,,2024-09-16,3415 HAVENBROOK LP,,,,,https://download.hcad.org/data/CAMA/2026/Real_acct_owner.zip,,,,,Houston,Sold
tx,24002 Colonial Pky,KATY,24002 COLONIAL PKY,,sold,Sold 2024-09-15,Sold 2024-09-15 · to BELLROCK MARKET STATION HOLDINGS LP · new owner may re-pick software,,,2024-09-15,BELLROCK MARKET STATION HOLDINGS LP,,,,,https://download.hcad.org/data/CAMA/2026/Real_acct_owner.zip,,,,,Houston,Sold
tx,Cityscape Arts Apts,Tarrant County,311 NICHOLS ST,57,sold,Sold 2024-09-13,Sold 2024-09-13 · 57 units · new owner may re-pick software,,,2024-09-13,,,,,,,,,,,Dallas–Fort Worth,Sold
tx,Point at Forest Hill,Tarrant County,3401 HERITAGE LN,52,sold,Sold 2024-09-11,Sold 2024-09-11 · 52 units · new owner may re-pick software,,,2024-09-11,,,,,,,,,,,Dallas–Fort Worth,Sold
tx,1017 Birdsong Dr 96,BAYTOWN,1017 BIRDSONG DR 96,,sold,Sold 2024-09-10,Sold 2024-09-10 · to BIRDSONG APARTMENTS LP % READ PROPERTY GROUP LLC · new owner may re-pick software,,,2024-09-10,BIRDSONG APARTMENTS LP % READ PROPERTY GROUP LLC,,,,,https://download.hcad.org/data/CAMA/2026/Real_acct_owner.zip,,,,,Houston,Sold
tx,The Sydney,Tarrant County,401 N STATE HWY 360,354,sold,Sold 2024-09-06,Sold 2024-09-06 · 354 units · new owner may re-pick software,,,2024-09-06,,,,,,,,,,,Dallas–Fort Worth,Sold
