Building,Address,City,State,Units,Stage,Opens,Sold,Buyer,Developer,Office phone,Management company,Contact source,Source,Source URL
Eastgrove,11611 Ferguson Rd,Dallas,Texas,656,sold,,2025-08-15,Dallas Gpa I LLC &,,,,,Dallas County records (search by address),https://www.dallascad.org/SearchAddr.aspx
The Reid,"2617 Hawco Dr, Grand Prairie",Grand Prairie,Texas,642,permitted,,,,,,,,Tarrant County commercial records (ZIP),https://www.tad.org/content/data-download/2025CommPermits.zip
Grand At Legacy West Apartments,6080 Water St,Plano,Texas,621,sold,,2025-04-28,Lw Owner 1 LLC,,,,,Texas county property records,https://data.texas.gov/d/5tkr-3759
Oak Park,"1350 N Main St, Euless",Euless,Texas,608,permitted,,,,,,,,Tarrant County commercial records (ZIP),https://www.tad.org/content/data-download/2025CommPermits.zip
Camden Riverwalk Apts,"3800 Grapevine Mills Pkwy, Grapevine",Grapevine,Texas,600,permitted,,,,,,,,Tarrant County commercial records (ZIP),https://www.tad.org/content/data-download/2026CommPermits.zip
Parks At Treepoint Apts,"6601 Treepoint Dr, Arlington",Arlington,Texas,586,permitted,,,,,,,,Tarrant County commercial records (ZIP),https://www.tad.org/content/data-download/2026CommPermits.zip
Solea Keller,3661 Keller Hicks Rd,Tarrant County,Texas,558,sold,,2025-02-05,,,,,,Tarrant County commercial records (ZIP),https://www.tad.org/content/data-download/2026CommImprovedSales.zip
The National (324 Units),1401 Elm St,Dallas,Texas,543,sold,,2026-02-03,1401 Elm Street LLC,,(469) 638-8137,,https://www.thenationalresidences.com/contact-us/ (2026-09-26),Dallas County records (search by address),https://www.dallascad.org/SearchAddr.aspx
6500 South,6500 S Cockrell Hill Rd,Dallas,Texas,536,sold,,2025-04-03,Pecos Housing Finance Corporation,,,,,Dallas County records (search by address),https://www.dallascad.org/SearchAddr.aspx
Hastings End Apartment,9800 Harpers Ln,Dallas,Texas,499,sold,,2025-04-03,Epc Soune2 LLC,,,,,Dallas County records (search by address),https://www.dallascad.org/SearchAddr.aspx
Dakota In The Village,6550 Shady Brook Ln,Dallas,Texas,496,sold,,2024-12-26,Pcv Dakota LLC,,,,,Dallas County records (search by address),https://www.dallascad.org/SearchAddr.aspx
The Logan,"1400 Sierra Springs, Bedford",Bedford,Texas,490,permitted,,,,,,,,Tarrant County commercial records (ZIP),https://www.tad.org/content/data-download/2026CommPermits.zip
Harlowe Apartments,2525 State Hwy 360,Tarrant County,Texas,486,sold,,2024-12-19,,,,,,Tarrant County commercial records (ZIP),https://www.tad.org/content/data-download/2026CommImprovedSales.zip
The Emerson,9900 Adleta Blvd,Dallas,Texas,486,sold,,2025-05-19,Pecos Housing Finance,,,,,Dallas County records (search by address),https://www.dallascad.org/SearchAddr.aspx
23Hundred @ Ridgeview,2300 Kathryn Ln,Plano,Texas,480,sold,,2025-06-26,Ch Realty X Mf Plano 23 Hundred LP,,,,,Texas county property records,https://data.texas.gov/d/5tkr-3759
Ventura Apts,"2601 Furrs St, Arlington",Arlington,Texas,476,permitted,,,,,,,,Tarrant County commercial records (ZIP),https://www.tad.org/content/data-download/2025CommPermits.zip
Morgan Apts,"1800 Oak Creek Ln, Bedford",Bedford,Texas,464,permitted,,,,,,,,Tarrant County commercial records (ZIP),https://www.tad.org/content/data-download/2026CommPermits.zip
Village Hill,6541 Shady Brook Ln,Dallas,Texas,454,sold,,2024-12-23,Pcv Hill LLC,,,,,Dallas County records (search by address),https://www.dallascad.org/SearchAddr.aspx
Bexley Grapevine,"3535 Bluffs Ln, Grapevine",Grapevine,Texas,450,permitted,,,,,,,,Tarrant County commercial records (ZIP),https://www.tad.org/content/data-download/2026CommPermits.zip
Maa Grapevine,"2100 Grayson Dr, Grapevine",Grapevine,Texas,449,permitted,,,,,,,,Tarrant County commercial records (ZIP),https://www.tad.org/content/data-download/2025CommPermits.zip
Amp At The Grid,"765 Polk Dr, Arlington",Arlington,Texas,446,permitted,,,,,,,,Tarrant County commercial records (ZIP),https://www.tad.org/content/data-download/2025CommPermits.zip
Legacy Arapaho,"250 E Arapaho Road, Richardson, TX 75081",Richardson,Texas,443,permitted,2028-11-01,,,,,Legacy Partners (developer; opens ~Nov 2028 so no leasing office yet),https://communityimpact.com/richardson/government/443-unit-apartment-complex-approved-by-richardson-city-council/ (2026-09-26),News,https://communityimpact.com/richardson/government/443-unit-apartment-complex-approved-by-richardson-city-council/
Imt Prestonwood,15480 Dallas Pkwy,Dallas,Texas,438,sold,,2026-02-05,Imp Addison LP,,(469) 829-6514,IMT Residential,https://www.apartments.com/imt-prestonwood-dallas-tx/kvrh35c/ (2026-09-26),Dallas County records (search by address),https://www.dallascad.org/SearchAddr.aspx
Jefferson Promenade II,515 Promenade Pkwy,Irving,Texas,433,sold,,2024-12-16,Pecos Housing Finance Corp,,,,,Dallas County records (search by address),https://www.dallascad.org/SearchAddr.aspx
Innova,2781 N Carroll Ave,Dallas,Texas,430,sold,,2024-12-06,Pecos Housing Finance Corp,,,,,Dallas County records (search by address),https://www.dallascad.org/SearchAddr.aspx
Lakeside At Northpark,9600 Golf Lakes Trl,Dallas,Texas,424,sold,,2025-12-15,Lakeside 3Pp LLC,,(214) 361-9235,AWM Management,https://lakesidedallas.com/contact (2026-09-26),Dallas County records (search by address),https://www.dallascad.org/SearchAddr.aspx
801 Lasco,801 Lake Carolyn Pkwy,Irving,Texas,422,sold,,2024-12-23,Sam 801 Lasco Owner LLC,,,,,Dallas County records (search by address),https://www.dallascad.org/SearchAddr.aspx
Everra Midtown Park,8240 Meadow Rd,Dallas,Texas,422,sold,,2025-04-16,8250 North Meadow Owner LLC &,,,,,Dallas County records (search by address),https://www.dallascad.org/SearchAddr.aspx
Vantage At Spring Creek,2810 Routh Creek Pkwy,Richardson,Texas,420,sold,,2026-06-11,Trea Routh Creek TX Owner LP,,(214) 575-2810,Bell Partners,https://www.apartments.com/vantage-at-spring-creek-richardson-tx/xscjmsm/ (2026-09-26),Texas county property records,https://data.texas.gov/d/5tkr-3759
The Everly,9340 Skillman St,Dallas,Texas,420,sold,,2025-05-19,Pecos Housing Finance,,,,,Dallas County records (search by address),https://www.dallascad.org/SearchAddr.aspx
Belclaire,5600 Smu Blvd,Dallas,Texas,417,sold,,2024-12-26,Ch Realty Xknightvest Mf,,,,,Dallas County records (search by address),https://www.dallascad.org/SearchAddr.aspx
Kendrick,7324 Skillman St,Dallas,Texas,405,sold,,2025-04-02,Pecos Housing Finance Corp,,,,,Dallas County records (search by address),https://www.dallascad.org/SearchAddr.aspx
Riachi At One 21 Apartments,9600 Coit Rd,Plano,Texas,402,sold,,,Mfrevf V - Plano LP,,,,,Texas county property records,https://data.texas.gov/d/5tkr-3759
Twelve 6 Ten At The Park,12610 Jupiter Rd,Dallas,Texas,402,sold,,2026-06-04,Parlex 18 Finco LLC,,855-914-5089,Live BH,https://www.birchaptsliving.com/ (2026-09-26),Dallas County records (search by address),https://www.dallascad.org/SearchAddr.aspx
Jefferson Prairie Park,"5681 Sycamore School Rd, Fort Worth",Fort Worth,Texas,401,permitted,,,,,,,,Tarrant County commercial records (ZIP),https://www.tad.org/content/data-download/2026CommPermits.zip
Hazel By The Galleria,13100 Noel Rd,Dallas,Texas,398,sold,,2025-12-02,13100 Noel Road Partners LLC,,(972) 640-9230,,https://www.rentcafe.com/apartments/tx/dallas/hazel-by-the-galleria/default.aspx (2026-09-26),Dallas County records (search by address),https://www.dallascad.org/SearchAddr.aspx
Peridot,1601 Elm St,Dallas,Texas,396,under construction,,,,,,,,Dallas County records (search by address),https://www.dallascad.org/SearchAddr.aspx
The Grove At La Frontera,"8150 S Collins St, Arlington",Arlington,Texas,396,permitted,,,,,,,,Tarrant County commercial records (ZIP),https://www.tad.org/content/data-download/2026CommPermits.zip
Mockingbird Station East Phase 2 Multifamily,5399 Twin Sixties Dr,Dallas,Texas,395,under construction,2027-07-23,,,Trammell Crow Company,(806) 224-3380,,,State project record,https://www.tdlr.texas.gov/TABS/Search/Project/TABS2025017840
Apartments,110 Continental Ave,Dallas,Texas,394,sold,,2024-12-05,Riverfront Residential II LP,,,,,Dallas County records (search by address),https://www.dallascad.org/SearchAddr.aspx
Dane Park Grapevine,"2701 N Grapevine Mills Blvd, Grapevine",Grapevine,Texas,392,permitted,,,,,,,,Tarrant County commercial records (ZIP),https://www.tad.org/content/data-download/2026CommPermits.zip
390-unit project at 2520 N Central Expressway,"2520 N Central Expressway, Richardson, TX",Richardson,Texas,390,planned,,,,,,,,News,https://communityimpact.com/richardson/development/rezoning-for-richardson-apartment-building-along-us-75-glenville-drive-approved/
Northbridge In The Village I Phase 2,8603 Southwestern Blvd,Dallas,Texas,390,sold,,2024-12-23,Pcv Northbridge LLC,,,,,Dallas County records (search by address),https://www.dallascad.org/SearchAddr.aspx
The Dayton,6000 Ohio Dr,Plano,Texas,389,sold,,2025-04-01,Pecos Housing Finance Corporation,,,,,Texas county property records,https://data.texas.gov/d/5tkr-3759
Ardan,2901 Blackburn,Dallas,Texas,389,sold,,2026-04-01,Kv Ardan Apartment LLC,,(469) 862-0100,Mill Creek Residential,https://www.ardanapts.com/ (2026-09-26),Dallas County records (search by address),https://www.dallascad.org/SearchAddr.aspx
Lakes In The Village,8610 Southwestern Blvd,Dallas,Texas,388,sold,,2024-12-23,Pcv Lakes LLC,,,,,Dallas County records (search by address),https://www.dallascad.org/SearchAddr.aspx
Pctc Alexander Apartments,"1725 E Broad St, Mansfield",Mansfield,Texas,388,permitted,,,,,,,,Tarrant County commercial records (ZIP),https://www.tad.org/content/data-download/2026CommPermits.zip
Promenade At Las Colinas,555 Promenade Pkwy,Irving,Texas,387,sold,,2025-11-25,Kre Lc Promenade LLC,,(469) 557-4570,RPM Living,https://www.promenadelascolinas.com/contactus (2026-09-26),Dallas County records (search by address),https://www.dallascad.org/SearchAddr.aspx
Alexan Cathedral Arts Apts,5088 Ross Ave,Dallas,Texas,386,sold,,2025-03-13,Midamerica Apartments LP,,,,,Dallas County records (search by address),https://www.dallascad.org/SearchAddr.aspx
The Caroline Eastside,"1735 N. Greenville Ave, Richardson, TX",Richardson,Texas,384,under construction,,,,,,,,News,https://communityimpact.com/richardson/development/eastside-apartment-expansion-underway-in-richardson/
The Manchester,"100 Manchester Dr, Euless",Euless,Texas,384,permitted,,,,,,,,Tarrant County commercial records (ZIP),https://www.tad.org/content/data-download/2025CommPermits.zip
3700 M West Village,3700 Mckinney Ave,Dallas,Texas,381,sold,,2025-08-11,Usl 3700M Owner LLC,,,,,Dallas County records (search by address),https://www.dallascad.org/SearchAddr.aspx
Creekside At Legacy Apartments,6300 Windcrest Dr,Plano,Texas,380,sold,,2024-09-26,Key Creekside LLC,,,,,Texas county property records,https://data.texas.gov/d/5tkr-3759
Emblem Ravine,3500 W Colorado Blvd,Dallas,Texas,372,sold,,2025-05-27,Qmv III Canyon Phase I Holdings LP,,,,,Dallas County records (search by address),https://www.dallascad.org/SearchAddr.aspx
South Pointe,12660 Jupiter Rd,Dallas,Texas,372,sold,,2026-02-04,"Rss Sgcms2016-C5-Tx Cs, LLC",,(469) 518-9993,American Landmark,https://www.southpointeapthomes.com/Contact.aspx (2026-09-26),Dallas County records (search by address),https://www.dallascad.org/SearchAddr.aspx
Cortland Las Colinas,655 Promenade Pky,Irving,Texas,371,sold,,2026-01-21,Crp/Rpm Las Colinas Owners LP,,(972) 833-8343,Cortland,https://www.har.com/cortland-las-colinas-irving-tx/apartment_2831B (2026-09-26),Dallas County records (search by address),https://www.dallascad.org/SearchAddr.aspx
(45% Complete) The Gilman,200 John W Carpenter Fwy,Irving,Texas,370,sold,,2024-12-20,Gilman Owner LLC The,,,,,Dallas County records (search by address),https://www.dallascad.org/SearchAddr.aspx
Village Park,5349 Amesbury Dr,Dallas,Texas,368,sold,,2024-12-23,Pcv Park LLC,,,,,Dallas County records (search by address),https://www.dallascad.org/SearchAddr.aspx
Peregrine,6001 Love Dr,Irving,Texas,364,sold,,2026-03-16,Kw Peregrine Owner LLC,,(214) 241-1096,Willow Bridge Property Co,https://www.willowbridgepc.com/properties/peregrine-irving-texas (2026-09-26),Dallas County records (search by address),https://www.dallascad.org/SearchAddr.aspx
The Culbreath,2770 Bethurum Ave.,Dallas,Texas,364,planned,,,,,,,,Texas housing tax-credit inventory (XLSX),https://www.tdhca.texas.gov/sites/default/files/multifamily/docs/HTCPropertyInventory_2.xlsx
360-unit project in downtown Plano,,Plano,Texas,360,planned,,,,,,,,News,https://communityimpact.com/plano/government/plano-commission-approves-new-site-plan-for-360-apartment-project-in-downtown-plano/
Birchstone Cedar Ridge,6165 Ridge Center Dr,Dallas,Texas,360,sold,,2025-11-10,Birchstone Cedar Ridge LLC,,972-573-6201,Birchstone Residential,https://www.birchstonecedarridge.com/ (2026-09-26),Dallas County records (search by address),https://www.dallascad.org/SearchAddr.aspx
Midtown At Cedar Hill Apartment,365 Uptown Blvd,Cedar Hill,Texas,354,sold,,2025-10-17,Centennial Cedar Hill LLC,,(469) 382-5471,,https://www.apartments.com/midtown-cedar-hill-cedar-hill-tx/ewx3jcn/ (2026-09-26),Dallas County records (search by address),https://www.dallascad.org/SearchAddr.aspx
The Sydney,401 N State Hwy 360,Tarrant County,Texas,354,sold,,2024-09-06,,,,,,Tarrant County commercial records (ZIP),https://www.tad.org/content/data-download/2026CommImprovedSales.zip
Victory Place,1701 Payne St,Dallas,Texas,354,sold,,2024-09-17,TX Victory Place Apts LLC,,,,,Dallas County records (search by address),https://www.dallascad.org/SearchAddr.aspx
The Boheme Apartments,1222 N Beckley Ave,Dallas,Texas,352,sold,,2026-03-27,Fenix TX Owner LP,,,,,Dallas County records (search by address),https://www.dallascad.org/SearchAddr.aspx
351-unit project at 4701 W Park Blvd,"4701 W Park Blvd, Plano, TX",Plano,Texas,351,planned,,,,,,,,City filing,https://content.civicplus.com/api/assets/ac54ba65-bc6a-4347-92d9-239d91767bd3
Axis 110,110 W Cityline Dr,Richardson,Texas,351,sold,,2025-12-01,Areit Dallas Cityline LLC,,(855) 442-2361,LKZ Management,https://axis110.com/contact/ (2026-09-26),Texas county property records,https://data.texas.gov/d/5tkr-3759
Terrell Apartments,1010 Rose Hill Rd,Terrell,Texas,350,under construction,2028-05-01,,,"Terrell Leased Housing Associates I, LP",(214) 971-8747,,,State project record,https://www.tdlr.texas.gov/TABS/Search/Project/TABS2026009904
Grapevine Twenty Four 99,"3601 Grapevine Mills Pkwy, Grapevine",Grapevine,Texas,348,permitted,,,,,,,,Tarrant County commercial records (ZIP),https://www.tad.org/content/data-download/2025CommPermits.zip
Kade,3301 Hudnall St,Dallas,Texas,348,sold,,2025-05-16,Pecos Housing Finance Corp,,,,,Dallas County records (search by address),https://www.dallascad.org/SearchAddr.aspx
Ptct Ennova Highlands Apts,"451 Highlander Blvd, Arlington",Arlington,Texas,348,permitted,,,,,,,,Tarrant County commercial records (ZIP),https://www.tad.org/content/data-download/2026CommPermits.zip
The Wyatt At Presidio Junction,2301 Presidio Vista Dr,Tarrant County,Texas,348,sold,,2025-02-26,,,,,,Tarrant County commercial records (ZIP),https://www.tad.org/content/data-download/2026CommImprovedSales.zip
Legends At Chase Oaks Apartments,701 Legacy Dr,Plano,Texas,346,sold,,2025-09-29,701 Legacy Drive Spe LLC,,(972) 527-6510,Willow Bridge Property Co,https://www.willowbridgepc.com/properties/legends-at-chase-oaks-plano-tx (2026-09-26),Texas county property records,https://data.texas.gov/d/5tkr-3759
Fusion Fort Worth Apts,"5709 E Belknap St, Haltom City",Haltom City,Texas,346,permitted,,,,,,,,Tarrant County commercial records (ZIP),https://www.tad.org/content/data-download/2025CommPermits.zip
The Caroline,1400 W Commerce St,Dallas,Texas,344,sold,,2024-12-06,Dallas Public Facility,,,,,Dallas County records (search by address),https://www.dallascad.org/SearchAddr.aspx
Wildwood Creek Apts,"820 Dove Loop Rd, Grapevine",Grapevine,Texas,344,permitted,,,,,,,,Tarrant County commercial records (ZIP),https://www.tad.org/content/data-download/2025CommPermits.zip
Tides On Park Lane,8780 Park Ln,Dallas,Texas,343,sold,,2025-03-10,Cameron County Housing,,,,,Dallas County records (search by address),https://www.dallascad.org/SearchAddr.aspx
Maple District Lofts,5415 Maple Ave,Dallas,Texas,342,sold,,2026-03-17,Areit Dallas Maple District LLC,,(945) 262-7924,Bell Partners,https://bellpartnersinc.com/properties/maple-district-lofts/ (2026-09-26),Dallas County records (search by address),https://www.dallascad.org/SearchAddr.aspx
Imt Lakeshore Lofts At Las Colinas,800 Lake Carolyn Pkwy,Irving,Texas,341,sold,,2024-12-13,Bcm Atlantic Lakeshore Lofts,,,,,Dallas County records (search by address),https://www.dallascad.org/SearchAddr.aspx
Shoreline On Lake Carolyn (Abatement),1050 Lake Carolyn Pky,Irving,Texas,341,sold,,2024-12-18,Htjd Las Colinas Property,,,,,Dallas County records (search by address),https://www.dallascad.org/SearchAddr.aspx
Essence On Maple,2626 Throckmorton St,Dallas,Texas,340,sold,,2024-09-24,2626 Throckmorton LP,,,,,Dallas County records (search by address),https://www.dallascad.org/SearchAddr.aspx
Skyline Farmers Market,835 S Good Latimer Expy,Dallas,Texas,340,sold,,2025-07-31,TX Skyline Farmers Market LLC,,,,,Dallas County records (search by address),https://www.dallascad.org/SearchAddr.aspx
The Beckley,111 Morgan Ave,Dallas,Texas,340,sold,,2025-05-02,Beckley Property Owner LP,,,,,Dallas County records (search by address),https://www.dallascad.org/SearchAddr.aspx
Tides at Eastchase,"8900 Randol Mill Rd, Fort Worth",Fort Worth,Texas,340,permitted,,,,,,,,Tarrant County commercial records (ZIP),https://www.tad.org/content/data-download/2025CommPermits.zip
The Buckley,"600 Kissimmee Drive, Plano, TX",Plano,Texas,338,leasing,,,,,,,,News,https://candysdirt.com/2026/08/07/the-buckley-adds-338-apartments-to-planos-reworked-heritage-creekside/
Transwestern Merrimac - Building A,2953 Merrimac Park Pl,Fort Worth,Texas,337,permitted,,,,,,,,City of Fort Worth development permits,https://www.arcgis.com/home/item.html?id=d2740f4d746b4bfaa03e25de0376238b
Lana (Ecu) Phase 1,14332 Montfort Dr,Dallas,Texas,336,sold,,2025-05-19,La Villa Housing Finance Corp,,,,,Dallas County records (search by address),https://www.dallascad.org/SearchAddr.aspx
Red River Ranch Apts,"2625 N State Hwy 360, Grand Prairie",Grand Prairie,Texas,336,permitted,,,,,,,,Tarrant County commercial records (ZIP),https://www.tad.org/content/data-download/2025CommPermits.zip
Resia Dallas West,5050 Keeneland Pkwy,Dallas,Texas,336,sold,,2025-07-01,Rpmi 5050 Keeneland Pkwy,,,,,Dallas County records (search by address),https://www.dallascad.org/SearchAddr.aspx
The Bend East In The Village (Ecu),6061 Village Bend Dr,Dallas,Texas,336,sold,,2024-12-23,Pcv Bend East LLC,,,,,Dallas County records (search by address),https://www.dallascad.org/SearchAddr.aspx
Three60 North Apts,"1450 N State Hwy 360, Grand Prairie",Grand Prairie,Texas,336,permitted,,,,,,,,Tarrant County commercial records (ZIP),https://www.tad.org/content/data-download/2025CommPermits.zip
Gables Uptown Trails,2525 Carlisle St,Dallas,Texas,334,sold,,2025-12-22,2525 Carlisle LP,,(214) 871-2525,Gables Residential,https://www.rentcafe.com/apartments/tx/dallas/gables-uptown-trail/default.aspx (2026-09-26),Dallas County records (search by address),https://www.dallascad.org/SearchAddr.aspx
Regency at Ridgmar,"2500 Ridgmar Blvd, Fort Worth",Fort Worth,Texas,332,permitted,,,,,,,,Tarrant County commercial records (ZIP),https://www.tad.org/content/data-download/2026CommPermits.zip
The Abbott,4599 W Davis St,Dallas,Texas,332,sold,,2025-05-15,Pecos Housing Finance Corp,,,,,Dallas County records (search by address),https://www.dallascad.org/SearchAddr.aspx
Tides On Woodhaven,"807 Heights Dr, Fort Worth",Fort Worth,Texas,332,permitted,,,,,,,,Tarrant County commercial records (ZIP),https://www.tad.org/content/data-download/2026CommPermits.zip
Skye Apts Of Turtle Creek,2217 Ivan St,Dallas,Texas,331,sold,,2025-01-23,Ag Kvc Tc Property Owner LLC,,,,,Dallas County records (search by address),https://www.dallascad.org/SearchAddr.aspx
Amli Escena Apartments,6401 Escena Blvd,Irving,Texas,330,sold,,2026-06-12,Rp 4 Las Colinas Owner LLC,,(855) 433-1218,AMLI Residential,https://www.amli.com/apartments/dallas/las-colinas-apartments/amli-at-escena/contact (2026-09-26),Dallas County records (search by address),https://www.dallascad.org/SearchAddr.aspx
Eastline,6080 N Central Expy,Dallas,Texas,330,sold,,2026-02-19,Eastline Dallas LLC &,,(469) 423-9152,Westminster Management,https://www.eastlineresidences.com/ (2026-09-26),Dallas County records (search by address),https://www.dallascad.org/SearchAddr.aspx
The Gateway at Trinity Forest,2050 Dowdy Ferry Rd,Dallas,Texas,330,planned,,,,,,,,Texas housing tax-credit inventory (XLSX),https://www.tdhca.texas.gov/sites/default/files/multifamily/docs/HTCPropertyInventory_2.xlsx
Centreport Landing,"14301 Statler Ct, Fort Worth",Fort Worth,Texas,328,permitted,,,,,,,,Tarrant County commercial records (ZIP),https://www.tad.org/content/data-download/2026CommPermits.zip
Tides On Espereanza,13352 Esperanza Rd,Dallas,Texas,328,sold,,2025-07-03,Clarius Esperanza Owner LLC,,,,,Dallas County records (search by address),https://www.dallascad.org/SearchAddr.aspx
(91% Complete) Flynn @ Live Oak,4931 Live Oak St,Dallas,Texas,327,under construction,,,,,,,,Dallas County records (search by address),https://www.dallascad.org/SearchAddr.aspx
The Ludlow,601 Belpree Dr,Plano,Texas,326,sold,,,Heritage Creekside Block B Owner LLC,,,,,Texas county property records,https://data.texas.gov/d/5tkr-3759
Lana (Ecu) Phase 2,5711 Preston Oaks Rd,Dallas,Texas,326,sold,,2025-05-19,La Villa Housing Finance Corp,,,,,Dallas County records (search by address),https://www.dallascad.org/SearchAddr.aspx
The Marion,9750 Forest Ln,Dallas,Texas,326,sold,,2024-12-31,Pecos Housing Finance Corp,,,,,Dallas County records (search by address),https://www.dallascad.org/SearchAddr.aspx
Heights At Park Lane,8110 Park Ln,Dallas,Texas,325,sold,,2026-01-02,Aspire Park Ln LP,,,Willow Bridge Property Co,https://www.willowbridgepc.com/properties/heights-at-park-lane-dallas-tx (2026-09-26),Dallas County records (search by address),https://www.dallascad.org/SearchAddr.aspx
Mylo Apartment Homes,"6500 Hulen Bend Blvd, Fort Worth",Fort Worth,Texas,325,permitted,,,,,,,,Tarrant County commercial records (ZIP),https://www.tad.org/content/data-download/2026CommPermits.zip
Mcdermott Place Apartments,8900 Independence Pkwy,Plano,Texas,324,sold,,,Heitman Credit Acquisition Xl LP,,,,,Texas county property records,https://data.texas.gov/d/5tkr-3759
4123 Cedar Springs,4123 Cedar Springs Rd,Dallas,Texas,324,sold,,2025-07-01,Cmtg Wf Finance LLC,,,,,Dallas County records (search by address),https://www.dallascad.org/SearchAddr.aspx
Constellation Ranch Apts,"500 W Loop 820 S, Fort Worth",Fort Worth,Texas,324,permitted,,,,,,,,Tarrant County commercial records (ZIP),https://www.tad.org/content/data-download/2026CommPermits.zip
Hanover Turtle Creek Phase 2,2555 Turtle Creek Blvd,Dallas,Texas,324,under construction,,,,,,,,Dallas County records (search by address),https://www.dallascad.org/SearchAddr.aspx
Trailwinds Grapevine,"4501 State Hwy 360, Grapevine",Grapevine,Texas,324,permitted,,,,,,,,Tarrant County commercial records (ZIP),https://www.tad.org/content/data-download/2026CommPermits.zip
Spring Hill East,3200 Hamilton Ave,Fort Worth,Texas,322,permitted,,,,,,,,City of Fort Worth development permits,https://www.arcgis.com/home/item.html?id=d2740f4d746b4bfaa03e25de0376238b
Upper Eastside In The Village,8749 Southwestern Blvd,Dallas,Texas,322,sold,,2024-12-26,Pcv Upper East Side LLC,,,,,Dallas County records (search by address),https://www.dallascad.org/SearchAddr.aspx
Valley Oaks,"101 E Pipeline Rd, Hurst",Hurst,Texas,322,permitted,,,,,,,,Tarrant County commercial records (ZIP),https://www.tad.org/content/data-download/2026CommPermits.zip
Hawke Apt Homes,4525 W Pioneer Dr,Irving,Texas,320,sold,,2026-06-04,Stonelex I 3 LLC,,855-714-7750,Ashland Greene (AG Living),https://hawkeliving.com/ (2026-09-26),Dallas County records (search by address),https://www.dallascad.org/SearchAddr.aspx
The Carolyn,900 Lake Carolyn Pkwy,Irving,Texas,319,sold,,2025-12-29,Crp Wop Tblc Owner LP,,(214) 646-1788,Lincoln Property Group,https://livethecarolyn.com/ (2026-09-26),Dallas County records (search by address),https://www.dallascad.org/SearchAddr.aspx
Park Residences Plano,1109 Park Vista Rd,Plano,Texas,318,sold,,2026-03-12,Park Residences Plano West LLC,,(469) 250-7765,,https://www.parkresidences-plano.com/ (2026-09-26),Texas county property records,https://data.texas.gov/d/5tkr-3759
Teak At The Branch,4601 Amesbury Dr,Dallas,Texas,316,sold,,2025-05-19,La Villa Housing Finance Corp,,,,,Dallas County records (search by address),https://www.dallascad.org/SearchAddr.aspx
(56% Vacant) The Bernard,11991 Audelia Rd,Dallas,Texas,314,sold,,2026-04-08,Oconee Reat Estate Holdings Xix,,(469) 727-6226,Roscoe Properties,https://www.thebernardaptsdallas.com/ (2026-09-26),Dallas County records (search by address),https://www.dallascad.org/SearchAddr.aspx
Alpine Village,"965 Duncan Perry Rd, Grand Prairie",Grand Prairie,Texas,314,permitted,,,,,,,,Tarrant County commercial records (ZIP),https://www.tad.org/content/data-download/2026CommPermits.zip
The Charlie,13015 Audelia Rd,Dallas,Texas,314,sold,,2025-05-19,Pecos Housing Finance Corporation,,,,,Dallas County records (search by address),https://www.dallascad.org/SearchAddr.aspx
Winsted At White Rock Lake Apartments,2208 Winsted Dr,Dallas,Texas,314,sold,,2024-10-02,Spi Winsted 314 De LLC,,,,,Dallas County records (search by address),https://www.dallascad.org/SearchAddr.aspx
Torrington Briarwood,23701 Lyndon B Johnson Fwy,Mesquite,Texas,313,planned,,,,,,,,Texas housing tax-credit inventory (XLSX),https://www.tdhca.texas.gov/sites/default/files/multifamily/docs/HTCPropertyInventory_2.xlsx
Stoneledge,"401 Boyd Dr, Grapevine",Grapevine,Texas,312,permitted,,,,,,,,Tarrant County commercial records (ZIP),https://www.tad.org/content/data-download/2026CommPermits.zip
Strata Apartments,5050 Capitol Ave,Dallas,Texas,311,sold,,2025-04-16,SH Sre Strata LLC,,,,,Dallas County records (search by address),https://www.dallascad.org/SearchAddr.aspx
(61% Vacant) The Beckham,12111 Audelia Rd,Dallas,Texas,310,sold,,2026-04-08,Oconee Reat Estate Holdings Xix,,(469) 599-8335,,https://www.thebeckhamapts.com/ (2026-09-26),Dallas County records (search by address),https://www.dallascad.org/SearchAddr.aspx
Rancho Mirage,1200 Hidden Ridge Dr,Irving,Texas,310,sold,,2025-05-08,Pecos Housing Finance,,,,,Dallas County records (search by address),https://www.dallascad.org/SearchAddr.aspx
The Calhoun,1000 Jones St,Fort Worth,Texas,310,permitted,,,,,,,,City of Fort Worth development permits,https://www.arcgis.com/home/item.html?id=d2740f4d746b4bfaa03e25de0376238b
(56% Vacant) The Blake,9669 Forest Ln,Dallas,Texas,309,sold,,2026-04-08,Oconee Reat Estate Holdings Xix,,(972) 954-2701,Avenue5 Residential,https://www.apartments.com/the-blake-dallas-tx/yvczzgr/ (2026-09-26),Dallas County records (search by address),https://www.dallascad.org/SearchAddr.aspx
Alta Design District Apts,1531 Inspiration Dr,Dallas,Texas,309,sold,,2025-11-11,1531 Inspiration Dr Owner LLC,,(214) 954-7210,,https://www.altadesigndistrict.com/contactus (2026-09-26),Dallas County records (search by address),https://www.dallascad.org/SearchAddr.aspx
Hampton Greens,10911 Woodmeadow Pkwy,Dallas,Texas,309,sold,,2025-03-11,Iron Landings Apartments LLC,,,,,Dallas County records (search by address),https://www.dallascad.org/SearchAddr.aspx
7900 At Park Central,7900 Churchill Way,Dallas,Texas,308,sold,,2025-03-03,Pleasanton Housing Finance,,,,,Dallas County records (search by address),https://www.dallascad.org/SearchAddr.aspx
LTD West Commerce,305 W Commerce St,Dallas,Texas,308,sold,,2025-09-05,Rpm Living Investment LLC,,,,,Dallas County records (search by address),https://www.dallascad.org/SearchAddr.aspx
Regalia Mansfield Apartments,"350 State Hwy 360, Mansfield",Mansfield,Texas,308,permitted,,,,,,,,Tarrant County commercial records (ZIP),https://www.tad.org/content/data-download/2026CommPermits.zip
Cortland La Villita,6411 Tranquilo,Irving,Texas,306,sold,,2025-09-16,Key La Villita LLC,,,,,Dallas County records (search by address),https://www.dallascad.org/SearchAddr.aspx
Palladium Buckner Station (Nc/ 5% Complete),8008 Elam Rd,Dallas,Texas,305,sold,,2025-07-16,Dhfc Buckner Station,,,,,Dallas County records (search by address),https://www.dallascad.org/SearchAddr.aspx
304-unit project at Spring Creek Pkwy & K Ave,"North side of Spring Creek Pkwy, 375 ft east of K Ave, Plano, TX",Plano,Texas,304,planned,,,,,,,,City filing,https://content.civicplus.com/api/assets/ac54ba65-bc6a-4347-92d9-239d91767bd3
(Fire Dmg) Tides At Highland Meadows Phase 1,11333 Amanda Ln,Dallas,Texas,304,sold,,2026-01-08,Clarius Highland Meadows,,(469) 206-9213,,https://www.tidesathighlandmeadows.com/ (2026-09-26),Dallas County records (search by address),https://www.dallascad.org/SearchAddr.aspx
Forum At Grand Prairie,2650 S Forum Dr,Tarrant County,Texas,304,sold,,2024-11-19,,,,,,Tarrant County commercial records (ZIP),https://www.tad.org/content/data-download/2026CommImprovedSales.zip
Lakeshore At Preston Apartments,3700 Preston Rd,Plano,Texas,302,sold,,2024-09-26,Simfa Lakeshore Fee Simple LLC,,,,,Texas county property records,https://data.texas.gov/d/5tkr-3759
Hughes House Phase 2,1520 Vincennes ST,Fort Worth,Texas,302,permitted,,,,,,,,City of Fort Worth development permits,https://www.arcgis.com/home/item.html?id=d2740f4d746b4bfaa03e25de0376238b
Spanish Creek Apts-Txa19950410,3109 Chapel Creek Dr,Dallas,Texas,302,sold,,2025-04-22,La Villa Housing Finance Corp,,,,,Dallas County records (search by address),https://www.dallascad.org/SearchAddr.aspx
Axis On Wycliff Phase I,4343 Congress Ave,Dallas,Texas,301,sold,,2025-12-03,Areit Dallas Wycliff LLC,,(469) 718-8501,Bell Partners,https://bellpartnersinc.com/properties/axis-at-wycliff/ (2026-09-26),Dallas County records (search by address),https://www.dallascad.org/SearchAddr.aspx
Murdeaux Villas - Tdhca# 21614,125 S Murdeaux Ln,Dallas,Texas,301,sold,,2026-03-05,Murdeaux Villas Landowner LLC,,(214) 398-4110,,https://www.apartments.com/murdeaux-villas-dallas-tx/plrn6qr/ (2026-09-26),Dallas County records (search by address),https://www.dallascad.org/SearchAddr.aspx
Axis 3700,3700 Mapleshade Ln,Plano,Texas,300,sold,,,Apartments Axis Spe LLC,,,,,Texas county property records,https://data.texas.gov/d/5tkr-3759
The Ridge at Loop 12,1200 N Walton Walker Blvd,Dallas,Texas,300,planned,,,,,,,,Texas housing tax-credit inventory (XLSX),https://www.tdhca.texas.gov/sites/default/files/multifamily/docs/HTCPropertyInventory_2.xlsx
Torrington Wilmer,1501 E. Beltline,Dallas,Texas,300,planned,,,,,(210) 493-8633,,,Texas housing tax-credit inventory (XLSX),https://www.tdhca.texas.gov/sites/default/files/multifamily/docs/HTCPropertyInventory_2.xlsx
Brady Apts,2728 Cedar Springs Rd,Dallas,Texas,299,sold,,2025-10-16,Karlin Brady LLC,,(214) 720-1800,Willow Bridge Property Co,https://www.liveatbrady.com/ (2026-09-26),Dallas County records (search by address),https://www.dallascad.org/SearchAddr.aspx
One Rangers Way,"1200 Nolan Ryan Expwy, Arlington",Arlington,Texas,299,permitted,,,,,,,,Tarrant County commercial records (ZIP),https://www.tad.org/content/data-download/2025CommPermits.zip
The Ambassador Apartments 30%,1300 S Ervay St,Dallas,Texas,299,under construction,,,,,,,,Dallas County records (search by address),https://www.dallascad.org/SearchAddr.aspx
Amelia At Farmers Market,915 S Harwood St,Dallas,Texas,297,sold,,2025-09-29,Farmers TX Holdings LP,,(855) 724-2575,Kairoi Residential,https://www.kairoi.com/portfolio/amelia-farmers-market/ (2026-09-26),Dallas County records (search by address),https://www.dallascad.org/SearchAddr.aspx
NRP Village Apartments,2800 Roselawn Drive,Denton,Texas,297,under construction,2027-09-30,,,Rayzor Inv LTD,(210) 507-0743,,,State project record,https://www.tdlr.texas.gov/TABS/Search/Project/TABS2025021863
The Bend In The Village I (Ecu),5454 Amesbury Dr,Dallas,Texas,296,sold,,2024-12-23,Pcv Bend LLC,,,,,Dallas County records (search by address),https://www.dallascad.org/SearchAddr.aspx
The Bend In The Village II (Ecu),6041 Village Bend Dr,Dallas,Texas,296,sold,,2024-12-23,Pcv Bend LLC,,,,,Dallas County records (search by address),https://www.dallascad.org/SearchAddr.aspx
alpine creekside ptct,"5400 Haltom Rd, Haltom City",Haltom City,Texas,296,permitted,,,,,,,,Tarrant County commercial records (ZIP),https://www.tad.org/content/data-download/2026CommPermits.zip
Sinclair,401 N Ervay St,Dallas,Texas,293,under construction,,,,,,,,Dallas County records (search by address),https://www.dallascad.org/SearchAddr.aspx
Torrington Creekside,825 Windbell Circle,Mesquite,Texas,290,planned,,,,,(210) 493-8633,,,Texas housing tax-credit inventory (XLSX),https://www.tdhca.texas.gov/sites/default/files/multifamily/docs/htc-4pct/2026260803-4HTC-StatusLog.xlsx
Allura (Abatement),6445 Love Dr,Irving,Texas,288,sold,,2026-05-28,Allura Legacy I TIC &,,(972) 787-1607,Fairfield Residential,https://www.rentcafe.com/apartments/tx/irving/allura-las-colinas/default.aspx (2026-09-26),Dallas County records (search by address),https://www.dallascad.org/SearchAddr.aspx
Lenox Maplewood Phase 2,5495 Denton Dr,Dallas,Texas,288,sold,,2025-09-02,Oh Maplewood Owner LLC,,,,,Dallas County records (search by address),https://www.dallascad.org/SearchAddr.aspx
Palladium Carver Living,2200 W Bruton Road,Mesquite,Texas,288,planned,,,,,,,,Texas housing tax-credit inventory (XLSX),https://www.tdhca.texas.gov/sites/default/files/multifamily/docs/HTCPropertyInventory_2.xlsx
The Hayden 90% Complete,10715 Garland Rd,Dallas,Texas,288,under construction,,,,,,,,Dallas County records (search by address),https://www.dallascad.org/SearchAddr.aspx
Wooded Lake Apartments,1300 Wooded Lake Drive,Mesquite,Texas,288,planned,,,,,,,,Texas housing tax-credit inventory (XLSX),https://www.tdhca.texas.gov/sites/default/files/multifamily/docs/HTCPropertyInventory_2.xlsx
Lenox Maplewood Phase 1,5490 Denton Dr,Dallas,Texas,287,sold,,2025-09-02,Oh Maplewood Owner LLC,,,,,Dallas County records (search by address),https://www.dallascad.org/SearchAddr.aspx
Camden Cimarron,101 Cimarron Trail,Irving,Texas,286,sold,,2025-07-10,Cimarron Apartment Owner,,,,,Dallas County records (search by address),https://www.dallascad.org/SearchAddr.aspx
Eastshore On Lake Carolyn,1100 Lake Carolyn Pkwy,Irving,Texas,286,sold,,2025-11-25,Kre Lc Eastshore LLC,,(972) 869-1100,ZRS Management,https://www.eastshorelakecarolyn.com/contactus (2026-09-26),Dallas County records (search by address),https://www.dallascad.org/SearchAddr.aspx
Maxwell,"8300 Brentwood Stair Rd, Fort Worth",Fort Worth,Texas,285,permitted,,,,,,,,Tarrant County commercial records (ZIP),https://www.tad.org/content/data-download/2025CommPermits.zip
Modera Trailhead (N/C 100% Complete),7532 East Grand Ave,Dallas,Texas,285,sold,,2025-07-28,Mcref IV Trailhead,,,,,Dallas County records (search by address),https://www.dallascad.org/SearchAddr.aspx
(55% Vacant) The Bentley,12121 Audelia Rd,Dallas,Texas,284,sold,,2026-04-08,Oconee Reat Estate Holdings Xix,,(469) 990-4259,,https://www.bentleydallasapts.com/ (2026-09-26),Dallas County records (search by address),https://www.dallascad.org/SearchAddr.aspx
Polk St Multifamily,110 E. Polk Street,Richardson,Texas,281,under construction,2027-10-01,,,DRA Owner LLC,(214) 863-4277,,,State project record,https://www.tdlr.texas.gov/TABS/Search/Project/TABS2025026678
Wildwood Branch,"6201 Shady Oaks Manor Dr, Fort Worth",Fort Worth,Texas,280,permitted,,,,,,,,Tarrant County commercial records (ZIP),https://www.tad.org/content/data-download/2025CommPermits.zip
(80% Comp) The Grace At Creekside,8801 Old Hickory Trl,Dallas,Texas,279,sold,,2025-02-14,Crpcv Grace Creekside Owner LP,,,,,Dallas County records (search by address),https://www.dallascad.org/SearchAddr.aspx
Bellevue At Spring Creek Apartments,2401 W Spring Creek Pkwy,Plano,Texas,278,sold,,2025-06-24,Spring Creek 278 LLC,,,,,Texas county property records,https://data.texas.gov/d/5tkr-3759
(45% Vacant) The Anderson Apts,3800 S Tyler St,Dallas,Texas,278,sold,,2025-03-13,La Villa Housing Finance,,,,,Dallas County records (search by address),https://www.dallascad.org/SearchAddr.aspx
Alexan Fairmount,4110 Fairmount St,Dallas,Texas,276,sold,,2024-09-05,Rpmfca Fairmount Owner LLC,,,,,Dallas County records (search by address),https://www.dallascad.org/SearchAddr.aspx
Northpoint Villas,"8100 N Riverside Dr, Fort Worth",Fort Worth,Texas,276,permitted,,,,,,,,Tarrant County commercial records (ZIP),https://www.tad.org/content/data-download/2026CommPermits.zip
The Corners East In The Village,8513 Southwestern Blvd,Dallas,Texas,276,sold,,2024-12-23,Pcv Corners East LLC,,,,,Dallas County records (search by address),https://www.dallascad.org/SearchAddr.aspx
The Carter Apts,"2149 Anderson Gibson Rd, Grapevine",Grapevine,Texas,276,permitted,,,,,,,,Tarrant County commercial records (ZIP),https://www.tad.org/content/data-download/2026CommPermits.zip
Tides On Oakland,"6011 Oakland Hills Dr, Fort Worth",Fort Worth,Texas,274,permitted,,,,,,,,Tarrant County commercial records (ZIP),https://www.tad.org/content/data-download/2026CommPermits.zip
Ava West I,9750 Royal Ln,Dallas,Texas,272,sold,,2025-04-17,Edcouch Community Housing,,,,,Dallas County records (search by address),https://www.dallascad.org/SearchAddr.aspx
Felix Apts,"2101 E Pioneer Pkwy, Arlington",Arlington,Texas,272,permitted,,,,,,,,Tarrant County commercial records (ZIP),https://www.tad.org/content/data-download/2025CommPermits.zip
The Chase In The Village (Ecu),5657 Amesbury Dr,Dallas,Texas,272,sold,,2024-12-23,Pcv Chase LLC,,,,,Dallas County records (search by address),https://www.dallascad.org/SearchAddr.aspx
The Corners In The Village (Ecu),8435 Southwestern Blvd,Dallas,Texas,272,sold,,2024-12-23,Pcv Corners LLC,,,,,Dallas County records (search by address),https://www.dallascad.org/SearchAddr.aspx
(56% Vacant) The Baxter,9737 Forest Ln,Dallas,Texas,270,sold,,2026-04-08,Oconee Reat Estate Holdings Xix,,(469) 472-2590,,https://www.thebaxterapts.com/ (2026-09-26),Dallas County records (search by address),https://www.dallascad.org/SearchAddr.aspx
Aster,3611 Congress Ave,Dallas,Texas,270,sold,,2024-09-16,Comref Aster LLC,,,,,Dallas County records (search by address),https://www.dallascad.org/SearchAddr.aspx
Rise North Arlington Home Apts,"500 Tish Cir, Arlington",Arlington,Texas,270,permitted,,,,,,,,Tarrant County commercial records (ZIP),https://www.tad.org/content/data-download/2026CommPermits.zip
Tides On Leisure Phase 2,11515 Leisure Dr,Dallas,Texas,270,sold,,2025-04-01,Newpoint Jv Sub III LLC,,,,,Dallas County records (search by address),https://www.dallascad.org/SearchAddr.aspx
Camden Centreport Apartments,"14400 Trinity Blvd, Fort Worth",Fort Worth,Texas,268,permitted,,,,,,,,Tarrant County commercial records (ZIP),https://www.tad.org/content/data-download/2026CommPermits.zip
Landmark At Crowley,305 W FM 1187,Tarrant County,Texas,267,sold,,2025-04-08,,,,,,Tarrant County commercial records (ZIP),https://www.tad.org/content/data-download/2026CommImprovedSales.zip
Ellington,4701 Preston Park Blvd,Plano,Texas,266,sold,,2026-07-08,S2 Preston Park LP,,(469) 829-4590,,https://www.liveellington.com/ (2026-09-26),Texas county property records,https://data.texas.gov/d/5tkr-3759
Bedford Creek Apts,"328 Bedford Rd, Bedford",Bedford,Texas,266,permitted,,,,,,,,Tarrant County commercial records (ZIP),https://www.tad.org/content/data-download/2026CommPermits.zip
Moda,1855 Payne St,Dallas,Texas,265,sold,,2025-04-14,Moda Apartments Owner LLC,,,,,Dallas County records (search by address),https://www.dallascad.org/SearchAddr.aspx
The Woodlands Of Arlington,"2800 Lynnwood Dr, Arlington",Arlington,Texas,265,permitted,,,,,,,,Tarrant County commercial records (ZIP),https://www.tad.org/content/data-download/2026CommPermits.zip
Coronado At White Rock,7414 East Grand Ave,Dallas,Texas,264,sold,,2024-10-25,Coronado Englemar LLC &,,,,,Dallas County records (search by address),https://www.dallascad.org/SearchAddr.aspx
Rosemont At Meadow Lane-Txa20040290,4722 Meadow St,Dallas,Texas,264,sold,,2026-01-13,Cdkr Rosemont LLC,,(214) 426-0100,Asset Living,https://www.apartments.com/rosemont-at-meadow-lane-dallas-tx/zrbkjww/ (2026-09-26),Dallas County records (search by address),https://www.dallascad.org/SearchAddr.aspx
The Corners In The Village (Ecu),6302 Shady Brook Ln,Dallas,Texas,264,sold,,2024-12-23,Pcv Corners LLC,,,,,Dallas County records (search by address),https://www.dallascad.org/SearchAddr.aspx
The Carmen,"9200 N Normandale St, Fort Worth",Fort Worth,Texas,264,permitted,,,,,,,,Tarrant County commercial records (ZIP),https://www.tad.org/content/data-download/2025CommPermits.zip
Trinity Meadows Apartments,"4633 Sycamore School Rd, Fort Worth",Fort Worth,Texas,262,permitted,,,,,,,,Tarrant County commercial records (ZIP),https://www.tad.org/content/data-download/2025CommPermits.zip
The Parks at Legacy West,"6501 Legacy Drive, Plano, TX",Plano,Texas,261,under construction,2029-02-01,,,,,StreetLights Residential (developer),https://streetlights.com/properties/the-parks-at-legacy-west/ (2026-09-26),News,https://candysdirt.com/2026/07/10/streetlights-residential-bets-on-older-affluent-renters-with-new-plano-luxury-tower/
Camden Valley Park,9835 W Valley Ranch Pkwy,Irving,Texas,261,sold,,2026-02-19,9835 W Valley Ranch,,(972) 848-8807,Camden Property Trust,https://www.camdenliving.com/apartments/irving-tx/camden-valley-park/available-apartments (2026-09-26),Dallas County records (search by address),https://www.dallascad.org/SearchAddr.aspx
Avanti Hills,NWQ E Glen Blvd & Clay Mathis Rd,Mesquite,Texas,260,planned,,,,,,,,Texas housing tax-credit inventory (XLSX),https://www.tdhca.texas.gov/sites/default/files/multifamily/docs/HTCPropertyInventory_2.xlsx
Devon On Northgate,4013 W Northgate Dr,Irving,Texas,260,sold,,2025-04-17,Edcouch Community Housing,,,,,Dallas County records (search by address),https://www.dallascad.org/SearchAddr.aspx
La Costa Villa,12500 Merit Dr,Dallas,Texas,260,sold,,2024-10-25,Maverick County Housing,,,,,Dallas County records (search by address),https://www.dallascad.org/SearchAddr.aspx
Lookout At Lake Highlands Village,9330 Lookout Pt,Dallas,Texas,259,sold,,2025-08-22,9330 Lookout Point Owner LLC,,,,,Dallas County records (search by address),https://www.dallascad.org/SearchAddr.aspx
Mission Mayfield Downs,"2901 Mayfield Rd, Grand Prairie",Grand Prairie,Texas,258,permitted,,,,,,,,Tarrant County commercial records (ZIP),https://www.tad.org/content/data-download/2025CommPermits.zip
Evaline,5990 Arapaho Rd,Dallas,Texas,257,sold,,2025-04-02,Pecos Housing Finance Corp,,,,,Dallas County records (search by address),https://www.dallascad.org/SearchAddr.aspx
Lake Lofts Phase 1,2795 N Buckner Blvd,Dallas,Texas,257,sold,,2025-12-02,Buena Ondawhite Rock Lake LP,,(214) 320-0164,Dynasty,https://www.zillow.com/apartments/dallas-tx/the-lake-lofts-apartment/ChPTKf/ (2026-09-26),Dallas County records (search by address),https://www.dallascad.org/SearchAddr.aspx
Eden Park At Bear Creek,"700 E Ash Ln, Euless",Euless,Texas,256,permitted,,,,,,,,Tarrant County commercial records (ZIP),https://www.tad.org/content/data-download/2025CommPermits.zip
Northwest Village Block B,900 Excel AVE,Fort Worth,Texas,256,permitted,,,,,,,,City of Fort Worth development permits,https://www.arcgis.com/home/item.html?id=d2740f4d746b4bfaa03e25de0376238b
Signature At Southern Oaks - Txa00000498,3303 Southern Oaks Blvd,Dallas,Texas,256,sold,,2025-01-14,Riata Apartments LLC,,,,,Dallas County records (search by address),https://www.dallascad.org/SearchAddr.aspx
Cirque Residential Tower,2500 N Houston St,Dallas,Texas,252,sold,,2026-03-30,2500 Houston LLC,,(214) 331-8439,Greystar,https://www.greystar.com/cirque-residences-dallas-tx/p_22868 (2026-09-26),Dallas County records (search by address),https://www.dallascad.org/SearchAddr.aspx
Covington Acres,2632 US Highway 67,Keene,Texas,252,planned,,,,,,,,Texas housing tax-credit inventory (XLSX),https://www.tdhca.texas.gov/sites/default/files/multifamily/docs/HTCPropertyInventory_2.xlsx
Harmon Road Apartments,1701 E Harmon Rd,Fort Worth,Texas,252,under construction,2027-08-01,,,DD East Harmon LLC,(770) 474-4345,,,City of Fort Worth development permits,https://www.arcgis.com/home/item.html?id=d2740f4d746b4bfaa03e25de0376238b
Tenison At White Rock,7440 La Vista Dr,Dallas,Texas,252,sold,,2025-08-07,7440 La Vista Dallas LLC,,,,,Dallas County records (search by address),https://www.dallascad.org/SearchAddr.aspx
Garden Park Apts,"2208 E Park Row Dr, Arlington",Arlington,Texas,251,permitted,,,,,,,,Tarrant County commercial records (ZIP),https://www.tad.org/content/data-download/2026CommPermits.zip
Resort At 925 Main,"909 S Main St, Grapevine",Grapevine,Texas,251,permitted,,,,,,,,Tarrant County commercial records (ZIP),https://www.tad.org/content/data-download/2025CommPermits.zip
Evergreen At Keller/Senior,"501 Bourland Rd, Keller",Keller,Texas,250,permitted,,,,,,,,Tarrant County commercial records (ZIP),https://www.tad.org/content/data-download/2026CommPermits.zip
Parkland Pointe Rental Twnhms,"931 W Sublett Rd, Arlington",Arlington,Texas,250,permitted,,,,,,,,Tarrant County commercial records (ZIP),https://www.tad.org/content/data-download/2025CommPermits.zip
Prestige Apartments,4111 Edwards  Road Salem Oaks Cove,Denton,Texas,250,under construction,2026-03-09,,,Honors Way Group,(817) 409-8795,,,State project record,https://www.tdlr.texas.gov/TABS/Search/Project/TABS2025002275
The Green At Hickory Trail,8609 Old Hickory Trl,Dallas,Texas,250,sold,,2025-04-29,Pecos Housing Finance,,,,,Dallas County records (search by address),https://www.dallascad.org/SearchAddr.aspx
Hendrix,1625 Constitution Pkwy,Tarrant County,Texas,249,sold,,2024-10-08,,,,,,Tarrant County commercial records (ZIP),https://www.tad.org/content/data-download/2026CommImprovedSales.zip
Lbj Station,8997 Vantage Point Dr,Dallas,Texas,249,sold,,2025-02-06,Cameron County Housing Finance Corp,,,,,Dallas County records (search by address),https://www.dallascad.org/SearchAddr.aspx
Ava North,8401 Skillman St,Dallas,Texas,248,sold,,2025-04-17,Edcouch Community Housing,,,,,Dallas County records (search by address),https://www.dallascad.org/SearchAddr.aspx
Rush Creek Apartments,"1200 W Sublett Rd, Arlington",Arlington,Texas,248,permitted,,,,,,,,Tarrant County commercial records (ZIP),https://www.tad.org/content/data-download/2026CommPermits.zip
The Ridge And Parkdale,"9211 Dale Lane Ct, White Settlement",White Settlement,Texas,248,permitted,,,,,,,,Tarrant County commercial records (ZIP),https://www.tad.org/content/data-download/2026CommPermits.zip
Torrington Forest,7100 Great Trinity Forest Way,Dallas,Texas,248,planned,,,,,,,,Texas housing tax-credit inventory (XLSX),https://www.tdhca.texas.gov/sites/default/files/multifamily/docs/HTCPropertyInventory_2.xlsx
Wythe Apts (2018 Reno),1814 Estrada Pkwy,Irving,Texas,248,sold,,2025-05-20,Pecos Housing Finance Co,,,,,Dallas County records (search by address),https://www.dallascad.org/SearchAddr.aspx
Creek On Calloway Apts,"3830 Booth Calloway Rd, Richland Hills",Richland Hills,Texas,247,permitted,,,,,,,,Tarrant County commercial records (ZIP),https://www.tad.org/content/data-download/2025CommPermits.zip
Mercer Park Apts,"2014 Remington Dr, Arlington",Arlington,Texas,247,permitted,,,,,,,,Tarrant County commercial records (ZIP),https://www.tad.org/content/data-download/2026CommPermits.zip
Rivieria,11700 Audelia Rd,Dallas,Texas,247,sold,,2025-03-24,Pleasanton Housing Finance,,,,,Dallas County records (search by address),https://www.dallascad.org/SearchAddr.aspx
Loreto Apt Homes,"2905 Mustang Dr, Grapevine",Grapevine,Texas,246,permitted,,,,,,,,Tarrant County commercial records (ZIP),https://www.tad.org/content/data-download/2025CommPermits.zip
Enclave At Grapevine,"2311 W Grapevine Mills Pkwy, Grapevine",Grapevine,Texas,243,permitted,,,,,,,,Tarrant County commercial records (ZIP),https://www.tad.org/content/data-download/2025CommPermits.zip
Palladium E Lancaster Avenue,4909 & 5003 E Lancaster Avenue and 4808 & 4900 Norma Street,Fort Worth,Texas,243,planned,,,,,,,,Texas housing tax-credit inventory (XLSX),https://www.tdhca.texas.gov/sites/default/files/multifamily/docs/HTCPropertyInventory_2.xlsx
District 2308,"2312 Fair Oaks Dr, Arlington",Arlington,Texas,240,permitted,,,,,,,,Tarrant County commercial records (ZIP),https://www.tad.org/content/data-download/2026CommPermits.zip
Eagles Point Apts,"8301 Boat Club Rd, Fort Worth",Fort Worth,Texas,240,permitted,,,,,,,,Tarrant County commercial records (ZIP),https://www.tad.org/content/data-download/2026CommPermits.zip
Mayfield Park Apts,"2100 E Mayfield Rd, Arlington",Arlington,Texas,240,permitted,,,,,,,,Tarrant County commercial records (ZIP),https://www.tad.org/content/data-download/2025CommPermits.zip
Park West,3109 Douglas Ave,Dallas,Texas,240,sold,,2026-05-12,Bvf VI Park West Owner LP,,(214) 219-3100,Lincoln Property Company,https://parkwestoaklawn.com/contact/ (2026-09-26),Dallas County records (search by address),https://www.dallascad.org/SearchAddr.aspx
Trinity Bell Gardens Apartments,"9500 Trinity Blvd, Fort Worth",Fort Worth,Texas,240,permitted,,,,,,,,Tarrant County commercial records (ZIP),https://www.tad.org/content/data-download/2026CommPermits.zip
The International @ Valley Ranch,9921 W Valley Ranch Pkwy,Irving,Texas,236,sold,,2025-06-18,Intl Valley Ranch Re LLC,,,,,Dallas County records (search by address),https://www.dallascad.org/SearchAddr.aspx
Chatham Green Apts,"3532 Matlock Rd, Arlington",Arlington,Texas,234,permitted,,,,,,,,Tarrant County commercial records (ZIP),https://www.tad.org/content/data-download/2026CommPermits.zip
8601 North City,8601 North City Dr,Fort Worth,Texas,233,permitted,,,,,,,,City of Fort Worth development permits,https://www.arcgis.com/home/item.html?id=d2740f4d746b4bfaa03e25de0376238b
Woodlands Of Plano Apartments Tc,1300 Rigsbee Dr,Plano,Texas,232,sold,,,Clover Woodlands Plano Owner LLC,,,,,Texas county property records,https://data.texas.gov/d/5tkr-3759
(*Fire Dmg*) The Grove At Rosewood,13250 Emily Rd,Dallas,Texas,232,sold,,2026-05-07,Clarius North Dallas Owner,,(972) 807-5249,Milestone Management,https://www.groveatrosewood.com/ (2026-09-26),Dallas County records (search by address),https://www.dallascad.org/SearchAddr.aspx
Estrella At Kiest (All Bills),4542 W Kiest Blvd,Dallas,Texas,232,sold,,2025-05-21,Cameron County Housing Finance Corp,,,,,Dallas County records (search by address),https://www.dallascad.org/SearchAddr.aspx
Holbrook,9860 Scyene Rd,Dallas,Texas,232,sold,,2025-05-19,Pecos Housing Finance Corp,,,,,Dallas County records (search by address),https://www.dallascad.org/SearchAddr.aspx
Meadow In The Village,8200 Southwestern Blvd,Dallas,Texas,232,sold,,2024-12-23,Pcv Meadow LLC,,,,,Dallas County records (search by address),https://www.dallascad.org/SearchAddr.aspx
Park Plaza,"2001 Aden Rd, Fort Worth",Fort Worth,Texas,232,permitted,,,,,,,,Tarrant County commercial records (ZIP),https://www.tad.org/content/data-download/2026CommPermits.zip
Running Brook Apts,"1519 Running Brook Dr, Arlington",Arlington,Texas,232,permitted,,,,,,,,Tarrant County commercial records (ZIP),https://www.tad.org/content/data-download/2026CommPermits.zip
Hathaway At Willow Bend,2525 Preston Rd,Plano,Texas,229,sold,,2026-06-24,Winston Gt Holdings LP,,945-298-3852,S2 Residential,https://www.liveatthehathaway.com/contact/ (2026-09-26),Texas county property records,https://data.texas.gov/d/5tkr-3759
Tabor Village (fka Baraboo Hills),6200 Baraboo Drive,Dallas,Texas,229,planned,,,,,,,,Texas housing tax-credit inventory (XLSX),https://www.tdhca.texas.gov/sites/default/files/multifamily/docs/HTCPropertyInventory_2.xlsx
Forest Cove,9600 Forest Ln,Dallas,Texas,228,sold,,2026-01-06,Brsp Forest Tex LLC,,(682) 401-8935,,https://www.apartments.com/forest-cove-dallas-tx/bfcxpsc/ (2026-09-26),Dallas County records (search by address),https://www.dallascad.org/SearchAddr.aspx
Richardson Ridge,4000 Campus Dr,Fort Worth,Texas,228,permitted,,,,,319-217-8136,,,City of Fort Worth development permits,https://www.arcgis.com/home/item.html?id=d2740f4d746b4bfaa03e25de0376238b
The Willows,3304 Willow Creek Dr,Irving,Texas,228,sold,,2025-02-03,Jag Lpaa LLC,,,,,Dallas County records (search by address),https://www.dallascad.org/SearchAddr.aspx
Breckinridge Point Apartments,4250 E Renner Rd,Richardson,Texas,226,sold,,2025-06-13,Breckinridge Point TX LLC,,,,,Texas county property records,https://data.texas.gov/d/5tkr-3759
Infinity On Yorktown,660 Yorktown St,Dallas,Texas,226,sold,,2024-12-20,Edcouch Community Housing,,,,,Dallas County records (search by address),https://www.dallascad.org/SearchAddr.aspx
Ranch Three0Five,251 E Bardin Rd,Tarrant County,Texas,226,sold,,2024-12-30,,,,,,Tarrant County commercial records (ZIP),https://www.tad.org/content/data-download/2026CommImprovedSales.zip
Ventura Landing Apartments,1225 E Pleasant Run Rd,Desoto,Texas,226,sold,,2025-03-25,Rsnpg Eagle Creek Partners,,,,,Dallas County records (search by address),https://www.dallascad.org/SearchAddr.aspx
Melville,11160 E Lake Highlands Dr,Dallas,Texas,224,sold,,2025-03-24,Pecos Housing Finance,,,,,Dallas County records (search by address),https://www.dallascad.org/SearchAddr.aspx
Northridge II,"2107 Lincoln Dr, Arlington",Arlington,Texas,224,permitted,,,,,,,,Tarrant County commercial records (ZIP),https://www.tad.org/content/data-download/2025CommPermits.zip
The Chase In The Village (Ecu),5555 Amesbury Dr,Dallas,Texas,224,sold,,2024-12-23,Pcv Chase LLC,,,,,Dallas County records (search by address),https://www.dallascad.org/SearchAddr.aspx
Highland Oaks Apartments,4849 N Central Expy,Dallas,Texas,223,under construction,,,,,,,,Dallas County records (search by address),https://www.dallascad.org/SearchAddr.aspx
"Lake Forest Senior Living, LLC",4656 W University Dr,Mckinney,Texas,222,permitted,2028-11-01,,,Kayasa Holdings LLC,(817) 233-1121,,,State project record,https://www.tdlr.texas.gov/TABS/Search/Project/TABS2027001111
Neo Midtown Phase I,14181 Noel Rd,Dallas,Texas,222,sold,,2025-07-24,Neo Midtown Phase I LLC,,,,,Dallas County records (search by address),https://www.dallascad.org/SearchAddr.aspx
Creekstone Apts,11110 Woodmeadow Pkwy,Dallas,Texas,220,sold,,2026-03-13,Clover Creekstone Owner LLC,,(430) 260-3247,,https://creekstoneapts.com/contact/ (2026-09-26),Dallas County records (search by address),https://www.dallascad.org/SearchAddr.aspx
Highpoint At Wynnewood,1805 S Zang Blvd,Dallas,Texas,220,sold,,2025-02-28,Dhfc Highpoint @ Wynnewood,,,,,Dallas County records (search by address),https://www.dallascad.org/SearchAddr.aspx
Reserve At Mayfield,"1950 Mayfield Rd, Arlington",Arlington,Texas,220,permitted,,,,,,,,Tarrant County commercial records (ZIP),https://www.tad.org/content/data-download/2025CommPermits.zip
The Juniper 63% Complete,4011 Commerce St,Dallas,Texas,220,under construction,,,,,,,,Dallas County records (search by address),https://www.dallascad.org/SearchAddr.aspx
Villas Of Sorrento-Txa19970195,3130 Stag Rd,Dallas,Texas,220,sold,,2025-07-23,Vos Owner LLC,,,,,Dallas County records (search by address),https://www.dallascad.org/SearchAddr.aspx
Waterford At Goldmark- (75% Tc) Tdhca# 95155,13695 Goldmark Dr,Dallas,Texas,220,sold,,2024-12-18,Waterford At Goldmark,,,,,Dallas County records (search by address),https://www.dallascad.org/SearchAddr.aspx
Oxford Park Phase 1,5302 Carnaby St,Irving,Texas,219,sold,,2025-04-02,Montgomery Acquisitions I LLC &,,,,,Dallas County records (search by address),https://www.dallascad.org/SearchAddr.aspx
Alena,7050 Arapaho Rd,Dallas,Texas,216,sold,,2025-06-23,Asd Alena Property Owner LLC &,,,,,Dallas County records (search by address),https://www.dallascad.org/SearchAddr.aspx
Forest Hills Apts,9659 Forest Ln,Dallas,Texas,216,sold,,2025-04-07,Pleasanton Housing Finace Corp,,,,,Dallas County records (search by address),https://www.dallascad.org/SearchAddr.aspx
Fossil Hill Apts,"5700 N Beach St, Haltom City",Haltom City,Texas,216,permitted,,,,,,,,Tarrant County commercial records (ZIP),https://www.tad.org/content/data-download/2026CommPermits.zip
The Alona,1531 Duncanville Rd,Dallas,Texas,216,sold,,2025-05-15,Pecos Housing Finance Corp,,,,,Dallas County records (search by address),https://www.dallascad.org/SearchAddr.aspx
Westmoreland Townhomes,6600 South Westmoreland Drive,Dallas,Texas,216,planned,,,,,,,,Texas housing tax-credit inventory (XLSX),https://www.tdhca.texas.gov/sites/default/files/multifamily/docs/HTCPropertyInventory_2.xlsx
Breckenridge Point Apartments,3500 North Star Rd,Richardson,Texas,214,sold,,2025-06-13,Breckinridge Point TX LLC,,,,,Texas county property records,https://data.texas.gov/d/5tkr-3759
Avalon 8801,8801 Rodeo Dr,Irving,Texas,212,sold,,2025-03-26,Pecos Housing Finance,,,,,Dallas County records (search by address),https://www.dallascad.org/SearchAddr.aspx
Jordan Uptown,2212 Mckinney Ave,Dallas,Texas,212,sold,,2026-03-10,2355 Thomas Avenue LLC,,,Windsor Communities,https://www.zillow.com/b/the-jordan-by-windsor-dallas-tx-BS7MBL/ (2026-09-26),Dallas County records (search by address),https://www.dallascad.org/SearchAddr.aspx
Park Vista Townhomes,"6728 Park Vista Blvd, Watauga",Watauga,Texas,212,permitted,,,,,,,,Tarrant County commercial records (ZIP),https://www.tad.org/content/data-download/2025CommPermits.zip
Prestonwood Hillcrest Apts,15505 Hillcrest Rd,Dallas,Texas,212,sold,,2026-02-09,Prestonwood Bi Investors LLC &,,(972) 782-5838,,https://liveatprestonwood.com/ (2026-09-26),Dallas County records (search by address),https://www.dallascad.org/SearchAddr.aspx
Heights at UNT Station,1021 E. Wheatland Road,Dallas,Texas,210,planned,,,,,(817) 845-8026,,,Texas housing tax-credit inventory (XLSX),https://www.tdhca.texas.gov/sites/default/files/multifamily/docs/htc-4pct/2026260803-4HTC-StatusLog.xlsx
Huntington Place Senior Living Dallas,NEQ Clark Road and W. Camp Wisdom Rd,Dallas,Texas,210,planned,,,,,(512) 983-0422,,,Texas housing tax-credit inventory (XLSX),https://www.tdhca.texas.gov/sites/default/files/multifamily/docs/HTCPropertyInventory_2.xlsx
Victor Prosper II,228 Seventh St,Dallas,Texas,210,sold,,2026-02-02,Am Victor Prosper Owner LLC,,(877) 732-5158,,https://livevictorprosper.com/contact/ (2026-09-26),Dallas County records (search by address),https://www.dallascad.org/SearchAddr.aspx
"Courtyards At River Park, The","3209 Trinity View Dr, Fort Worth",Fort Worth,Texas,209,permitted,,,,,,,,Tarrant County commercial records (ZIP),https://www.tad.org/content/data-download/2026CommPermits.zip
Spring Pointe Apartments,3501 N Jupiter Rd,Richardson,Texas,208,sold,,2025-04-14,The Cameron County Housing Finance Corporation,,,,,Texas county property records,https://data.texas.gov/d/5tkr-3759
Infinity On The Oaks,9236 Church Rd,Dallas,Texas,208,sold,,2025-04-01,Cameron County Housing Finance Corp The,,,,,Dallas County records (search by address),https://www.dallascad.org/SearchAddr.aspx
"Trails Apts, The","4912 Paces Tr, Arlington",Arlington,Texas,208,permitted,,,,,,,,Tarrant County commercial records (ZIP),https://www.tad.org/content/data-download/2026CommPermits.zip
The Borough,5700 Boca Raton Blvd,Tarrant County,Texas,208,sold,,2024-09-26,,,,,,Tarrant County commercial records (ZIP),https://www.tad.org/content/data-download/2026CommImprovedSales.zip
Oaks White Rock,9000 Poppy Dr,Dallas,Texas,207,sold,,2025-06-18,Oaks Minnchaha Two LLC &,,,,,Dallas County records (search by address),https://www.dallascad.org/SearchAddr.aspx
Grand Riviera,2877 W Walnut Hill Ln,Irving,Texas,206,sold,,2024-09-05,Lsc Grand Riviera Owner LLC &,,,,,Dallas County records (search by address),https://www.dallascad.org/SearchAddr.aspx
Millennium Dallas Apts,9180 Forest Ln,Dallas,Texas,206,sold,,2025-12-09,Bwc Millenium LP,,(214) 341-4460,,https://www.millenniumdallas.com/contact (2026-09-26),Dallas County records (search by address),https://www.dallascad.org/SearchAddr.aspx
Villas at Alameda,"7000 John T White Rd, Fort Worth",Fort Worth,Texas,205,permitted,,,,,,,,Tarrant County commercial records (ZIP),https://www.tad.org/content/data-download/2026CommPermits.zip
The Wexley,5401 Independence Pkwy,Plano,Texas,204,sold,,2025-08-01,Harvestree Owner LLC,,,,,Texas county property records,https://data.texas.gov/d/5tkr-3759
600 East Apts,"600 E Arkansas Ln, Arlington",Arlington,Texas,204,permitted,,,,,,,,Tarrant County commercial records (ZIP),https://www.tad.org/content/data-download/2026CommPermits.zip
Delafield Villas-Txa20050340,8200 Hoyle Ave,Dallas,Texas,204,sold,,2025-03-20,Maverick County Housing,,,,,Dallas County records (search by address),https://www.dallascad.org/SearchAddr.aspx
Ferris Casitas Multifamily Apartments,361 FM 983,Ferris,Texas,204,under construction,2027-08-01,,,"HSM Ferris Casitas, LLC",(214) 208-8299,,,State project record,https://www.tdlr.texas.gov/TABS/Search/Project/TABS2025019315
Huntington Place Senior Living Garland,SWQ Edgefield Drive and Cedar Drive,Garland,Texas,204,planned,,,,,,,,Texas housing tax-credit inventory (XLSX),https://www.tdhca.texas.gov/sites/default/files/multifamily/docs/HTCPropertyInventory_2.xlsx
Jefferson At Ross,1001 Ross Ave,Dallas,Texas,204,sold,,2025-03-07,Cc Meyer Properties LLC,,,,,Dallas County records (search by address),https://www.dallascad.org/SearchAddr.aspx
Tides Of Lawler East,13030 Audelia Rd,Dallas,Texas,204,sold,,2025-05-19,Pecos Housing Finance,,,,,Dallas County records (search by address),https://www.dallascad.org/SearchAddr.aspx
Aden Crest,"2200 Aden Rd, Fort Worth",Fort Worth,Texas,202,permitted,,,,,,,,Tarrant County commercial records (ZIP),https://www.tad.org/content/data-download/2026CommPermits.zip
Arlington Oaks Apts,"1111 Honeysuckle Way, Arlington",Arlington,Texas,202,permitted,,,,,,,,Tarrant County commercial records (ZIP),https://www.tad.org/content/data-download/2026CommPermits.zip
Village On The Green,5301 Alpha Rd,Dallas,Texas,202,sold,,2025-05-13,Pecos Housing Finance Corp,,,,,Dallas County records (search by address),https://www.dallascad.org/SearchAddr.aspx
Parc Plaza Apts,"333 E Denton Dr, Euless",Euless,Texas,201,permitted,,,,,,,,Tarrant County commercial records (ZIP),https://www.tad.org/content/data-download/2025CommPermits.zip
Sylvan Thirty,750 Fort Worth Ave,Dallas,Texas,201,sold,,2026-05-12,Sylvan Wws LLC &,,(214) 573-8700,,https://www.apartments.com/sylvan-thirty-dallas-tx/3xh9fde/ (2026-09-26),Dallas County records (search by address),https://www.dallascad.org/SearchAddr.aspx
4710 W Illinois Ave,4710 W Illinois Ave,Dallas,Texas,200,sold,,2025-07-10,Dhfc Hiline Illinois Landowner LLC,,,,,Dallas County records (search by address),https://www.dallascad.org/SearchAddr.aspx
Alista,10062 Royal Ln,Dallas,Texas,200,sold,,2026-01-08,Cw Royal Owner LLC,,(214) 349-0611,Valiant Residential,https://www.thealistadallas.com/ (2026-09-26),Dallas County records (search by address),https://www.dallascad.org/SearchAddr.aspx
Ava West II,8201 Fair Oaks Crossing,Dallas,Texas,200,sold,,2025-04-17,Edcouch Community Housing,,,,,Dallas County records (search by address),https://www.dallascad.org/SearchAddr.aspx
Element,"1516 Arbor Town Cir, Arlington",Arlington,Texas,200,permitted,,,,,,,,Tarrant County commercial records (ZIP),https://www.tad.org/content/data-download/2025CommPermits.zip
North Star Phase 2,9660 Forest Ln,Dallas,Texas,200,sold,,2026-01-06,Brsp Forest Tex LLC,,,,,Dallas County records (search by address),https://www.dallascad.org/SearchAddr.aspx
River Bend Phase 1,1000 River Bend Dr,Lancaster,Texas,200,sold,,2025-04-09,1000 River Bend Dr,,,,,Dallas County records (search by address),https://www.dallascad.org/SearchAddr.aspx
Spanish Oaks Apts,"3025 E Park Row Dr, Arlington",Arlington,Texas,200,permitted,,,,,,,,Tarrant County commercial records (ZIP),https://www.tad.org/content/data-download/2026CommPermits.zip
Northwest Village Block C,901 Excel Ave,Fort Worth,Texas,199,permitted,,,,,,,,City of Fort Worth development permits,https://www.arcgis.com/home/item.html?id=d2740f4d746b4bfaa03e25de0376238b
The Abigail,821 S Polk St,Desoto,Texas,198,sold,,2025-05-15,Pecos Housing Finance Corp,,,,,Dallas County records (search by address),https://www.dallascad.org/SearchAddr.aspx
THF Huntington Place Senior Living Little Elm,NEQ Navo Road and Union Park Blvd.,Little Elm,Texas,198,planned,,,,,,,,Texas housing tax-credit inventory (XLSX),https://www.tdhca.texas.gov/sites/default/files/multifamily/docs/HTCPropertyInventory_2.xlsx
Cedar Lake Apts,7455 W Camp Wisdom Rd,Dallas,Texas,196,sold,,2025-04-02,Pecos Housing Finance,,,,,Dallas County records (search by address),https://www.dallascad.org/SearchAddr.aspx
Cottages at Summer Cree,5400 Mountain Brook Ln,Tarrant County,Texas,196,sold,,2025-01-25,,,,,,Tarrant County commercial records (ZIP),https://www.tad.org/content/data-download/2026CommImprovedSales.zip
Gables Uptown Tower,3227 Mckinney Ave,Dallas,Texas,196,sold,,2025-02-28,Maverick County Housing,,,,,Dallas County records (search by address),https://www.dallascad.org/SearchAddr.aspx
Live Oaks At The Branch,4670 Amesbury Dr,Dallas,Texas,196,sold,,2025-05-19,La Villa Housing Finance Corp,,,,,Dallas County records (search by address),https://www.dallascad.org/SearchAddr.aspx
North Star Phase 1,9600 Lbj Fwy,Dallas,Texas,196,sold,,2025-03-13,Pleasanton Housing Finance Corp,,,,,Dallas County records (search by address),https://www.dallascad.org/SearchAddr.aspx
Oakley Apartments,"501 Green Oaks Ct, Arlington",Arlington,Texas,196,permitted,,,,,,,,Tarrant County commercial records (ZIP),https://www.tad.org/content/data-download/2026CommPermits.zip
2800 Taylor (100% Complete),2800 Taylor St,Dallas,Texas,192,sold,,2025-02-14,SW Taylor Street Dev LLC,,,,,Dallas County records (search by address),https://www.dallascad.org/SearchAddr.aspx
Cedar Ridge Apts-(Tdhca# 91053),7905 Marvin D Love Fwy,Dallas,Texas,192,sold,,2025-08-11,Harrison Apartments LLC The,,,,,Dallas County records (search by address),https://www.dallascad.org/SearchAddr.aspx
Matlock Flats Apts,"710 Eden Rd, Arlington",Arlington,Texas,192,permitted,,,,,,,,Tarrant County commercial records (ZIP),https://www.tad.org/content/data-download/2026CommPermits.zip
Villas Del Zocalo II,3333 Webb Chapel Extension,Dallas,Texas,192,sold,,2024-11-13,3333 Webb Chapel Property,,,,,Dallas County records (search by address),https://www.dallascad.org/SearchAddr.aspx
Westland Estates,2950 Alemeda St,Tarrant County,Texas,192,sold,,2025-05-07,,,,,,Tarrant County commercial records (ZIP),https://www.tad.org/content/data-download/2026CommImprovedSales.zip
Stella,"8222 Calmont Ave, Fort Worth",Fort Worth,Texas,191,permitted,,,,,,,,Tarrant County commercial records (ZIP),https://www.tad.org/content/data-download/2025CommPermits.zip
Lyra On Mckinney,4209 Mckinney Ave,Dallas,Texas,190,sold,,2026-06-10,Srpf E/Dfw Mf 1 LP,,(833) 805-6483,,https://www.apartments.com/lyra-on-mckinney-dallas-tx/dvrh87k/ (2026-09-26),Dallas County records (search by address),https://www.dallascad.org/SearchAddr.aspx
Devon On Northgate Ph 2,3800 Esters Rd,Irving,Texas,188,sold,,2025-04-17,Edcouch Community Housing,,,,,Dallas County records (search by address),https://www.dallascad.org/SearchAddr.aspx
Westwood Apts,3315 W Pentagon Pkwy,Dallas,Texas,187,sold,,2025-04-02,Pecos Housing,,,,,Dallas County records (search by address),https://www.dallascad.org/SearchAddr.aspx
The Biltmore Apts,2300 Misty Ridge Cir,Tarrant County,Texas,186,sold,,2024-10-10,,,,,,Tarrant County commercial records (ZIP),https://www.tad.org/content/data-download/2026CommImprovedSales.zip
Solea Tavolo Park (55+ Active),7545 Harris Pkwy,Tarrant County,Texas,184,sold,,2025-02-05,,,,,,Tarrant County commercial records (ZIP),https://www.tad.org/content/data-download/2026CommImprovedSales.zip
Northbridge In The Village II,8583 Southwestern Blvd,Dallas,Texas,182,sold,,2024-12-23,Pcv Northbridge LLC,,,,,Dallas County records (search by address),https://www.dallascad.org/SearchAddr.aspx
The Parc On Jackson,2031 Jackson St,Dallas,Texas,182,under construction,,,,,,,,Dallas County records (search by address),https://www.dallascad.org/SearchAddr.aspx
Camden Valley Park II,9801 W Valley Ranch Pkwy,Irving,Texas,181,sold,,2026-02-19,9835 W Valley Ranch,,,,,Dallas County records (search by address),https://www.dallascad.org/SearchAddr.aspx
Elan At Bluffview Apartments,3850 W Northwest Hwy,Dallas,Texas,181,sold,,2024-11-27,Elan At Bluffview LP,,,,,Dallas County records (search by address),https://www.dallascad.org/SearchAddr.aspx
Evans & Rosedale Urban Village,900 Evans Avenue,Fort Worth,Texas,180,planned,,,,,(414) 800-5289,,,Texas housing tax-credit inventory (XLSX),https://www.tdhca.texas.gov/sites/default/files/multifamily/docs/HTCPropertyInventory_2.xlsx
Flats At Brentwood,"2188 E Loop 820, Fort Worth",Fort Worth,Texas,180,permitted,,,,,,,,Tarrant County commercial records (ZIP),https://www.tad.org/content/data-download/2026CommPermits.zip
Homes Of Persimmons- (75% Tax Credit Txa20000065),3245 Simpson Stuart Rd,Dallas,Texas,180,sold,,2025-06-12,Hop Apartments LLC &,,,,,Dallas County records (search by address),https://www.dallascad.org/SearchAddr.aspx
Rolling Hills Apts,2010 Estrada Pkwy,Irving,Texas,180,sold,,2025-09-11,Starcore Rh LLC,,,,,Dallas County records (search by address),https://www.dallascad.org/SearchAddr.aspx
Rosemont At Hickory Trace - Txa00000501,8410 S Westmoreland Rd,Dallas,Texas,180,sold,,2026-02-25,180 Hickory LLC &,,,,,Dallas County records (search by address),https://www.dallascad.org/SearchAddr.aspx
The Legacy on Kiest,2621 Southerland Ave,Dallas,Texas,180,planned,,,,,,,,Texas housing tax-credit inventory (XLSX),https://www.tdhca.texas.gov/sites/default/files/multifamily/docs/HTCPropertyInventory_2.xlsx
Galleries At Park Lane,8100 Park Ln,Dallas,Texas,179,sold,,2025-05-30,Mmf I Dfw Park Lane LLC,,,,,Dallas County records (search by address),https://www.dallascad.org/SearchAddr.aspx
Uptown At Cole Park,3030 Elizabeth St,Dallas,Texas,179,sold,,2025-12-03,Ucp Propco LLC,,,,,Dallas County records (search by address),https://www.dallascad.org/SearchAddr.aspx
Orchards Market Plaza Senior Apts,3640 Mapleshade Ln,Plano,Texas,178,sold,,2026-07-17,Csh Plano Act LLC,,(469) 666-4205,Greystar,https://www.greystar.com/the-orchards-market-plaza-plano-plano-tx/p_20785 (2026-09-26),Texas county property records,https://data.texas.gov/d/5tkr-3759
Gateway Multifamily East,1800 IH 30 Hwy,Grand Prairie,Texas,177,permitted,2028-10-01,,,Grtp LTD,(214) 559-0091,,,State project record,https://www.tdlr.texas.gov/TABS/Search/Project/TABS2026015283
Casa Bella (2019 Reno),2970 Peavy Rd,Dallas,Texas,176,sold,,2025-04-03,Pecos Housing Finance Corp,,,,,Dallas County records (search by address),https://www.dallascad.org/SearchAddr.aspx
Cedar Point Townhomes,"1751 Towne Crossing Blvd, Mansfield",Mansfield,Texas,176,permitted,,,,,,,,Tarrant County commercial records (ZIP),https://www.tad.org/content/data-download/2025CommPermits.zip
Vista Buena,13350 Esperanza Rd,Dallas,Texas,176,sold,,2025-07-02,Vba Apartments LLC,,,,,Dallas County records (search by address),https://www.dallascad.org/SearchAddr.aspx
The Holland,8020 Windrose Ave,Plano,Texas,175,sold,,2025-04-22,Lw Residential Partners LP,,,,,Texas county property records,https://data.texas.gov/d/5tkr-3759
The Lora/Knox Hotel/Office,4555 Travis St,Dallas,Texas,173,under construction,,,,,,,,Dallas County records (search by address),https://www.dallascad.org/SearchAddr.aspx
Arlington Hills,"3200 S Center St, Arlington",Arlington,Texas,171,permitted,,,,,,,,Tarrant County commercial records (ZIP),https://www.tad.org/content/data-download/2025CommPermits.zip
The Francisco (All Bills Paid),3035 E Ledbetter Dr,Dallas,Texas,171,sold,,2026-02-06,3035 Ledbetter Spe LLC,,,,,Dallas County records (search by address),https://www.dallascad.org/SearchAddr.aspx
Tides At 5400,"5416 Boca Raton Blvd, Fort Worth",Fort Worth,Texas,169,permitted,,,,,,,,Tarrant County commercial records (ZIP),https://www.tad.org/content/data-download/2026CommPermits.zip
Overture Plano Senior Apartments,500 Coit Rd,Plano,Texas,168,sold,,2025-09-26,Dhc Hyb Slc Properties LLC,,,,,Texas county property records,https://data.texas.gov/d/5tkr-3759
(U/C) Cypress Creek Montfort Drive,14119 Montfort Dr,Dallas,Texas,168,under construction,,,,,,,,Dallas County records (search by address),https://www.dallascad.org/SearchAddr.aspx
Cottages At Bedford,"2000 Park Place Blvd, Bedford",Bedford,Texas,168,permitted,,,,,,,,Tarrant County commercial records (ZIP),https://www.tad.org/content/data-download/2026CommPermits.zip
Courts Of Bent Tree,17250 Knoll Trail Dr,Dallas,Texas,168,sold,,2024-11-08,Blv Bent Tree LLC,,,,,Dallas County records (search by address),https://www.dallascad.org/SearchAddr.aspx
Hanger,209 S Clark Rd,Cedar Hill,Texas,168,sold,,2025-12-24,201 Clark Rd Apts LLC,,,,,Dallas County records (search by address),https://www.dallascad.org/SearchAddr.aspx
Ladera Apartments,"2029 Dayton St, Haltom City",Haltom City,Texas,168,permitted,,,,,,,,Tarrant County commercial records (ZIP),https://www.tad.org/content/data-download/2026CommPermits.zip
The Calvin,2501 Ohio Dr,Plano,Texas,167,sold,,2024-12-13,Rc Calvin LLC,,,,,Texas county property records,https://data.texas.gov/d/5tkr-3759
Broadstone At Wycliff Phase 1,2929 Wycliff Ave,Dallas,Texas,167,sold,,2024-11-27,Dhfc 2929 Wycliff Landowner LLC,,,,,Dallas County records (search by address),https://www.dallascad.org/SearchAddr.aspx
Everton At Bellmar,10588 Stone Canyon Rd,Dallas,Texas,166,sold,,2025-10-29,Capri Everton LLC &,,,,,Dallas County records (search by address),https://www.dallascad.org/SearchAddr.aspx
Royal Crest Apts,3540 Wilhurt Ave,Dallas,Texas,165,sold,,2025-07-18,Royal Crest Preservation LLC,,,,,Dallas County records (search by address),https://www.dallascad.org/SearchAddr.aspx
The Armstrong At Knox,4525 Cole Ave,Dallas,Texas,165,sold,,2026-06-05,Madera Armstrong LLC &,,(469) 457-4255,Greystar,https://www.greystar.com/the-armstrong-at-knox-dallas-tx/p_22849 (2026-09-26),Dallas County records (search by address),https://www.dallascad.org/SearchAddr.aspx
Adira Apartments,1301 W Wheatland Rd,Dallas,Texas,164,sold,,2025-04-11,Pecos Housing Finance Corp,,,,,Dallas County records (search by address),https://www.dallascad.org/SearchAddr.aspx
Tenison Lofts,3504 and 3602 Samuell Blvd and 3503 Merrifield Ave,Dallas,Texas,164,planned,,,,,,,,Texas housing tax-credit inventory (XLSX),https://www.tdhca.texas.gov/sites/default/files/multifamily/docs/HTCPropertyInventory_2.xlsx
Lavita On Lovers Lane,6603 E Lovers Ln,Dallas,Texas,162,sold,,2024-12-23,Friend Stage Co LTD,,,,,Dallas County records (search by address),https://www.dallascad.org/SearchAddr.aspx
Instrata At Legacy West,7850 Communications Pkwy,Plano,Texas,161,sold,,2025-04-28,Lw Owner 2 LLC,,,,,Texas county property records,https://data.texas.gov/d/5tkr-3759
Riverfalls Park,10570 Stone Canyon Rd,Dallas,Texas,161,sold,,2025-10-29,Capri Riverfalls LLC &,,,,,Dallas County records (search by address),https://www.dallascad.org/SearchAddr.aspx
Ava Apartments,8303 Skillman St,Dallas,Texas,160,sold,,2025-04-17,Edcouch Community Housing,,,,,Dallas County records (search by address),https://www.dallascad.org/SearchAddr.aspx
Forest Ridge,8850 Fair Oaks Crossing,Dallas,Texas,160,sold,,2026-06-02,Lsref7 Ranger Reo LLC,,(972) 823-9677,,https://www.forestridgedallas.com/contact (2026-09-26),Dallas County records (search by address),https://www.dallascad.org/SearchAddr.aspx
Tides On Leisure Phase 1,10010 Forest Ln,Dallas,Texas,160,sold,,2025-04-01,Newpoint Jv Sub III LLC,,,,,Dallas County records (search by address),https://www.dallascad.org/SearchAddr.aspx
Casa Luna (All Bills Paid),2800 John West Rd,Dallas,Texas,159,sold,,2025-09-05,Rc 2800 John West,,,,,Dallas County records (search by address),https://www.dallascad.org/SearchAddr.aspx
Las Ventanas,523 N Alexander Ave,Duncanville,Texas,158,sold,,2025-03-24,Pecos Housing Finance,,,,,Dallas County records (search by address),https://www.dallascad.org/SearchAddr.aspx
San Carlos,5010 Maple Ave,Dallas,Texas,154,sold,,2025-01-24,Wsp Polanco LLC,,,,,Dallas County records (search by address),https://www.dallascad.org/SearchAddr.aspx
Windscape Gardens,"3099 Parham Dr, Grand Prairie",Grand Prairie,Texas,154,permitted,,,,,,,,Tarrant County commercial records (ZIP),https://www.tad.org/content/data-download/2026CommPermits.zip
3 Thousand One Crystal Springs,"3001 Crystal Springs, Bedford",Bedford,Texas,152,permitted,,,,,,,,Tarrant County commercial records (ZIP),https://www.tad.org/content/data-download/2026CommPermits.zip
Ashton Apartment Homes,"681 N Saginaw Blvd, Saginaw",Saginaw,Texas,152,sold,,2025-02-26,,,,,,Tarrant County commercial records (ZIP),https://www.tad.org/content/data-download/2026CommPermits.zip
Gable Point,11111 Woodmeadow Pkwy,Dallas,Texas,152,sold,,2026-03-13,Glover Gablepoint Owner LLC,,,,,Dallas County records (search by address),https://www.dallascad.org/SearchAddr.aspx
Oasis Springs Apts,"601 Bellaire Dr, Hurst",Hurst,Texas,152,permitted,,,,,,,,Tarrant County commercial records (ZIP),https://www.tad.org/content/data-download/2025CommPermits.zip
Park Lane Terrace (All Bills Paid),6864 Larmanda St,Dallas,Texas,152,sold,,2024-09-09,Park Lane Property LLC,,,,,Dallas County records (search by address),https://www.dallascad.org/SearchAddr.aspx
The Brookmoore (59% Occupied),706 Fawn Ridge Dr,Dallas,Texas,152,sold,,2025-03-13,La Villa Housing Finance,,,,,Dallas County records (search by address),https://www.dallascad.org/SearchAddr.aspx
Bella Vista Park,2700 N Buckner Blvd,Dallas,Texas,151,sold,,2024-11-07,532 Title Way LLC,,,,,Dallas County records (search by address),https://www.dallascad.org/SearchAddr.aspx
Casa Valley Apts,500 Santa Fe Trl,Irving,Texas,151,sold,,2025-04-02,Pecos Housing Finance Corp,,,,,Dallas County records (search by address),https://www.dallascad.org/SearchAddr.aspx
Spring Valley Apts,"807 S Main St, Euless",Euless,Texas,151,permitted,,,,,,,,Tarrant County commercial records (ZIP),https://www.tad.org/content/data-download/2025CommPermits.zip
Wyndham On The Creek,9633 Ferris Branch Blvd,Dallas,Texas,151,sold,,2025-05-02,Pecos Housing Finance,,,,,Dallas County records (search by address),https://www.dallascad.org/SearchAddr.aspx
Gardens Of Bedford,"1948 Shady Brook Dr, Bedford",Bedford,Texas,150,permitted,,,,,,,,Tarrant County commercial records (ZIP),https://www.tad.org/content/data-download/2025CommPermits.zip
Southcrest (All Bills Paid),3702 Conway St,Dallas,Texas,150,sold,,2025-05-16,South Crest Ir LLC,,,,,Dallas County records (search by address),https://www.dallascad.org/SearchAddr.aspx
Grand Reserve: Upscale Townhomes,6044 E Lovers Ln,Dallas,Texas,149,sold,,2025-12-01,Ag Kvc Gr Property Owner,,,,,Dallas County records (search by address),https://www.dallascad.org/SearchAddr.aspx
Residences Of White Rock Lake/ 12 Fire Damaged Uni,9312 Beck Ave,Dallas,Texas,146,sold,,2026-05-15,Residences At White Rock Lake,,,,,Dallas County records (search by address),https://www.dallascad.org/SearchAddr.aspx
(To Be Demoed) 100% Vacant,1910 Argentia Dr,Dallas,Texas,144,sold,,2025-10-20,Paw Investors Group LLC,,,,,Dallas County records (search by address),https://www.dallascad.org/SearchAddr.aspx
Haven,5827 Blackwell St,Dallas,Texas,144,sold,,2026-02-05,Dallas Haven Properties LLC,,,,,Dallas County records (search by address),https://www.dallascad.org/SearchAddr.aspx
Lure,2929 Kings Rd,Dallas,Texas,144,sold,,2024-09-10,Rise Highland Park LP &,,,,,Dallas County records (search by address),https://www.dallascad.org/SearchAddr.aspx
The Park At Ashford,3500 S Fielder Rd,Tarrant County,Texas,144,sold,,2025-08-22,,,,,,Tarrant County commercial records (ZIP),https://www.tad.org/content/data-download/2026CommImprovedSales.zip
Waterford,7879 Riverfall Dr,Dallas,Texas,144,sold,,2025-10-29,7879 Riverfall Propco LLC &,,,,,Dallas County records (search by address),https://www.dallascad.org/SearchAddr.aspx
Ten Twelve West,1014 W Pioneer Pkwy,Tarrant County,Texas,143,sold,,2024-10-10,,,,,,Tarrant County commercial records (ZIP),https://www.tad.org/content/data-download/2026CommImprovedSales.zip
(53% Vacant) Villas Del Rey,8117 Barclay St,Dallas,Texas,141,sold,,2026-01-14,Wilmington Trust National Assoc,,,,,Dallas County records (search by address),https://www.dallascad.org/SearchAddr.aspx
Mesa Ridge Village East ((Ecu 49% Vacant)),3504 Fawn Valley Dr,Dallas,Texas,140,sold,,2025-03-13,La Villa Housing Finance,,,,,Dallas County records (search by address),https://www.dallascad.org/SearchAddr.aspx
Riverbend,"701 E Arkansas Ln, Arlington",Arlington,Texas,138,permitted,,,,,,,,Tarrant County commercial records (ZIP),https://www.tad.org/content/data-download/2025CommPermits.zip
Avanti On Central,"805 Central Dr, Bedford",Bedford,Texas,137,permitted,,,,,,,,Tarrant County commercial records (ZIP),https://www.tad.org/content/data-download/2025CommPermits.zip
The Ainsley,2747 N Stemmons Fwy,Dallas,Texas,137,sold,,2024-12-20,Dallas 137 LLC,,,,,Dallas County records (search by address),https://www.dallascad.org/SearchAddr.aspx
Andora,3302 Linda Dr,Dallas,Texas,136,sold,,2025-04-09,La Villa Housing Finance Corp,,,,,Dallas County records (search by address),https://www.dallascad.org/SearchAddr.aspx
Parea Oak Lawn (All Bills Paid),4503 Lake Ave,Dallas,Texas,134,sold,,2025-10-07,Cbcv Dallas Po LLC,,,,,Dallas County records (search by address),https://www.dallascad.org/SearchAddr.aspx
Alta Vista Apartments,700 18Th St,Plano,Texas,133,sold,,2025-02-07,Alta Vista Apartments & Tjfl Legacy LP,,,,,Texas county property records,https://data.texas.gov/d/5tkr-3759
2910 Motley Senior Living,2910 Motley Dr,Mesquite,Texas,133,under construction,2026-07-01,,,"2910 Motley Senior Living, Ltd.",(972) 774-4439,,,State project record,https://www.tdlr.texas.gov/TABS/Search/Project/TABS2025002194
The Gate In The Village (Ecu),8131 Southwestern Blvd,Dallas,Texas,133,sold,,2024-12-23,Pcv Gate LLC,,,,,Dallas County records (search by address),https://www.dallascad.org/SearchAddr.aspx
North Oak Apts (Tdhca# 92001),1417 N Nursery Rd,Irving,Texas,132,sold,,2025-12-02,One Sutton Square LLC,,(972) 438-3609,US Residential,https://riseapartments.com/apartment/north-oak-irving/ (2026-09-26),Dallas County records (search by address),https://www.dallascad.org/SearchAddr.aspx
Plantation West Apts,"612 Booth Calloway Rd, Hurst",Hurst,Texas,132,permitted,,,,,,,,Tarrant County commercial records (ZIP),https://www.tad.org/content/data-download/2025CommPermits.zip
Casa Valencia (100% Vacant),4619 Lake Ave,Dallas,Texas,131,sold,,2026-04-03,Skye At Highland Park LLC &,,,,,Dallas County records (search by address),https://www.dallascad.org/SearchAddr.aspx
The Villas Of Remond - Tdhca#98032,3050 Remond Dr,Dallas,Texas,131,sold,,2025-12-01,Remond Dallas Holdings LP,,,,,Dallas County records (search by address),https://www.dallascad.org/SearchAddr.aspx
Spanish Pueblo,9727 Dale Crest Dr,Dallas,Texas,128,sold,,2025-04-22,La Villa Housing Finance,,,,,Dallas County records (search by address),https://www.dallascad.org/SearchAddr.aspx
Parker At Bishop Ridge,812 Comal St,Dallas,Texas,127,sold,,2024-09-04,Dallas Public Facility Corp,,,,,Dallas County records (search by address),https://www.dallascad.org/SearchAddr.aspx
Verandah Flats,7130 Gaston Ave,Dallas,Texas,126,sold,,2026-01-07,900 Title Jefferson LLC,,,,,Dallas County records (search by address),https://www.dallascad.org/SearchAddr.aspx
Braxton Apts (Remo Underway-43% Unocc),3602 N Country Club Rd,Irving,Texas,125,sold,,2026-02-17,Irving Pembrook De LLC,,,,,Dallas County records (search by address),https://www.dallascad.org/SearchAddr.aspx
Chase Place Phase 1,3304 Chapel Creek Dr,Dallas,Texas,125,sold,,2025-04-22,La Villa Housing Finance Corp,,,,,Dallas County records (search by address),https://www.dallascad.org/SearchAddr.aspx
Cedar Ridge Townhomes,"2043 Knoll Crest Dr, Arlington",Arlington,Texas,124,permitted,,,,,,,,Tarrant County commercial records (ZIP),https://www.tad.org/content/data-download/2026CommPermits.zip
3606 S Cockrell Hill Road Senior Living,3606 and 3626 S Cockrell Hill Road,Dallas,Texas,120,planned,,,,,,,,Texas housing tax-credit inventory (XLSX),https://www.tdhca.texas.gov/sites/default/files/multifamily/docs/HTCPropertyInventory_2.xlsx
Bishop Arts Station - Zang Block,195 W Davis St,Dallas,Texas,120,sold,,2026-02-02,Am Victor Prosper Owner LLC,,,,,Dallas County records (search by address),https://www.dallascad.org/SearchAddr.aspx
Paradise Apartments,"917 Coury Rd, Everman",Everman,Texas,120,permitted,,,,,,,,Tarrant County commercial records (ZIP),https://www.tad.org/content/data-download/2026CommPermits.zip
Serena Vista Apartments,"1519 San Francisco Ct, Arlington",Arlington,Texas,120,permitted,,,,,,,,Tarrant County commercial records (ZIP),https://www.tad.org/content/data-download/2026CommPermits.zip
Wilshire Manor Apts,"1450 Sagebrush Tr, Euless",Euless,Texas,118,permitted,,,,,,,,Tarrant County commercial records (ZIP),https://www.tad.org/content/data-download/2025CommPermits.zip
Broadstone At Wycliff Phase 2,4420 Dickason Ave,Dallas,Texas,117,sold,,2024-11-27,Dhfc 2929 Wycliff Landowner LLC,,,,,Dallas County records (search by address),https://www.dallascad.org/SearchAddr.aspx
Candle Chase Apts,"4805 Altamesa Blvd, Fort Worth",Fort Worth,Texas,116,permitted,,,,,,,,Tarrant County commercial records (ZIP),https://www.tad.org/content/data-download/2026CommPermits.zip
Delara Chase Apts,4805 Altamesa Blvd,Tarrant County,Texas,116,sold,,2025-03-24,,,,,,Tarrant County commercial records (ZIP),https://www.tad.org/content/data-download/2026CommImprovedSales.zip
Estara,11200 Woodmeadow Pkwy,Dallas,Texas,116,sold,,2025-03-17,Pecos Housing Finance,,,,,Dallas County records (search by address),https://www.dallascad.org/SearchAddr.aspx
Courtney Place (Ecu),3211 Chapel Creek Dr,Dallas,Texas,115,sold,,2025-04-22,La Villa Housing Finance,,,,,Dallas County records (search by address),https://www.dallascad.org/SearchAddr.aspx
Paradise Gardens,1500 N Garrett Ave,Dallas,Texas,114,sold,,2025-02-13,Lih Paradise Gardens,,,,,Dallas County records (search by address),https://www.dallascad.org/SearchAddr.aspx
Thorn Manor Apt,300 W Wintergreen Rd,Desoto,Texas,113,sold,,2025-07-18,Ridgewood Manor LLC,,,,,Dallas County records (search by address),https://www.dallascad.org/SearchAddr.aspx
Solaire Tdhca (2562),4753 Duncanville Rd,Dallas,Texas,112,sold,,2025-01-03,Solaire Group LLC &,,,,,Dallas County records (search by address),https://www.dallascad.org/SearchAddr.aspx
930 Military Parkway Living,940 Military Parkway,Mesquite,Texas,111,planned,,,,,,,,Texas housing tax-credit inventory (XLSX),https://www.tdhca.texas.gov/sites/default/files/multifamily/docs/HTCPropertyInventory_2.xlsx
Embassy Apts,1415 W Airport Fwy,Irving,Texas,110,sold,,2025-12-22,Envoy Holdings LLC,,,,,Dallas County records (search by address),https://www.dallascad.org/SearchAddr.aspx
Willows II Apts,"2024 Park Springs Blvd, Arlington",Arlington,Texas,110,permitted,,,,,,,,Tarrant County commercial records (ZIP),https://www.tad.org/content/data-download/2026CommPermits.zip
Amli At Escena II,6410 Escena Blvd,Irving,Texas,109,sold,,2026-06-12,Rp 4 Las Colinas Owner LLC,,(855) 433-1218,AMLI Residential,https://www.amli.com/apartments/dallas/las-colinas-apartments/amli-at-escena/contact (2026-09-26),Dallas County records (search by address),https://www.dallascad.org/SearchAddr.aspx
Brentwood Apts,821 S Nursery Rd,Irving,Texas,109,sold,,2026-02-16,109 Doors Nursery Spe LLC,,,,,Dallas County records (search by address),https://www.dallascad.org/SearchAddr.aspx
McKinney Ranch Senior Living,5353 McKinney Ranch Parkway,McKinney,Texas,109,planned,,,,,,,,Texas housing tax-credit inventory (XLSX),https://www.tdhca.texas.gov/sites/default/files/multifamily/docs/HTCPropertyInventory_2.xlsx
Oaks At Jane Lane,3001 Jane Ln,Tarrant County,Texas,109,sold,,2025-03-14,,,,,,Tarrant County commercial records (ZIP),https://www.tad.org/content/data-download/2026CommImprovedSales.zip
Fountains Of Jupiter,12993 Jupiter Rd,Dallas,Texas,108,sold,,2024-12-09,Clover Fountains Of Jupiter,,,,,Dallas County records (search by address),https://www.dallascad.org/SearchAddr.aspx
Mission On Ascension,"1830 Green Oaks Blvd, Arlington",Arlington,Texas,108,permitted,,,,,,,,Tarrant County commercial records (ZIP),https://www.tad.org/content/data-download/2025CommPermits.zip
mirabel apts,"6327 Woodway Dr, Fort Worth",Fort Worth,Texas,108,permitted,,,,,,,,Tarrant County commercial records (ZIP),https://www.tad.org/content/data-download/2026CommPermits.zip
Claridge Point,5918 Ridgecrest Rd,Dallas,Texas,106,sold,,2025-10-31,Solamar Apts LLC &,,,,,Dallas County records (search by address),https://www.dallascad.org/SearchAddr.aspx
Dancing River Assisted Living,"3735 Ira E Woods Ave, Grapevine",Grapevine,Texas,106,permitted,,,,,,,,Tarrant County commercial records (ZIP),https://www.tad.org/content/data-download/2025CommPermits.zip
The Flats Of Dallas,8206 Bunche Dr,Dallas,Texas,106,sold,,2025-05-02,Ninety9 Capital Mffi Flats LLC,,,,,Dallas County records (search by address),https://www.dallascad.org/SearchAddr.aspx
The Hawthorn at Rock Creek - Bldg. 1 FA I-A,100 Fort Worth Trl,Fort Worth,Texas,106,permitted,,,,,,,,City of Fort Worth development permits,https://www.arcgis.com/home/item.html?id=d2740f4d746b4bfaa03e25de0376238b
Oak Park-(Tdhca# 91056),2800 W Pioneer Dr,Irving,Texas,105,sold,,2025-09-24,2800 W Pioneer Partners LLC,,,,,Dallas County records (search by address),https://www.dallascad.org/SearchAddr.aspx
Stratford @ Midtown,6809 Larmanda St,Dallas,Texas,105,sold,,2026-04-27,Tm Stratford Hill II LLC,,,,,Dallas County records (search by address),https://www.dallascad.org/SearchAddr.aspx
Casa Del Sol (All Bills Paid),730 N Nursery Rd,Irving,Texas,104,sold,,2024-12-06,730 N Nursery Propco LLC,,,,,Dallas County records (search by address),https://www.dallascad.org/SearchAddr.aspx
The Eastern,1519 Annex Ave,Dallas,Texas,104,sold,,2026-04-01,Annex Eastern LP,,,,,Dallas County records (search by address),https://www.dallascad.org/SearchAddr.aspx
The Vues,4125 Preferred Pl,Dallas,Texas,102,sold,,2024-12-26,Vues Apartments LLC The,,,,,Dallas County records (search by address),https://www.dallascad.org/SearchAddr.aspx
60% N/C Hickory Apartments,1720 Hickory St,Dallas,Texas,100,under construction,,,,,,,,Dallas County records (search by address),https://www.dallascad.org/SearchAddr.aspx
Binyon-O'Keefe Building,"210 E 7th St, Fort Worth",Fort Worth,Texas,100,permitted,,,,,,,,Tarrant County commercial records (ZIP),https://www.tad.org/content/data-download/2026CommPermits.zip
Estera,11321 Woodmeadow Pkwy,Dallas,Texas,100,sold,,2025-03-17,Pecos Housing Finance,,,,,Dallas County records (search by address),https://www.dallascad.org/SearchAddr.aspx
Pearl Lofts,1100 S Pearl Expy,Dallas,Texas,100,sold,,2025-07-25,1100 Pearl Street INC,,,,,Dallas County records (search by address),https://www.dallascad.org/SearchAddr.aspx
The Hanger,201 S Clark Rd,Cedar Hill,Texas,100,sold,,2025-12-24,201 Clark Rd Apts LLC,,,,,Dallas County records (search by address),https://www.dallascad.org/SearchAddr.aspx
The Bonnie - Phase Area 1 Multifamily Building,251 W Petersmith St,Fort Worth,Texas,100,permitted,,,,,,,,City of Fort Worth development permits,https://www.arcgis.com/home/item.html?id=d2740f4d746b4bfaa03e25de0376238b
217 Melba St Apts,217 Melba St,Dallas,Texas,99,sold,,2025-03-26,Bishop Modern LLC,,,,,Dallas County records (search by address),https://www.dallascad.org/SearchAddr.aspx
Balfour Flats Multifamily,700 E South Street,Arlington,Texas,99,under construction,2027-09-15,,,Balfour Flats Venture LP,(903) 278-7923,,,State project record,https://www.tdlr.texas.gov/TABS/Search/Project/TABS2026022106
Apartments Iia,1600 N Westmoreland Rd,Dallas,Texas,96,under construction,,,,,,,,Dallas County records (search by address),https://www.dallascad.org/SearchAddr.aspx
Bishop Arts Station - Plaza Block,196 W Davis St,Dallas,Texas,96,sold,,2026-02-02,Am Victor Prosper Owner LLC,,,,,Dallas County records (search by address),https://www.dallascad.org/SearchAddr.aspx
Northwood Heights (Ecu Includes 26 Resi Acct),15702 El Estado Dr,Dallas,Texas,96,sold,,2025-10-10,Brazos Northwood Heights,,,,,Dallas County records (search by address),https://www.dallascad.org/SearchAddr.aspx
Reserve at Augustine,115 S St Augustine Rd,Dallas,Texas,96,planned,,,,,,,,Texas housing tax-credit inventory (XLSX),https://www.tdhca.texas.gov/sites/default/files/multifamily/docs/HTCPropertyInventory_2.xlsx
Spanish Pueblo Apartments,9701 Dale Crest Dr,Dallas,Texas,96,sold,,2025-04-22,La Villa Housing Finance,,,,,Dallas County records (search by address),https://www.dallascad.org/SearchAddr.aspx
Sherry Pointe Apartments,NEQ of E Arkansas Ln and Sherry St,Arlington,Texas,96,planned,,,,,,,,Texas housing tax-credit inventory (XLSX),https://www.tdhca.texas.gov/sites/default/files/multifamily/docs/HTCPropertyInventory_2.xlsx
The Gatehouse,"670 Gatehouse Dr, Grapevine",Grapevine,Texas,96,permitted,,,,,,,,Tarrant County commercial records (ZIP),https://www.tad.org/content/data-download/2025CommPermits.zip
Hidalgo Apartments,3434 Hidalgo Dr,Dallas,Texas,93,under construction,2027-12-31,,,Arham Land Holdings LLC,(469) 980-8532,,,State project record,https://www.tdlr.texas.gov/TABS/Search/Project/TABS2026016781
Heritage Estates at Valley Ridge,SEQ W Valley Ridge Blvd and N Garden Ridge Blvd,Lewisville,Texas,92,planned,,,,,,,,Texas housing tax-credit inventory (XLSX),https://www.tdhca.texas.gov/sites/default/files/multifamily/docs/HTCPropertyInventory_2.xlsx
Maverick Oak Lawn,2600 Arroyo Ave,Dallas,Texas,92,sold,,2025-10-07,Opps Rtl Investment Holding I LLC,,,,,Dallas County records (search by address),https://www.dallascad.org/SearchAddr.aspx
"OGC SN Multifamily, LP Phase 2",3056 Good Bull Ave,Fort Worth,Texas,92,permitted,,,,,,,,City of Fort Worth development permits,https://www.arcgis.com/home/item.html?id=d2740f4d746b4bfaa03e25de0376238b
"OGC SN Multifamily, LP Phase 3",201 NE 29th St,Fort Worth,Texas,92,permitted,,,,,,,,City of Fort Worth development permits,https://www.arcgis.com/home/item.html?id=d2740f4d746b4bfaa03e25de0376238b
Alta River Park - Bldg. 2,3200 Trinity View Dr,Fort Worth,Texas,90,permitted,,,,,,,,City of Fort Worth development permits,https://www.arcgis.com/home/item.html?id=d2740f4d746b4bfaa03e25de0376238b
L'Abri Apartments,"200 W Pioneer Pkwy, Arlington",Arlington,Texas,90,permitted,,,,,,,,Tarrant County commercial records (ZIP),https://www.tad.org/content/data-download/2026CommPermits.zip
The James at Wheatland,7100 W Wheatland Rd.,Dallas,Texas,90,planned,,,,,,,,Texas housing tax-credit inventory (XLSX),https://www.tdhca.texas.gov/sites/default/files/multifamily/docs/HTCPropertyInventory_2.xlsx
Oxford Park Phase 2,5330 Bond St,Irving,Texas,89,sold,,2025-04-02,Montgomery Acquisitions I LLC &,,,,,Dallas County records (search by address),https://www.dallascad.org/SearchAddr.aspx
Stella Haven,3300 Sundown Blvd,Denton,Texas,88,planned,,,,,,,,Texas housing tax-credit inventory (XLSX),https://www.tdhca.texas.gov/sites/default/files/multifamily/docs/HTCPropertyInventory_2.xlsx
Villa Ladera (All Bills Paid),2874 Prichard Ln,Dallas,Texas,88,sold,,2024-12-20,Hilltop Villas LLC,,,,,Dallas County records (search by address),https://www.dallascad.org/SearchAddr.aspx
Bella Limon,4311 - 4329 Belmont Ave,Dallas,Texas,87,planned,,,,,,,,Texas housing tax-credit inventory (XLSX),https://www.tdhca.texas.gov/sites/default/files/multifamily/docs/HTCPropertyInventory_2.xlsx
Burnett Lofts @ Bishop Ridge,512 N Ewing Ave,Dallas,Texas,86,sold,,2025-03-07,Dallas Public Facility Corp,,,,,Dallas County records (search by address),https://www.dallascad.org/SearchAddr.aspx
Tesoro At 12 (Ecu),4170 Altoona Dr,Dallas,Texas,86,sold,,2026-01-06,Tesoro Multi TX Po LLC,,,,,Dallas County records (search by address),https://www.dallascad.org/SearchAddr.aspx
Bella Vida,927 N Oak St,Tarrant County,Texas,84,sold,,2025-05-07,,,,,,Tarrant County commercial records (ZIP),https://www.tad.org/content/data-download/2026CommImprovedSales.zip
Country Brook Apts,120 S Rogers Rd,Irving,Texas,84,sold,,2025-12-10,Kann Limited LLC,,,,,Dallas County records (search by address),https://www.dallascad.org/SearchAddr.aspx
McAdams Haven,NWC Lindsey St and Bernard St,Denton,Texas,84,planned,,,,,,,,Texas housing tax-credit inventory (XLSX),https://www.tdhca.texas.gov/sites/default/files/multifamily/docs/HTCPropertyInventory_2.xlsx
Sunny Woods SR Community Centr,"1604 North Hills Blvd, Hurst",Hurst,Texas,84,permitted,,,,,,,,Tarrant County commercial records (ZIP),https://www.tad.org/content/data-download/2026CommPermits.zip
The Watson (fka Watson Apartments),1401 S Watson Rd,Arlington,Texas,82,planned,,,,,,,,Texas housing tax-credit inventory (XLSX),https://www.tdhca.texas.gov/sites/default/files/multifamily/docs/HTCPropertyInventory_2.xlsx
Avenue at Lancaster,5733 Craig Street,Fort Worth,Texas,81,planned,,,,,,,,Texas housing tax-credit inventory (XLSX),https://www.tdhca.texas.gov/sites/default/files/multifamily/docs/HTCPropertyInventory_2.xlsx
Chase Place Phase 2,9825 Webbs Chapel Rd,Dallas,Texas,81,sold,,2025-04-21,La Villa Housing Finance Corp,,,,,Dallas County records (search by address),https://www.dallascad.org/SearchAddr.aspx
Ewing Vilas - Txa20030115,822 Hanszen St,Dallas,Texas,80,sold,,2025-11-26,80 Units 811 W Morrell LLC,,,,,Dallas County records (search by address),https://www.dallascad.org/SearchAddr.aspx
Fairway Greens,11011 Woodmeadow Pkwy,Dallas,Texas,80,sold,,2024-12-31,Fairway Greens Apts LLC,,,,,Dallas County records (search by address),https://www.dallascad.org/SearchAddr.aspx
Hampton Duplexes,7808 S Hampton Rd,Dallas,Texas,80,sold,,2026-04-21,Hampton Property Owner LLC,,,,,Dallas County records (search by address),https://www.dallascad.org/SearchAddr.aspx
Lakedale Apts,2911 Kendale Dr,Dallas,Texas,80,sold,,2025-11-13,Lakedale Owner LLC,,,,,Dallas County records (search by address),https://www.dallascad.org/SearchAddr.aspx
Campbell Place,"6608, 6700, 6704 and 6710 U.S. 287 Frontage Road",Arlington,Texas,78,planned,,,,,,,,Texas housing tax-credit inventory (XLSX),https://www.tdhca.texas.gov/sites/default/files/multifamily/docs/HTCPropertyInventory_2.xlsx
Hughes House III,4912 East Rosedale Street and 5021 Avenue G,Fort Worth,Texas,78,planned,,,,,,,,Texas housing tax-credit inventory (XLSX),https://www.tdhca.texas.gov/sites/default/files/multifamily/docs/HTCPropertyInventory_2.xlsx
Emerald Point,2861 W Pioneer Dr,Irving,Texas,76,sold,,2024-10-01,Epapt LLC,,,,,Dallas County records (search by address),https://www.dallascad.org/SearchAddr.aspx
Hampton Townhomes,121 S Hampton Rd,Tarrant County,Texas,76,sold,,2024-12-30,,,,,,Tarrant County commercial records (ZIP),https://www.tad.org/content/data-download/2026CommImprovedSales.zip
"OGC SN Multifamily, LP Phase 1",3024 Good Bull,Fort Worth,Texas,76,permitted,,,,,,,,City of Fort Worth development permits,https://www.arcgis.com/home/item.html?id=d2740f4d746b4bfaa03e25de0376238b
The Marcus (80% Complete),2016 S Ervay St,Dallas,Texas,76,sold,,2024-09-09,Dallas Public Facility Corp,,,,,Dallas County records (search by address),https://www.dallascad.org/SearchAddr.aspx
The Eleanor,7030 W. Wheatland Rd.,Dallas,Texas,76,planned,,,,,,,,Texas housing tax-credit inventory (XLSX),https://www.tdhca.texas.gov/sites/default/files/multifamily/docs/HTCPropertyInventory_2.xlsx
Wheatland Garden Apartments,911 W Wheatland Rd,Dallas,Texas,76,sold,,2026-03-03,Wells Fargo Commercial Mortage,,,,,Dallas County records (search by address),https://www.dallascad.org/SearchAddr.aspx
Kace Apartments,"2301 H Ave, Grand Prairie",Grand Prairie,Texas,74,permitted,,,,,,,,Tarrant County commercial records (ZIP),https://www.tad.org/content/data-download/2026CommPermits.zip
La Puerta Verde Apts.,"4040 Denton Hwy, Haltom City",Haltom City,Texas,74,permitted,,,,,,,,Tarrant County commercial records (ZIP),https://www.tad.org/content/data-download/2026CommPermits.zip
Twelve 33 at cavender,"1233 Cavender Dr, Hurst",Hurst,Texas,74,permitted,,,,,,,,Tarrant County commercial records (ZIP),https://www.tad.org/content/data-download/2025CommPermits.zip
Tides On Mccallum South,7720 Mccallum Blvd,Dallas,Texas,72,sold,,2026-05-13,Bns Blue Sky LLC,,,,,Dallas County records (search by address),https://www.dallascad.org/SearchAddr.aspx
Villas At Edgewood,"501 S Edgewood Terr, Fort Worth",Fort Worth,Texas,72,permitted,,,,,,,,Tarrant County commercial records (ZIP),https://www.tad.org/content/data-download/2026CommPermits.zip
Aspen Court Apartments,1600 Amelia Ct,Plano,Texas,70,sold,,2025-05-03,Amelia 77 LLC,,,,,Texas county property records,https://data.texas.gov/d/5tkr-3759
(50% Complete) Bluffview Apartments,9501 El Centro Dr,Dallas,Texas,70,under construction,,,,,,,,Dallas County records (search by address),https://www.dallascad.org/SearchAddr.aspx
Millie Cole Apartments - Building 1,7660 Bubba Blvd,Fort Worth,Texas,70,permitted,,,,,,,,City of Fort Worth development permits,https://www.arcgis.com/home/item.html?id=d2740f4d746b4bfaa03e25de0376238b
The Parke At University Park Phase 2,4554 Glenwick Ln,Dallas,Texas,70,sold,,2025-06-16,Somp-Parke LP,,,,,Dallas County records (search by address),https://www.dallascad.org/SearchAddr.aspx
Walnut Creek Asst Lvg & Memory,"2281 Country Club Dr, Mansfield",Mansfield,Texas,70,permitted,,,,,,,,Tarrant County commercial records (ZIP),https://www.tad.org/content/data-download/2026CommPermits.zip
Harmon Road Apartments - Building 4,1833 Sycamore Branch Pl,Fort Worth,Texas,69,permitted,,,,,,,,City of Fort Worth development permits,https://www.arcgis.com/home/item.html?id=d2740f4d746b4bfaa03e25de0376238b
McCart Meadows Senior Living,7100 McCart Ave.,Fort Worth,Texas,68,planned,,,,,,,,Texas housing tax-credit inventory (XLSX),https://www.tdhca.texas.gov/sites/default/files/multifamily/docs/HTCPropertyInventory_2.xlsx
Tides On Mccallum North,7760 Mccallum Blvd,Dallas,Texas,68,sold,,2025-06-05,Pecos Housing Finance,,,,,Dallas County records (search by address),https://www.dallascad.org/SearchAddr.aspx
Fitz 2 50% Complete,1506 N Prairie Ave,Dallas,Texas,67,under construction,,,,,,,,Dallas County records (search by address),https://www.dallascad.org/SearchAddr.aspx
Galleries At Park Lane -Impt Only-,8130 Park Ln,Dallas,Texas,67,sold,,2025-05-30,Mmf I Dfw Park Lane LLC,,,,,Dallas County records (search by address),https://www.dallascad.org/SearchAddr.aspx
N. Elm Multi-Family,3301 N. Elm,Denton,Texas,67,under construction,2028-06-30,,,Sy3M LLC,(214) 228-5338,,,State project record,https://www.tdlr.texas.gov/TABS/Search/Project/TABS2026000110
Northwood Heights (Ecu Includes 26 Resi Accts),15610 El Estado Dr,Dallas,Texas,67,sold,,2025-10-10,Brazos Northwood Heights,,,,,Dallas County records (search by address),https://www.dallascad.org/SearchAddr.aspx
Boulder Ridge,3130 Springwood Ln,Dallas,Texas,66,sold,,2024-12-19,Springwood Ln Apts LLC,,,,,Dallas County records (search by address),https://www.dallascad.org/SearchAddr.aspx
Luna Blanca Phase 2,3621 Mt Ranier St,Dallas,Texas,65,sold,,2026-04-14,Mfmz Property Manager LLC,,,,,Dallas County records (search by address),https://www.dallascad.org/SearchAddr.aspx
Maple Lofts,2422 Graham Street,Grand Prairie,Texas,65,permitted,2028-04-27,,,"KCG Maple Lofts, LP",(317) 708-6519,,,State project record,https://www.tdlr.texas.gov/TABS/Search/Project/TABS2027001346
Future Apts - Hughes House - Pctc,"E Rosedale ST, FORT WORTH",Fort Worth,Texas,64,permitted,,,,,,,,Tarrant County commercial records (ZIP),https://www.tad.org/content/data-download/2026CommPermits.zip
Greentree Apts (All Bills Paid) (Ecu),3435 S Polk St,Dallas,Texas,64,sold,,2025-06-11,3425 Spolk Street LLC,,,,,Dallas County records (search by address),https://www.dallascad.org/SearchAddr.aspx
Katy Village Apts,1300 Katy Dr,Irving,Texas,64,sold,,2025-12-12,Eric Investments LLC,,,,,Dallas County records (search by address),https://www.dallascad.org/SearchAddr.aspx
Tenison Lofts Bldg 1 (5% Complete),3602 Samuell Blvd,Dallas,Texas,64,sold,,2025-02-18,Dhfc Tenison Lofts,"TX Tenison 2023, Ltd.",(214) 613-6569,,,Dallas County records (search by address),https://www.dallascad.org/SearchAddr.aspx
Woodwind Apts,3947 Pleasant Run Rd,Irving,Texas,64,sold,,2024-09-18,Wa64 LLC,,,,,Dallas County records (search by address),https://www.dallascad.org/SearchAddr.aspx
(Fire Dmg) Tides At Highland Meadows Phase 2,13200 Pandora Dr,Dallas,Texas,60,sold,,2026-01-08,Clarius Highland Meadows,,,,,Dallas County records (search by address),https://www.dallascad.org/SearchAddr.aspx
Catalina Court (All Bills Paid) (Ecu),3425 S Polk St,Dallas,Texas,60,sold,,2025-06-11,3425 S Polk Street LLC,,,,,Dallas County records (search by address),https://www.dallascad.org/SearchAddr.aspx
Landmark (All Bills Paid),3299 S Polk St,Dallas,Texas,60,sold,,2026-05-28,Landmark Nah LLC,,,,,Dallas County records (search by address),https://www.dallascad.org/SearchAddr.aspx
Legacy Living At Arlington,"1501 NE Green Oaks Blvd, Arlington",Arlington,Texas,60,permitted,,,,,,,,Tarrant County commercial records (ZIP),https://www.tad.org/content/data-download/2026CommPermits.zip
Shiloh Lofts,10810 Shiloh Road,Dallas,Texas,60,planned,,,,,,,,Texas housing tax-credit inventory (XLSX),https://www.tdhca.texas.gov/sites/default/files/multifamily/docs/HTCPropertyInventory_2.xlsx
Tenison Lofts Bldg 2 (15% Complete),3504 Samuell Blvd,Dallas,Texas,60,sold,,2025-02-18,Dhfc Tenison Lofts,,,,,Dallas County records (search by address),https://www.dallascad.org/SearchAddr.aspx
Corry Edwards Townhomes,509 Corry A Edwards Dr,Kennedale,Texas,59,planned,,,,,,,,Texas housing tax-credit inventory (XLSX),https://www.tdhca.texas.gov/sites/default/files/multifamily/docs/HTCPropertyInventory_2.xlsx
Lydle Ridge Apts,"2301 Little Rd, Arlington",Arlington,Texas,59,permitted,,,,,,,,Tarrant County commercial records (ZIP),https://www.tad.org/content/data-download/2025CommPermits.zip
Brookdale Mansfield,"1771 Country Club Dr, Mansfield",Mansfield,Texas,58,permitted,,,,,,,,Tarrant County commercial records (ZIP),https://www.tad.org/content/data-download/2025CommPermits.zip
Alta River Park - Bldg. 4,3261 Trinity View Dr,Fort Worth,Texas,57,permitted,,,,,,,,City of Fort Worth development permits,https://www.arcgis.com/home/item.html?id=d2740f4d746b4bfaa03e25de0376238b
Cityscape Arts Apts,311 Nichols St,Tarrant County,Texas,57,sold,,2024-09-13,,,,,,Tarrant County commercial records (ZIP),https://www.tad.org/content/data-download/2026CommImprovedSales.zip
Harmon Road Apartments - Building 2,1736 Grove Creek Trl,Fort Worth,Texas,57,permitted,,,,,,,,City of Fort Worth development permits,https://www.arcgis.com/home/item.html?id=d2740f4d746b4bfaa03e25de0376238b
Alta River Park - Bldg. 3,3251 Trinity View Dr,Fort Worth,Texas,56,permitted,,,,,,,,City of Fort Worth development permits,https://www.arcgis.com/home/item.html?id=d2740f4d746b4bfaa03e25de0376238b
Brookdale Oak Hollow,"2016 L Don Dodson Dr, Bedford",Bedford,Texas,56,permitted,,,,,,,,Tarrant County commercial records (ZIP),https://www.tad.org/content/data-download/2026CommPermits.zip
Fort Worth Apartments - Building 2,3320 Hemphill St,Fort Worth,Texas,56,under construction,2028-01-01,,,"Fort Worth Residences, LLC",(205) 202-9262,,,City of Fort Worth development permits,https://www.arcgis.com/home/item.html?id=d2740f4d746b4bfaa03e25de0376238b
Fort Worth Apartments - Building 4,3401 Sorella Ln,Fort Worth,Texas,56,permitted,,,,,,,,City of Fort Worth development permits,https://www.arcgis.com/home/item.html?id=d2740f4d746b4bfaa03e25de0376238b
Fort Worth Apartments - Building 5,3325 Sorella Ln,Fort Worth,Texas,56,permitted,,,,,,,,City of Fort Worth development permits,https://www.arcgis.com/home/item.html?id=d2740f4d746b4bfaa03e25de0376238b
The Galatyn,3030 Monticello Ave,Dallas,Texas,56,under construction,,,,,,,,Dallas County records (search by address),https://www.dallascad.org/SearchAddr.aspx
Melba Bishop Arts,212 Melba St,Dallas,Texas,55,sold,,2025-10-31,212 Melba Owner LLC,,,,,Dallas County records (search by address),https://www.dallascad.org/SearchAddr.aspx
Green House Flats,5200 Gaston Ave,Dallas,Texas,54,sold,,2026-01-07,900 Title Jefferson LLC,,,,,Dallas County records (search by address),https://www.dallascad.org/SearchAddr.aspx
Eclipse At Oak Lawn Phase 1,2930 Kings Rd,Dallas,Texas,53,sold,,2025-01-23,Chv Eclipse Property,,,,,Dallas County records (search by address),https://www.dallascad.org/SearchAddr.aspx
Mansfield Plaza Apts,"413 S Main St, Mansfield",Mansfield,Texas,52,permitted,,,,,,,,Tarrant County commercial records (ZIP),https://www.tad.org/content/data-download/2025CommPermits.zip
Point at Forest Hill,3401 Heritage Ln,Tarrant County,Texas,52,sold,,2024-09-11,,,,,,Tarrant County commercial records (ZIP),https://www.tad.org/content/data-download/2026CommImprovedSales.zip
Summer Square Apts,"318 W Mustang St, Crowley",Crowley,Texas,52,permitted,,,,,,,,Tarrant County commercial records (ZIP),https://www.tad.org/content/data-download/2026CommPermits.zip
The Principal Residences (89% Occ),401 N Carroll Ave,Dallas,Texas,52,sold,,2026-05-28,Wallis Family Multifamily LLC,,,,,Dallas County records (search by address),https://www.dallascad.org/SearchAddr.aspx
Cedars Townhomes - Track 1,1115 Alma St,Dallas,Texas,51,under construction,,,,,,,,Dallas County records (search by address),https://www.dallascad.org/SearchAddr.aspx
Kimpton Apartments,2014 Bennett Ave,Dallas,Texas,51,sold,,2025-10-14,Bristol Realty Partners LLC,,,,,Dallas County records (search by address),https://www.dallascad.org/SearchAddr.aspx
Southwind Apts (All Bills Paid),9873 Brockbank Dr,Dallas,Texas,51,sold,,2025-10-09,Amar LLC &,,,,,Dallas County records (search by address),https://www.dallascad.org/SearchAddr.aspx
(N/C 95%) Skylane Cedar Crest (Ecu) (Tdhca #5800),2700 E Kiest Blvd,Dallas,Texas,50,under construction,,,,,,,,Dallas County records (search by address),https://www.dallascad.org/SearchAddr.aspx
Homestead,4609 Monarch St,Dallas,Texas,50,sold,,2024-11-27,Dar Mf LLC,,,,,Dallas County records (search by address),https://www.dallascad.org/SearchAddr.aspx
Shady Oaks Multi Family-Apartments,6251 Shady Oaks Manor Dr,Fort Worth,Texas,50,under construction,2026-12-31,,,Lakeworth City Realty LLC,(214) 796-2983,,,City of Fort Worth development permits,https://www.arcgis.com/home/item.html?id=d2740f4d746b4bfaa03e25de0376238b
Whisperwind Apartments,"4928 El Campo Ave, Fort Worth",Fort Worth,Texas,49,permitted,,,,,,,,Tarrant County commercial records (ZIP),https://www.tad.org/content/data-download/2026CommPermits.zip
Fawn Ridge Village East (Ecu 49% Vacant),630 Bow Arrow Dr,Dallas,Texas,48,sold,,2025-03-13,La Villa Housing Finance,,,,,Dallas County records (search by address),https://www.dallascad.org/SearchAddr.aspx
Fort Worth Apartments - Building 1,3441 Sorella Ln,Fort Worth,Texas,48,permitted,,,,,,,,City of Fort Worth development permits,https://www.arcgis.com/home/item.html?id=d2740f4d746b4bfaa03e25de0376238b
Fort Worth Apartments - Building 6,3301 Sorella Ln,Fort Worth,Texas,48,permitted,,,,,,,,City of Fort Worth development permits,https://www.arcgis.com/home/item.html?id=d2740f4d746b4bfaa03e25de0376238b
Hart House (Undergoing Reno),1239 Hartsdale Dr,Dallas,Texas,48,sold,,2025-07-02,Hart House Community LLC,,,,,Dallas County records (search by address),https://www.dallascad.org/SearchAddr.aspx
Patriot Pointe at Fox Ave,SWC Fox Ave and Edmonds Ln,Lewisville,Texas,48,planned,,,,,,,,Texas housing tax-credit inventory (XLSX),https://www.tdhca.texas.gov/sites/default/files/multifamily/docs/HTCPropertyInventory_2.xlsx
The Hawthorn at Rock Creek - Bldg. 3 FA II-A,5920 Galibier Blvd,Fort Worth,Texas,48,permitted,,,,,,,,City of Fort Worth development permits,https://www.arcgis.com/home/item.html?id=d2740f4d746b4bfaa03e25de0376238b
Verandah Bungalows,7204 Gaston Ave,Dallas,Texas,48,sold,,2026-01-07,900 Title Jefferson LLC,,,,,Dallas County records (search by address),https://www.dallascad.org/SearchAddr.aspx
Falcon Crest,3225 Crestview Dr,Dallas,Texas,47,sold,,2025-02-18,Bedford Realty Group LLC &,,,,,Dallas County records (search by address),https://www.dallascad.org/SearchAddr.aspx
Hart House,1235 Hartsdale Dr,Dallas,Texas,46,sold,,2025-07-02,Hart House Community LLC,,,,,Dallas County records (search by address),https://www.dallascad.org/SearchAddr.aspx
Le Parc,5400 Live Oak St,Dallas,Texas,46,sold,,2026-05-06,900 Title Jefferson LLC,,,,,Dallas County records (search by address),https://www.dallascad.org/SearchAddr.aspx
Richland Court,"6626 Reeves St, Richland Hills",Richland Hills,Texas,46,sold,,2025-03-25,,,,,,Tarrant County commercial records (ZIP),https://www.tad.org/content/data-download/2026CommPermits.zip
Millie Cole Apartments - Building 4A,7636 Bubba Blvd,Fort Worth,Texas,45,permitted,,,,,,,,City of Fort Worth development permits,https://www.arcgis.com/home/item.html?id=d2740f4d746b4bfaa03e25de0376238b
Rock Creek Apartments - Phase 1 Phase 1,5801 Brewer Sunset DR,Fort Worth,Texas,45,permitted,,,,,,,,City of Fort Worth development permits,https://www.arcgis.com/home/item.html?id=d2740f4d746b4bfaa03e25de0376238b
Victory Arts Center,"801 W Shaw St, Fort Worth",Fort Worth,Texas,45,permitted,,,,,,,,Tarrant County commercial records (ZIP),https://www.tad.org/content/data-download/2026CommPermits.zip
Ashwood Park,7220 Mccallum Blvd,Dallas,Texas,44,sold,,2026-05-13,Bns Blue Sky LLC,,,,,Dallas County records (search by address),https://www.dallascad.org/SearchAddr.aspx
Alta River Park - Bldg. 1 FA1,3224 Trinity View Dr,Fort Worth,Texas,44,permitted,,,,,,,,City of Fort Worth development permits,https://www.arcgis.com/home/item.html?id=d2740f4d746b4bfaa03e25de0376238b
Evans and Rosedale,901 South Fwy,Fort Worth,Texas,44,permitted,,,,,,,,City of Fort Worth development permits,https://www.arcgis.com/home/item.html?id=d2740f4d746b4bfaa03e25de0376238b
Lake Lofts Phase 2,9420 Beck Ave,Dallas,Texas,43,sold,,2025-12-02,Buena Ondawhite Rock Lake LP,,,,,Dallas County records (search by address),https://www.dallascad.org/SearchAddr.aspx
River Bend Phase 2,1100 River Bend Rd,Lancaster,Texas,43,sold,,2025-04-09,1000 River Bend Dr,,,,,Dallas County records (search by address),https://www.dallascad.org/SearchAddr.aspx
Millie Cole Apartments - Building 2,7601 Bubba Blvd,Fort Worth,Texas,42,permitted,,,,,,,,City of Fort Worth development permits,https://www.arcgis.com/home/item.html?id=d2740f4d746b4bfaa03e25de0376238b
Prose Basswood Multifamily - Building 2,7336 Palmeiro Pl,Fort Worth,Texas,42,permitted,,,,,,,,City of Fort Worth development permits,https://www.arcgis.com/home/item.html?id=d2740f4d746b4bfaa03e25de0376238b
Prose Basswood Multifamily - Building 3,7325 Palmeiro Pl,Fort Worth,Texas,42,permitted,,,,,,,,City of Fort Worth development permits,https://www.arcgis.com/home/item.html?id=d2740f4d746b4bfaa03e25de0376238b
Prose Basswood Multifamily - Building 5,7320 Hough St,Fort Worth,Texas,42,permitted,,,,,,,,City of Fort Worth development permits,https://www.arcgis.com/home/item.html?id=d2740f4d746b4bfaa03e25de0376238b
Prose Basswood Multifamily - Building 7,7400 Sundberg St,Fort Worth,Texas,42,permitted,,,,,,,,City of Fort Worth development permits,https://www.arcgis.com/home/item.html?id=d2740f4d746b4bfaa03e25de0376238b
Rock Creek Apartments - Phase 1 Phase 2,5849 Brewer Pointe Dr,Fort Worth,Texas,42,permitted,,,,,,,,City of Fort Worth development permits,https://www.arcgis.com/home/item.html?id=d2740f4d746b4bfaa03e25de0376238b
Spanish Courtyard Apts,2809 W Pioneer Dr,Irving,Texas,42,sold,,2025-12-12,Kaw3N LLC,,,,,Dallas County records (search by address),https://www.dallascad.org/SearchAddr.aspx
The Trails at Champions Circle Apts. - Bldg. 2,15757 Pilgrim Dr,Fort Worth,Texas,42,permitted,,,,,,,,City of Fort Worth development permits,https://www.arcgis.com/home/item.html?id=d2740f4d746b4bfaa03e25de0376238b
The Trails at Champions Circle Apts. - Bldg. 3,15760 Golf View Dr,Fort Worth,Texas,42,permitted,,,,,,,,City of Fort Worth development permits,https://www.arcgis.com/home/item.html?id=d2740f4d746b4bfaa03e25de0376238b
(Vac Issue/Def Maint) Shelby 2707 (All Bills Paid),2707 Shelby Ave,Dallas,Texas,41,sold,,2025-02-26,12Ten Shelby LLC,,,,,Dallas County records (search by address),https://www.dallascad.org/SearchAddr.aspx
Carriage House (Ecu),6255 Oram St,Dallas,Texas,41,sold,,2025-02-20,Anne Nelson Irrevocable Trust,,,,,Dallas County records (search by address),https://www.dallascad.org/SearchAddr.aspx
Millie Cole Apartments - Building 3,7625 Bubba Blvd,Fort Worth,Texas,41,permitted,,,,,,,,City of Fort Worth development permits,https://www.arcgis.com/home/item.html?id=d2740f4d746b4bfaa03e25de0376238b
Alliance Town Center (ATC) 5 - Building 10,8916 Woodsorrel Ln,Fort Worth,Texas,40,permitted,,,,,,,,City of Fort Worth development permits,https://www.arcgis.com/home/item.html?id=d2740f4d746b4bfaa03e25de0376238b
Alliance Town Center (ATC) 5 - Building 2,3400 Alliance Town Center,Fort Worth,Texas,40,permitted,,,,,,,,City of Fort Worth development permits,https://www.arcgis.com/home/item.html?id=d2740f4d746b4bfaa03e25de0376238b
Alliance Town Center (ATC) 5 - Building 5,3404 Flatsedge Ave,Fort Worth,Texas,40,permitted,,,,,,,,City of Fort Worth development permits,https://www.arcgis.com/home/item.html?id=d2740f4d746b4bfaa03e25de0376238b
Alliance Town Center (ATC) 5 - Building 6,3412 Flatsedge Ave,Fort Worth,Texas,40,permitted,,,,,,,,City of Fort Worth development permits,https://www.arcgis.com/home/item.html?id=d2740f4d746b4bfaa03e25de0376238b
Alliance Town Center (ATC) 5 - Building 8,3420 Flatsedge Ave,Fort Worth,Texas,40,permitted,,,,,,,,City of Fort Worth development permits,https://www.arcgis.com/home/item.html?id=d2740f4d746b4bfaa03e25de0376238b
Colmar Terrace,2211 S Vernon Ave,Dallas,Texas,40,sold,,2025-10-08,Graham Mortgage Corporation,,,,,Dallas County records (search by address),https://www.dallascad.org/SearchAddr.aspx
Northbridge In The Village I Phase 1,5721 Skillman St,Dallas,Texas,40,sold,,2024-12-23,Pcv Northbridge LLC,,,,,Dallas County records (search by address),https://www.dallascad.org/SearchAddr.aspx
Tenison Lofts Bldg 3 (15% Complete),3503 Merrifield Ave,Dallas,Texas,40,sold,,2025-02-18,Dhfc Tenison Lofts,,,,,Dallas County records (search by address),https://www.dallascad.org/SearchAddr.aspx
Carolina,4929 Reiger Ave,Dallas,Texas,38,sold,,2025-09-10,High Desert Holdings LLC,,,,,Dallas County records (search by address),https://www.dallascad.org/SearchAddr.aspx
Gaston Commons,4712 Gaston Ave,Dallas,Texas,38,sold,,2025-06-03,4712 Gaston Commons LLC,,,,,Dallas County records (search by address),https://www.dallascad.org/SearchAddr.aspx
Aspen Oaks Apts,"905 W Ash Ln, Euless",Euless,Texas,36,permitted,,,,,,,,Tarrant County commercial records (ZIP),https://www.tad.org/content/data-download/2025CommPermits.zip
Azora Ranch 2 - Building 5,3700 Azora Ln,Fort Worth,Texas,36,permitted,,,,,,,,City of Fort Worth development permits,https://www.arcgis.com/home/item.html?id=d2740f4d746b4bfaa03e25de0376238b
Azora Ranch 2 - Building 8,3701 Morgan Horse TRL,Fort Worth,Texas,36,permitted,,,,,,,,City of Fort Worth development permits,https://www.arcgis.com/home/item.html?id=d2740f4d746b4bfaa03e25de0376238b
Flats On Ross,4619 Ross Ave,Dallas,Texas,36,sold,,2025-04-10,Skyline 2025 Ventures LLC,,,,,Dallas County records (search by address),https://www.dallascad.org/SearchAddr.aspx
Parkside Apts,"555 Precinct Line Rd, Hurst",Hurst,Texas,36,permitted,,,,,,,,Tarrant County commercial records (ZIP),https://www.tad.org/content/data-download/2026CommPermits.zip
Stardust,5727 Gaston Ave,Dallas,Texas,36,sold,,2026-01-07,900 Title Jefferson LLC,,,,,Dallas County records (search by address),https://www.dallascad.org/SearchAddr.aspx
Reata West Apartments,"1133 Boyd Rd, Azle",Azle,Texas,35,permitted,,,,,,,,Tarrant County commercial records (ZIP),https://www.tad.org/content/data-download/2026CommPermits.zip
Aura Wycliff Phase II,4338 Congress Ave,Dallas,Texas,33,sold,,2025-12-03,Areit Dallas Wycliff LLC,,,,,Dallas County records (search by address),https://www.dallascad.org/SearchAddr.aspx
Harmon Road Apartments - Building 3,1821 Sycamore Branch Pl,Fort Worth,Texas,33,permitted,,,,,,,,City of Fort Worth development permits,https://www.arcgis.com/home/item.html?id=d2740f4d746b4bfaa03e25de0376238b
Courtyard Apts,6003 Ridgecrest Rd,Dallas,Texas,32,sold,,2024-11-14,Bbf Cap 1 Courtyards Condos,,,,,Dallas County records (search by address),https://www.dallascad.org/SearchAddr.aspx
London,5601 Gaston Ave,Dallas,Texas,32,sold,,2026-01-07,900 Title Jefferson LLC,,,,,Dallas County records (search by address),https://www.dallascad.org/SearchAddr.aspx
Luna Blanca Phase 1,312 N Gilpin Ave,Dallas,Texas,32,sold,,2026-04-14,Mfmz Property Manager LLC,,,,,Dallas County records (search by address),https://www.dallascad.org/SearchAddr.aspx
Mcneil Star Apts,3707 Mcneil St,Dallas,Texas,32,sold,,2024-09-23,Mcneil Star Apartment LLC,,,,,Dallas County records (search by address),https://www.dallascad.org/SearchAddr.aspx
Swiss Courts,5421 Bryan St,Dallas,Texas,32,sold,,2025-04-10,Skyline 2025 Ventures LLC,,,,,Dallas County records (search by address),https://www.dallascad.org/SearchAddr.aspx
Sphinx At Fiji Lofts Phase 2,229 Ave A,Dallas,Texas,32,under construction,,,,,,,,Dallas County records (search by address),https://www.dallascad.org/SearchAddr.aspx
The Parke At University Park Phase 1,4501 Druid Ln,Dallas,Texas,32,sold,,2025-06-16,Somp-Parke LP,,,,,Dallas County records (search by address),https://www.dallascad.org/SearchAddr.aspx
221 Arbrook,2201 E Arbrook Blvd,Tarrant County,Texas,30,sold,,2025-03-10,,,,,,Tarrant County commercial records (ZIP),https://www.tad.org/content/data-download/2026CommImprovedSales.zip
Crestview House,3205 Crestview Dr,Dallas,Texas,30,sold,,2025-02-18,Bedford Realty Group LLC &,,,,,Dallas County records (search by address),https://www.dallascad.org/SearchAddr.aspx
Prose Basswood Multifamily - Building 1,7452 Sundberg St,Fort Worth,Texas,30,permitted,,,,,,,,City of Fort Worth development permits,https://www.arcgis.com/home/item.html?id=d2740f4d746b4bfaa03e25de0376238b
Prose Basswood Multifamily - Building 4,7301 Palmeiro Pl,Fort Worth,Texas,30,permitted,,,,,,,,City of Fort Worth development permits,https://www.arcgis.com/home/item.html?id=d2740f4d746b4bfaa03e25de0376238b
Prose Basswood Multifamily - Building 6,7345 Hough St,Fort Worth,Texas,30,permitted,,,,,,,,City of Fort Worth development permits,https://www.arcgis.com/home/item.html?id=d2740f4d746b4bfaa03e25de0376238b
Prose Basswood Multifamily - Building 8,7360 Pudge St,Fort Worth,Texas,30,permitted,,,,,,,,City of Fort Worth development permits,https://www.arcgis.com/home/item.html?id=d2740f4d746b4bfaa03e25de0376238b
Renaissance Heights Phase III – Residential Bldg 1,2757 Moresby St,Fort Worth,Texas,30,permitted,,,,,,,,City of Fort Worth development permits,https://www.arcgis.com/home/item.html?id=d2740f4d746b4bfaa03e25de0376238b
Renaissance Heights Phase III – Residential Bldg 9,3620 Lowriemore Ln,Fort Worth,Texas,30,permitted,,,,,,,,City of Fort Worth development permits,https://www.arcgis.com/home/item.html?id=d2740f4d746b4bfaa03e25de0376238b
Sphinx At Fiji Lofts Phase 1,1581 Ave B,Dallas,Texas,30,sold,,2026-05-22,Dallas County Housing Finance,,,,,Dallas County records (search by address),https://www.dallascad.org/SearchAddr.aspx
The Trails at Champions Circle Apts. - Bldg. 1,15756 Pilgrim Dr,Fort Worth,Texas,30,permitted,,,,,,,,City of Fort Worth development permits,https://www.arcgis.com/home/item.html?id=d2740f4d746b4bfaa03e25de0376238b
The Trails at Champions Circle Apts. - Bldg. 10,15721 Pilgrim Dr,Fort Worth,Texas,30,permitted,,,,,,,,City of Fort Worth development permits,https://www.arcgis.com/home/item.html?id=d2740f4d746b4bfaa03e25de0376238b
The Trails at Champions Circle Apts. - Bldg. 11,15724 Golf View Dr,Fort Worth,Texas,30,permitted,,,,,,,,City of Fort Worth development permits,https://www.arcgis.com/home/item.html?id=d2740f4d746b4bfaa03e25de0376238b
The Trails at Champions Circle Apts. - Bldg. 4,15744 Golf View Dr,Fort Worth,Texas,30,permitted,,,,,,,,City of Fort Worth development permits,https://www.arcgis.com/home/item.html?id=d2740f4d746b4bfaa03e25de0376238b
The Trails at Champions Circle Apts. - Bldg. 5,15733 Pilgrim Dr,Fort Worth,Texas,30,permitted,,,,,,,,City of Fort Worth development permits,https://www.arcgis.com/home/item.html?id=d2740f4d746b4bfaa03e25de0376238b
The Trails at Champions Circle Apts. - Bldg. 6,15737 Pilgrim Dr,Fort Worth,Texas,30,permitted,,,,,,,,City of Fort Worth development permits,https://www.arcgis.com/home/item.html?id=d2740f4d746b4bfaa03e25de0376238b
The Trails at Champions Circle Apts. - Bldg. 7,15741 Pilgrim Dr,Fort Worth,Texas,30,permitted,,,,,,,,City of Fort Worth development permits,https://www.arcgis.com/home/item.html?id=d2740f4d746b4bfaa03e25de0376238b
The Trails at Champions Circle Apts. - Bldg. 9,15725 Pilgrim Dr,Fort Worth,Texas,30,permitted,,,,,,,,City of Fort Worth development permits,https://www.arcgis.com/home/item.html?id=d2740f4d746b4bfaa03e25de0376238b
Perrin Flats At Bishop Ridge,606 N Marsalis Ave,Dallas,Texas,29,under construction,,,,,,,,Dallas County records (search by address),https://www.dallascad.org/SearchAddr.aspx
2023 Nc - Ici Oasis - Mixed Use,2555 Esters Rd,Irving,Texas,28,under construction,,,,,,,,Dallas County records (search by address),https://www.dallascad.org/SearchAddr.aspx
Bowser Multifamily,4516 Bowser Avenue,Dallas,Texas,28,under construction,2027-04-05,,,Siekielski Matt & Shea Living Trust,(214) 232-9984,,,State project record,https://www.tdlr.texas.gov/TABS/Search/Project/TABS2026002511
Holiday,321 N Ewing Ave,Dallas,Texas,28,sold,,2026-02-02,Trinity Basin Apartment,,,,,Dallas County records (search by address),https://www.dallascad.org/SearchAddr.aspx
4927 San Jacinto,4927 San Jacinto St,Dallas,Texas,27,sold,,2025-12-31,Potawatomi LLC,,,,,Dallas County records (search by address),https://www.dallascad.org/SearchAddr.aspx
Avalon,1002 Annex Ave,Dallas,Texas,27,sold,,2026-05-06,900 Title Jefferson LLC,,,,,Dallas County records (search by address),https://www.dallascad.org/SearchAddr.aspx
Avenue at Lancaster - FA-B,2834 Meaders Ave,Fort Worth,Texas,27,permitted,,,,,,,,City of Fort Worth development permits,https://www.arcgis.com/home/item.html?id=d2740f4d746b4bfaa03e25de0376238b
Gardens Apts,2910 Throckmorton St,Dallas,Texas,27,sold,,2024-12-23,One Home Realty II LLC,,,,,Dallas County records (search by address),https://www.dallascad.org/SearchAddr.aspx
Hughes House Phase 3 Building G.,5012 E Rosedale St,Fort Worth,Texas,27,permitted,,,,,,,,City of Fort Worth development permits,https://www.arcgis.com/home/item.html?id=d2740f4d746b4bfaa03e25de0376238b
1628 S Fitzhugh,1628 S Fitzhugh Ave,Dallas,Texas,26,sold,,2026-01-12,Leverage Caddo Mills LLC,,,,,Dallas County records (search by address),https://www.dallascad.org/SearchAddr.aspx
La Avenda,4627 Munger Ave,Dallas,Texas,26,sold,,2024-11-14,Munger Court Dallas LLC,,,,,Dallas County records (search by address),https://www.dallascad.org/SearchAddr.aspx
Ridglea Court Apartments,"5928 Fletcher Ave, Fort Worth",Fort Worth,Texas,26,permitted,,,,,,,,Tarrant County commercial records (ZIP),https://www.tad.org/content/data-download/2026CommPermits.zip
Spruce Valley Townhomes,2925 Spruce Valley Ln,Dallas,Texas,26,sold,,2025-04-03,Spruce Valley 52 LLC,,,,,Dallas County records (search by address),https://www.dallascad.org/SearchAddr.aspx
Temple Cliff Apts,1234 Templecliff Dr,Dallas,Texas,26,sold,,2025-08-21,Rocfii Templecliff LLC,,,,,Dallas County records (search by address),https://www.dallascad.org/SearchAddr.aspx
450 Crawford St,"450 Crawford St, Fort Worth",Fort Worth,Texas,24,permitted,,,,,,,,Tarrant County commercial records (ZIP),https://www.tad.org/content/data-download/2026CommPermits.zip
Belmont Court,4919 Belmont Ave,Dallas,Texas,24,sold,,2025-08-05,Blue Mountain Property,,,,,Dallas County records (search by address),https://www.dallascad.org/SearchAddr.aspx
Cimarron Place Phase 1,2614 Pasteur Ave,Dallas,Texas,24,sold,,2025-02-24,Ugm Of Dallas,,,,,Dallas County records (search by address),https://www.dallascad.org/SearchAddr.aspx
Eclipse At Oak Lawn Phase 2,4625 Cedar Springs Rd,Dallas,Texas,24,sold,,2025-01-23,Chv Eclipse Property,,,,,Dallas County records (search by address),https://www.dallascad.org/SearchAddr.aspx
Hughes House Building F - South,4912 E Rosedale St,Fort Worth,Texas,24,permitted,,,,,,,,City of Fort Worth development permits,https://www.arcgis.com/home/item.html?id=d2740f4d746b4bfaa03e25de0376238b
Innovative Home Building LLC,5220 E Lancaster Ave,Fort Worth,Texas,24,permitted,,,,,,,,City of Fort Worth development permits,https://www.arcgis.com/home/item.html?id=d2740f4d746b4bfaa03e25de0376238b
Paragon,4718 Reiger Ave,Dallas,Texas,24,sold,,2024-12-30,Shimokawa Building Co LTD,,,,,Dallas County records (search by address),https://www.dallascad.org/SearchAddr.aspx
Renaissance Heights Phase III - Residential Building 6,2969 Needle Grass Way,Fort Worth,Texas,24,permitted,,,,,,,,City of Fort Worth development permits,https://www.arcgis.com/home/item.html?id=d2740f4d746b4bfaa03e25de0376238b
Sage Homes Burleson: Building Eight_A-DR_v1,12244 Cavesson Ln,Fort Worth,Texas,24,permitted,,,,,,,,City of Fort Worth development permits,https://www.arcgis.com/home/item.html?id=d2740f4d746b4bfaa03e25de0376238b
Sage Homes Burleson: Building Eleven_A-HC-DL_v1,12245 Cavesson Ln,Fort Worth,Texas,24,permitted,,,,,,,,City of Fort Worth development permits,https://www.arcgis.com/home/item.html?id=d2740f4d746b4bfaa03e25de0376238b
Sage Homes Burleson: Building Five_A_v1,245 Cinch Ln,Fort Worth,Texas,24,permitted,,,,,,,,City of Fort Worth development permits,https://www.arcgis.com/home/item.html?id=d2740f4d746b4bfaa03e25de0376238b
Sage Homes Burleson: Building Four_A-DR_v1,12232 Cavesson Ln,Fort Worth,Texas,24,permitted,,,,,,,,City of Fort Worth development permits,https://www.arcgis.com/home/item.html?id=d2740f4d746b4bfaa03e25de0376238b
Sage Homes Burleson: Building Nine_A_v1,200 Old Highway 1187,Fort Worth,Texas,24,permitted,,,,,,,,City of Fort Worth development permits,https://www.arcgis.com/home/item.html?id=d2740f4d746b4bfaa03e25de0376238b
Sage Homes Burleson: Building One_A_v1,201 Pommel Ln,Fort Worth,Texas,24,permitted,,,,,,,,City of Fort Worth development permits,https://www.arcgis.com/home/item.html?id=d2740f4d746b4bfaa03e25de0376238b
Sage Homes Burleson: Building Seven_A-HC_v1,244 Cinch Ln,Fort Worth,Texas,24,permitted,,,,,,,,City of Fort Worth development permits,https://www.arcgis.com/home/item.html?id=d2740f4d746b4bfaa03e25de0376238b
Sage Homes Burleson: Building Ten_A-DL_v1,12261 Cavesson Ln,Fort Worth,Texas,24,permitted,,,,,,,,City of Fort Worth development permits,https://www.arcgis.com/home/item.html?id=d2740f4d746b4bfaa03e25de0376238b
Sage Homes Burleson: Building Thirteen_A-DL_v1,12201 Cavesson Ln,Fort Worth,Texas,24,permitted,,,,,,,,City of Fort Worth development permits,https://www.arcgis.com/home/item.html?id=d2740f4d746b4bfaa03e25de0376238b
Sage Homes Burleson: Building Three_A-HC_v1,244 Pommel Ln,Fort Worth,Texas,24,permitted,,,,,,,,City of Fort Worth development permits,https://www.arcgis.com/home/item.html?id=d2740f4d746b4bfaa03e25de0376238b
Sage Homes Burleson: Building Twelve_A-DL_v1,12233 Cavesson Ln,Fort Worth,Texas,24,permitted,,,,,,,,City of Fort Worth development permits,https://www.arcgis.com/home/item.html?id=d2740f4d746b4bfaa03e25de0376238b
Sage Homes Burleson: Building Two_A_v1,245 Pommel Ln,Fort Worth,Texas,24,permitted,,,,,,,,City of Fort Worth development permits,https://www.arcgis.com/home/item.html?id=d2740f4d746b4bfaa03e25de0376238b
The Hawthorn at Rock Creek - Bldg. 2 FA II-A,5944 Galibier Blvd,Fort Worth,Texas,24,permitted,,,,,,,,City of Fort Worth development permits,https://www.arcgis.com/home/item.html?id=d2740f4d746b4bfaa03e25de0376238b
Fairmount Townhomes,4111 Fairmount St,Dallas,Texas,23,sold,,2024-09-05,Rpmfca Fairmount Owner LLC,,,,,Dallas County records (search by address),https://www.dallascad.org/SearchAddr.aspx
Radford Pt LLC,3922 Evergreen Rd,Irving,Texas,23,sold,,2024-12-26,3922 Radford Place LLC,,,,,Dallas County records (search by address),https://www.dallascad.org/SearchAddr.aspx
Renaissance Heights Phase III – Residential Bldg 7,2949 Needle Grass Way,Fort Worth,Texas,23,permitted,,,,,,,,City of Fort Worth development permits,https://www.arcgis.com/home/item.html?id=d2740f4d746b4bfaa03e25de0376238b
Renaissance Heights Phase III – Residential Bldg 8,3600 Lowriemore Ln,Fort Worth,Texas,23,permitted,,,,,,,,City of Fort Worth development permits,https://www.arcgis.com/home/item.html?id=d2740f4d746b4bfaa03e25de0376238b
The District Apartments,425 N Rosemont Ave,Dallas,Texas,23,sold,,2025-10-09,District Realty LLC,,,,,Dallas County records (search by address),https://www.dallascad.org/SearchAddr.aspx
Plaza,5908 Gaston Ave,Dallas,Texas,22,sold,,2026-01-07,900 Title Jefferson LLC,,,,,Dallas County records (search by address),https://www.dallascad.org/SearchAddr.aspx
Raleigh,1001 Grigsby Ave,Dallas,Texas,22,sold,,2026-05-06,900 Title Jefferson LLC,,,,,Dallas County records (search by address),https://www.dallascad.org/SearchAddr.aspx
Republic @ San Jacinto,5018 San Jacinto St,Dallas,Texas,22,sold,,2025-04-03,Mo Salah 11 LLC,,,,,Dallas County records (search by address),https://www.dallascad.org/SearchAddr.aspx
St George,3926 S M Wright Fwy,Dallas,Texas,22,under construction,,,,,,,,Dallas County records (search by address),https://www.dallascad.org/SearchAddr.aspx
6730 S Lancaster Rd,6730 S Lancaster Rd,Dallas,Texas,21,sold,,2025-07-14,Dallas Sapphire LLC,,,,,Dallas County records (search by address),https://www.dallascad.org/SearchAddr.aspx
Drake,1001 Annex Ave,Dallas,Texas,21,sold,,2026-05-06,900 Title Jefferson LLC,,,,,Dallas County records (search by address),https://www.dallascad.org/SearchAddr.aspx
Garden Villa,5121 Gaston Ave,Dallas,Texas,21,sold,,2026-01-07,900 Title Jefferson LLC,,,,,Dallas County records (search by address),https://www.dallascad.org/SearchAddr.aspx
Azora Ranch 2 - Building 1,5101 Estrella St,Fort Worth,Texas,20,permitted,,,,,,,,City of Fort Worth development permits,https://www.arcgis.com/home/item.html?id=d2740f4d746b4bfaa03e25de0376238b
Azora Ranch 2 - Building 10,3789 Morgan Horse TRL,Fort Worth,Texas,20,permitted,,,,,,,,City of Fort Worth development permits,https://www.arcgis.com/home/item.html?id=d2740f4d746b4bfaa03e25de0376238b
Azora Ranch 2 - Building 4,3740 Azora Ln,Fort Worth,Texas,20,permitted,,,,,,,,City of Fort Worth development permits,https://www.arcgis.com/home/item.html?id=d2740f4d746b4bfaa03e25de0376238b
Azora Ranch 2 - Building 9,3749 Morgan Horse TRL,Fort Worth,Texas,20,permitted,,,,,,,,City of Fort Worth development permits,https://www.arcgis.com/home/item.html?id=d2740f4d746b4bfaa03e25de0376238b
Colony House,6235 Oram St,Dallas,Texas,20,sold,,2025-02-20,Anne Nelson Irrevocable Trust,"2Ck O&E, LLC",(972) 975-7126,,,Dallas County records (search by address),https://www.dallascad.org/SearchAddr.aspx
Courtyards At Lower Greenville (Ecu),5015 Bryan St,Dallas,Texas,20,sold,,2025-04-02,Pgh Alpine LLC,,,,,Dallas County records (search by address),https://www.dallascad.org/SearchAddr.aspx
Cimarron Place Phase 2,2615 N Buckner Blvd,Dallas,Texas,20,sold,,2025-02-24,Ugm Of Dallas,,,,,Dallas County records (search by address),https://www.dallascad.org/SearchAddr.aspx
Garrett On The Green,1417 N Garrett Ave,Dallas,Texas,20,sold,,2025-10-08,Ikkando Co LTD,,,,,Dallas County records (search by address),https://www.dallascad.org/SearchAddr.aspx
Grigsby Place,1625 Grigsby Ave,Dallas,Texas,20,sold,,2025-06-16,Grigsby Place LLC,,,,,Dallas County records (search by address),https://www.dallascad.org/SearchAddr.aspx
Hya Oak Lawn,3912 N Hall St,Dallas,Texas,20,sold,,2024-12-04,Hawlins Owner LLC,,,,,Dallas County records (search by address),https://www.dallascad.org/SearchAddr.aspx
Manor Oaks,3913 Rawlins St,Dallas,Texas,20,sold,,2024-12-04,Hawlins Owner LLC,,,,,Dallas County records (search by address),https://www.dallascad.org/SearchAddr.aspx
Monticello Manor,4701 Mckinney Ave,Dallas,Texas,20,sold,,2025-06-10,4701 Mckinney Ave LLC &,,,,,Dallas County records (search by address),https://www.dallascad.org/SearchAddr.aspx
St Francis Apts,708 N Marsalis Ave,Dallas,Texas,20,sold,,2026-06-25,Nobel Source Company LLC,,,,,Dallas County records (search by address),https://www.dallascad.org/SearchAddr.aspx
Swiss Hamptons,4322 Swiss Ave,Dallas,Texas,20,sold,,2024-12-04,Swiss Hamptons Dallas LLC,,,,,Dallas County records (search by address),https://www.dallascad.org/SearchAddr.aspx
Haggard Farm Townhomes,,Plano,Texas,,planned,,,,,,,,City filing,https://plano.legistar.com/LegislationDetail.aspx?ID=1540
Apartment complex on Sherman Street,"Sherman Street, Richardson, TX",Richardson,Texas,,planned,,,,,,,,News,https://communityimpact.com/richardson/housing-real-estate/richardson-city-council-approves-apartment-complex-on-sherman-street/
Collin Creek Multifamily,"811 N Central Expressway, Plano, TX 75075",Plano,Texas,,permitted,2027-07-30,,,,,,,City filing,https://www.zabalist.com/projects/TABS2026023342
JLB West Cityline,"3500 Routh Creek Pkwy, Richardson, TX 75082",Richardson,Texas,,permitted,2027-06-30,,,,,,,City filing,https://www.zabalist.com/projects/TABS2025022864
Haggard Farm,"Spring Creek Parkway and Parkwood Boulevard, Plano, TX 75024",Plano,Texas,,under construction,2027-10-01,,,,,,,News,https://communityimpact.com/plano/development/haggard-farm-development-going-vertical-in-coming-months/
5550 LBJ Multifamily - Phase I,5550 LBJ Freeway,Dallas,Texas,,under construction,2028-02-01,,,"LBJ Financial JV, LLC",(806) 224-3380,,,State project record,https://www.tdlr.texas.gov/TABS/Search/Project/TABS2026005264
904 Collier St (The Coop Planned),"904 Collier St, Fort Worth",Fort Worth,Texas,,permitted,,,,,,,,Tarrant County commercial records (ZIP),https://www.tad.org/content/data-download/2026CommPermits.zip
Alpine At The Square,"701 Saginaw Square Blvd, Saginaw",Saginaw,Texas,,permitted,,,,,,,,Tarrant County commercial records (ZIP),https://www.tad.org/content/data-download/2025CommPermits.zip
ASTORIA ADDITION Block 2 Lot 34R,"3741 Stalcup Rd, Fort Worth",Fort Worth,Texas,,permitted,,,,,,,,Tarrant County commercial records (ZIP),https://www.tad.org/content/data-download/2026CommPermits.zip
Azle Ave Apts LLC,"5050 Azle Ave, Fort Worth",Fort Worth,Texas,,permitted,,,,,,,,Tarrant County commercial records (ZIP),https://www.tad.org/content/data-download/2025CommPermits.zip
Apartments (3+ dwelling units),509 Debbie Lane Garage 9,Arlington,Texas,,permitted,,,,,,,,City of Arlington issued permits,https://opendata.arlingtontx.gov/
Apartments (3+ dwelling units),756 W Turner Warnell Road Bldg 3,Arlington,Texas,,permitted,,,,,,,,City of Arlington issued permits,https://opendata.arlingtontx.gov/
Apartments (3+ dwelling units),754 W Turner Warnell Road Bldg 4,Arlington,Texas,,permitted,,,,,,,,City of Arlington issued permits,https://opendata.arlingtontx.gov/
Apartments (3+ dwelling units),758 W Turner Warnell Road Bldg 2,Arlington,Texas,,permitted,,,,,,,,City of Arlington issued permits,https://opendata.arlingtontx.gov/
Apartments (3+ dwelling units),752 W Turner Warnell Road Bldg 5,Arlington,Texas,,permitted,,,,,,,,City of Arlington issued permits,https://opendata.arlingtontx.gov/
Apartments (3+ dwelling units),505 Mary Street,Arlington,Texas,,permitted,,,,,,,,City of Arlington issued permits,https://opendata.arlingtontx.gov/
Apartments (3+ dwelling units),714 Benge Drive Bldg 1,Arlington,Texas,,permitted,,,,,,,,City of Arlington issued permits,https://opendata.arlingtontx.gov/
Apartments (3+ dwelling units),710 Benge Drive Bldg 2,Arlington,Texas,,permitted,,,,,,,,City of Arlington issued permits,https://opendata.arlingtontx.gov/
Apartments (3+ dwelling units),712 Benge Drive Bldg 3,Arlington,Texas,,permitted,,,,,,,,City of Arlington issued permits,https://opendata.arlingtontx.gov/
Apartments (3+ dwelling units),509 DEBBIE LANE Unit 100,Arlington,Texas,,permitted,,,,,,,,City of Arlington issued permits,https://opendata.arlingtontx.gov/
Apartments (3+ dwelling units),3703 Dr. MLK JR. Drive Bldg 7,Arlington,Texas,,permitted,,,,,,,,City of Arlington issued permits,https://opendata.arlingtontx.gov/
Apartments (3+ dwelling units),3705 Dr. MLK JR. Drive Bldg 6,Arlington,Texas,,permitted,,,,,,,,City of Arlington issued permits,https://opendata.arlingtontx.gov/
Apartments (3+ dwelling units),3707 Dr. MLK JR. Drive Bldg 5,Arlington,Texas,,permitted,,,,,,,,City of Arlington issued permits,https://opendata.arlingtontx.gov/
Apartments (3+ dwelling units),3711 Dr. MLK JR. Drive Bldg 3,Arlington,Texas,,permitted,,,,,,,,City of Arlington issued permits,https://opendata.arlingtontx.gov/
Apartments (3+ dwelling units),1821 Mansfield Webb Rd,Arlington,Texas,,permitted,,,,,,,,City of Arlington issued permits,https://opendata.arlingtontx.gov/
Apartments (3+ dwelling units),1819 Mansfield Webb Rd,Arlington,Texas,,permitted,,,,,,,,City of Arlington issued permits,https://opendata.arlingtontx.gov/
Apartments (3+ dwelling units),1817 Mansfield Webb Rd,Arlington,Texas,,permitted,,,,,,,,City of Arlington issued permits,https://opendata.arlingtontx.gov/
Apartments (3+ dwelling units),1815 Mansfield Webb Rd,Arlington,Texas,,permitted,,,,,,,,City of Arlington issued permits,https://opendata.arlingtontx.gov/
Apartments (3+ dwelling units),1811 Mansfield Webb Rd,Arlington,Texas,,permitted,,,,,,,,City of Arlington issued permits,https://opendata.arlingtontx.gov/
Apartments (3+ dwelling units),1809 Mansfield Webb Rd,Arlington,Texas,,permitted,,,,,,,,City of Arlington issued permits,https://opendata.arlingtontx.gov/
Apartments (3+ dwelling units),1835 Mansfield Webb Rd,Arlington,Texas,,permitted,,,,,,,,City of Arlington issued permits,https://opendata.arlingtontx.gov/
Apartments (3+ dwelling units),1833 Mansfield Webb Rd,Arlington,Texas,,permitted,,,,,,,,City of Arlington issued permits,https://opendata.arlingtontx.gov/
Apartments (3+ dwelling units),1797 Mansfield Webb Rd,Arlington,Texas,,permitted,,,,,,,,City of Arlington issued permits,https://opendata.arlingtontx.gov/
Apartments (3+ dwelling units),1827 Mansfield Webb Rd,Arlington,Texas,,permitted,,,,,,,,City of Arlington issued permits,https://opendata.arlingtontx.gov/
Apartments (3+ dwelling units),1825 Mansfield Webb Rd,Arlington,Texas,,permitted,,,,,,,,City of Arlington issued permits,https://opendata.arlingtontx.gov/
Apartments (3+ dwelling units),1823 Mansfield Webb Rd,Arlington,Texas,,permitted,,,,,,,,City of Arlington issued permits,https://opendata.arlingtontx.gov/
Apartments (3+ dwelling units),1851 Mansfield Webb Rd,Arlington,Texas,,permitted,,,,,,,,City of Arlington issued permits,https://opendata.arlingtontx.gov/
Apartments (3+ dwelling units),1853 Mansfield Webb Rd,Arlington,Texas,,permitted,,,,,,,,City of Arlington issued permits,https://opendata.arlingtontx.gov/
Apartments (3+ dwelling units),1855 Mansfield Webb Rd,Arlington,Texas,,permitted,,,,,,,,City of Arlington issued permits,https://opendata.arlingtontx.gov/
Apartments (3+ dwelling units),1837 Mansfield Webb Rd,Arlington,Texas,,permitted,,,,,,,,City of Arlington issued permits,https://opendata.arlingtontx.gov/
Apartments (3+ dwelling units),1857 Mansfield Webb Rd,Arlington,Texas,,permitted,,,,,,,,City of Arlington issued permits,https://opendata.arlingtontx.gov/
Apartments (3+ dwelling units),1769 Mansfield Webb Rd,Arlington,Texas,,permitted,,,,,,,,City of Arlington issued permits,https://opendata.arlingtontx.gov/
Apartments (3+ dwelling units),1841 Mansfield Webb Road,Arlington,Texas,,permitted,,,,,,,,City of Arlington issued permits,https://opendata.arlingtontx.gov/
Apartments (3+ dwelling units),1843 Mansfield Webb Road,Arlington,Texas,,permitted,,,,,,,,City of Arlington issued permits,https://opendata.arlingtontx.gov/
Apartments (3+ dwelling units),1839 Mansfield Webb Rd,Arlington,Texas,,permitted,,,,,,,,City of Arlington issued permits,https://opendata.arlingtontx.gov/
Apartments (3+ dwelling units),1701 Mansfield Webb Rd Garage 1,Arlington,Texas,,permitted,,,,,,,,City of Arlington issued permits,https://opendata.arlingtontx.gov/
Apartments (3+ dwelling units),1701 Mansfield Webb Rd Garage 4,Arlington,Texas,,permitted,,,,,,,,City of Arlington issued permits,https://opendata.arlingtontx.gov/
Apartments (3+ dwelling units),800 W Bardin Road,Arlington,Texas,,permitted,,,,,,,,City of Arlington issued permits,https://opendata.arlingtontx.gov/
Apartments (3+ dwelling units),1727 WESTVIEW TER Bldg OFFICE,Arlington,Texas,,permitted,,,,,,,,City of Arlington issued permits,https://opendata.arlingtontx.gov/
Apartments (3+ dwelling units),100 W Arbrook Boulevard,Arlington,Texas,,permitted,,,,,,,,City of Arlington issued permits,https://opendata.arlingtontx.gov/
Apartments (3+ dwelling units),206A Slaughter Street,Arlington,Texas,,permitted,,,,,,,,City of Arlington issued permits,https://opendata.arlingtontx.gov/
Apartments (3+ dwelling units),3925 VIRIDIAN VILLAGE DRIVE Unit E1,Arlington,Texas,,permitted,,,,,,,,City of Arlington issued permits,https://opendata.arlingtontx.gov/
Apartments (3+ dwelling units),1799 Mansfield Webb Rd,Arlington,Texas,,permitted,,,,,,,,City of Arlington issued permits,https://opendata.arlingtontx.gov/
Apartments (3+ dwelling units),1803 Mansfield Webb Rd,Arlington,Texas,,permitted,,,,,,,,City of Arlington issued permits,https://opendata.arlingtontx.gov/
Apartments (3+ dwelling units),1805 Mansfield Webb Rd,Arlington,Texas,,permitted,,,,,,,,City of Arlington issued permits,https://opendata.arlingtontx.gov/
Apartments (3+ dwelling units),1807 Mansfield Webb Rd,Arlington,Texas,,permitted,,,,,,,,City of Arlington issued permits,https://opendata.arlingtontx.gov/
Apartments (3+ dwelling units),1703 Mansfield Webb Rd,Arlington,Texas,,permitted,,,,,,,,City of Arlington issued permits,https://opendata.arlingtontx.gov/
Apartments (3+ dwelling units),1705 Mansfield Webb Rd,Arlington,Texas,,permitted,,,,,,,,City of Arlington issued permits,https://opendata.arlingtontx.gov/
Apartments (3+ dwelling units),1707 Mansfield Webb Rd,Arlington,Texas,,permitted,,,,,,,,City of Arlington issued permits,https://opendata.arlingtontx.gov/
Apartments (3+ dwelling units),1709 Mansfield Webb Rd,Arlington,Texas,,permitted,,,,,,,,City of Arlington issued permits,https://opendata.arlingtontx.gov/
Apartments (3+ dwelling units),1711 Mansfield Webb Rd,Arlington,Texas,,permitted,,,,,,,,City of Arlington issued permits,https://opendata.arlingtontx.gov/
Apartments (3+ dwelling units),1715 Mansfield Webb Rd,Arlington,Texas,,permitted,,,,,,,,City of Arlington issued permits,https://opendata.arlingtontx.gov/
Apartments (3+ dwelling units),1701 Mansfield Webb Rd Garage 5,Arlington,Texas,,permitted,,,,,,,,City of Arlington issued permits,https://opendata.arlingtontx.gov/
Apartments (3+ dwelling units),1701 Mansfield Webb Rd Garage 6,Arlington,Texas,,permitted,,,,,,,,City of Arlington issued permits,https://opendata.arlingtontx.gov/
Apartments (3+ dwelling units),1701 Mansfield Webb Rd Garage 7,Arlington,Texas,,permitted,,,,,,,,City of Arlington issued permits,https://opendata.arlingtontx.gov/
Apartments (3+ dwelling units),1701 Mansfield Webb Rd Garage 9,Arlington,Texas,,permitted,,,,,,,,City of Arlington issued permits,https://opendata.arlingtontx.gov/
Apartments (3+ dwelling units),1701 Mansfield Webb Rd Garage 8,Arlington,Texas,,permitted,,,,,,,,City of Arlington issued permits,https://opendata.arlingtontx.gov/
Apartments (3+ dwelling units),1701 Mansfield Webb Rd Garage 10,Arlington,Texas,,permitted,,,,,,,,City of Arlington issued permits,https://opendata.arlingtontx.gov/
Apartments (3+ dwelling units),1701 Mansfield Webb Rd Garage 12,Arlington,Texas,,permitted,,,,,,,,City of Arlington issued permits,https://opendata.arlingtontx.gov/
Apartments (3+ dwelling units),1701 Mansfield Webb Rd Garage 11,Arlington,Texas,,permitted,,,,,,,,City of Arlington issued permits,https://opendata.arlingtontx.gov/
Apartments (3+ dwelling units),1701 Mansfield Webb Rd Garage 3,Arlington,Texas,,permitted,,,,,,,,City of Arlington issued permits,https://opendata.arlingtontx.gov/
Apartments (3+ dwelling units),1701 Mansfield Webb Rd Garage 2,Arlington,Texas,,permitted,,,,,,,,City of Arlington issued permits,https://opendata.arlingtontx.gov/
Apartments (3+ dwelling units),1795 Mansfield Webb Rd,Arlington,Texas,,permitted,,,,,,,,City of Arlington issued permits,https://opendata.arlingtontx.gov/
Apartments (3+ dwelling units),1717 Mansfield Webb Rd,Arlington,Texas,,permitted,,,,,,,,City of Arlington issued permits,https://opendata.arlingtontx.gov/
Apartments (3+ dwelling units),1719 Mansfield Webb Rd,Arlington,Texas,,permitted,,,,,,,,City of Arlington issued permits,https://opendata.arlingtontx.gov/
Apartments (3+ dwelling units),1801 Mansfield Webb Rd,Arlington,Texas,,permitted,,,,,,,,City of Arlington issued permits,https://opendata.arlingtontx.gov/
Apartments (3+ dwelling units),1723 Mansfield Webb Rd,Arlington,Texas,,permitted,,,,,,,,City of Arlington issued permits,https://opendata.arlingtontx.gov/
Apartments (3+ dwelling units),1725 Mansfield Webb Rd,Arlington,Texas,,permitted,,,,,,,,City of Arlington issued permits,https://opendata.arlingtontx.gov/
Apartments (3+ dwelling units),1721 Mansfield Webb Rd,Arlington,Texas,,permitted,,,,,,,,City of Arlington issued permits,https://opendata.arlingtontx.gov/
Apartments (3+ dwelling units),8100 S Collins Street,Arlington,Texas,,permitted,,,,,,,,City of Arlington issued permits,https://opendata.arlingtontx.gov/
Apartments (3+ dwelling units),1831 Mansfield Webb Rd,Arlington,Texas,,permitted,,,,,,,,City of Arlington issued permits,https://opendata.arlingtontx.gov/
Apartments (3+ dwelling units),1829 Mansfield Webb Rd,Arlington,Texas,,permitted,,,,,,,,City of Arlington issued permits,https://opendata.arlingtontx.gov/
Apartments (3+ dwelling units),1793 Mansfield Webb Rd,Arlington,Texas,,permitted,,,,,,,,City of Arlington issued permits,https://opendata.arlingtontx.gov/
Apartments (3+ dwelling units),1791 Mansfield Webb Rd,Arlington,Texas,,permitted,,,,,,,,City of Arlington issued permits,https://opendata.arlingtontx.gov/
Apartments (3+ dwelling units),1789 Mansfield Webb Rd,Arlington,Texas,,permitted,,,,,,,,City of Arlington issued permits,https://opendata.arlingtontx.gov/
Apartments (3+ dwelling units),1787 Mansfield Webb Rd,Arlington,Texas,,permitted,,,,,,,,City of Arlington issued permits,https://opendata.arlingtontx.gov/
Apartments (3+ dwelling units),1785 Mansfield Webb Rd,Arlington,Texas,,permitted,,,,,,,,City of Arlington issued permits,https://opendata.arlingtontx.gov/
Apartments (3+ dwelling units),1779 Mansfield Webb Rd,Arlington,Texas,,permitted,,,,,,,,City of Arlington issued permits,https://opendata.arlingtontx.gov/
Apartments (3+ dwelling units),1777 Mansfield Webb Rd,Arlington,Texas,,permitted,,,,,,,,City of Arlington issued permits,https://opendata.arlingtontx.gov/
Apartments (3+ dwelling units),1745 Mansfield Webb Rd,Arlington,Texas,,permitted,,,,,,,,City of Arlington issued permits,https://opendata.arlingtontx.gov/
Apartments (3+ dwelling units),1741 Mansfield Webb Rd,Arlington,Texas,,permitted,,,,,,,,City of Arlington issued permits,https://opendata.arlingtontx.gov/
Apartments (3+ dwelling units),1739 Mansfield Webb Rd,Arlington,Texas,,permitted,,,,,,,,City of Arlington issued permits,https://opendata.arlingtontx.gov/
Apartments (3+ dwelling units),1737 Mansfield Webb Rd,Arlington,Texas,,permitted,,,,,,,,City of Arlington issued permits,https://opendata.arlingtontx.gov/
Apartments (3+ dwelling units),1735 Mansfield Webb Rd,Arlington,Texas,,permitted,,,,,,,,City of Arlington issued permits,https://opendata.arlingtontx.gov/
Apartments (3+ dwelling units),1733 Mansfield Webb Rd,Arlington,Texas,,permitted,,,,,,,,City of Arlington issued permits,https://opendata.arlingtontx.gov/
Apartments (3+ dwelling units),1731 Mansfield Webb Rd,Arlington,Texas,,permitted,,,,,,,,City of Arlington issued permits,https://opendata.arlingtontx.gov/
Apartments (3+ dwelling units),1729 Mansfield Webb Rd,Arlington,Texas,,permitted,,,,,,,,City of Arlington issued permits,https://opendata.arlingtontx.gov/
Apartments (3+ dwelling units),1727 Mansfield Webb Rd,Arlington,Texas,,permitted,,,,,,,,City of Arlington issued permits,https://opendata.arlingtontx.gov/
Apartments (3+ dwelling units),320 E STEPHENS STREET Bldg,Arlington,Texas,,permitted,,,,,,,,City of Arlington issued permits,https://opendata.arlingtontx.gov/
Apartments (3+ dwelling units),2533 W Randol Mill Road,Arlington,Texas,,permitted,,,,,,,,City of Arlington issued permits,https://opendata.arlingtontx.gov/
Apartments (3+ dwelling units),2551 W Randol Mill Rd,Arlington,Texas,,permitted,,,,,,,,City of Arlington issued permits,https://opendata.arlingtontx.gov/
Apartments (3+ dwelling units),2549 W Randol Mill Road,Arlington,Texas,,permitted,,,,,,,,City of Arlington issued permits,https://opendata.arlingtontx.gov/
Apartments (3+ dwelling units),2545 W Randol Mill Rd,Arlington,Texas,,permitted,,,,,,,,City of Arlington issued permits,https://opendata.arlingtontx.gov/
Apartments (3+ dwelling units),2541 W Randol Mill Rd,Arlington,Texas,,permitted,,,,,,,,City of Arlington issued permits,https://opendata.arlingtontx.gov/
Apartments (3+ dwelling units),2537 W Randol Mill Rd,Arlington,Texas,,permitted,,,,,,,,City of Arlington issued permits,https://opendata.arlingtontx.gov/
Apartments (3+ dwelling units),2559 W Randol Mill Rd,Arlington,Texas,,permitted,,,,,,,,City of Arlington issued permits,https://opendata.arlingtontx.gov/
Apartments (3+ dwelling units),2555 W Randol Mill Rd,Arlington,Texas,,permitted,,,,,,,,City of Arlington issued permits,https://opendata.arlingtontx.gov/
Apartments (3+ dwelling units),2567 W Randol Mill Rd,Arlington,Texas,,permitted,,,,,,,,City of Arlington issued permits,https://opendata.arlingtontx.gov/
Apartments (3+ dwelling units),2563 W Randol Mill Rd,Arlington,Texas,,permitted,,,,,,,,City of Arlington issued permits,https://opendata.arlingtontx.gov/
Apartments (3+ dwelling units),2571 W Randol Mill Road,Arlington,Texas,,permitted,,,,,,,,City of Arlington issued permits,https://opendata.arlingtontx.gov/
Apartments (3+ dwelling units),2575 W Randol Mill Rd,Arlington,Texas,,permitted,,,,,,,,City of Arlington issued permits,https://opendata.arlingtontx.gov/
Apartments (3+ dwelling units),2579 W Randol Mill Rd,Arlington,Texas,,permitted,,,,,,,,City of Arlington issued permits,https://opendata.arlingtontx.gov/
Apartments (3+ dwelling units),2583 W Randol Mill Rd,Arlington,Texas,,permitted,,,,,,,,City of Arlington issued permits,https://opendata.arlingtontx.gov/
Apartments (3+ dwelling units),2587 W Randol Mill Rd,Arlington,Texas,,permitted,,,,,,,,City of Arlington issued permits,https://opendata.arlingtontx.gov/
Apartments (3+ dwelling units),206F Slaughter Street,Arlington,Texas,,permitted,,,,,,,,City of Arlington issued permits,https://opendata.arlingtontx.gov/
Apartments (3+ dwelling units),206E Slaughter Street,Arlington,Texas,,permitted,,,,,,,,City of Arlington issued permits,https://opendata.arlingtontx.gov/
Apartments (3+ dwelling units),206D Slaughter Street,Arlington,Texas,,permitted,,,,,,,,City of Arlington issued permits,https://opendata.arlingtontx.gov/
Apartments (3+ dwelling units),206C Slaughter Street,Arlington,Texas,,permitted,,,,,,,,City of Arlington issued permits,https://opendata.arlingtontx.gov/
Apartments (3+ dwelling units),206B Slaughter Street,Arlington,Texas,,permitted,,,,,,,,City of Arlington issued permits,https://opendata.arlingtontx.gov/
Apartments (3+ dwelling units),1771 Mansfield Webb Rd,Arlington,Texas,,permitted,,,,,,,,City of Arlington issued permits,https://opendata.arlingtontx.gov/
Apartments (3+ dwelling units),1783 Mansfield Webb Rd,Arlington,Texas,,permitted,,,,,,,,City of Arlington issued permits,https://opendata.arlingtontx.gov/
Apartments (3+ dwelling units),1781 Mansfield Webb Rd,Arlington,Texas,,permitted,,,,,,,,City of Arlington issued permits,https://opendata.arlingtontx.gov/
Apartments (3+ dwelling units),1751 Mansfield Webb Rd,Arlington,Texas,,permitted,,,,,,,,City of Arlington issued permits,https://opendata.arlingtontx.gov/
Apartments (3+ dwelling units),1747 Mansfield Webb Rd,Arlington,Texas,,permitted,,,,,,,,City of Arlington issued permits,https://opendata.arlingtontx.gov/
Apartments (3+ dwelling units),1749 Mansfield Webb Rd,Arlington,Texas,,permitted,,,,,,,,City of Arlington issued permits,https://opendata.arlingtontx.gov/
Apartments (3+ dwelling units),1743 Mansfield Webb Rd,Arlington,Texas,,permitted,,,,,,,,City of Arlington issued permits,https://opendata.arlingtontx.gov/
Apartments (3+ dwelling units),1775 Mansfield Webb Rd,Arlington,Texas,,permitted,,,,,,,,City of Arlington issued permits,https://opendata.arlingtontx.gov/
Apartments (3+ dwelling units),1773 Mansfield Webb Rd,Arlington,Texas,,permitted,,,,,,,,City of Arlington issued permits,https://opendata.arlingtontx.gov/
Apartments (3+ dwelling units),300 E Stephens St Garage 9,Arlington,Texas,,permitted,,,,,,,,City of Arlington issued permits,https://opendata.arlingtontx.gov/
Apartments (3+ dwelling units),300 E Stephens St Garage 8,Arlington,Texas,,permitted,,,,,,,,City of Arlington issued permits,https://opendata.arlingtontx.gov/
Apartments (3+ dwelling units),300 E Stephens St Garage 7,Arlington,Texas,,permitted,,,,,,,,City of Arlington issued permits,https://opendata.arlingtontx.gov/
Apartments (3+ dwelling units),300 E Stephens St Garage 6,Arlington,Texas,,permitted,,,,,,,,City of Arlington issued permits,https://opendata.arlingtontx.gov/
Apartments (3+ dwelling units),300 E Stephens St Garage 5,Arlington,Texas,,permitted,,,,,,,,City of Arlington issued permits,https://opendata.arlingtontx.gov/
Apartments (3+ dwelling units),300 E Stephens St Garage 4,Arlington,Texas,,permitted,,,,,,,,City of Arlington issued permits,https://opendata.arlingtontx.gov/
Apartments (3+ dwelling units),300 E Stephens St Garage 3,Arlington,Texas,,permitted,,,,,,,,City of Arlington issued permits,https://opendata.arlingtontx.gov/
Apartments (3+ dwelling units),300 E Stephens St Garage 2,Arlington,Texas,,permitted,,,,,,,,City of Arlington issued permits,https://opendata.arlingtontx.gov/
Apartments (3+ dwelling units),300 E Stephens St Garage 1,Arlington,Texas,,permitted,,,,,,,,City of Arlington issued permits,https://opendata.arlingtontx.gov/
Apartments (3+ dwelling units),1753 Mansfield Webb Rd,Arlington,Texas,,permitted,,,,,,,,City of Arlington issued permits,https://opendata.arlingtontx.gov/
Apartments (3+ dwelling units),1761 Mansfield Webb Rd,Arlington,Texas,,permitted,,,,,,,,City of Arlington issued permits,https://opendata.arlingtontx.gov/
Apartments (3+ dwelling units),1757 Mansfield Webb Rd,Arlington,Texas,,permitted,,,,,,,,City of Arlington issued permits,https://opendata.arlingtontx.gov/
Apartments (3+ dwelling units),1755 Mansfield Webb Rd,Arlington,Texas,,permitted,,,,,,,,City of Arlington issued permits,https://opendata.arlingtontx.gov/
Apartments (3+ dwelling units),1759 Mansfield Webb Rd,Arlington,Texas,,permitted,,,,,,,,City of Arlington issued permits,https://opendata.arlingtontx.gov/
Apartments (3+ dwelling units),1767 Mansfield Webb Rd,Arlington,Texas,,permitted,,,,,,,,City of Arlington issued permits,https://opendata.arlingtontx.gov/
Apartments (3+ dwelling units),1765 Mansfield Webb Rd,Arlington,Texas,,permitted,,,,,,,,City of Arlington issued permits,https://opendata.arlingtontx.gov/
Apartments (3+ dwelling units),1763 Mansfield Webb Rd,Arlington,Texas,,permitted,,,,,,,,City of Arlington issued permits,https://opendata.arlingtontx.gov/
Apartments (3+ dwelling units),2403 BROWN BLV Bldg OFFICE,Arlington,Texas,,permitted,,,,,,,,City of Arlington issued permits,https://opendata.arlingtontx.gov/
Apartments (3+ dwelling units),130 W Arbrook Boulevard,Arlington,Texas,,permitted,,,,,,,,City of Arlington issued permits,https://opendata.arlingtontx.gov/
Apartments (3+ dwelling units),110 W Arbrook Boulevard,Arlington,Texas,,permitted,,,,,,,,City of Arlington issued permits,https://opendata.arlingtontx.gov/
Apartments (3+ dwelling units),2345 Ascension Boulevard,Arlington,Texas,,permitted,,,,,,,,City of Arlington issued permits,https://opendata.arlingtontx.gov/
Apartments (3+ dwelling units),2341 Ascension Boulevard,Arlington,Texas,,permitted,,,,,,,,City of Arlington issued permits,https://opendata.arlingtontx.gov/
Apartments (3+ dwelling units),2337 Ascension Boulevard,Arlington,Texas,,permitted,,,,,,,,City of Arlington issued permits,https://opendata.arlingtontx.gov/
Apartments (3+ dwelling units),2333 Ascension Boulevard,Arlington,Texas,,permitted,,,,,,,,City of Arlington issued permits,https://opendata.arlingtontx.gov/
Apartments (3+ dwelling units),2329 Ascension Blv,Arlington,Texas,,permitted,,,,,,,,City of Arlington issued permits,https://opendata.arlingtontx.gov/
Apartments (3+ dwelling units),2323 Ascension Blv,Arlington,Texas,,permitted,,,,,,,,City of Arlington issued permits,https://opendata.arlingtontx.gov/
Apartments (3+ dwelling units),2319 Ascension Blv,Arlington,Texas,,permitted,,,,,,,,City of Arlington issued permits,https://opendata.arlingtontx.gov/
Apartments (3+ dwelling units),2315 Ascension Blv,Arlington,Texas,,permitted,,,,,,,,City of Arlington issued permits,https://opendata.arlingtontx.gov/
Apartments (3+ dwelling units),2309 Ascension Blv,Arlington,Texas,,permitted,,,,,,,,City of Arlington issued permits,https://opendata.arlingtontx.gov/
Apartments (3+ dwelling units),2305 Ascension Boulevard,Arlington,Texas,,permitted,,,,,,,,City of Arlington issued permits,https://opendata.arlingtontx.gov/
Apartments (3+ dwelling units),2301 Ascension Boulevard,Arlington,Texas,,permitted,,,,,,,,City of Arlington issued permits,https://opendata.arlingtontx.gov/
Apartments (3+ dwelling units),9580 Eden Road Bldg 2,Arlington,Texas,,permitted,,,,,,,,City of Arlington issued permits,https://opendata.arlingtontx.gov/
Apartments (3+ dwelling units),9588 Eden Road Bldg 5,Arlington,Texas,,permitted,,,,,,,,City of Arlington issued permits,https://opendata.arlingtontx.gov/
Apartments (3+ dwelling units),9586 Eden Road Bldg 4,Arlington,Texas,,permitted,,,,,,,,City of Arlington issued permits,https://opendata.arlingtontx.gov/
Apartments (3+ dwelling units),9582 Eden Road Bldg 3,Arlington,Texas,,permitted,,,,,,,,City of Arlington issued permits,https://opendata.arlingtontx.gov/
Apartments (3+ dwelling units),9584 Eden Road Bldg 1,Arlington,Texas,,permitted,,,,,,,,City of Arlington issued permits,https://opendata.arlingtontx.gov/
Apartments (3+ dwelling units),340 E STEPHENS STREET Bldg,Arlington,Texas,,permitted,,,,,,,,City of Arlington issued permits,https://opendata.arlingtontx.gov/
Apartments (3+ dwelling units),300 E Stephens Street,Arlington,Texas,,permitted,,,,,,,,City of Arlington issued permits,https://opendata.arlingtontx.gov/
Autumn Parc Apartments,W Arkansas LN,Arlington,Texas,,under construction,2026-01-05,,,OM Housing,(214) 432-7610,,,State project record,https://www.tdlr.texas.gov/TABS/Search/Project/TABS2025000674
Avanti Hills Apartments,2235 East Glen Blvd.,Mesquite,Texas,,under construction,2028-01-28,,,KCG Avanti Hills LP,(317) 708-6519,,,State project record,https://www.tdlr.texas.gov/TABS/Search/Project/TABS2026007797
Avenue A Multifamily,1234 Avenue A,Denton,Texas,,under construction,2027-05-28,,,1234 Ave A LLC,(972) 965-2071,,,State project record,https://www.tdlr.texas.gov/TABS/Search/Project/TABS2025005363
Carrier Place One - Multi Tenant,"1517 W Carrier Pkwy, Grand Prairie",Grand Prairie,Texas,,permitted,,,,,,,,Tarrant County commercial records (ZIP),https://www.tad.org/content/data-download/2026CommPermits.zip
Camp Wisdom Senior Living,1431 W Camp Wisdom Road,Dallas,Texas,,permitted,2028-10-16,,,"Texaz Perceptions Partners, LTD",(214) 739-5553,,,State project record,https://www.tdlr.texas.gov/TABS/Search/Project/TABS2026021731
Caville Boys and Girls Club,"5021 Ave G, Fort Worth",Fort Worth,Texas,,permitted,,,,,,,,Tarrant County commercial records (ZIP),https://www.tad.org/content/data-download/2026CommPermits.zip
Eden Apartment Building,325 King Lane,Garland,Texas,,under construction,2028-01-31,,,Hills and Valleys Properties LLC,(972) 809-8722,,,State project record,https://www.tdlr.texas.gov/TABS/Search/Project/TABS2026007598
Fort Worth City Hall,"200 Texas St, Fort Worth",Fort Worth,Texas,,permitted,,,,,,,,Tarrant County commercial records (ZIP),https://www.tad.org/content/data-download/2026CommPermits.zip
Foxfern I-30 Apartments,305 W Interstate Highway 30,Grand Prairie,Texas,,under construction,2027-12-01,,,"Foxfern Holdings, LLC",(214) 729-9042,,,State project record,https://www.tdlr.texas.gov/TABS/Search/Project/TABS2026006454
Franklin Branch Apartments,3565 FM 1461,Mckinney,Texas,,permitted,2028-11-04,,,Franklin Branch Apartments Ltd.,(512) 202-9011,,,State project record,https://www.tdlr.texas.gov/TABS/Search/Project/TABS2026025468
Great Hearts Prairie View,"9001 NW Hwy 287, Fort Worth",Fort Worth,Texas,,permitted,,,,,,,,Tarrant County commercial records (ZIP),https://www.tad.org/content/data-download/2026CommPermits.zip
Gateway West Apartments,North Gateway Boulevard,Forney,Texas,,under construction,2027-08-25,,,"Forney Residential XXIII, LP",(214) 360-1831,,,State project record,https://www.tdlr.texas.gov/TABS/Search/Project/TABS2025020563
Inwood Senior Living,3700 Inwood Road,Dallas,Texas,,under construction,2027-05-31,,,Harbert South Bay,(214) 370-2632,,,State project record,https://www.tdlr.texas.gov/TABS/Search/Project/TABS2025022308
Joe Brown Insurance,"3225 S University Dr, Fort Worth",Fort Worth,Texas,,permitted,,,,,,,,Tarrant County commercial records (ZIP),https://www.tad.org/content/data-download/2026CommPermits.zip
Lapiz Flats 40% Pctc,"2300 Ave H E, Grand Prairie",Grand Prairie,Texas,,permitted,,,,,,,,Tarrant County commercial records (ZIP),https://www.tad.org/content/data-download/2026CommPermits.zip
"New mixed-use project, includes structured parking garage, multi-family, and retail",6401 Smithfield,North Richland Hills,Texas,,under construction,2026-12-30,,,C2C Smithfield LP,(214) 505-5080,,,State project record,https://www.tdlr.texas.gov/TABS/Search/Project/TABS2025002557
North Fields Park Multi-Family Blk A Lot 4,PGA Parkway,Frisco,Texas,,under construction,2026-11-02,,,"North Fields Investment Partners, LP",(214) 978-8761,,,State project record,https://www.tdlr.texas.gov/TABS/Search/Project/TABS2026003137
Oht Altamesa LLC,"5554 Altamesa Blvd, Fort Worth",Fort Worth,Texas,,permitted,,,,,,,,Tarrant County commercial records (ZIP),https://www.tad.org/content/data-download/2026CommPermits.zip
Randol Mill Apartments,2601 W Randol Mill Road,Arlington,Texas,,under construction,2027-11-01,,,"OHT Dev Holdings, LLC",(469) 722-4652,,,State project record,https://www.tdlr.texas.gov/TABS/Search/Project/TABS2025025810
Roanoke Lofts,1104 Tx-114,Roanoke,Texas,,under construction,2026-10-15,,,Leeds Residential Inc.,(972) 754-1024,,,State project record,https://www.tdlr.texas.gov/TABS/Search/Project/TABS2025003222
Rock Creek Apartments - Phase 2,SW Brewer Blvd,Fort Worth,Texas,,under construction,2027-05-30,,,AMFP VI Chisholm Trail II LLC,(212) 203-4964,,,State project record,https://www.tdlr.texas.gov/TABS/Search/Project/TABS2025010443
Southlake Brownstones,"351 Central Ave, Southlake",Southlake,Texas,,permitted,,,,,,,,Tarrant County commercial records (ZIP),https://www.tad.org/content/data-download/2026CommPermits.zip
The Apperson Apartments,1431 Apple Street,Dallas,Texas,,permitted,2029-01-31,,,Apple Caddo MF Venture LP,(903) 278-7923,,,State project record,https://www.tdlr.texas.gov/TABS/Search/Project/TABS2026023464
Vacant Land - Commercial Phase 1,"4700 Lake Ridge Pkwy, Grand Prairie",Grand Prairie,Texas,,permitted,,,,,,,,Tarrant County commercial records (ZIP),https://www.tad.org/content/data-download/2025CommPermits.zip
Vacant Land - Commercial Phase 2,"1701 University Dr, Fort Worth",Fort Worth,Texas,,permitted,,,,,,,,Tarrant County commercial records (ZIP),https://www.tad.org/content/data-download/2026CommPermits.zip
Vacant Land Phase 1,"11450 Trinity Blvd, Fort Worth",Fort Worth,Texas,,permitted,,,,,,,,Tarrant County commercial records (ZIP),https://www.tad.org/content/data-download/2026CommPermits.zip
Vacant Land Phase 2,"S State Hwy 360, Grand Prairie",Grand Prairie,Texas,,permitted,,,,,,,,Tarrant County commercial records (ZIP),https://www.tad.org/content/data-download/2026CommPermits.zip
Village East Apartments,2750 West Cantey Street,Fort Worth,Texas,,under construction,2026-07-01,,,Newsome Development,(785) 331-4644,,,State project record,https://www.tdlr.texas.gov/TABS/Search/Project/TABS2025026462
Well Site - 3701 W IH 20,"3701 W IH 20, Arlington",Arlington,Texas,,permitted,,,,,,,,Tarrant County commercial records (ZIP),https://www.tad.org/content/data-download/2026CommPermits.zip
West Centerville Active Senior Living,505 West Centerville Rd,Garland,Texas,,under construction,2027-10-01,,,M& A Development,(804) 999-4449,,,State project record,https://www.tdlr.texas.gov/TABS/Search/Project/TABS2025019904
