Building,Address,City,State,Units,Stage,Opens,Sold,Buyer,Developer,Office phone,Source,Source URL
6550 Hillcroft St,6550 Hillcroft St,Houston,Texas,921,sold,,2025-02-13,Pecos Housing Finance Corporation,,,Website,https://download.hcad.org/data/CAMA/2026/Real_acct_owner.zip
1221 Redford St,1221 Redford St,Houston,Texas,856,sold,,2025-04-09,Edcouch Community Housing Finance Corp,,,Website,https://download.hcad.org/data/CAMA/2026/Real_acct_owner.zip
4400 Memorial Dr,4400 Memorial Dr,Houston,Texas,688,sold,,2025-03-18,La Villa Housing Finance Corporation,,,Website,https://download.hcad.org/data/CAMA/2026/Real_acct_owner.zip
3400 Woodchase Dr,3400 Woodchase Dr,Houston,Texas,656,sold,,2025-07-29,Ashford Santa Ana Property Owner LLC,,,Website,https://download.hcad.org/data/CAMA/2026/Real_acct_owner.zip
Eastgrove,11611 Ferguson Rd,Dallas,Texas,656,sold,,2025-08-15,Dallas Gpa I LLC &,,,Website,https://www.dallascad.org/ViewPDFs.aspx?type=3&id=\\DCAD.ORG\WEB\WEBDATA\WEBFORMS\DATA PRODUCTS\DCAD2026_CURRENT.ZIP
Grand At Legacy West Apartments,6080 Water St,Plano,Texas,621,sold,,2025-04-28,Lw Owner 1 LLC,,,Texas county property records,https://data.texas.gov/d/5tkr-3759
10950 Briar Forest Dr,10950 Briar Forest Dr,Houston,Texas,592,sold,,2025-09-03,Public Welfare Investments Holdco LLC,,,Website,https://download.hcad.org/data/CAMA/2026/Real_acct_owner.zip
5454 Newcastle Dr,5454 Newcastle Dr,Houston,Texas,580,sold,,2025-04-08,Maverick County Housing Finance Corp,,,Website,https://download.hcad.org/data/CAMA/2026/Real_acct_owner.zip
Solea Keller,3661 Keller Hicks Rd,Tarrant County,Texas,558,sold,,2025-02-05,,,,State permit data,https://www.tad.org/content/data-download/2026CommImprovedSales.zip
3125 Crestdale Dr,3125 Crestdale Dr,Houston,Texas,546,sold,,2025-02-02,Edcouch Community Housing Finance,,,Website,https://download.hcad.org/data/CAMA/2026/Real_acct_owner.zip
9707 S Gessner Dr,9707 S Gessner Dr,Houston,Texas,544,sold,,2025-09-25,Ssb Assets LLC,,,Website,https://download.hcad.org/data/CAMA/2026/Real_acct_owner.zip
6500 South,6500 S Cockrell Hill Rd,Dallas,Texas,536,sold,,2025-04-03,Pecos Housing Finance Corporation,,,Website,https://www.dallascad.org/ViewPDFs.aspx?type=3&id=\\DCAD.ORG\WEB\WEBDATA\WEBFORMS\DATA PRODUCTS\DCAD2026_CURRENT.ZIP
5909 Glenmont Dr,5909 Glenmont Dr,Houston,Texas,534,sold,,2025-05-13,Nazar Invest INC,,,Website,https://download.hcad.org/data/CAMA/2026/Real_acct_owner.zip
11800 Grant Rd,11800 Grant Rd,Cypress,Texas,530,sold,,2025-05-05,Pecos Housing Finance Corporation,,,Website,https://download.hcad.org/data/CAMA/2026/Real_acct_owner.zip
14531 Ella Blvd,14531 Ella Blvd,Houston,Texas,520,sold,,2025-03-25,Ad Pecan LLC,,,Website,https://download.hcad.org/data/CAMA/2026/Real_acct_owner.zip
2611 Bens Branch Dr,2611 Bens Branch Dr,Humble,Texas,518,sold,,2025-06-24,Gep Xi Town Center LP,,,Website,https://download.hcad.org/data/CAMA/2026/Real_acct_owner.zip
4101 Shaver St,4101 Shaver St,Pasadena,Texas,518,sold,,2025-09-02,Tc Spe 5 LLC,,,Website,https://download.hcad.org/data/CAMA/2026/Real_acct_owner.zip
621 Richey St,621 Richey St,Pasadena,Texas,514,sold,,2025-09-18,Owemancos Pasadena Run LP,,,Website,https://download.hcad.org/data/CAMA/2026/Real_acct_owner.zip
Forty200,4260 E US Hwy 80,Mesquite,Texas,512,sold,,2025-12-23,Camelot Village Apts LLC,,,Website,https://www.dallascad.org/ViewPDFs.aspx?type=3&id=\\DCAD.ORG\WEB\WEBDATA\WEBFORMS\DATA PRODUCTS\DCAD2026_CURRENT.ZIP
Hastings End Apartment,9800 Harpers Ln,Dallas,Texas,499,sold,,2025-04-03,Epc Soune2 LLC,,,Website,https://www.dallascad.org/ViewPDFs.aspx?type=3&id=\\DCAD.ORG\WEB\WEBDATA\WEBFORMS\DATA PRODUCTS\DCAD2026_CURRENT.ZIP
The Emerson,9900 Adleta Blvd,Dallas,Texas,486,sold,,2025-05-19,Pecos Housing Finance,,,Website,https://www.dallascad.org/ViewPDFs.aspx?type=3&id=\\DCAD.ORG\WEB\WEBDATA\WEBFORMS\DATA PRODUCTS\DCAD2026_CURRENT.ZIP
23Hundred @ Ridgeview,2300 Kathryn Ln,Plano,Texas,480,sold,,2025-06-26,Ch Realty X Mf Plano 23 Hundred LP,,,Texas county property records,https://data.texas.gov/d/5tkr-3759
4010 Linkwood Dr,4010 Linkwood Dr,Houston,Texas,476,sold,,2025-10-31,Mvd De Apartments LLC,,,Website,https://download.hcad.org/data/CAMA/2026/Real_acct_owner.zip
407 S Richey Rd,407 S Richey Rd,Pasadena,Texas,468,sold,,2025-09-18,Owemancos Pasadena Run LP,,,Website,https://download.hcad.org/data/CAMA/2026/Real_acct_owner.zip
12300 Fleming Dr,12300 Fleming Dr,Houston,Texas,460,sold,,2025-12-10,Home Land 89 LLC,,,Website,https://download.hcad.org/data/CAMA/2026/Real_acct_owner.zip
7979 Westheimer Rd,7979 Westheimer Rd,Houston,Texas,459,sold,,2025-03-25,New Rama Krishna Properties Delaware LLC,,,Website,https://download.hcad.org/data/CAMA/2026/Real_acct_owner.zip
1110 El Camino Village Dr,1110 El Camino Village Dr,Houston,Texas,449,sold,,2025-05-19,Edcouch Community Housing Finance Corp,,,Website,https://download.hcad.org/data/CAMA/2026/Real_acct_owner.zip
10225 Wortham Blvd,10225 Wortham Blvd,Houston,Texas,444,sold,,2025-07-30,Wortham TX Partner LP Cortland Partners LLC,,,Website,https://download.hcad.org/data/CAMA/2026/Real_acct_owner.zip
900 Henderson Ave,900 Henderson Ave,Webster,Texas,440,sold,,2025-03-29,Pecos Housing Finance Corp,,,Website,https://download.hcad.org/data/CAMA/2026/Real_acct_owner.zip
1586 W Maggio,1586 W Maggio,Chandler,Arizona,432,sold,,2025-03-01,Arches LLC,Bcore Mf Arches LLC,,Maricopa County Assessor sales records,https://www.arcgis.com/home/item.html?id=f3484c72a938497286adc4e5de7e9963
1570 W Maggio Way,1570 W Maggio Way,Chandler,Arizona,432,sold,,2025-03-01,Arches LLC,Bcore Mf Arches LLC,,Maricopa County Assessor sales records,https://www.arcgis.com/home/item.html?id=f3484c72a938497286adc4e5de7e9963
10221 Centrepark Dr,10221 Centrepark Dr,Houston,Texas,432,sold,,2025-11-19,Ag-Hilltop Spring Shadows Property,,,Website,https://download.hcad.org/data/CAMA/2026/Real_acct_owner.zip
9475 W Sam Houston Pky S,9475 W Sam Houston Pky S,Houston,Texas,428,sold,,2025-11-04,Oconee Real Estate Holdings Xviii,,,Website,https://download.hcad.org/data/CAMA/2026/Real_acct_owner.zip
10202 Club Creek Dr,10202 Club Creek Dr,Houston,Texas,424,sold,,2025-06-26,Villa Madrid 2025 LLC,,,Website,https://download.hcad.org/data/CAMA/2026/Real_acct_owner.zip
8181 Colony St,8181 Colony St,Houston,Texas,424,sold,,2025-11-13,Ua Riveraine LLC,,,Website,https://download.hcad.org/data/CAMA/2026/Real_acct_owner.zip
Lakeside At Northpark,9600 Golf Lakes Trl,Dallas,Texas,424,sold,,2025-12-15,Lakeside 3Pp LLC,,,Website,https://www.dallascad.org/ViewPDFs.aspx?type=3&id=\\DCAD.ORG\WEB\WEBDATA\WEBFORMS\DATA PRODUCTS\DCAD2026_CURRENT.ZIP
18021 Kingsland Blvd,18021 Kingsland Blvd,Houston,Texas,423,sold,,2025-04-17,Alden Ridgmar Creek Enterprise LLC,,,Website,https://download.hcad.org/data/CAMA/2026/Real_acct_owner.zip
2727 Revere St,2727 Revere St,Houston,Texas,423,sold,,2025-08-13,La Maison Armando LLC,,,Website,https://download.hcad.org/data/CAMA/2026/Real_acct_owner.zip
11111 Grant Rd,11111 Grant Rd,Cypress,Texas,422,sold,,2025-03-12,Pecos Housing Finan Ce Corporation,,,Website,https://download.hcad.org/data/CAMA/2026/Real_acct_owner.zip
Everra Midtown Park,8240 Meadow Rd,Dallas,Texas,422,sold,,2025-04-16,8250 North Meadow Owner LLC &,,,Website,https://www.dallascad.org/ViewPDFs.aspx?type=3&id=\\DCAD.ORG\WEB\WEBDATA\WEBFORMS\DATA PRODUCTS\DCAD2026_CURRENT.ZIP
The Everly,9340 Skillman St,Dallas,Texas,420,sold,,2025-05-19,Pecos Housing Finance,,,Website,https://www.dallascad.org/ViewPDFs.aspx?type=3&id=\\DCAD.ORG\WEB\WEBDATA\WEBFORMS\DATA PRODUCTS\DCAD2026_CURRENT.ZIP
Republic West Apartments,241 E IH 30,Garland,Texas,410,sold,,2025-03-24,Pecos Housing Finance Corp,,,Website,https://www.dallascad.org/ViewPDFs.aspx?type=3&id=\\DCAD.ORG\WEB\WEBDATA\WEBFORMS\DATA PRODUCTS\DCAD2026_CURRENT.ZIP
Kendrick,7324 Skillman St,Dallas,Texas,405,sold,,2025-04-02,Pecos Housing Finance Corp,,,Website,https://www.dallascad.org/ViewPDFs.aspx?type=3&id=\\DCAD.ORG\WEB\WEBDATA\WEBFORMS\DATA PRODUCTS\DCAD2026_CURRENT.ZIP
5959 FM 1960 Rd W,5959 FM 1960 Rd W,Houston,Texas,404,sold,,2025-07-08,Armour 5959 FM LLC,,,Website,https://download.hcad.org/data/CAMA/2026/Real_acct_owner.zip
5500 El Camino Del Rey St,5500 El Camino Del Rey St,Houston,Texas,401,sold,,2025-08-14,Msl Apartments LLC,,,Website,https://download.hcad.org/data/CAMA/2026/Real_acct_owner.zip
Hazel By The Galleria,13100 Noel Rd,Dallas,Texas,398,sold,,2025-12-02,13100 Noel Road Partners LLC,,,Website,https://www.dallascad.org/ViewPDFs.aspx?type=3&id=\\DCAD.ORG\WEB\WEBDATA\WEBFORMS\DATA PRODUCTS\DCAD2026_CURRENT.ZIP
4909 W Joshua Blvd,4909 W Joshua Blvd,Chandler,Arizona,396,sold,,2025-08-01,Country Brook Partners LLC,Mg Country Brook Apartments LLC,,Maricopa County Assessor sales records,https://www.arcgis.com/home/item.html?id=f3484c72a938497286adc4e5de7e9963
601 N Rita Ln,601 N Rita Ln,Chandler,Arizona,396,sold,,2025-08-01,Country Brook Partners LLC,Mg Country Brook Apartments LLC,,Maricopa County Assessor sales records,https://www.arcgis.com/home/item.html?id=f3484c72a938497286adc4e5de7e9963
14515 Briar Forest Dr,14515 Briar Forest Dr,Houston,Texas,396,sold,,2025-08-19,Bel Briar Limited Partnership,,,Website,https://download.hcad.org/data/CAMA/2026/Real_acct_owner.zip
200 W Germann Rd,200 W Germann Rd,Chandler,Arizona,392,sold,,2025-04-01,Areit Zaterra LLC,Arden Park Owner LLC,,Maricopa County Assessor sales records,https://www.arcgis.com/home/item.html?id=f3484c72a938497286adc4e5de7e9963
305 W Baker Rd,305 W Baker Rd,Baytown,Texas,392,sold,,2025-06-05,Lakes At Madera Cityr Fund LLC,,,Website,https://download.hcad.org/data/CAMA/2026/Real_acct_owner.zip
The Dayton,6000 Ohio Dr,Plano,Texas,389,sold,,2025-04-01,Pecos Housing Finance Corporation,,,Texas county property records,https://data.texas.gov/d/5tkr-3759
1002 Katy Gap Rd,1002 Katy Gap Rd,Katy,Texas,389,sold,,2025-11-20,1002 Katy Gap Borrower LLC,,,Website,https://download.hcad.org/data/CAMA/2026/Real_acct_owner.zip
24032 N 19Th Ave,24032 N 19th Ave,Phoenix,Arizona,388,sold,,2025-01-01,Gre Sedona Llc/Gre Miramonte Llc/Etal,Town Deer Valley Owner LLC,,Maricopa County Assessor sales records,https://www.arcgis.com/home/item.html?id=f3484c72a938497286adc4e5de7e9963
10010 Kempwood Dr,10010 Kempwood Dr,Houston,Texas,388,sold,,2025-11-19,9999 Kempwood Drive LP,,,Website,https://download.hcad.org/data/CAMA/2026/Real_acct_owner.zip
Promenade At Las Colinas,555 Promenade Pkwy,Irving,Texas,387,sold,,2025-11-25,Kre Lc Promenade LLC,,,Website,https://www.dallascad.org/ViewPDFs.aspx?type=3&id=\\DCAD.ORG\WEB\WEBDATA\WEBFORMS\DATA PRODUCTS\DCAD2026_CURRENT.ZIP
Alexan Cathedral Arts Apts,5088 Ross Ave,Dallas,Texas,386,sold,,2025-03-13,Midamerica Apartments LP,,,Website,https://www.dallascad.org/ViewPDFs.aspx?type=3&id=\\DCAD.ORG\WEB\WEBDATA\WEBFORMS\DATA PRODUCTS\DCAD2026_CURRENT.ZIP
1822 Barker Cypress Rd,1822 Barker Cypress Rd,Houston,Texas,384,sold,,2025-05-12,Pecos Housing Finance Corporation,,,Website,https://download.hcad.org/data/CAMA/2026/Real_acct_owner.zip
800 W Willis Rd,800 W Willis Rd,Chandler,Arizona,383,sold,,2025-07-01,Fairfield Laurel LLC,Sunroad Parcland Apartments LLC,,Maricopa County Assessor sales records,https://www.arcgis.com/home/item.html?id=f3484c72a938497286adc4e5de7e9963
1925 S Coronado Rd,1925 S Coronado Rd,Gilbert,Arizona,382,sold,,2025-05-01,Mfrevf V - Redstone LLC,Breit Olympus Mf Redstone LLC,,Maricopa County Assessor sales records,https://www.arcgis.com/home/item.html?id=f3484c72a938497286adc4e5de7e9963
23403 Kingsland Dr,23403 Kingsland Dr,Katy,Texas,382,sold,,2025-06-26,Price Reserve On Kingsland LLC,,,Website,https://download.hcad.org/data/CAMA/2026/Real_acct_owner.zip
3700 M West Village,3700 Mckinney Ave,Dallas,Texas,381,sold,,2025-08-11,Usl 3700M Owner LLC,,,Website,https://www.dallascad.org/ViewPDFs.aspx?type=3&id=\\DCAD.ORG\WEB\WEBDATA\WEBFORMS\DATA PRODUCTS\DCAD2026_CURRENT.ZIP
3003 Memorial Ct,3003 Memorial Ct,Houston,Texas,380,sold,,2025-06-03,Cb Marcella Memorial Heights LLC,,,Website,https://download.hcad.org/data/CAMA/2026/Real_acct_owner.zip
8627 Hufsmith Rd,8627 Hufsmith Rd,Tomball,Texas,380,sold,,2025-11-12,Ar Preserve LLC,,,Website,https://download.hcad.org/data/CAMA/2026/Real_acct_owner.zip
2033 S Gessner Rd,2033 S Gessner Rd,Houston,Texas,376,sold,,2025-04-10,Gessner Road Owner LLC,,,Website,https://download.hcad.org/data/CAMA/2026/Real_acct_owner.zip
1911 Holcombe Blvd,1911 Holcombe Blvd,Houston,Texas,375,sold,,2025-08-12,Vantage Armando LLC,,,Website,https://download.hcad.org/data/CAMA/2026/Real_acct_owner.zip
16112 North Fwy,16112 North Fwy,Houston,Texas,372,sold,,2025-06-24,Life At Spring Estates Owner LLC,,,Website,https://download.hcad.org/data/CAMA/2026/Real_acct_owner.zip
1700 Seaspray Ct,1700 Seaspray Ct,Houston,Texas,372,sold,,2025-04-15,Pecos Housing Finance Corporation,,,Website,https://download.hcad.org/data/CAMA/2026/Real_acct_owner.zip
Emblem Ravine,3500 W Colorado Blvd,Dallas,Texas,372,sold,,2025-05-27,Qmv III Canyon Phase I Holdings LP,,,Website,https://www.dallascad.org/ViewPDFs.aspx?type=3&id=\\DCAD.ORG\WEB\WEBDATA\WEBFORMS\DATA PRODUCTS\DCAD2026_CURRENT.ZIP
Broadway Jackson Aprtment,2255 N Broadway St,Carrollton,Texas,370,sold,,2025-06-23,Jackson Road LP,NRP Group LLC,(844) 677-0002,Website,https://www.dallascad.org/ViewPDFs.aspx?type=3&id=\\DCAD.ORG\WEB\WEBDATA\WEBFORMS\DATA PRODUCTS\DCAD2026_CURRENT.ZIP
11201 Olympia Dr,11201 Olympia Dr,Houston,Texas,369,sold,,2025-12-18,Quinn Westchase Apartments LLC,,,Website,https://download.hcad.org/data/CAMA/2026/Real_acct_owner.zip
4848 E Roosevelt St,4848 E Roosevelt St,Phoenix,Arizona,368,sold,,2025-12-01,Gl Sageleaf Red Mountain Llc/Gl Red Mountain,Roosevelt AZ Partners LLC,,Maricopa County Assessor sales records,https://www.arcgis.com/home/item.html?id=f3484c72a938497286adc4e5de7e9963
2101 Hayes Rd,2101 Hayes Rd,Houston,Texas,367,sold,,2025-11-05,Rc 2101 Hayes LLC,,,Website,https://download.hcad.org/data/CAMA/2026/Real_acct_owner.zip
1725 S Coronado Rd,1725 S Coronado Rd,Gilbert,Arizona,366,sold,,2025-08-01,Mfrevf V - Vistara LLC,Breit Olympus Mf Vistara LLC,,Maricopa County Assessor sales records,https://www.arcgis.com/home/item.html?id=f3484c72a938497286adc4e5de7e9963
Arden At Midtown GP,3711 S State Hwy 161,Grand Prairie,Texas,366,sold,,2025-01-08,Kcp Arden Midtown GP LLC,,,Website,https://www.dallascad.org/ViewPDFs.aspx?type=3&id=\\DCAD.ORG\WEB\WEBDATA\WEBFORMS\DATA PRODUCTS\DCAD2026_CURRENT.ZIP
Ovation At Galatyn Park,2323 Plaza Blvd,Richardson,Texas,361,sold,,2025-08-27,Mg Ovation Apt Cbk Pch LLC &,,,Website,https://www.dallascad.org/ViewPDFs.aspx?type=3&id=\\DCAD.ORG\WEB\WEBDATA\WEBFORMS\DATA PRODUCTS\DCAD2026_CURRENT.ZIP
3875 W Dobbins Rd,3875 W Dobbins Rd,Phoenix,Arizona,360,sold,,2025-12-01,Rg Liv Laveen Llc/Etal,Rg Laveen Member Llc/Rg Liv Laveen LLC,,Maricopa County Assessor sales records,https://www.arcgis.com/home/item.html?id=f3484c72a938497286adc4e5de7e9963
Birchstone Cedar Ridge,6165 Ridge Center Dr,Dallas,Texas,360,sold,,2025-11-10,Birchstone Cedar Ridge LLC,,,Website,https://www.dallascad.org/ViewPDFs.aspx?type=3&id=\\DCAD.ORG\WEB\WEBDATA\WEBFORMS\DATA PRODUCTS\DCAD2026_CURRENT.ZIP
1250 W Grove Pkwy,1250 W Grove Pkwy,Tempe,Arizona,356,sold,,2025-05-01,Kw Fund VII Grove Parkway LLC,Breit Mf Finisterra LLC,,Maricopa County Assessor sales records,https://www.arcgis.com/home/item.html?id=f3484c72a938497286adc4e5de7e9963
5004 Memorial Dr,5004 Memorial Dr,Houston,Texas,356,sold,,2025-09-23,Comref Memorial LLC,,,Website,https://download.hcad.org/data/CAMA/2026/Real_acct_owner.zip
7655 Washington Ave,7655 Washington Ave,Houston,Texas,356,sold,,2025-05-01,Pleasanton Housing Finance Corporation,,,Website,https://download.hcad.org/data/CAMA/2026/Real_acct_owner.zip
1226 W Grand Pky S,1226 W Grand Pky S,Katy,Texas,354,sold,,2025-11-25,Ag-Hilltop Grand Parkway,,,Website,https://download.hcad.org/data/CAMA/2026/Real_acct_owner.zip
Midtown At Cedar Hill Apartment,365 Uptown Blvd,Cedar Hill,Texas,354,sold,,2025-10-17,Centennial Cedar Hill LLC,,,Website,https://www.dallascad.org/ViewPDFs.aspx?type=3&id=\\DCAD.ORG\WEB\WEBDATA\WEBFORMS\DATA PRODUCTS\DCAD2026_CURRENT.ZIP
1148 Silber Rd,1148 Silber Rd,Houston,Texas,352,sold,,2025-08-20,Memorial Owner LLC,,,Website,https://download.hcad.org/data/CAMA/2026/Real_acct_owner.zip
13202 Briar Forest Dr,13202 Briar Forest Dr,Houston,Texas,352,sold,,2025-05-15,Pecos Housing Finance Corp,,,Website,https://download.hcad.org/data/CAMA/2026/Real_acct_owner.zip
Axis 110,110 W Cityline Dr,Richardson,Texas,351,sold,,2025-12-01,Areit Dallas Cityline LLC,,,Texas county property records,https://data.texas.gov/d/5tkr-3759
14818 Vintage Preserve Pky,14818 Vintage Preserve Pky,Houston,Texas,350,sold,,2025-05-13,Vintage Park Apartments LLC,,,Website,https://download.hcad.org/data/CAMA/2026/Real_acct_owner.zip
Kade,3301 Hudnall St,Dallas,Texas,348,sold,,2025-05-16,Pecos Housing Finance Corp,,,Website,https://www.dallascad.org/ViewPDFs.aspx?type=3&id=\\DCAD.ORG\WEB\WEBDATA\WEBFORMS\DATA PRODUCTS\DCAD2026_CURRENT.ZIP
The Boulders,6301 Duck Creek Dr,Garland,Texas,348,sold,,2025-01-27,Irg Bgo Oaks Dc LP,,,Website,https://www.dallascad.org/ViewPDFs.aspx?type=3&id=\\DCAD.ORG\WEB\WEBDATA\WEBFORMS\DATA PRODUCTS\DCAD2026_CURRENT.ZIP
The Wyatt At Presidio Junction,2301 Presidio Vista Dr,Tarrant County,Texas,348,sold,,2025-02-26,,,,State permit data,https://www.tad.org/content/data-download/2026CommImprovedSales.zip
Legends At Chase Oaks Apartments,701 Legacy Dr,Plano,Texas,346,sold,,2025-09-29,701 Legacy Drive Spe LLC,,,Texas county property records,https://data.texas.gov/d/5tkr-3759
875 W Pecos Rd,875 W Pecos Rd,Chandler,Arizona,346,sold,,2025-07-01,Fairfield Lazo LLC,Sunroad Lazo Apartments LLC,,Maricopa County Assessor sales records,https://www.arcgis.com/home/item.html?id=f3484c72a938497286adc4e5de7e9963
1335 Silverado Dr,1335 Silverado Dr,Houston,Texas,344,sold,,2025-04-01,Pecos Housing Finance Corp,,,Website,https://download.hcad.org/data/CAMA/2026/Real_acct_owner.zip
Tides On Park Lane,8780 Park Ln,Dallas,Texas,343,sold,,2025-03-10,Cameron County Housing,,,Website,https://www.dallascad.org/ViewPDFs.aspx?type=3&id=\\DCAD.ORG\WEB\WEBDATA\WEBFORMS\DATA PRODUCTS\DCAD2026_CURRENT.ZIP
Skyline Farmers Market,835 S Good Latimer Expy,Dallas,Texas,340,sold,,2025-07-31,TX Skyline Farmers Market LLC,,,Website,https://www.dallascad.org/ViewPDFs.aspx?type=3&id=\\DCAD.ORG\WEB\WEBDATA\WEBFORMS\DATA PRODUCTS\DCAD2026_CURRENT.ZIP
The Beckley,111 Morgan Ave,Dallas,Texas,340,sold,,2025-05-02,Beckley Property Owner LP,,,Website,https://www.dallascad.org/ViewPDFs.aspx?type=3&id=\\DCAD.ORG\WEB\WEBDATA\WEBFORMS\DATA PRODUCTS\DCAD2026_CURRENT.ZIP
Equinox On The Park,6200 N Shiloh Rd,Garland,Texas,338,sold,,2025-03-20,Pleasanton Housing Finance Corp,,,Website,https://www.dallascad.org/ViewPDFs.aspx?type=3&id=\\DCAD.ORG\WEB\WEBDATA\WEBFORMS\DATA PRODUCTS\DCAD2026_CURRENT.ZIP
Presidium Valley View,4040 Valley View Ln,Farmers Branch,Texas,338,sold,,2025-03-03,Pleasanton Housing Finance Corp,,,Website,https://www.dallascad.org/ViewPDFs.aspx?type=3&id=\\DCAD.ORG\WEB\WEBDATA\WEBFORMS\DATA PRODUCTS\DCAD2026_CURRENT.ZIP
702 Hadley St,702 Hadley St,Houston,Texas,337,sold,,2025-06-10,Re III Reshi Houston III De LLC,,,Website,https://download.hcad.org/data/CAMA/2026/Real_acct_owner.zip
8047 Grow Ln,8047 Grow Ln,Houston,Texas,337,sold,,2025-06-03,Cf 7835 Grow Lane Quail I LLC,,,Website,https://download.hcad.org/data/CAMA/2026/Real_acct_owner.zip
157 S Roosevelt Rd,157 S Roosevelt Rd,Mesa,Arizona,336,sold,,2025-07-01,Ipg Coral Point Owner LLC,Lwh Coral Point Apartments LP,,Maricopa County Assessor sales records,https://www.arcgis.com/home/item.html?id=f3484c72a938497286adc4e5de7e9963
Lana (Ecu) Phase 1,14332 Montfort Dr,Dallas,Texas,336,sold,,2025-05-19,La Villa Housing Finance Corp,,,Website,https://www.dallascad.org/ViewPDFs.aspx?type=3&id=\\DCAD.ORG\WEB\WEBDATA\WEBFORMS\DATA PRODUCTS\DCAD2026_CURRENT.ZIP
Resia Dallas West,5050 Keeneland Pkwy,Dallas,Texas,336,sold,,2025-07-01,Rpmi 5050 Keeneland Pkwy,,,Website,https://www.dallascad.org/ViewPDFs.aspx?type=3&id=\\DCAD.ORG\WEB\WEBDATA\WEBFORMS\DATA PRODUCTS\DCAD2026_CURRENT.ZIP
555 S Galleria,555 S Galleria,Chandler,Arizona,335,sold,,2025-12-01,Scp II 555 S Galleria Way LLC,Fashion Center Acquisition LLC,,Maricopa County Assessor sales records,https://www.arcgis.com/home/item.html?id=f3484c72a938497286adc4e5de7e9963
Gables Uptown Trails,2525 Carlisle St,Dallas,Texas,334,sold,,2025-12-22,2525 Carlisle LP,,,Website,https://www.dallascad.org/ViewPDFs.aspx?type=3&id=\\DCAD.ORG\WEB\WEBDATA\WEBFORMS\DATA PRODUCTS\DCAD2026_CURRENT.ZIP
901 E Van Buren St,901 E Van Buren St,Phoenix,Arizona,332,sold,,2025-11-01,Cr Konrad Communities Llc/Konrad Kft LLC,Camden USA INC,,Maricopa County Assessor sales records,https://www.arcgis.com/home/item.html?id=f3484c72a938497286adc4e5de7e9963
The Abbott,4599 W Davis St,Dallas,Texas,332,sold,,2025-05-15,Pecos Housing Finance Corp,,,Website,https://www.dallascad.org/ViewPDFs.aspx?type=3&id=\\DCAD.ORG\WEB\WEBDATA\WEBFORMS\DATA PRODUCTS\DCAD2026_CURRENT.ZIP
Skye Apts Of Turtle Creek,2217 Ivan St,Dallas,Texas,331,sold,,2025-01-23,Ag Kvc Tc Property Owner LLC,,,Website,https://www.dallascad.org/ViewPDFs.aspx?type=3&id=\\DCAD.ORG\WEB\WEBDATA\WEBFORMS\DATA PRODUCTS\DCAD2026_CURRENT.ZIP
21021 Aldine Westfield Rd,21021 Aldine Westfield Rd,Houston,Texas,330,sold,,2025-03-18,Pleasanton Housing Finance Corporation,,,Website,https://download.hcad.org/data/CAMA/2026/Real_acct_owner.zip
8501 Broadway Blvd,8501 Broadway Blvd,Houston,Texas,328,sold,,2025-11-04,Oconee Real Estate Holdings,,,Website,https://download.hcad.org/data/CAMA/2026/Real_acct_owner.zip
Tides On Espereanza,13352 Esperanza Rd,Dallas,Texas,328,sold,,2025-07-03,Clarius Esperanza Owner LLC,,,Website,https://www.dallascad.org/ViewPDFs.aspx?type=3&id=\\DCAD.ORG\WEB\WEBDATA\WEBFORMS\DATA PRODUCTS\DCAD2026_CURRENT.ZIP
17417 W Lake Houston Pky,17417 W Lake Houston Pky,Humble,Texas,327,sold,,2025-11-27,Ag-Hilltop Harper At Lake Houston,,,Website,https://download.hcad.org/data/CAMA/2026/Real_acct_owner.zip
641 W Crosstimbers St,641 W Crosstimbers St,Houston,Texas,327,sold,,2025-11-12,Rpmi 641 W Crosstimbers St Owner LLC C/O Ryan LLC,,,Website,https://download.hcad.org/data/CAMA/2026/Real_acct_owner.zip
10522 Beechnut St,10522 Beechnut St,Houston,Texas,326,sold,,2025-07-01,900 Title Jefferson LLC C/O Cw Capital Assest Management LLC,,,Website,https://download.hcad.org/data/CAMA/2026/Real_acct_owner.zip
2002 Spring Stuebner Rd,2002 Spring Stuebner Rd,Spring,Texas,326,sold,,2025-03-12,Echo Springwoods Residential LLC,,,Website,https://download.hcad.org/data/CAMA/2026/Real_acct_owner.zip
9999 Kempwood Dr,9999 Kempwood Dr,Houston,Texas,326,sold,,2025-11-19,10010 Kempwood Drive LP,,,Website,https://download.hcad.org/data/CAMA/2026/Real_acct_owner.zip
Lana (Ecu) Phase 2,5711 Preston Oaks Rd,Dallas,Texas,326,sold,,2025-05-19,La Villa Housing Finance Corp,,,Website,https://www.dallascad.org/ViewPDFs.aspx?type=3&id=\\DCAD.ORG\WEB\WEBDATA\WEBFORMS\DATA PRODUCTS\DCAD2026_CURRENT.ZIP
4641 Montrose Blvd,4641 Montrose Blvd,Houston,Texas,325,sold,,2025-08-13,Chelsea Armando LLC,,,Website,https://download.hcad.org/data/CAMA/2026/Real_acct_owner.zip
10070 Westpark Dr,10070 Westpark Dr,Houston,Texas,324,sold,,2025-05-05,La Villa Housing Finance Corporation,,,Website,https://download.hcad.org/data/CAMA/2026/Real_acct_owner.zip
1855 Wirt Rd,1855 Wirt Rd,Houston,Texas,324,sold,,2025-06-20,Fbrt Banyan Palms Owner LLC,,,Website,https://download.hcad.org/data/CAMA/2026/Real_acct_owner.zip
4123 Cedar Springs,4123 Cedar Springs Rd,Dallas,Texas,324,sold,,2025-07-01,Cmtg Wf Finance LLC,,,Website,https://www.dallascad.org/ViewPDFs.aspx?type=3&id=\\DCAD.ORG\WEB\WEBDATA\WEBFORMS\DATA PRODUCTS\DCAD2026_CURRENT.ZIP
5555 Holly View Dr,5555 Holly View Dr,Houston,Texas,324,sold,,2025-03-18,Pecos Housing Finance Corporation,,,Website,https://download.hcad.org/data/CAMA/2026/Real_acct_owner.zip
9300 N Sam Houston Pky E,9300 N Sam Houston Pky E,Humble,Texas,324,sold,,2025-03-06,Pleasanton Housing Finance Corporation,,,Website,https://download.hcad.org/data/CAMA/2026/Real_acct_owner.zip
16848 W Lake Houston Pky,16848 W Lake Houston Pky,Humble,Texas,320,sold,,2025-09-17,At Parkway LP,,,Website,https://download.hcad.org/data/CAMA/2026/Real_acct_owner.zip
The Carolyn,900 Lake Carolyn Pkwy,Irving,Texas,319,sold,,2025-12-29,Crp Wop Tblc Owner LP,,,Website,https://www.dallascad.org/ViewPDFs.aspx?type=3&id=\\DCAD.ORG\WEB\WEBDATA\WEBFORMS\DATA PRODUCTS\DCAD2026_CURRENT.ZIP
14220 Park Row Dr,14220 Park Row Dr,Houston,Texas,318,sold,,2025-05-19,Pecos Housing Finance Corp,,,Website,https://download.hcad.org/data/CAMA/2026/Real_acct_owner.zip
225 S Heights Blvd,225 S Heights Blvd,Houston,Texas,318,sold,,2025-08-15,Whitmore Apartments Owner LP,,,Website,https://download.hcad.org/data/CAMA/2026/Real_acct_owner.zip
Teak At The Branch,4601 Amesbury Dr,Dallas,Texas,316,sold,,2025-05-19,La Villa Housing Finance Corp,,,Website,https://www.dallascad.org/ViewPDFs.aspx?type=3&id=\\DCAD.ORG\WEB\WEBDATA\WEBFORMS\DATA PRODUCTS\DCAD2026_CURRENT.ZIP
6310 Dumfries Dr,6310 Dumfries Dr,Houston,Texas,314,sold,,2025-05-27,Ashford Casa Serena Property Owner LLC,,,Website,https://download.hcad.org/data/CAMA/2026/Real_acct_owner.zip
The Charlie,13015 Audelia Rd,Dallas,Texas,314,sold,,2025-05-19,Pecos Housing Finance Corporation,,,Website,https://www.dallascad.org/ViewPDFs.aspx?type=3&id=\\DCAD.ORG\WEB\WEBDATA\WEBFORMS\DATA PRODUCTS\DCAD2026_CURRENT.ZIP
938 Kingwood Dr,938 Kingwood Dr,Humble,Texas,312,sold,,2025-02-24,Cws Kingwood Spe LLC,,,Website,https://download.hcad.org/data/CAMA/2026/Real_acct_owner.zip
Strata Apartments,5050 Capitol Ave,Dallas,Texas,311,sold,,2025-04-16,SH Sre Strata LLC,,,Website,https://www.dallascad.org/ViewPDFs.aspx?type=3&id=\\DCAD.ORG\WEB\WEBDATA\WEBFORMS\DATA PRODUCTS\DCAD2026_CURRENT.ZIP
Rancho Mirage,1200 Hidden Ridge Dr,Irving,Texas,310,sold,,2025-05-08,Pecos Housing Finance,,,Website,https://www.dallascad.org/ViewPDFs.aspx?type=3&id=\\DCAD.ORG\WEB\WEBDATA\WEBFORMS\DATA PRODUCTS\DCAD2026_CURRENT.ZIP
Alta Design District Apts,1531 Inspiration Dr,Dallas,Texas,309,sold,,2025-11-11,1531 Inspiration Dr Owner LLC,,,Website,https://www.dallascad.org/ViewPDFs.aspx?type=3&id=\\DCAD.ORG\WEB\WEBDATA\WEBFORMS\DATA PRODUCTS\DCAD2026_CURRENT.ZIP
Hampton Greens,10911 Woodmeadow Pkwy,Dallas,Texas,309,sold,,2025-03-11,Iron Landings Apartments LLC,,,Website,https://www.dallascad.org/ViewPDFs.aspx?type=3&id=\\DCAD.ORG\WEB\WEBDATA\WEBFORMS\DATA PRODUCTS\DCAD2026_CURRENT.ZIP
7455 N 95Th Ave,7455 N 95th Ave,Glendale,Arizona,308,sold,,2025-07-01,Fairfield Zone LLC,Sunroad Courtney Vista Apartments LLC,,Maricopa County Assessor sales records,https://www.arcgis.com/home/item.html?id=f3484c72a938497286adc4e5de7e9963
2500 E James St,2500 E James St,Baytown,Texas,308,sold,,2025-06-30,Newport Jv Sub IV LLC,,,Website,https://download.hcad.org/data/CAMA/2026/Real_acct_owner.zip
4200 Scotland St,4200 Scotland St,Houston,Texas,308,sold,,2025-05-14,Ar Mim Memorial Hills Owner LP,,,Website,https://download.hcad.org/data/CAMA/2026/Real_acct_owner.zip
7900 At Park Central,7900 Churchill Way,Dallas,Texas,308,sold,,2025-03-03,Pleasanton Housing Finance,,,Website,https://www.dallascad.org/ViewPDFs.aspx?type=3&id=\\DCAD.ORG\WEB\WEBDATA\WEBFORMS\DATA PRODUCTS\DCAD2026_CURRENT.ZIP
LTD West Commerce,305 W Commerce St,Dallas,Texas,308,sold,,2025-09-05,Rpm Living Investment LLC,,,Website,https://www.dallascad.org/ViewPDFs.aspx?type=3&id=\\DCAD.ORG\WEB\WEBDATA\WEBFORMS\DATA PRODUCTS\DCAD2026_CURRENT.ZIP
2218 Greenhouse Rd,2218 Greenhouse Rd,Houston,Texas,306,sold,,2025-12-16,Reev I - 2218 Greenhouse LLC,,,Website,https://download.hcad.org/data/CAMA/2026/Real_acct_owner.zip
8222 Kingsbrook Rd,8222 Kingsbrook Rd,Houston,Texas,306,sold,,2025-12-08,Thfha LLC,,,Website,https://download.hcad.org/data/CAMA/2026/Real_acct_owner.zip
Cortland La Villita,6411 Tranquilo,Irving,Texas,306,sold,,2025-09-16,Key La Villita LLC,,,Website,https://www.dallascad.org/ViewPDFs.aspx?type=3&id=\\DCAD.ORG\WEB\WEBDATA\WEBFORMS\DATA PRODUCTS\DCAD2026_CURRENT.ZIP
Palladium Buckner Station (Nc/ 5% Complete),8008 Elam Rd,Dallas,Texas,305,sold,,2025-07-16,Dhfc Buckner Station,,,Website,https://www.dallascad.org/ViewPDFs.aspx?type=3&id=\\DCAD.ORG\WEB\WEBDATA\WEBFORMS\DATA PRODUCTS\DCAD2026_CURRENT.ZIP
2802 E Osborn Rd,2802 E Osborn Rd,Phoenix,Arizona,302,sold,,2025-02-01,Amara Apartments AZ LLC,Amara Phoenix Po LLC,,Maricopa County Assessor sales records,https://www.arcgis.com/home/item.html?id=f3484c72a938497286adc4e5de7e9963
529 Barker Clodine Rd,529 Barker Clodine Rd,Houston,Texas,302,sold,,2025-01-03,Sync At Green Trails Owner LP,,,Website,https://download.hcad.org/data/CAMA/2026/Real_acct_owner.zip
7302 Corporate Dr,7302 Corporate Dr,Houston,Texas,302,sold,,2025-06-27,Rubicon Arowana LLC,,,Website,https://download.hcad.org/data/CAMA/2026/Real_acct_owner.zip
Spanish Creek Apts-Txa19950410,3109 Chapel Creek Dr,Dallas,Texas,302,sold,,2025-04-22,La Villa Housing Finance Corp,,,Website,https://www.dallascad.org/ViewPDFs.aspx?type=3&id=\\DCAD.ORG\WEB\WEBDATA\WEBFORMS\DATA PRODUCTS\DCAD2026_CURRENT.ZIP
Axis On Wycliff Phase I,4343 Congress Ave,Dallas,Texas,301,sold,,2025-12-03,Areit Dallas Wycliff LLC,,,Website,https://www.dallascad.org/ViewPDFs.aspx?type=3&id=\\DCAD.ORG\WEB\WEBDATA\WEBFORMS\DATA PRODUCTS\DCAD2026_CURRENT.ZIP
411 S Bender Ave,411 S Bender Ave,Humble,Texas,300,sold,,2025-03-18,Pecos Housing Finance Corp,,,Website,https://download.hcad.org/data/CAMA/2026/Real_acct_owner.zip
2300 Mccue Rd,2300 Mccue Rd,Houston,Texas,299,sold,,2025-09-17,Blue Atlantic Montecito LP,,,Website,https://download.hcad.org/data/CAMA/2026/Real_acct_owner.zip
Brady Apts,2728 Cedar Springs Rd,Dallas,Texas,299,sold,,2025-10-16,Karlin Brady LLC,,,Website,https://www.dallascad.org/ViewPDFs.aspx?type=3&id=\\DCAD.ORG\WEB\WEBDATA\WEBFORMS\DATA PRODUCTS\DCAD2026_CURRENT.ZIP
2311 Mid Ln,2311 Mid Ln,Houston,Texas,297,sold,,2025-05-30,Bvf-Vi Ivy Owner LP,,,Website,https://download.hcad.org/data/CAMA/2026/Real_acct_owner.zip
Amelia At Farmers Market,915 S Harwood St,Dallas,Texas,297,sold,,2025-09-29,Farmers TX Holdings LP,,,Website,https://www.dallascad.org/ViewPDFs.aspx?type=3&id=\\DCAD.ORG\WEB\WEBDATA\WEBFORMS\DATA PRODUCTS\DCAD2026_CURRENT.ZIP
1889 W Queen Creek Rd,1889 W Queen Creek Rd,Chandler,Arizona,296,sold,,2025-04-01,Tgm Queen Creek LLC,Phx Queen Creek 2012 LLC,,Maricopa County Assessor sales records,https://www.arcgis.com/home/item.html?id=f3484c72a938497286adc4e5de7e9963
300 N Vista Dr,300 N Vista Dr,Houston,Texas,296,sold,,2025-08-05,Tl-I LLC,,,Website,https://download.hcad.org/data/CAMA/2026/Real_acct_owner.zip
9550 Meyer Forest Dr,9550 Meyer Forest Dr,Houston,Texas,296,sold,,2025-10-07,Pre Lakeside LLC,,,Website,https://download.hcad.org/data/CAMA/2026/Real_acct_owner.zip
4811 E Sam Houston Pky S,4811 E Sam Houston Pky S,Pasadena,Texas,294,sold,,2025-09-05,G&I Xi Creshaw LP,,,Website,https://download.hcad.org/data/CAMA/2026/Real_acct_owner.zip
700 Cavalcade St,700 Cavalcade St,Houston,Texas,292,sold,,2025-12-10,Hilltop Ellory Heights Property Owner LP,,,Website,https://download.hcad.org/data/CAMA/2026/Real_acct_owner.zip
Bent Tree Park,4500 Sojourn Dr,Addison,Texas,292,sold,,2025-08-04,Btp Apartments II LLC &,,,Website,https://www.dallascad.org/ViewPDFs.aspx?type=3&id=\\DCAD.ORG\WEB\WEBDATA\WEBFORMS\DATA PRODUCTS\DCAD2026_CURRENT.ZIP
333 Uvalde Rd,333 Uvalde Rd,Houston,Texas,291,sold,,2025-05-06,900 Title Jefferson LLC % Cwcapital Asset Management LLC,,,Website,https://download.hcad.org/data/CAMA/2026/Real_acct_owner.zip
9001 Jones Rd,9001 Jones Rd,Houston,Texas,290,sold,,2025-03-26,Cep Avaya Steeplechase De LLC,,,Website,https://download.hcad.org/data/CAMA/2026/Real_acct_owner.zip
14900 Memorial Dr,14900 Memorial Dr,Houston,Texas,288,sold,,2025-08-11,14900 Memorial Drive Owner LLC,,,Website,https://download.hcad.org/data/CAMA/2026/Real_acct_owner.zip
20525 Holzwarth Rd,20525 Holzwarth Rd,Spring,Texas,288,sold,,2025-05-13,Holzwarth Rd Apartments LLC,,,Website,https://download.hcad.org/data/CAMA/2026/Real_acct_owner.zip
5100 FM 1960 Rd W,5100 FM 1960 Rd W,Houston,Texas,288,sold,,2025-05-05,La Villa Housing Finance Corporation,,,Website,https://download.hcad.org/data/CAMA/2026/Real_acct_owner.zip
Lenox Maplewood Phase 2,5495 Denton Dr,Dallas,Texas,288,sold,,2025-09-02,Oh Maplewood Owner LLC,,,Website,https://www.dallascad.org/ViewPDFs.aspx?type=3&id=\\DCAD.ORG\WEB\WEBDATA\WEBFORMS\DATA PRODUCTS\DCAD2026_CURRENT.ZIP
Lenox Maplewood Phase 1,5490 Denton Dr,Dallas,Texas,287,sold,,2025-09-02,Oh Maplewood Owner LLC,,,Website,https://www.dallascad.org/ViewPDFs.aspx?type=3&id=\\DCAD.ORG\WEB\WEBDATA\WEBFORMS\DATA PRODUCTS\DCAD2026_CURRENT.ZIP
5145 N 7Th St,5145 N 7th St,Phoenix,Arizona,286,sold,,2025-05-01,Wmd Seventh LLC,Uc Seventh LP,,Maricopa County Assessor sales records,https://www.arcgis.com/home/item.html?id=f3484c72a938497286adc4e5de7e9963
1111 Rusk St,1111 Rusk St,Houston,Texas,286,sold,,2025-07-11,Hsc Star LP,,,Website,https://download.hcad.org/data/CAMA/2026/Real_acct_owner.zip
Camden Cimarron,101 Cimarron Trail,Irving,Texas,286,sold,,2025-07-10,Cimarron Apartment Owner,,,Website,https://www.dallascad.org/ViewPDFs.aspx?type=3&id=\\DCAD.ORG\WEB\WEBDATA\WEBFORMS\DATA PRODUCTS\DCAD2026_CURRENT.ZIP
Eastshore On Lake Carolyn,1100 Lake Carolyn Pkwy,Irving,Texas,286,sold,,2025-11-25,Kre Lc Eastshore LLC,,,Website,https://www.dallascad.org/ViewPDFs.aspx?type=3&id=\\DCAD.ORG\WEB\WEBDATA\WEBFORMS\DATA PRODUCTS\DCAD2026_CURRENT.ZIP
1317 S Terrace Rd,1317 S Terrace Rd,Tempe,Arizona,285,sold,,2025-10-01,Sp Cardinal Tempe Owner LLC,Cd Park7 Tempe Owner LLC,,Maricopa County Assessor sales records,https://www.arcgis.com/home/item.html?id=f3484c72a938497286adc4e5de7e9963
Modera Trailhead (N/C 100% Complete),7532 East Grand Ave,Dallas,Texas,285,sold,,2025-07-28,Mcref IV Trailhead,,,Website,https://www.dallascad.org/ViewPDFs.aspx?type=3&id=\\DCAD.ORG\WEB\WEBDATA\WEBFORMS\DATA PRODUCTS\DCAD2026_CURRENT.ZIP
6201 W Bellfort St,6201 W Bellfort St,Houston,Texas,284,sold,,2025-07-25,Oakwood Villa Apartments LLC,,,Website,https://download.hcad.org/data/CAMA/2026/Real_acct_owner.zip
8877 Frankway Dr,8877 Frankway Dr,Houston,Texas,284,sold,,2025-01-28,Maverick County Housing Finance Corp,,,Website,https://download.hcad.org/data/CAMA/2026/Real_acct_owner.zip
15333 N Hayden Rd,15333 N Hayden Rd,Scottsdale,Arizona,282,sold,,2025-05-01,Santana Smllc Llc/Edgewood Smllc Llc/Vfh Smll,North Scottsdale Acquisition LLC,,Maricopa County Assessor sales records,https://www.arcgis.com/home/item.html?id=f3484c72a938497286adc4e5de7e9963
502 W Camelback Rd,502 W Camelback Rd,Phoenix,Arizona,280,sold,,2025-04-01,Renue Uptown Phoenix LLC,Crp/Ar Uptown Phx Owner LLC,,Maricopa County Assessor sales records,https://www.arcgis.com/home/item.html?id=f3484c72a938497286adc4e5de7e9963
19606 Park Row Dr,19606 Park Row Dr,Houston,Texas,280,sold,,2025-09-25,Terra Spe LLC,,,Website,https://download.hcad.org/data/CAMA/2026/Real_acct_owner.zip
8162 Richmond Ave,8162 Richmond Ave,Houston,Texas,280,sold,,2025-05-20,La Villa Housing Finance Corp,,,Website,https://download.hcad.org/data/CAMA/2026/Real_acct_owner.zip
9404 West Rd,9404 West Rd,Houston,Texas,280,sold,,2025-10-21,Lsc Discovery Owner LLC Et Al,,,Website,https://download.hcad.org/data/CAMA/2026/Real_acct_owner.zip
(80% Comp) The Grace At Creekside,8801 Old Hickory Trl,Dallas,Texas,279,sold,,2025-02-14,Crpcv Grace Creekside Owner LP,,,Website,https://www.dallascad.org/ViewPDFs.aspx?type=3&id=\\DCAD.ORG\WEB\WEBDATA\WEBFORMS\DATA PRODUCTS\DCAD2026_CURRENT.ZIP
2410 S Kirkwood Rd,2410 S Kirkwood Rd,Houston,Texas,279,sold,,2025-11-03,2410 South Kirkwood Road Holdings LP,,,Website,https://download.hcad.org/data/CAMA/2026/Real_acct_owner.zip
Bellevue At Spring Creek Apartments,2401 W Spring Creek Pkwy,Plano,Texas,278,sold,,2025-06-24,Spring Creek 278 LLC,,,Texas county property records,https://data.texas.gov/d/5tkr-3759
18220 N 68Th St,18220 N 68th St,Phoenix,Arizona,278,sold,,2025-07-01,Fairfield Slate LLC,Sunroad Slate Apartments LLC,,Maricopa County Assessor sales records,https://www.arcgis.com/home/item.html?id=f3484c72a938497286adc4e5de7e9963
(45% Vacant) The Anderson Apts,3800 S Tyler St,Dallas,Texas,278,sold,,2025-03-13,La Villa Housing Finance,,,Website,https://www.dallascad.org/ViewPDFs.aspx?type=3&id=\\DCAD.ORG\WEB\WEBDATA\WEBFORMS\DATA PRODUCTS\DCAD2026_CURRENT.ZIP
12211 Summer Creek Trace Dr,12211 Summer Creek Trace Dr,Houston,Texas,278,sold,,2025-04-30,Hpi Westlake LLC,,,Website,https://download.hcad.org/data/CAMA/2026/Real_acct_owner.zip
15608 N 71St St,15608 N 71st St,Scottsdale,Arizona,276,sold,,2025-08-01,Fairfield Nines LLC,Sunroad Kierland Apartments LLC,,Maricopa County Assessor sales records,https://www.arcgis.com/home/item.html?id=f3484c72a938497286adc4e5de7e9963
505 Wells Fargo Dr,505 Wells Fargo Dr,Houston,Texas,276,sold,,2025-06-03,Lsf Houston LLC,,,Website,https://download.hcad.org/data/CAMA/2026/Real_acct_owner.zip
Springs At Grand Prairie,2136 Sara Jane Pky,Grand Prairie,Texas,276,sold,,2025-02-25,Pleasanton Housing Finance,,,Website,https://www.dallascad.org/ViewPDFs.aspx?type=3&id=\\DCAD.ORG\WEB\WEBDATA\WEBFORMS\DATA PRODUCTS\DCAD2026_CURRENT.ZIP
409 Travis St,409 Travis St,Houston,Texas,274,sold,,2025-01-28,Hsc Aris LLC Et Al,,,Website,https://download.hcad.org/data/CAMA/2026/Real_acct_owner.zip
22022 Cimarron Pky,22022 Cimarron Pky,Katy,Texas,272,sold,,2025-03-29,Pecos Housing Finance Coproration,,,Website,https://download.hcad.org/data/CAMA/2026/Real_acct_owner.zip
Ava West I,9750 Royal Ln,Dallas,Texas,272,sold,,2025-04-17,Edcouch Community Housing,,,Website,https://www.dallascad.org/ViewPDFs.aspx?type=3&id=\\DCAD.ORG\WEB\WEBDATA\WEBFORMS\DATA PRODUCTS\DCAD2026_CURRENT.ZIP
2625 E Camelback Rd,2625 E Camelback Rd,Phoenix,Arizona,270,sold,,2025-12-01,Bc Property Owner LLC,Hart Camelback LLC,,Maricopa County Assessor sales records,https://www.arcgis.com/home/item.html?id=f3484c72a938497286adc4e5de7e9963
Tides On Leisure Phase 2,11515 Leisure Dr,Dallas,Texas,270,sold,,2025-04-01,Newpoint Jv Sub III LLC,,,Website,https://www.dallascad.org/ViewPDFs.aspx?type=3&id=\\DCAD.ORG\WEB\WEBDATA\WEBFORMS\DATA PRODUCTS\DCAD2026_CURRENT.ZIP
14403 Ella Blvd,14403 Ella Blvd,Houston,Texas,268,sold,,2025-10-27,Af1 Property LLC,,,Website,https://download.hcad.org/data/CAMA/2026/Real_acct_owner.zip
8901 Bissonnet St,8901 Bissonnet St,Houston,Texas,268,sold,,2025-11-19,Amg Stone River LLC,,,Website,https://download.hcad.org/data/CAMA/2026/Real_acct_owner.zip
9447 Concourse Dr,9447 Concourse Dr,Houston,Texas,268,sold,,2025-11-07,Oconee Real Estate Holdings Xviii,,,Website,https://download.hcad.org/data/CAMA/2026/Real_acct_owner.zip
Anthem,2145 E US Hwy 80,Mesquite,Texas,267,sold,,2025-03-27,Pleasanton Housing Finance,,,Website,https://www.dallascad.org/ViewPDFs.aspx?type=3&id=\\DCAD.ORG\WEB\WEBDATA\WEBFORMS\DATA PRODUCTS\DCAD2026_CURRENT.ZIP
Landmark At Crowley,305 W FM 1187,Tarrant County,Texas,267,sold,,2025-04-08,,,,State permit data,https://www.tad.org/content/data-download/2026CommImprovedSales.zip
15826 N Scottsdale Rd,15826 N Scottsdale Rd,Scottsdale,Arizona,266,sold,,2025-10-01,Scp II 15826 Scottsdale Rd LLC,Kierland Sdl LP,,Maricopa County Assessor sales records,https://www.arcgis.com/home/item.html?id=f3484c72a938497286adc4e5de7e9963
Moda,1855 Payne St,Dallas,Texas,265,sold,,2025-04-14,Moda Apartments Owner LLC,,,Website,https://www.dallascad.org/ViewPDFs.aspx?type=3&id=\\DCAD.ORG\WEB\WEBDATA\WEBFORMS\DATA PRODUCTS\DCAD2026_CURRENT.ZIP
1800 Barker Cypress Rd,1800 Barker Cypress Rd,Houston,Texas,264,sold,,2025-05-12,Pecos Housing Finance Corp,,,Website,https://download.hcad.org/data/CAMA/2026/Real_acct_owner.zip
2345 Bering Dr,2345 Bering Dr,Houston,Texas,264,sold,,2025-01-23,Phoenician Multifamily Partners LP,,,Website,https://download.hcad.org/data/CAMA/2026/Real_acct_owner.zip
Prairie Gate Apts,3951 Dechman Dr,Grand Prairie,Texas,264,sold,,2025-05-23,Grand Prairie Housing Finance Corp,,,Website,https://www.dallascad.org/ViewPDFs.aspx?type=3&id=\\DCAD.ORG\WEB\WEBDATA\WEBFORMS\DATA PRODUCTS\DCAD2026_CURRENT.ZIP
The Raleigh,2305 Driftwood Dr,Mesquite,Texas,264,sold,,2025-04-02,Pecos Housing Finance Corp,,,Website,https://www.dallascad.org/ViewPDFs.aspx?type=3&id=\\DCAD.ORG\WEB\WEBDATA\WEBFORMS\DATA PRODUCTS\DCAD2026_CURRENT.ZIP
10373 N Sam Houston Pky E,10373 N Sam Houston Pky E,Humble,Texas,260,sold,,2025-02-25,Humble- Eagle Creek Apts LLC,,,Website,https://download.hcad.org/data/CAMA/2026/Real_acct_owner.zip
Belmont,1920 W Tarrant Rd,Grand Prairie,Texas,260,sold,,2025-03-21,Pleasanton Housing Finance,,,Website,https://www.dallascad.org/ViewPDFs.aspx?type=3&id=\\DCAD.ORG\WEB\WEBDATA\WEBFORMS\DATA PRODUCTS\DCAD2026_CURRENT.ZIP
Devon On Northgate,4013 W Northgate Dr,Irving,Texas,260,sold,,2025-04-17,Edcouch Community Housing,,,Website,https://www.dallascad.org/ViewPDFs.aspx?type=3&id=\\DCAD.ORG\WEB\WEBDATA\WEBFORMS\DATA PRODUCTS\DCAD2026_CURRENT.ZIP
Lookout At Lake Highlands Village,9330 Lookout Pt,Dallas,Texas,259,sold,,2025-08-22,9330 Lookout Point Owner LLC,,,Website,https://www.dallascad.org/ViewPDFs.aspx?type=3&id=\\DCAD.ORG\WEB\WEBDATA\WEBFORMS\DATA PRODUCTS\DCAD2026_CURRENT.ZIP
14000 Ella Blvd,14000 Ella Blvd,Houston,Texas,258,sold,,2025-08-05,Tl-I LLC,,,Website,https://download.hcad.org/data/CAMA/2026/Real_acct_owner.zip
2150 Katy Fort Bend Rd,2150 Katy Fort Bend Rd,Katy,Texas,258,sold,,2025-04-01,Cws Katy LP,,,Website,https://download.hcad.org/data/CAMA/2026/Real_acct_owner.zip
6500 Dunlap St,6500 Dunlap St,Houston,Texas,258,sold,,2025-02-18,Pecos Housing Finance Corporation,,,Website,https://download.hcad.org/data/CAMA/2026/Real_acct_owner.zip
Evaline,5990 Arapaho Rd,Dallas,Texas,257,sold,,2025-04-02,Pecos Housing Finance Corp,,,Website,https://www.dallascad.org/ViewPDFs.aspx?type=3&id=\\DCAD.ORG\WEB\WEBDATA\WEBFORMS\DATA PRODUCTS\DCAD2026_CURRENT.ZIP
Lake Lofts Phase 1,2795 N Buckner Blvd,Dallas,Texas,257,sold,,2025-12-02,Buena Ondawhite Rock Lake LP,,,Website,https://www.dallascad.org/ViewPDFs.aspx?type=3&id=\\DCAD.ORG\WEB\WEBDATA\WEBFORMS\DATA PRODUCTS\DCAD2026_CURRENT.ZIP
2601 E Mckellips Rd,2601 E Mckellips Rd,Mesa,Arizona,256,sold,,2025-05-01,Red Mountain Realty Company LLC,Red Mountain Mesa LLC,,Maricopa County Assessor sales records,https://www.arcgis.com/home/item.html?id=f3484c72a938497286adc4e5de7e9963
1414 S Dairy Ashford Rd,1414 S Dairy Ashford Rd,Houston,Texas,256,sold,,2025-10-01,Kv Aventura 1414 Apartments LLC,,,Website,https://download.hcad.org/data/CAMA/2026/Real_acct_owner.zip
5110 Azalea Trace Dr,5110 Azalea Trace Dr,Houston,Texas,256,sold,,2025-04-03,Pecos Housing Finance Corporation,,,Website,https://download.hcad.org/data/CAMA/2026/Real_acct_owner.zip
Signature At Southern Oaks - Txa00000498,3303 Southern Oaks Blvd,Dallas,Texas,256,sold,,2025-01-14,Riata Apartments LLC,,,Website,https://www.dallascad.org/ViewPDFs.aspx?type=3&id=\\DCAD.ORG\WEB\WEBDATA\WEBFORMS\DATA PRODUCTS\DCAD2026_CURRENT.ZIP
4040 Synott Rd,4040 Synott Rd,Houston,Texas,255,sold,,2025-05-19,Arm Briar Village LLC,,,Website,https://download.hcad.org/data/CAMA/2026/Real_acct_owner.zip
14651 Philippine St,14651 Philippine St,Houston,Texas,254,sold,,2025-11-05,Ap Kensington Property LLC,,,Website,https://download.hcad.org/data/CAMA/2026/Real_acct_owner.zip
9450 W Cabela Dr,9450 W Cabela Dr,Glendale,Arizona,253,sold,,2025-07-01,Fairfield Zone Luxe LLC,Sunroad Metro At Zanjero Apartments LLC,,Maricopa County Assessor sales records,https://www.arcgis.com/home/item.html?id=f3484c72a938497286adc4e5de7e9963
10601 Sabo Rd,10601 Sabo Rd,Houston,Texas,252,sold,,2025-06-10,Gwr Sabo Road Owner LLC,,,Website,https://download.hcad.org/data/CAMA/2026/Real_acct_owner.zip
11707 Fallbrook Dr,11707 Fallbrook Dr,Houston,Texas,252,sold,,2025-08-28,Galt Eillend LTD,,,Website,https://download.hcad.org/data/CAMA/2026/Real_acct_owner.zip
4475 Wilson Rd,4475 Wilson Rd,Humble,Texas,252,sold,,2025-04-29,Ar-Park Lakes LLC,,,Website,https://download.hcad.org/data/CAMA/2026/Real_acct_owner.zip
Tenison At White Rock,7440 La Vista Dr,Dallas,Texas,252,sold,,2025-08-07,7440 La Vista Dallas LLC,,,Website,https://www.dallascad.org/ViewPDFs.aspx?type=3&id=\\DCAD.ORG\WEB\WEBDATA\WEBFORMS\DATA PRODUCTS\DCAD2026_CURRENT.ZIP
The Green At Hickory Trail,8609 Old Hickory Trl,Dallas,Texas,250,sold,,2025-04-29,Pecos Housing Finance,,,Website,https://www.dallascad.org/ViewPDFs.aspx?type=3&id=\\DCAD.ORG\WEB\WEBDATA\WEBFORMS\DATA PRODUCTS\DCAD2026_CURRENT.ZIP
Lbj Station,8997 Vantage Point Dr,Dallas,Texas,249,sold,,2025-02-06,Cameron County Housing Finance Corp,,,Website,https://www.dallascad.org/ViewPDFs.aspx?type=3&id=\\DCAD.ORG\WEB\WEBDATA\WEBFORMS\DATA PRODUCTS\DCAD2026_CURRENT.ZIP
9303 Woodfair Dr,9303 Woodfair Dr,Houston,Texas,248,sold,,2025-08-03,Mar Del Sol Owner 2 LLC,,,Website,https://download.hcad.org/data/CAMA/2026/Real_acct_owner.zip
Ava North,8401 Skillman St,Dallas,Texas,248,sold,,2025-04-17,Edcouch Community Housing,,,Website,https://www.dallascad.org/ViewPDFs.aspx?type=3&id=\\DCAD.ORG\WEB\WEBDATA\WEBFORMS\DATA PRODUCTS\DCAD2026_CURRENT.ZIP
Shiloh Oaks Apts,2379 Apollo Rd,Garland,Texas,248,sold,,2025-08-04,Apollo Gold Partners LLC,,,Website,https://www.dallascad.org/ViewPDFs.aspx?type=3&id=\\DCAD.ORG\WEB\WEBDATA\WEBFORMS\DATA PRODUCTS\DCAD2026_CURRENT.ZIP
Wythe Apts (2018 Reno),1814 Estrada Pkwy,Irving,Texas,248,sold,,2025-05-20,Pecos Housing Finance Co,,,Website,https://www.dallascad.org/ViewPDFs.aspx?type=3&id=\\DCAD.ORG\WEB\WEBDATA\WEBFORMS\DATA PRODUCTS\DCAD2026_CURRENT.ZIP
Rivieria,11700 Audelia Rd,Dallas,Texas,247,sold,,2025-03-24,Pleasanton Housing Finance,,,Website,https://www.dallascad.org/ViewPDFs.aspx?type=3&id=\\DCAD.ORG\WEB\WEBDATA\WEBFORMS\DATA PRODUCTS\DCAD2026_CURRENT.ZIP
14580 Crosby Fwy,14580 Crosby Fwy,Houston,Texas,246,sold,,2025-09-26,Mp New Forest Spe LLC,,,Website,https://download.hcad.org/data/CAMA/2026/Real_acct_owner.zip
8787 Woodway Dr,8787 Woodway Dr,Houston,Texas,246,sold,,2025-09-10,Houston Piney Point Value Add Property % Greybrook Realty Properties INC,,,Website,https://download.hcad.org/data/CAMA/2026/Real_acct_owner.zip
611 Shepherd Dr,611 Shepherd Dr,Houston,Texas,245,sold,,2025-12-10,Bel Shepherd Limited Partnership,,,Website,https://download.hcad.org/data/CAMA/2026/Real_acct_owner.zip
1700 N 103Rd Ave,1700 N 103rd Ave,Avondale,Arizona,240,sold,,2025-05-01,1700 N 103rd Ave LLC,29Sc Oceana Owner LLC,,Maricopa County Assessor sales records,https://www.arcgis.com/home/item.html?id=f3484c72a938497286adc4e5de7e9963
14504 Briar Forest Dr,14504 Briar Forest Dr,Houston,Texas,240,sold,,2025-03-12,Lion Vbf LLC,,,Website,https://download.hcad.org/data/CAMA/2026/Real_acct_owner.zip
14700 Woodson Park Dr,14700 Woodson Park Dr,Houston,Texas,240,sold,,2025-04-22,14700 Tp LLC,,,Website,https://download.hcad.org/data/CAMA/2026/Real_acct_owner.zip
1700 Rollingbrook Dr,1700 Rollingbrook Dr,Baytown,Texas,240,sold,,2025-04-07,Cameron County Housing Finance Corp,,,Website,https://download.hcad.org/data/CAMA/2026/Real_acct_owner.zip
Briarcrest Apts,1330 Mac Arthur Dr,Carrollton,Texas,238,sold,,2025-05-22,Pecos Housing Finance Corp,,,Website,https://www.dallascad.org/ViewPDFs.aspx?type=3&id=\\DCAD.ORG\WEB\WEBDATA\WEBFORMS\DATA PRODUCTS\DCAD2026_CURRENT.ZIP
4802 N 19Th Ave,4802 N 19th Ave,Phoenix,Arizona,236,sold,,2025-05-01,North 19th Ave Tnc LLC,Brsp U19 Owner LLC,,Maricopa County Assessor sales records,https://www.arcgis.com/home/item.html?id=f3484c72a938497286adc4e5de7e9963
411 Highland Cross Dr,411 Highland Cross Dr,Houston,Texas,236,sold,,2025-05-05,La Villa Housing Finance Corp,,,Website,https://download.hcad.org/data/CAMA/2026/Real_acct_owner.zip
The Huxley,1802 Apollo Rd,Garland,Texas,236,sold,,2025-04-02,Pecos Housing Finance Corp,,,Website,https://www.dallascad.org/ViewPDFs.aspx?type=3&id=\\DCAD.ORG\WEB\WEBDATA\WEBFORMS\DATA PRODUCTS\DCAD2026_CURRENT.ZIP
The International @ Valley Ranch,9921 W Valley Ranch Pkwy,Irving,Texas,236,sold,,2025-06-18,Intl Valley Ranch Re LLC,,,Website,https://www.dallascad.org/ViewPDFs.aspx?type=3&id=\\DCAD.ORG\WEB\WEBDATA\WEBFORMS\DATA PRODUCTS\DCAD2026_CURRENT.ZIP
2801 Broadmead Dr,2801 Broadmead Dr,Houston,Texas,235,sold,,2025-03-25,Pecos Housing Finance Corp,,,Website,https://download.hcad.org/data/CAMA/2026/Real_acct_owner.zip
832 W Greens Rd,832 W Greens Rd,Houston,Texas,232,sold,,2025-06-02,Cookeville Cane Creek Apartments LP,,,Website,https://download.hcad.org/data/CAMA/2026/Real_acct_owner.zip
Estrella At Kiest (All Bills),4542 W Kiest Blvd,Dallas,Texas,232,sold,,2025-05-21,Cameron County Housing Finance Corp,,,Website,https://www.dallascad.org/ViewPDFs.aspx?type=3&id=\\DCAD.ORG\WEB\WEBDATA\WEBFORMS\DATA PRODUCTS\DCAD2026_CURRENT.ZIP
Holbrook,9860 Scyene Rd,Dallas,Texas,232,sold,,2025-05-19,Pecos Housing Finance Corp,,,Website,https://www.dallascad.org/ViewPDFs.aspx?type=3&id=\\DCAD.ORG\WEB\WEBDATA\WEBFORMS\DATA PRODUCTS\DCAD2026_CURRENT.ZIP
116 E Edgebrook Dr,116 E Edgebrook Dr,Houston,Texas,230,sold,,2025-05-13,Arlington Place Si LLC,,,Website,https://download.hcad.org/data/CAMA/2026/Real_acct_owner.zip
9387 FM 1960 Bypass Rd W,9387 FM 1960 Bypass Rd W,Humble,Texas,229,sold,,2025-05-22,Willowbend Apartments Phase II LLC,,,Website,https://download.hcad.org/data/CAMA/2026/Real_acct_owner.zip
333 Airtex Dr,333 Airtex Dr,Houston,Texas,228,sold,,2025-05-30,Bridgewater Apartments LP Et Al,,,Website,https://download.hcad.org/data/CAMA/2026/Real_acct_owner.zip
8990 Richmond Ave,8990 Richmond Ave,Houston,Texas,228,sold,,2025-11-19,Ua Granite Club LLC,,,Website,https://download.hcad.org/data/CAMA/2026/Real_acct_owner.zip
9393 FM 1960 Bypass Rd W,9393 FM 1960 Bypass Rd W,Humble,Texas,228,sold,,2025-05-23,Willowbend Apartments Phase I LLC,,,Website,https://download.hcad.org/data/CAMA/2026/Real_acct_owner.zip
The Willows,3304 Willow Creek Dr,Irving,Texas,228,sold,,2025-02-03,Jag Lpaa LLC,,,Website,https://www.dallascad.org/ViewPDFs.aspx?type=3&id=\\DCAD.ORG\WEB\WEBDATA\WEBFORMS\DATA PRODUCTS\DCAD2026_CURRENT.ZIP
Breckinridge Point Apartments,4250 E Renner Rd,Richardson,Texas,226,sold,,2025-06-13,Breckinridge Point TX LLC,,,Texas county property records,https://data.texas.gov/d/5tkr-3759
Ventura Landing Apartments,1225 E Pleasant Run Rd,Desoto,Texas,226,sold,,2025-03-25,Rsnpg Eagle Creek Partners,,,Website,https://www.dallascad.org/ViewPDFs.aspx?type=3&id=\\DCAD.ORG\WEB\WEBDATA\WEBFORMS\DATA PRODUCTS\DCAD2026_CURRENT.ZIP
8111 N 19Th Ave,8111 N 19th Ave,Phoenix,Arizona,225,sold,,2025-02-01,19N Partners LLC,Lwh Mission Shadows Apartments LP,,Maricopa County Assessor sales records,https://www.arcgis.com/home/item.html?id=f3484c72a938497286adc4e5de7e9963
1320 Montrose Blvd,1320 Montrose Blvd,Houston,Texas,224,sold,,2025-08-13,Montrose Armando LLC,,,Website,https://download.hcad.org/data/CAMA/2026/Real_acct_owner.zip
2380 S Macgregor Way,2380 S Macgregor Way,Houston,Texas,224,sold,,2025-02-13,Lac 2380 S Macgregor LLC,,,Website,https://download.hcad.org/data/CAMA/2026/Real_acct_owner.zip
9401 Tanager St,9401 Tanager St,Houston,Texas,224,sold,,2025-11-13,Ua Riveraine LLC,,,Website,https://download.hcad.org/data/CAMA/2026/Real_acct_owner.zip
Anthem Town East,645 N Town East Blvd,Mesquite,Texas,224,sold,,2025-12-01,645 N Town East Blvd Owner LLC,,,Website,https://www.dallascad.org/ViewPDFs.aspx?type=3&id=\\DCAD.ORG\WEB\WEBDATA\WEBFORMS\DATA PRODUCTS\DCAD2026_CURRENT.ZIP
Melville,11160 E Lake Highlands Dr,Dallas,Texas,224,sold,,2025-03-24,Pecos Housing Finance,,,Website,https://www.dallascad.org/ViewPDFs.aspx?type=3&id=\\DCAD.ORG\WEB\WEBDATA\WEBFORMS\DATA PRODUCTS\DCAD2026_CURRENT.ZIP
Rowlett Station Apts Bldg 1 & 2,3601 Melcer Dr,Rowlett,Texas,224,sold,,2025-03-24,Pleasanton Housing Finance,,,Website,https://www.dallascad.org/ViewPDFs.aspx?type=3&id=\\DCAD.ORG\WEB\WEBDATA\WEBFORMS\DATA PRODUCTS\DCAD2026_CURRENT.ZIP
Neo Midtown Phase I,14181 Noel Rd,Dallas,Texas,222,sold,,2025-07-24,Neo Midtown Phase I LLC,,,Website,https://www.dallascad.org/ViewPDFs.aspx?type=3&id=\\DCAD.ORG\WEB\WEBDATA\WEBFORMS\DATA PRODUCTS\DCAD2026_CURRENT.ZIP
Highpoint At Wynnewood,1805 S Zang Blvd,Dallas,Texas,220,sold,,2025-02-28,Dhfc Highpoint @ Wynnewood,,,Website,https://www.dallascad.org/ViewPDFs.aspx?type=3&id=\\DCAD.ORG\WEB\WEBDATA\WEBFORMS\DATA PRODUCTS\DCAD2026_CURRENT.ZIP
Villas Of Sorrento-Txa19970195,3130 Stag Rd,Dallas,Texas,220,sold,,2025-07-23,Vos Owner LLC,,,Website,https://www.dallascad.org/ViewPDFs.aspx?type=3&id=\\DCAD.ORG\WEB\WEBDATA\WEBFORMS\DATA PRODUCTS\DCAD2026_CURRENT.ZIP
Oxford Park Phase 1,5302 Carnaby St,Irving,Texas,219,sold,,2025-04-02,Montgomery Acquisitions I LLC &,,,Website,https://www.dallascad.org/ViewPDFs.aspx?type=3&id=\\DCAD.ORG\WEB\WEBDATA\WEBFORMS\DATA PRODUCTS\DCAD2026_CURRENT.ZIP
Alena,7050 Arapaho Rd,Dallas,Texas,216,sold,,2025-06-23,Asd Alena Property Owner LLC &,,,Website,https://www.dallascad.org/ViewPDFs.aspx?type=3&id=\\DCAD.ORG\WEB\WEBDATA\WEBFORMS\DATA PRODUCTS\DCAD2026_CURRENT.ZIP
Forest Hills Apts,9659 Forest Ln,Dallas,Texas,216,sold,,2025-04-07,Pleasanton Housing Finace Corp,,,Website,https://www.dallascad.org/ViewPDFs.aspx?type=3&id=\\DCAD.ORG\WEB\WEBDATA\WEBFORMS\DATA PRODUCTS\DCAD2026_CURRENT.ZIP
The Alona,1531 Duncanville Rd,Dallas,Texas,216,sold,,2025-05-15,Pecos Housing Finance Corp,,,Website,https://www.dallascad.org/ViewPDFs.aspx?type=3&id=\\DCAD.ORG\WEB\WEBDATA\WEBFORMS\DATA PRODUCTS\DCAD2026_CURRENT.ZIP
1720 E Camelback Rd,1720 E Camelback Rd,Phoenix,Arizona,215,sold,,2025-10-01,Echo Biltmore Apartments Spe LLC,Alta Bluewater LLC,,Maricopa County Assessor sales records,https://www.arcgis.com/home/item.html?id=f3484c72a938497286adc4e5de7e9963
500 W Pasadena Blvd,500 W Pasadena Blvd,Deer Park,Texas,215,sold,,2025-11-20,Pal Parktown LP,,,Website,https://download.hcad.org/data/CAMA/2026/Real_acct_owner.zip
Breckenridge Point Apartments,3500 North Star Rd,Richardson,Texas,214,sold,,2025-06-13,Breckinridge Point TX LLC,,,Texas county property records,https://data.texas.gov/d/5tkr-3759
Avalon 8801,8801 Rodeo Dr,Irving,Texas,212,sold,,2025-03-26,Pecos Housing Finance,,,Website,https://www.dallascad.org/ViewPDFs.aspx?type=3&id=\\DCAD.ORG\WEB\WEBDATA\WEBFORMS\DATA PRODUCTS\DCAD2026_CURRENT.ZIP
670 Maxey Rd,670 Maxey Rd,Houston,Texas,211,sold,,2025-03-13,Pecos Housing Finance Corp,,,Website,https://download.hcad.org/data/CAMA/2026/Real_acct_owner.zip
151 E 1St St,151 E 1st St,Mesa,Arizona,210,sold,,2025-07-01,Cimarron Investment Partners I Llc/Cimarron I,Cimarron Two Llc/Cimarron One Llc/Emp Investm,,Maricopa County Assessor sales records,https://www.arcgis.com/home/item.html?id=f3484c72a938497286adc4e5de7e9963
Spring Pointe Apartments,3501 N Jupiter Rd,Richardson,Texas,208,sold,,2025-04-14,The Cameron County Housing Finance Corporation,,,Texas county property records,https://data.texas.gov/d/5tkr-3759
6767 W Butler Dr,6767 W Butler Dr,Glendale,Arizona,208,sold,,2025-01-01,Bwf III AZ Monte Vista LLC,Frame Properties Limited Partnership,,Maricopa County Assessor sales records,https://www.arcgis.com/home/item.html?id=f3484c72a938497286adc4e5de7e9963
Infinity On The Oaks,9236 Church Rd,Dallas,Texas,208,sold,,2025-04-01,Cameron County Housing Finance Corp The,,,Website,https://www.dallascad.org/ViewPDFs.aspx?type=3&id=\\DCAD.ORG\WEB\WEBDATA\WEBFORMS\DATA PRODUCTS\DCAD2026_CURRENT.ZIP
Oaks White Rock,9000 Poppy Dr,Dallas,Texas,207,sold,,2025-06-18,Oaks Minnchaha Two LLC &,,,Website,https://www.dallascad.org/ViewPDFs.aspx?type=3&id=\\DCAD.ORG\WEB\WEBDATA\WEBFORMS\DATA PRODUCTS\DCAD2026_CURRENT.ZIP
1110 Graham Dr,1110 Graham Dr,Tomball,Texas,206,sold,,2025-05-12,Pecos Housing Finance Corp,,,Website,https://download.hcad.org/data/CAMA/2026/Real_acct_owner.zip
Millennium Dallas Apts,9180 Forest Ln,Dallas,Texas,206,sold,,2025-12-09,Bwc Millenium LP,,,Website,https://www.dallascad.org/ViewPDFs.aspx?type=3&id=\\DCAD.ORG\WEB\WEBDATA\WEBFORMS\DATA PRODUCTS\DCAD2026_CURRENT.ZIP
The Wexley,5401 Independence Pkwy,Plano,Texas,204,sold,,2025-08-01,Harvestree Owner LLC,,,Texas county property records,https://data.texas.gov/d/5tkr-3759
Bent Tree Park Apt I,16951 Addison Rd,Addison,Texas,204,sold,,2025-08-04,Btp Apartments II LLC &,,,Website,https://www.dallascad.org/ViewPDFs.aspx?type=3&id=\\DCAD.ORG\WEB\WEBDATA\WEBFORMS\DATA PRODUCTS\DCAD2026_CURRENT.ZIP
Delafield Villas-Txa20050340,8200 Hoyle Ave,Dallas,Texas,204,sold,,2025-03-20,Maverick County Housing,,,Website,https://www.dallascad.org/ViewPDFs.aspx?type=3&id=\\DCAD.ORG\WEB\WEBDATA\WEBFORMS\DATA PRODUCTS\DCAD2026_CURRENT.ZIP
Jefferson At Ross,1001 Ross Ave,Dallas,Texas,204,sold,,2025-03-07,Cc Meyer Properties LLC,,,Website,https://www.dallascad.org/ViewPDFs.aspx?type=3&id=\\DCAD.ORG\WEB\WEBDATA\WEBFORMS\DATA PRODUCTS\DCAD2026_CURRENT.ZIP
Tides Of Lawler East,13030 Audelia Rd,Dallas,Texas,204,sold,,2025-05-19,Pecos Housing Finance,,,Website,https://www.dallascad.org/ViewPDFs.aspx?type=3&id=\\DCAD.ORG\WEB\WEBDATA\WEBFORMS\DATA PRODUCTS\DCAD2026_CURRENT.ZIP
7111 E Tierra Buena Ln,7111 E Tierra Buena Ln,Scottsdale,Arizona,202,sold,,2025-04-01,7111 E Tierra Soltra LLC,Lcg2Mf Kierland LLC,,Maricopa County Assessor sales records,https://www.arcgis.com/home/item.html?id=f3484c72a938497286adc4e5de7e9963
Village On The Green,5301 Alpha Rd,Dallas,Texas,202,sold,,2025-05-13,Pecos Housing Finance Corp,,,Website,https://www.dallascad.org/ViewPDFs.aspx?type=3&id=\\DCAD.ORG\WEB\WEBDATA\WEBFORMS\DATA PRODUCTS\DCAD2026_CURRENT.ZIP
11710 Algonquin Dr,11710 Algonquin Dr,Houston,Texas,200,sold,,2025-05-07,Edcouch Community Housing,,,Website,https://download.hcad.org/data/CAMA/2026/Real_acct_owner.zip
4710 W Illinois Ave,4710 W Illinois Ave,Dallas,Texas,200,sold,,2025-07-10,Dhfc Hiline Illinois Landowner LLC,,,Website,https://www.dallascad.org/ViewPDFs.aspx?type=3&id=\\DCAD.ORG\WEB\WEBDATA\WEBFORMS\DATA PRODUCTS\DCAD2026_CURRENT.ZIP
600 Nottingham Oaks Trl,600 Nottingham Oaks Trl,Houston,Texas,200,sold,,2025-06-30,600 Nottingham Oaks Trail Holdings LP,,,Website,https://download.hcad.org/data/CAMA/2026/Real_acct_owner.zip
Ava West II,8201 Fair Oaks Crossing,Dallas,Texas,200,sold,,2025-04-17,Edcouch Community Housing,,,Website,https://www.dallascad.org/ViewPDFs.aspx?type=3&id=\\DCAD.ORG\WEB\WEBDATA\WEBFORMS\DATA PRODUCTS\DCAD2026_CURRENT.ZIP
Barrett Apartment Homes,238 E Oates Rd,Garland,Texas,200,sold,,2025-04-30,Pecos Housing Finance Corp,,,Website,https://www.dallascad.org/ViewPDFs.aspx?type=3&id=\\DCAD.ORG\WEB\WEBDATA\WEBFORMS\DATA PRODUCTS\DCAD2026_CURRENT.ZIP
River Bend Phase 1,1000 River Bend Dr,Lancaster,Texas,200,sold,,2025-04-09,1000 River Bend Dr,,,Website,https://www.dallascad.org/ViewPDFs.aspx?type=3&id=\\DCAD.ORG\WEB\WEBDATA\WEBFORMS\DATA PRODUCTS\DCAD2026_CURRENT.ZIP
Prairie Gate Apts Ph 2,3930 Westcliff Rd,Grand Prairie,Texas,199,sold,,2025-05-23,Grand Prairie Housing,,,Website,https://www.dallascad.org/ViewPDFs.aspx?type=3&id=\\DCAD.ORG\WEB\WEBDATA\WEBFORMS\DATA PRODUCTS\DCAD2026_CURRENT.ZIP
8791 Hammerly Blvd,8791 Hammerly Blvd,Houston,Texas,198,sold,,2025-05-27,Caldera Property Owner LLC,,,Website,https://download.hcad.org/data/CAMA/2026/Real_acct_owner.zip
The Abigail,821 S Polk St,Desoto,Texas,198,sold,,2025-05-15,Pecos Housing Finance Corp,,,Website,https://www.dallascad.org/ViewPDFs.aspx?type=3&id=\\DCAD.ORG\WEB\WEBDATA\WEBFORMS\DATA PRODUCTS\DCAD2026_CURRENT.ZIP
13913 Ella Blvd,13913 Ella Blvd,Houston,Texas,196,sold,,2025-09-03,Montecello Owner LLC,,,Website,https://download.hcad.org/data/CAMA/2026/Real_acct_owner.zip
2400 Hackett Dr,2400 Hackett Dr,Houston,Texas,196,sold,,2025-05-07,La Villa Housing Finance Corp,,,Website,https://download.hcad.org/data/CAMA/2026/Real_acct_owner.zip
6620 Gessner Dr,6620 Gessner Dr,Houston,Texas,196,sold,,2025-08-22,JS FRANKLIN LLC & Etal,,,Website,https://download.hcad.org/data/CAMA/2026/Real_acct_owner.zip
700 Dunson Glen Dr,700 Dunson Glen Dr,Houston,Texas,196,sold,,2025-01-07,Lsf Gtp Houston LLC,,,Website,https://download.hcad.org/data/CAMA/2026/Real_acct_owner.zip
Cedar Lake Apts,7455 W Camp Wisdom Rd,Dallas,Texas,196,sold,,2025-04-02,Pecos Housing Finance,,,Website,https://www.dallascad.org/ViewPDFs.aspx?type=3&id=\\DCAD.ORG\WEB\WEBDATA\WEBFORMS\DATA PRODUCTS\DCAD2026_CURRENT.ZIP
Cottages at Summer Cree,5400 Mountain Brook Ln,Tarrant County,Texas,196,sold,,2025-01-25,,,,State permit data,https://www.tad.org/content/data-download/2026CommImprovedSales.zip
Gables Uptown Tower,3227 Mckinney Ave,Dallas,Texas,196,sold,,2025-02-28,Maverick County Housing,,,Website,https://www.dallascad.org/ViewPDFs.aspx?type=3&id=\\DCAD.ORG\WEB\WEBDATA\WEBFORMS\DATA PRODUCTS\DCAD2026_CURRENT.ZIP
Live Oaks At The Branch,4670 Amesbury Dr,Dallas,Texas,196,sold,,2025-05-19,La Villa Housing Finance Corp,,,Website,https://www.dallascad.org/ViewPDFs.aspx?type=3&id=\\DCAD.ORG\WEB\WEBDATA\WEBFORMS\DATA PRODUCTS\DCAD2026_CURRENT.ZIP
North Star Phase 1,9600 Lbj Fwy,Dallas,Texas,196,sold,,2025-03-13,Pleasanton Housing Finance Corp,,,Website,https://www.dallascad.org/ViewPDFs.aspx?type=3&id=\\DCAD.ORG\WEB\WEBDATA\WEBFORMS\DATA PRODUCTS\DCAD2026_CURRENT.ZIP
1655 Blue Bell Rd,1655 Blue Bell Rd,Houston,Texas,195,sold,,2025-06-25,Irg-Bgo Blue Bell One LP,,,Website,https://download.hcad.org/data/CAMA/2026/Real_acct_owner.zip
2121 N Grace Blvd,2121 N Grace Blvd,Chandler,Arizona,194,sold,,2025-11-01,Chandler Bella Grace Llc/Chandler Bella Grace,Chandler Multifamily Dst,,Maricopa County Assessor sales records,https://www.arcgis.com/home/item.html?id=f3484c72a938497286adc4e5de7e9963
8555 E Raintree Dr,8555 E Raintree Dr,Scottsdale,Arizona,192,sold,,2025-05-01,Huxley Scottsdale Apartments LLC,Pr Iii/Crow Raintree Residential LLC,,Maricopa County Assessor sales records,https://www.arcgis.com/home/item.html?id=f3484c72a938497286adc4e5de7e9963
22820 Imperial Valley Dr,22820 Imperial Valley Dr,Houston,Texas,192,sold,,2025-06-13,Rockfish Capital Imerial Valley LLC,,,Website,https://download.hcad.org/data/CAMA/2026/Real_acct_owner.zip
2800 Taylor (100% Complete),2800 Taylor St,Dallas,Texas,192,sold,,2025-02-14,SW Taylor Street Dev LLC,,,Website,https://www.dallascad.org/ViewPDFs.aspx?type=3&id=\\DCAD.ORG\WEB\WEBDATA\WEBFORMS\DATA PRODUCTS\DCAD2026_CURRENT.ZIP
7835 Grow Ln,7835 Grow Ln,Houston,Texas,192,sold,,2025-06-03,Cf 7835 Grow Lane Quail I LLC,,,Website,https://download.hcad.org/data/CAMA/2026/Real_acct_owner.zip
Cedar Ridge Apts-(Tdhca# 91053),7905 Marvin D Love Fwy,Dallas,Texas,192,sold,,2025-08-11,Harrison Apartments LLC The,,,Website,https://www.dallascad.org/ViewPDFs.aspx?type=3&id=\\DCAD.ORG\WEB\WEBDATA\WEBFORMS\DATA PRODUCTS\DCAD2026_CURRENT.ZIP
Westland Estates,2950 Alemeda St,Tarrant County,Texas,192,sold,,2025-05-07,,,,State permit data,https://www.tad.org/content/data-download/2026CommImprovedSales.zip
14814 Perthshire Rd,14814 Perthshire Rd,Houston,Texas,190,sold,,2025-12-10,Ve Perthshire Owner,,,Website,https://download.hcad.org/data/CAMA/2026/Real_acct_owner.zip
1901 Cullen Blvd,1901 Cullen Blvd,Houston,Texas,190,sold,,2025-06-03,900 Title Jefferson LLC % Cwcapital,,,Website,https://download.hcad.org/data/CAMA/2026/Real_acct_owner.zip
21901 Gosling Rd,21901 Gosling Rd,Spring,Texas,189,sold,,2025-07-29,Gosling Mf II Prop Co 1 LLC,,,Website,https://download.hcad.org/data/CAMA/2026/Real_acct_owner.zip
Devon On Northgate Ph 2,3800 Esters Rd,Irving,Texas,188,sold,,2025-04-17,Edcouch Community Housing,,,Website,https://www.dallascad.org/ViewPDFs.aspx?type=3&id=\\DCAD.ORG\WEB\WEBDATA\WEBFORMS\DATA PRODUCTS\DCAD2026_CURRENT.ZIP
4899 Montrose Blvd,4899 Montrose Blvd,Houston,Texas,187,sold,,2025-07-05,Finger Museum Tower LLC,,,Website,https://download.hcad.org/data/CAMA/2026/Real_acct_owner.zip
Westwood Apts,3315 W Pentagon Pkwy,Dallas,Texas,187,sold,,2025-04-02,Pecos Housing,,,Website,https://www.dallascad.org/ViewPDFs.aspx?type=3&id=\\DCAD.ORG\WEB\WEBDATA\WEBFORMS\DATA PRODUCTS\DCAD2026_CURRENT.ZIP
2700 Westridge St,2700 Westridge St,Houston,Texas,184,sold,,2025-01-07,Lsf Rpa Houston LLC,,,Website,https://download.hcad.org/data/CAMA/2026/Real_acct_owner.zip
Solea Tavolo Park (55+ Active),7545 Harris Pkwy,Tarrant County,Texas,184,sold,,2025-02-05,,,,State permit data,https://www.tad.org/content/data-download/2026CommImprovedSales.zip
11025 S 51St St,11025 S 51st St,Phoenix,Arizona,183,sold,,2025-05-01,Trs Serafina Apartments Llc/Trs Serafina Butl,Serafina LP,,Maricopa County Assessor sales records,https://www.arcgis.com/home/item.html?id=f3484c72a938497286adc4e5de7e9963
11200 S 50Th St,11200 S 50th St,Phoenix,Arizona,183,sold,,2025-05-01,Trs Serafina Apartments Llc/Trs Serafina Butl,Serafina LP,,Maricopa County Assessor sales records,https://www.arcgis.com/home/item.html?id=f3484c72a938497286adc4e5de7e9963
2851 Wallingford Dr,2851 Wallingford Dr,Houston,Texas,182,sold,,2025-01-07,Hg Oaks Of Westchase LLC,,,Website,https://download.hcad.org/data/CAMA/2026/Real_acct_owner.zip
4801 Allendale Rd,4801 Allendale Rd,Houston,Texas,182,sold,,2025-09-02,Tc Spe 6 LLC,,,Website,https://download.hcad.org/data/CAMA/2026/Real_acct_owner.zip
1283 W Parklane Blvd,1283 W Parklane Blvd,Chandler,Arizona,180,sold,,2025-05-01,Ta Parklane Commons Fee Owner LLC,Park Tower Chandler LLC,,Maricopa County Assessor sales records,https://www.arcgis.com/home/item.html?id=f3484c72a938497286adc4e5de7e9963
16630 N 43Rd Ave,16630 N 43rd Ave,Glendale,Arizona,180,sold,,2025-03-01,Cantamar TIC I Llc/Cantamar TIC IV Llc/Cantam,Cantamar TIC I Llc/Cantamar TIC IV Llc/Cantam,,Maricopa County Assessor sales records,https://www.arcgis.com/home/item.html?id=f3484c72a938497286adc4e5de7e9963
10010 Greenfork Dr,10010 Greenfork Dr,Houston,Texas,180,sold,,2025-08-01,Apt Whispering Oaks LLC,,,Website,https://download.hcad.org/data/CAMA/2026/Real_acct_owner.zip
Homes Of Persimmons- (75% Tax Credit Txa20000065),3245 Simpson Stuart Rd,Dallas,Texas,180,sold,,2025-06-12,Hop Apartments LLC &,,,Website,https://www.dallascad.org/ViewPDFs.aspx?type=3&id=\\DCAD.ORG\WEB\WEBDATA\WEBFORMS\DATA PRODUCTS\DCAD2026_CURRENT.ZIP
Rolling Hills Apts,2010 Estrada Pkwy,Irving,Texas,180,sold,,2025-09-11,Starcore Rh LLC,,,Website,https://www.dallascad.org/ViewPDFs.aspx?type=3&id=\\DCAD.ORG\WEB\WEBDATA\WEBFORMS\DATA PRODUCTS\DCAD2026_CURRENT.ZIP
Galleries At Park Lane,8100 Park Ln,Dallas,Texas,179,sold,,2025-05-30,Mmf I Dfw Park Lane LLC,,,Website,https://www.dallascad.org/ViewPDFs.aspx?type=3&id=\\DCAD.ORG\WEB\WEBDATA\WEBFORMS\DATA PRODUCTS\DCAD2026_CURRENT.ZIP
Uptown At Cole Park,3030 Elizabeth St,Dallas,Texas,179,sold,,2025-12-03,Ucp Propco LLC,,,Website,https://www.dallascad.org/ViewPDFs.aspx?type=3&id=\\DCAD.ORG\WEB\WEBDATA\WEBFORMS\DATA PRODUCTS\DCAD2026_CURRENT.ZIP
8300 W Airport Blvd,8300 W Airport Blvd,Houston,Texas,178,sold,,2025-11-04,Oconee Real Estate Holdings,,,Website,https://download.hcad.org/data/CAMA/2026/Real_acct_owner.zip
Casa Bella (2019 Reno),2970 Peavy Rd,Dallas,Texas,176,sold,,2025-04-03,Pecos Housing Finance Corp,,,Website,https://www.dallascad.org/ViewPDFs.aspx?type=3&id=\\DCAD.ORG\WEB\WEBDATA\WEBFORMS\DATA PRODUCTS\DCAD2026_CURRENT.ZIP
Vista Buena,13350 Esperanza Rd,Dallas,Texas,176,sold,,2025-07-02,Vba Apartments LLC,,,Website,https://www.dallascad.org/ViewPDFs.aspx?type=3&id=\\DCAD.ORG\WEB\WEBDATA\WEBFORMS\DATA PRODUCTS\DCAD2026_CURRENT.ZIP
The Holland,8020 Windrose Ave,Plano,Texas,175,sold,,2025-04-22,Lw Residential Partners LP,,,Texas county property records,https://data.texas.gov/d/5tkr-3759
Cottonwood Park Village,575 Dickey Rd,Grand Prairie,Texas,175,sold,,2025-06-26,Mia Cottonwood LLC,,,Website,https://www.dallascad.org/ViewPDFs.aspx?type=3&id=\\DCAD.ORG\WEB\WEBDATA\WEBFORMS\DATA PRODUCTS\DCAD2026_CURRENT.ZIP
2727 Elmside Dr,2727 Elmside Dr,Houston,Texas,171,sold,,2025-04-03,Pecos Housing Finance Corp,,,Website,https://download.hcad.org/data/CAMA/2026/Real_acct_owner.zip
13333 Northborough Dr,13333 Northborough Dr,Houston,Texas,170,sold,,2025-12-09,Nsi Canfield LLC,,,Website,https://download.hcad.org/data/CAMA/2026/Real_acct_owner.zip
2300 Red Bluff Rd,2300 Red Bluff Rd,Pasadena,Texas,170,sold,,2025-10-21,Jp Quarters On Red Bluff LLC,,,Website,https://download.hcad.org/data/CAMA/2026/Real_acct_owner.zip
Overture Plano Senior Apartments,500 Coit Rd,Plano,Texas,168,sold,,2025-09-26,Dhc Hyb Slc Properties LLC,,,Texas county property records,https://data.texas.gov/d/5tkr-3759
Hanger,209 S Clark Rd,Cedar Hill,Texas,168,sold,,2025-12-24,201 Clark Rd Apts LLC,,,Website,https://www.dallascad.org/ViewPDFs.aspx?type=3&id=\\DCAD.ORG\WEB\WEBDATA\WEBFORMS\DATA PRODUCTS\DCAD2026_CURRENT.ZIP
Everton At Bellmar,10588 Stone Canyon Rd,Dallas,Texas,166,sold,,2025-10-29,Capri Everton LLC &,,,Website,https://www.dallascad.org/ViewPDFs.aspx?type=3&id=\\DCAD.ORG\WEB\WEBDATA\WEBFORMS\DATA PRODUCTS\DCAD2026_CURRENT.ZIP
Royal Crest Apts,3540 Wilhurt Ave,Dallas,Texas,165,sold,,2025-07-18,Royal Crest Preservation LLC,,,Website,https://www.dallascad.org/ViewPDFs.aspx?type=3&id=\\DCAD.ORG\WEB\WEBDATA\WEBFORMS\DATA PRODUCTS\DCAD2026_CURRENT.ZIP
4441 W Bethany Home Rd,4441 W Bethany Home Rd,Glendale,Arizona,164,sold,,2025-09-01,Rn Bethany LLC,Wref Summer LP,,Maricopa County Assessor sales records,https://www.arcgis.com/home/item.html?id=f3484c72a938497286adc4e5de7e9963
970 Bunker Hill Rd,970 Bunker Hill Rd,Houston,Texas,164,sold,,2025-03-07,Moody 77024 Multi-Family Dst,,,Website,https://download.hcad.org/data/CAMA/2026/Real_acct_owner.zip
Adira Apartments,1301 W Wheatland Rd,Dallas,Texas,164,sold,,2025-04-11,Pecos Housing Finance Corp,,,Website,https://www.dallascad.org/ViewPDFs.aspx?type=3&id=\\DCAD.ORG\WEB\WEBDATA\WEBFORMS\DATA PRODUCTS\DCAD2026_CURRENT.ZIP
2300 W Pecos Rd,2300 W Pecos Rd,Chandler,Arizona,163,sold,,2025-08-01,Msh Chandler LLC,Srgmf III Pecos Road Chandler LLC,,Maricopa County Assessor sales records,https://www.arcgis.com/home/item.html?id=f3484c72a938497286adc4e5de7e9963
Instrata At Legacy West,7850 Communications Pkwy,Plano,Texas,161,sold,,2025-04-28,Lw Owner 2 LLC,,,Texas county property records,https://data.texas.gov/d/5tkr-3759
915 Silber Rd,915 Silber Rd,Houston,Texas,161,sold,,2025-12-17,915 Silber Partners LLC,,,Website,https://download.hcad.org/data/CAMA/2026/Real_acct_owner.zip
Riverfalls Park,10570 Stone Canyon Rd,Dallas,Texas,161,sold,,2025-10-29,Capri Riverfalls LLC &,,,Website,https://www.dallascad.org/ViewPDFs.aspx?type=3&id=\\DCAD.ORG\WEB\WEBDATA\WEBFORMS\DATA PRODUCTS\DCAD2026_CURRENT.ZIP
5050 Sunflower St,5050 Sunflower St,Houston,Texas,160,sold,,2025-06-24,Sunflower Terrace Preservation LLC C/O Fairstead,,,Website,https://download.hcad.org/data/CAMA/2026/Real_acct_owner.zip
Ava Apartments,8303 Skillman St,Dallas,Texas,160,sold,,2025-04-17,Edcouch Community Housing,,,Website,https://www.dallascad.org/ViewPDFs.aspx?type=3&id=\\DCAD.ORG\WEB\WEBDATA\WEBFORMS\DATA PRODUCTS\DCAD2026_CURRENT.ZIP
Tides On Leisure Phase 1,10010 Forest Ln,Dallas,Texas,160,sold,,2025-04-01,Newpoint Jv Sub III LLC,,,Website,https://www.dallascad.org/ViewPDFs.aspx?type=3&id=\\DCAD.ORG\WEB\WEBDATA\WEBFORMS\DATA PRODUCTS\DCAD2026_CURRENT.ZIP
2120 E Ray Rd,2120 E Ray Rd,Gilbert,Arizona,159,sold,,2025-06-01,Cpt San Tan Btr LLC,Bungalows At San Tan Village Spe LLC,,Maricopa County Assessor sales records,https://www.arcgis.com/home/item.html?id=f3484c72a938497286adc4e5de7e9963
Casa Luna (All Bills Paid),2800 John West Rd,Dallas,Texas,159,sold,,2025-09-05,Rc 2800 John West,,,Website,https://www.dallascad.org/ViewPDFs.aspx?type=3&id=\\DCAD.ORG\WEB\WEBDATA\WEBFORMS\DATA PRODUCTS\DCAD2026_CURRENT.ZIP
Las Ventanas,523 N Alexander Ave,Duncanville,Texas,158,sold,,2025-03-24,Pecos Housing Finance,,,Website,https://www.dallascad.org/ViewPDFs.aspx?type=3&id=\\DCAD.ORG\WEB\WEBDATA\WEBFORMS\DATA PRODUCTS\DCAD2026_CURRENT.ZIP
Midway Row House,4020 Mcewen Rd,Farmers Branch,Texas,158,sold,,2025-10-07,Msfr Midway Row House Owner LLC,,,Website,https://www.dallascad.org/ViewPDFs.aspx?type=3&id=\\DCAD.ORG\WEB\WEBDATA\WEBFORMS\DATA PRODUCTS\DCAD2026_CURRENT.ZIP
132 E Brown Rd,132 E Brown Rd,Mesa,Arizona,154,sold,,2025-07-01,Rise Mountain Ridge Llc/Namo Equity Partners,Emp Investments 2 Llc/Tamwood Limited Partner,,Maricopa County Assessor sales records,https://www.arcgis.com/home/item.html?id=f3484c72a938497286adc4e5de7e9963
11119 Steeple Way Blvd,11119 Steeple Way Blvd,Houston,Texas,154,sold,,2025-01-07,Hpi Steeple LLC,,,Website,https://download.hcad.org/data/CAMA/2026/Real_acct_owner.zip
3101 Smith St,3101 Smith St,Houston,Texas,154,sold,,2025-04-30,Hsr Midtown LLC,,,Website,https://download.hcad.org/data/CAMA/2026/Real_acct_owner.zip
San Carlos,5010 Maple Ave,Dallas,Texas,154,sold,,2025-01-24,Wsp Polanco LLC,,,Website,https://www.dallascad.org/ViewPDFs.aspx?type=3&id=\\DCAD.ORG\WEB\WEBDATA\WEBFORMS\DATA PRODUCTS\DCAD2026_CURRENT.ZIP
11 S 12Th St,11 S 12th St,Phoenix,Arizona,152,sold,,2025-07-01,Cr Mason Oliver Communities LLC,Kv Mason Oliver Apartments LP,,Maricopa County Assessor sales records,https://www.arcgis.com/home/item.html?id=f3484c72a938497286adc4e5de7e9963
4343 W Thomas Rd,4343 W Thomas Rd,Phoenix,Arizona,152,sold,,2025-04-01,Granville Senior LP,Urban League Manor Associates Limited Partner,,Maricopa County Assessor sales records,https://www.arcgis.com/home/item.html?id=f3484c72a938497286adc4e5de7e9963
3401 Dunvale Rd,3401 Dunvale Rd,Houston,Texas,152,sold,,2025-05-15,La Villa Housing Finance Corp,,,Website,https://download.hcad.org/data/CAMA/2026/Real_acct_owner.zip
5900 N Braeswood Blvd,5900 N Braeswood Blvd,Houston,Texas,152,sold,,2025-05-13,Cameron County Housing Finance Corp,,,Website,https://download.hcad.org/data/CAMA/2026/Real_acct_owner.zip
Ashton Apartment Homes,"681 N Saginaw Blvd, Saginaw",Saginaw,Texas,152,sold,,2025-02-26,,,,State permit data,https://www.tad.org/content/data-download/2026CommPermits.zip
The Brookmoore (59% Occupied),706 Fawn Ridge Dr,Dallas,Texas,152,sold,,2025-03-13,La Villa Housing Finance,,,Website,https://www.dallascad.org/ViewPDFs.aspx?type=3&id=\\DCAD.ORG\WEB\WEBDATA\WEBFORMS\DATA PRODUCTS\DCAD2026_CURRENT.ZIP
The Meadows-Tdhca#93101,3602 Easton Meadows Dr,Garland,Texas,152,sold,,2025-12-08,Brazos Meadows LLC,,,Website,https://www.dallascad.org/ViewPDFs.aspx?type=3&id=\\DCAD.ORG\WEB\WEBDATA\WEBFORMS\DATA PRODUCTS\DCAD2026_CURRENT.ZIP
Casa Valley Apts,500 Santa Fe Trl,Irving,Texas,151,sold,,2025-04-02,Pecos Housing Finance Corp,,,Website,https://www.dallascad.org/ViewPDFs.aspx?type=3&id=\\DCAD.ORG\WEB\WEBDATA\WEBFORMS\DATA PRODUCTS\DCAD2026_CURRENT.ZIP
Wyndham On The Creek,9633 Ferris Branch Blvd,Dallas,Texas,151,sold,,2025-05-02,Pecos Housing Finance,,,Website,https://www.dallascad.org/ViewPDFs.aspx?type=3&id=\\DCAD.ORG\WEB\WEBDATA\WEBFORMS\DATA PRODUCTS\DCAD2026_CURRENT.ZIP
12808 Queensbury Ln,12808 Queensbury Ln,Houston,Texas,150,sold,,2025-08-13,Lofts Armando LLC,,,Website,https://download.hcad.org/data/CAMA/2026/Real_acct_owner.zip
9757 Windwater Dr,9757 Windwater Dr,Houston,Texas,150,sold,,2025-09-18,Hm Windmill Lakes Jv LLC,,,Website,https://download.hcad.org/data/CAMA/2026/Real_acct_owner.zip
Southcrest (All Bills Paid),3702 Conway St,Dallas,Texas,150,sold,,2025-05-16,South Crest Ir LLC,,,Website,https://www.dallascad.org/ViewPDFs.aspx?type=3&id=\\DCAD.ORG\WEB\WEBDATA\WEBFORMS\DATA PRODUCTS\DCAD2026_CURRENT.ZIP
Grand Reserve: Upscale Townhomes,6044 E Lovers Ln,Dallas,Texas,149,sold,,2025-12-01,Ag Kvc Gr Property Owner,,,Website,https://www.dallascad.org/ViewPDFs.aspx?type=3&id=\\DCAD.ORG\WEB\WEBDATA\WEBFORMS\DATA PRODUCTS\DCAD2026_CURRENT.ZIP
Landmark At Lake Village North (151 Units),613 E IH 30,Garland,Texas,148,sold,,2025-03-24,Pecos Housing Finance Corp,,,Website,https://www.dallascad.org/ViewPDFs.aspx?type=3&id=\\DCAD.ORG\WEB\WEBDATA\WEBFORMS\DATA PRODUCTS\DCAD2026_CURRENT.ZIP
(To Be Demoed) 100% Vacant,1910 Argentia Dr,Dallas,Texas,144,sold,,2025-10-20,Paw Investors Group LLC,,,Website,https://www.dallascad.org/ViewPDFs.aspx?type=3&id=\\DCAD.ORG\WEB\WEBDATA\WEBFORMS\DATA PRODUCTS\DCAD2026_CURRENT.ZIP
13355 Northborough Dr,13355 Northborough Dr,Houston,Texas,144,sold,,2025-12-09,Nsi Canfield LLC,,,Website,https://download.hcad.org/data/CAMA/2026/Real_acct_owner.zip
The Abram,608 Rowlett Rd,Garland,Texas,144,sold,,2025-05-15,Pecos Housing Finance Corp,,,Website,https://www.dallascad.org/ViewPDFs.aspx?type=3&id=\\DCAD.ORG\WEB\WEBDATA\WEBFORMS\DATA PRODUCTS\DCAD2026_CURRENT.ZIP
The Holden,2500 Guerrero Dr,Carrollton,Texas,144,sold,,2025-03-24,Pecos Housing Finance,,,Website,https://www.dallascad.org/ViewPDFs.aspx?type=3&id=\\DCAD.ORG\WEB\WEBDATA\WEBFORMS\DATA PRODUCTS\DCAD2026_CURRENT.ZIP
The Park At Ashford,3500 S Fielder Rd,Tarrant County,Texas,144,sold,,2025-08-22,,,,State permit data,https://www.tad.org/content/data-download/2026CommImprovedSales.zip
Waterford,7879 Riverfall Dr,Dallas,Texas,144,sold,,2025-10-29,7879 Riverfall Propco LLC &,,,Website,https://www.dallascad.org/ViewPDFs.aspx?type=3&id=\\DCAD.ORG\WEB\WEBDATA\WEBFORMS\DATA PRODUCTS\DCAD2026_CURRENT.ZIP
13150 Bissonnet St,13150 Bissonnet St,Houston,Texas,143,sold,,2025-06-03,Lft Houston LLC,,,Website,https://download.hcad.org/data/CAMA/2026/Real_acct_owner.zip
4011 Galveston Rd,4011 Galveston Rd,Houston,Texas,143,sold,,2025-12-04,Dorchester Wealth Management LLC,,,Website,https://download.hcad.org/data/CAMA/2026/Real_acct_owner.zip
1012 E Washington St 1112,1012 E Washington St 1112,Phoenix,Arizona,140,sold,,2025-07-01,Cr Mason Oliver Communities LLC,Kv Mason Oliver Apartments LP,,Maricopa County Assessor sales records,https://www.arcgis.com/home/item.html?id=f3484c72a938497286adc4e5de7e9963
902 Cleveland St,902 Cleveland St,Houston,Texas,140,sold,,2025-11-11,Cws St Joseph LLC Et Al,,,Website,https://download.hcad.org/data/CAMA/2026/Real_acct_owner.zip
Mesa Ridge Village East ((Ecu 49% Vacant)),3504 Fawn Valley Dr,Dallas,Texas,140,sold,,2025-03-13,La Villa Housing Finance,,,Website,https://www.dallascad.org/ViewPDFs.aspx?type=3&id=\\DCAD.ORG\WEB\WEBDATA\WEBFORMS\DATA PRODUCTS\DCAD2026_CURRENT.ZIP
4221 W Dunlap Ave,4221 W Dunlap Ave,Phoenix,Arizona,137,sold,,2025-04-01,Gc West Dunlap LLC,Tides On West Dunlap TIC I Llc/Villa Serena S,,Maricopa County Assessor sales records,https://www.arcgis.com/home/item.html?id=f3484c72a938497286adc4e5de7e9963
Andora,3302 Linda Dr,Dallas,Texas,136,sold,,2025-04-09,La Villa Housing Finance Corp,,,Website,https://www.dallascad.org/ViewPDFs.aspx?type=3&id=\\DCAD.ORG\WEB\WEBDATA\WEBFORMS\DATA PRODUCTS\DCAD2026_CURRENT.ZIP
123 Winkler Dr,123 Winkler Dr,Houston,Texas,135,sold,,2025-11-10,123 Winkler Realty LLC,,,Website,https://download.hcad.org/data/CAMA/2026/Real_acct_owner.zip
17610 Cali Dr,17610 Cali Dr,Houston,Texas,134,sold,,2025-10-28,Cali Crossing Acquisition LLC,,,Website,https://download.hcad.org/data/CAMA/2026/Real_acct_owner.zip
Parea Oak Lawn (All Bills Paid),4503 Lake Ave,Dallas,Texas,134,sold,,2025-10-07,Cbcv Dallas Po LLC,,,Website,https://www.dallascad.org/ViewPDFs.aspx?type=3&id=\\DCAD.ORG\WEB\WEBDATA\WEBFORMS\DATA PRODUCTS\DCAD2026_CURRENT.ZIP
Alta Vista Apartments,700 18Th St,Plano,Texas,133,sold,,2025-02-07,Alta Vista Apartments & Tjfl Legacy LP,,,Texas county property records,https://data.texas.gov/d/5tkr-3759
North Oak Apts (Tdhca# 92001),1417 N Nursery Rd,Irving,Texas,132,sold,,2025-12-02,One Sutton Square LLC,,,Website,https://www.dallascad.org/ViewPDFs.aspx?type=3&id=\\DCAD.ORG\WEB\WEBDATA\WEBFORMS\DATA PRODUCTS\DCAD2026_CURRENT.ZIP
The Villas Of Remond - Tdhca#98032,3050 Remond Dr,Dallas,Texas,131,sold,,2025-12-01,Remond Dallas Holdings LP,,,Website,https://www.dallascad.org/ViewPDFs.aspx?type=3&id=\\DCAD.ORG\WEB\WEBDATA\WEBFORMS\DATA PRODUCTS\DCAD2026_CURRENT.ZIP
Viceroy At Central Park,2155 Arkansas Ln,Grand Prairie,Texas,130,sold,,2025-07-03,Arkansas Lane Property,,,Website,https://www.dallascad.org/ViewPDFs.aspx?type=3&id=\\DCAD.ORG\WEB\WEBDATA\WEBFORMS\DATA PRODUCTS\DCAD2026_CURRENT.ZIP
1515 Rudel Dr,1515 Rudel Dr,Tomball,Texas,128,sold,,2025-02-04,Public Welfare Investments Holdco LLC,,,Website,https://download.hcad.org/data/CAMA/2026/Real_acct_owner.zip
9401 Coventry Square Dr,9401 Coventry Square Dr,Houston,Texas,128,sold,,2025-12-25,Mvc Coventry Holding LP,,,Website,https://download.hcad.org/data/CAMA/2026/Real_acct_owner.zip
Spanish Pueblo,9727 Dale Crest Dr,Dallas,Texas,128,sold,,2025-04-22,La Villa Housing Finance,,,Website,https://www.dallascad.org/ViewPDFs.aspx?type=3&id=\\DCAD.ORG\WEB\WEBDATA\WEBFORMS\DATA PRODUCTS\DCAD2026_CURRENT.ZIP
3800 Sherwood Ln,3800 Sherwood Ln,Houston,Texas,126,sold,,2025-08-16,To 3800 LLC,,,Website,https://download.hcad.org/data/CAMA/2026/Real_acct_owner.zip
Chase Place Phase 1,3304 Chapel Creek Dr,Dallas,Texas,125,sold,,2025-04-22,La Villa Housing Finance Corp,,,Website,https://www.dallascad.org/ViewPDFs.aspx?type=3&id=\\DCAD.ORG\WEB\WEBDATA\WEBFORMS\DATA PRODUCTS\DCAD2026_CURRENT.ZIP
6105 W Orem Dr,6105 W Orem Dr,Houston,Texas,124,sold,,2025-01-15,Corinthian Village Holdings LLC,,,Website,https://download.hcad.org/data/CAMA/2026/Real_acct_owner.zip
7800 W Airport Blvd,7800 W Airport Blvd,Houston,Texas,124,sold,,2025-12-18,Amritta Wealth Management LLC,,,Website,https://download.hcad.org/data/CAMA/2026/Real_acct_owner.zip
10202 Challenger 7 Dr,10202 Challenger 7 Dr,Houston,Texas,123,sold,,2025-09-29,Af2 Property LLC,,,Website,https://download.hcad.org/data/CAMA/2026/Real_acct_owner.zip
The Courtyard Apts,2046 N Shiloh Rd,Garland,Texas,123,sold,,2025-08-01,2046 Garland Dst,,,Website,https://www.dallascad.org/ViewPDFs.aspx?type=3&id=\\DCAD.ORG\WEB\WEBDATA\WEBFORMS\DATA PRODUCTS\DCAD2026_CURRENT.ZIP
6901 E Main St,6901 E Main St,Scottsdale,Arizona,121,sold,,2025-10-01,Scottsdale Owner Llc/Gre Vibe LLC,Main Street Scottsdale Lllp,,Maricopa County Assessor sales records,https://www.arcgis.com/home/item.html?id=f3484c72a938497286adc4e5de7e9963
220 Bammel Westfield Rd,220 Bammel Westfield Rd,Houston,Texas,120,sold,,2025-12-09,Dordoi Invest INC,,,Website,https://download.hcad.org/data/CAMA/2026/Real_acct_owner.zip
3455 FM 1960 Rd,3455 FM 1960 Rd,Humble,Texas,120,sold,,2025-09-09,Terraces At Copper Leaf LP,,,Website,https://download.hcad.org/data/CAMA/2026/Real_acct_owner.zip
15100 Golden Eagle Dr,15100 Golden Eagle Dr,Humble,Texas,118,sold,,2025-08-26,Rockstar Waterchase LLC,,,Website,https://download.hcad.org/data/CAMA/2026/Real_acct_owner.zip
14014 N 32Nd St,14014 N 32nd St,Phoenix,Arizona,116,sold,,2025-11-01,Village Square Owner LLC,Village Square Housing Investors LP,,Maricopa County Assessor sales records,https://www.arcgis.com/home/item.html?id=f3484c72a938497286adc4e5de7e9963
15405 Katy Fwy,15405 Katy Fwy,Houston,Texas,116,sold,,2025-05-02,The Blueprint Apartments LLC,,,Website,https://download.hcad.org/data/CAMA/2026/Real_acct_owner.zip
Delara Chase Apts,4805 Altamesa Blvd,Tarrant County,Texas,116,sold,,2025-03-24,,,,State permit data,https://www.tad.org/content/data-download/2026CommImprovedSales.zip
Estara,11200 Woodmeadow Pkwy,Dallas,Texas,116,sold,,2025-03-17,Pecos Housing Finance,,,Website,https://www.dallascad.org/ViewPDFs.aspx?type=3&id=\\DCAD.ORG\WEB\WEBDATA\WEBFORMS\DATA PRODUCTS\DCAD2026_CURRENT.ZIP
Courtney Place (Ecu),3211 Chapel Creek Dr,Dallas,Texas,115,sold,,2025-04-22,La Villa Housing Finance,,,Website,https://www.dallascad.org/ViewPDFs.aspx?type=3&id=\\DCAD.ORG\WEB\WEBDATA\WEBFORMS\DATA PRODUCTS\DCAD2026_CURRENT.ZIP
796 Town And Country Blvd,796 Town And Country Blvd,Houston,Texas,114,sold,,2025-08-13,Domain Armando LLC,,,Website,https://download.hcad.org/data/CAMA/2026/Real_acct_owner.zip
Paradise Gardens,1500 N Garrett Ave,Dallas,Texas,114,sold,,2025-02-13,Lih Paradise Gardens,,,Website,https://www.dallascad.org/ViewPDFs.aspx?type=3&id=\\DCAD.ORG\WEB\WEBDATA\WEBFORMS\DATA PRODUCTS\DCAD2026_CURRENT.ZIP
Republic West Apartments (114 Units),3501 Easton Meadows Dr,Garland,Texas,114,sold,,2025-03-24,Pecos Housing Finance Corp,,,Website,https://www.dallascad.org/ViewPDFs.aspx?type=3&id=\\DCAD.ORG\WEB\WEBDATA\WEBFORMS\DATA PRODUCTS\DCAD2026_CURRENT.ZIP
Thorn Manor Apt,300 W Wintergreen Rd,Desoto,Texas,113,sold,,2025-07-18,Ridgewood Manor LLC,,,Website,https://www.dallascad.org/ViewPDFs.aspx?type=3&id=\\DCAD.ORG\WEB\WEBDATA\WEBFORMS\DATA PRODUCTS\DCAD2026_CURRENT.ZIP
1045 S San Jose,1045 S San Jose,Mesa,Arizona,112,sold,,2025-07-01,Flats Mesa Owner LLC,District Flats Owner LLC,,Maricopa County Assessor sales records,https://www.arcgis.com/home/item.html?id=f3484c72a938497286adc4e5de7e9963
Solaire Tdhca (2562),4753 Duncanville Rd,Dallas,Texas,112,sold,,2025-01-03,Solaire Group LLC &,,,Website,https://www.dallascad.org/ViewPDFs.aspx?type=3&id=\\DCAD.ORG\WEB\WEBDATA\WEBFORMS\DATA PRODUCTS\DCAD2026_CURRENT.ZIP
Villa Creek (Ecu),2835 Villa Creek Dr,Farmers Branch,Texas,112,sold,,2025-02-28,Villa Creek 28 Holdings LLC,,,Website,https://www.dallascad.org/ViewPDFs.aspx?type=3&id=\\DCAD.ORG\WEB\WEBDATA\WEBFORMS\DATA PRODUCTS\DCAD2026_CURRENT.ZIP
222 E Roosevelt St,222 E Roosevelt St,Phoenix,Arizona,111,sold,,2025-05-01,Iluminate Investment LLC,Iluminate Apts LLC,,Maricopa County Assessor sales records,https://www.arcgis.com/home/item.html?id=f3484c72a938497286adc4e5de7e9963
Embassy Apts,1415 W Airport Fwy,Irving,Texas,110,sold,,2025-12-22,Envoy Holdings LLC,,,Website,https://www.dallascad.org/ViewPDFs.aspx?type=3&id=\\DCAD.ORG\WEB\WEBDATA\WEBFORMS\DATA PRODUCTS\DCAD2026_CURRENT.ZIP
Oaks At Jane Lane,3001 Jane Ln,Tarrant County,Texas,109,sold,,2025-03-14,,,,State permit data,https://www.tad.org/content/data-download/2026CommImprovedSales.zip
280 W Mckinley St,280 W Mckinley St,Phoenix,Arizona,108,sold,,2025-05-01,W Mckinley Investment LLC,Mckinley Land Development LLC,,Maricopa County Assessor sales records,https://www.arcgis.com/home/item.html?id=f3484c72a938497286adc4e5de7e9963
9110 Tidwell Rd,9110 Tidwell Rd,Houston,Texas,108,sold,,2025-03-12,Commons Of Grace LP,,,Website,https://download.hcad.org/data/CAMA/2026/Real_acct_owner.zip
12660 Medfield Dr,12660 Medfield Dr,Houston,Texas,106,sold,,2025-02-26,Houston Vanderbilt Lodge Apartments LP,,,Website,https://download.hcad.org/data/CAMA/2026/Real_acct_owner.zip
Claridge Point,5918 Ridgecrest Rd,Dallas,Texas,106,sold,,2025-10-31,Solamar Apts LLC &,,,Website,https://www.dallascad.org/ViewPDFs.aspx?type=3&id=\\DCAD.ORG\WEB\WEBDATA\WEBFORMS\DATA PRODUCTS\DCAD2026_CURRENT.ZIP
The Flats Of Dallas,8206 Bunche Dr,Dallas,Texas,106,sold,,2025-05-02,Ninety9 Capital Mffi Flats LLC,,,Website,https://www.dallascad.org/ViewPDFs.aspx?type=3&id=\\DCAD.ORG\WEB\WEBDATA\WEBFORMS\DATA PRODUCTS\DCAD2026_CURRENT.ZIP
1742 Woodvine Dr,1742 Woodvine Dr,Houston,Texas,105,sold,,2025-07-23,Texastar Investments LLC,,,Website,https://download.hcad.org/data/CAMA/2026/Real_acct_owner.zip
6111 Winsome Ln,6111 Winsome Ln,Houston,Texas,105,sold,,2025-05-28,Ameritas Life Insurance Corp,,,Website,https://download.hcad.org/data/CAMA/2026/Real_acct_owner.zip
Oak Park-(Tdhca# 91056),2800 W Pioneer Dr,Irving,Texas,105,sold,,2025-09-24,2800 W Pioneer Partners LLC,,,Website,https://www.dallascad.org/ViewPDFs.aspx?type=3&id=\\DCAD.ORG\WEB\WEBDATA\WEBFORMS\DATA PRODUCTS\DCAD2026_CURRENT.ZIP
948 E Devonshire Ave,948 E Devonshire Ave,Phoenix,Arizona,104,sold,,2025-08-01,Midtown On Devonshire LLC,Fringe Capital Partners Acquisition Company 1,,Maricopa County Assessor sales records,https://www.arcgis.com/home/item.html?id=f3484c72a938497286adc4e5de7e9963
295 E Roosevelt St,295 E Roosevelt St,Phoenix,Arizona,104,sold,,2025-05-01,Linear Investment LLC,Linear Apts LLC,,Maricopa County Assessor sales records,https://www.arcgis.com/home/item.html?id=f3484c72a938497286adc4e5de7e9963
11805 Meadowglen Ln,11805 Meadowglen Ln,Houston,Texas,104,sold,,2025-07-23,Gvii-Ms Royal Oaks Owner LP,,,Website,https://download.hcad.org/data/CAMA/2026/Real_acct_owner.zip
13350 Northborough Dr,13350 Northborough Dr,Houston,Texas,104,sold,,2025-12-09,Nsi Canfield LLC,,,Website,https://download.hcad.org/data/CAMA/2026/Real_acct_owner.zip
15815 Memorial Dr,15815 Memorial Dr,Houston,Texas,104,sold,,2025-07-18,Tazono Urban Corporation,,,Website,https://download.hcad.org/data/CAMA/2026/Real_acct_owner.zip
2105 Cedar Bayou Rd,2105 Cedar Bayou Rd,Baytown,Texas,104,sold,,2025-08-21,Tpi Greenfield LLC,,,Website,https://download.hcad.org/data/CAMA/2026/Real_acct_owner.zip
3411 Cummins St,3411 Cummins St,Houston,Texas,103,sold,,2025-08-28,Va9 Greenway Court LLC,,,Website,https://download.hcad.org/data/CAMA/2026/Real_acct_owner.zip
12888 Queensbury Ln,12888 Queensbury Ln,Houston,Texas,100,sold,,2025-08-13,Lofts Armando LLC,,,Website,https://download.hcad.org/data/CAMA/2026/Real_acct_owner.zip
Estera,11321 Woodmeadow Pkwy,Dallas,Texas,100,sold,,2025-03-17,Pecos Housing Finance,,,Website,https://www.dallascad.org/ViewPDFs.aspx?type=3&id=\\DCAD.ORG\WEB\WEBDATA\WEBFORMS\DATA PRODUCTS\DCAD2026_CURRENT.ZIP
Pearl Lofts,1100 S Pearl Expy,Dallas,Texas,100,sold,,2025-07-25,1100 Pearl Street INC,,,Website,https://www.dallascad.org/ViewPDFs.aspx?type=3&id=\\DCAD.ORG\WEB\WEBDATA\WEBFORMS\DATA PRODUCTS\DCAD2026_CURRENT.ZIP
The Hanger,201 S Clark Rd,Cedar Hill,Texas,100,sold,,2025-12-24,201 Clark Rd Apts LLC,,,Website,https://www.dallascad.org/ViewPDFs.aspx?type=3&id=\\DCAD.ORG\WEB\WEBDATA\WEBFORMS\DATA PRODUCTS\DCAD2026_CURRENT.ZIP
217 Melba St Apts,217 Melba St,Dallas,Texas,99,sold,,2025-03-26,Bishop Modern LLC,,,Website,https://www.dallascad.org/ViewPDFs.aspx?type=3&id=\\DCAD.ORG\WEB\WEBDATA\WEBFORMS\DATA PRODUCTS\DCAD2026_CURRENT.ZIP
1325 Greens Pky,1325 Greens Pky,Houston,Texas,96,sold,,2025-04-01,Lsf Plv Houston LLC,,,Website,https://download.hcad.org/data/CAMA/2026/Real_acct_owner.zip
Northwood Heights (Ecu Includes 26 Resi Acct),15702 El Estado Dr,Dallas,Texas,96,sold,,2025-10-10,Brazos Northwood Heights,,,Website,https://www.dallascad.org/ViewPDFs.aspx?type=3&id=\\DCAD.ORG\WEB\WEBDATA\WEBFORMS\DATA PRODUCTS\DCAD2026_CURRENT.ZIP
Spanish Pueblo Apartments,9701 Dale Crest Dr,Dallas,Texas,96,sold,,2025-04-22,La Villa Housing Finance,,,Website,https://www.dallascad.org/ViewPDFs.aspx?type=3&id=\\DCAD.ORG\WEB\WEBDATA\WEBFORMS\DATA PRODUCTS\DCAD2026_CURRENT.ZIP
146 Center Ct,146 Center Ct,Deer Park,Texas,94,sold,,2025-11-20,Pal Parktown LP,,,Website,https://download.hcad.org/data/CAMA/2026/Real_acct_owner.zip
6909 Renwick Dr,6909 Renwick Dr,Houston,Texas,94,sold,,2025-07-30,Grove At Edgemoor LLC,,,Website,https://download.hcad.org/data/CAMA/2026/Real_acct_owner.zip
6201 N 16Th St,6201 N 16th St,Phoenix,Arizona,92,sold,,2025-11-01,Sora On Rose Apartments LLC,N 16th St LLC,,Maricopa County Assessor sales records,https://www.arcgis.com/home/item.html?id=f3484c72a938497286adc4e5de7e9963
708 N Country Club Dr,708 N Country Club Dr,Mesa,Arizona,92,sold,,2025-11-01,Mark At 87 LLC,Red Kite Ventures Llc/Etal,,Maricopa County Assessor sales records,https://www.arcgis.com/home/item.html?id=f3484c72a938497286adc4e5de7e9963
1505 N Country Club Dr,1505 N Country Club Dr,Mesa,Arizona,92,sold,,2025-08-01,Ipg Ncc Owner LLC,Ncc Investments LLC,,Maricopa County Assessor sales records,https://www.arcgis.com/home/item.html?id=f3484c72a938497286adc4e5de7e9963
Maverick Oak Lawn,2600 Arroyo Ave,Dallas,Texas,92,sold,,2025-10-07,Opps Rtl Investment Holding I LLC,,,Website,https://www.dallascad.org/ViewPDFs.aspx?type=3&id=\\DCAD.ORG\WEB\WEBDATA\WEBFORMS\DATA PRODUCTS\DCAD2026_CURRENT.ZIP
1890 S Country Club,1890 S Country Club,Tempe,Arizona,90,sold,,2025-11-01,Cvg V On Broadway LLC,Virtua Broadway Tempe LLC,,Maricopa County Assessor sales records,https://www.arcgis.com/home/item.html?id=f3484c72a938497286adc4e5de7e9963
1620 Oak Tree Dr,1620 Oak Tree Dr,Houston,Texas,90,sold,,2025-04-03,Pecos Housing Finance Corp,,,Website,https://download.hcad.org/data/CAMA/2026/Real_acct_owner.zip
Oxford Park Phase 2,5330 Bond St,Irving,Texas,89,sold,,2025-04-02,Montgomery Acquisitions I LLC &,,,Website,https://www.dallascad.org/ViewPDFs.aspx?type=3&id=\\DCAD.ORG\WEB\WEBDATA\WEBFORMS\DATA PRODUCTS\DCAD2026_CURRENT.ZIP
712 Pinemont Dr,712 Pinemont Dr,Houston,Texas,88,sold,,2025-03-12,Pecos Housing Finance Corp,,,Website,https://download.hcad.org/data/CAMA/2026/Real_acct_owner.zip
Burnett Lofts @ Bishop Ridge,512 N Ewing Ave,Dallas,Texas,86,sold,,2025-03-07,Dallas Public Facility Corp,,,Website,https://www.dallascad.org/ViewPDFs.aspx?type=3&id=\\DCAD.ORG\WEB\WEBDATA\WEBFORMS\DATA PRODUCTS\DCAD2026_CURRENT.ZIP
4404 W Bethany Home Rd,4404 W Bethany Home Rd,Glendale,Arizona,85,sold,,2025-06-01,48 Mgg Park West AZ Llc/Hirsch Family Trust C,Lsf Glendale 1 LLC,,Maricopa County Assessor sales records,https://www.arcgis.com/home/item.html?id=f3484c72a938497286adc4e5de7e9963
1975 E Apache Blvd,1975 E Apache Blvd,Tempe,Arizona,84,sold,,2025-05-01,Apache La Paloma LLC,1975 E Apache Drive LLC,,Maricopa County Assessor sales records,https://www.arcgis.com/home/item.html?id=f3484c72a938497286adc4e5de7e9963
Bella Vida,927 N Oak St,Tarrant County,Texas,84,sold,,2025-05-07,,,,State permit data,https://www.tad.org/content/data-download/2026CommImprovedSales.zip
Country Brook Apts,120 S Rogers Rd,Irving,Texas,84,sold,,2025-12-10,Kann Limited LLC,,,Website,https://www.dallascad.org/ViewPDFs.aspx?type=3&id=\\DCAD.ORG\WEB\WEBDATA\WEBFORMS\DATA PRODUCTS\DCAD2026_CURRENT.ZIP
3030 Greenridge Dr,3030 Greenridge Dr,Houston,Texas,83,sold,,2025-05-28,Ameritas Life Insurance Corp,,,Website,https://download.hcad.org/data/CAMA/2026/Real_acct_owner.zip
8719 FM 1960 Rd W,8719 FM 1960 Rd W,Houston,Texas,83,sold,,2025-07-10,8719 FM 1960 Road West Reo LLC,,,Website,https://download.hcad.org/data/CAMA/2026/Real_acct_owner.zip
Richland Park,951 Abrams Rd,Richardson,Texas,82,sold,,2025-07-31,Rpapt LLC,,,Website,https://www.dallascad.org/ViewPDFs.aspx?type=3&id=\\DCAD.ORG\WEB\WEBDATA\WEBFORMS\DATA PRODUCTS\DCAD2026_CURRENT.ZIP
Chase Place Phase 2,9825 Webbs Chapel Rd,Dallas,Texas,81,sold,,2025-04-21,La Villa Housing Finance Corp,,,Website,https://www.dallascad.org/ViewPDFs.aspx?type=3&id=\\DCAD.ORG\WEB\WEBDATA\WEBFORMS\DATA PRODUCTS\DCAD2026_CURRENT.ZIP
11402 Beechnut St,11402 Beechnut St,Houston,Texas,80,sold,,2025-08-01,Apt Leawood Plaza LLC,,,Website,https://download.hcad.org/data/CAMA/2026/Real_acct_owner.zip
911 Sun Prairie Dr,911 Sun Prairie Dr,Houston,Texas,80,sold,,2025-12-30,Tda TX Reserve LLC,,,Website,https://download.hcad.org/data/CAMA/2026/Real_acct_owner.zip
Ewing Vilas - Txa20030115,822 Hanszen St,Dallas,Texas,80,sold,,2025-11-26,80 Units 811 W Morrell LLC,,,Website,https://www.dallascad.org/ViewPDFs.aspx?type=3&id=\\DCAD.ORG\WEB\WEBDATA\WEBFORMS\DATA PRODUCTS\DCAD2026_CURRENT.ZIP
Lakedale Apts,2911 Kendale Dr,Dallas,Texas,80,sold,,2025-11-13,Lakedale Owner LLC,,,Website,https://www.dallascad.org/ViewPDFs.aspx?type=3&id=\\DCAD.ORG\WEB\WEBDATA\WEBFORMS\DATA PRODUCTS\DCAD2026_CURRENT.ZIP
Strawberry Hill Apts,800 W Cartwright Rd,Mesquite,Texas,80,sold,,2025-01-02,Kyjmhills LLC,,,Website,https://www.dallascad.org/ViewPDFs.aspx?type=3&id=\\DCAD.ORG\WEB\WEBDATA\WEBFORMS\DATA PRODUCTS\DCAD2026_CURRENT.ZIP
749 E Maryland Ave,749 E Maryland Ave,Phoenix,Arizona,78,sold,,2025-07-01,Venture On Maryland LLC,Maryland Green Multifamily Llc/Maryland Green,,Maricopa County Assessor sales records,https://www.arcgis.com/home/item.html?id=f3484c72a938497286adc4e5de7e9963
1000 S Allen Genoa Rd,1000 S Allen Genoa Rd,South Houston,Texas,78,sold,,2025-11-28,Bellatx2023 LLC,,,Website,https://download.hcad.org/data/CAMA/2026/Real_acct_owner.zip
16700 Golf Club Dr,16700 Golf Club Dr,Crosby,Texas,78,sold,,2025-12-29,Meridian Peak Holdings LLC,,,Website,https://download.hcad.org/data/CAMA/2026/Real_acct_owner.zip
601 W Donovan St,601 W Donovan St,Houston,Texas,78,sold,,2025-05-20,Pecos Housing Finance Corp,,,Website,https://download.hcad.org/data/CAMA/2026/Real_acct_owner.zip
18828 SH 249,18828 SH 249,Houston,Texas,77,sold,,2025-07-14,18828 State Highway 249 Reo LLC,,,Website,https://download.hcad.org/data/CAMA/2026/Real_acct_owner.zip
1919 W Main,1919 W Main,Houston,Texas,77,sold,,2025-09-29,A New Hope Prope LLC,,,Website,https://download.hcad.org/data/CAMA/2026/Real_acct_owner.zip
9301 Clay Rd,9301 Clay Rd,Houston,Texas,76,sold,,2025-03-24,Circulo Jade Forest LLC,,,Website,https://download.hcad.org/data/CAMA/2026/Real_acct_owner.zip
1720 Crestdale Dr,1720 Crestdale Dr,Houston,Texas,75,sold,,2025-04-03,Pecos Housing Finance Corp,,,Website,https://download.hcad.org/data/CAMA/2026/Real_acct_owner.zip
3600 S Shaver St,3600 S Shaver St,South Houston,Texas,75,sold,,2025-11-28,Bellatx2023 LLC,,,Website,https://download.hcad.org/data/CAMA/2026/Real_acct_owner.zip
5000 Pease St,5000 Pease St,Houston,Texas,74,sold,,2025-07-28,Jefferson Square LLC,,,Website,https://download.hcad.org/data/CAMA/2026/Real_acct_owner.zip
8030 W Airport Blvd,8030 W Airport Blvd,Houston,Texas,73,sold,,2025-11-04,Oconee Real Estate Holdings,,,Website,https://download.hcad.org/data/CAMA/2026/Real_acct_owner.zip
7959 N 53Rd Ave,7959 N 53rd Ave,Glendale,Arizona,71,sold,,2025-06-01,Nwi Ac Owner LLC,Shelle Company LLC,,Maricopa County Assessor sales records,https://www.arcgis.com/home/item.html?id=f3484c72a938497286adc4e5de7e9963
5241 E Thomas Rd,5241 E Thomas Rd,Phoenix,Arizona,71,sold,,2025-01-01,Venture On 52nd LLC,Elisse Homes LLC,,Maricopa County Assessor sales records,https://www.arcgis.com/home/item.html?id=f3484c72a938497286adc4e5de7e9963
Aspen Court Apartments,1600 Amelia Ct,Plano,Texas,70,sold,,2025-05-03,Amelia 77 LLC,,,Texas county property records,https://data.texas.gov/d/5tkr-3759
The Parke At University Park Phase 2,4554 Glenwick Ln,Dallas,Texas,70,sold,,2025-06-16,Somp-Parke LP,,,Website,https://www.dallascad.org/ViewPDFs.aspx?type=3&id=\\DCAD.ORG\WEB\WEBDATA\WEBFORMS\DATA PRODUCTS\DCAD2026_CURRENT.ZIP
818 Pinemont Dr,818 Pinemont Dr,Houston,Texas,68,sold,,2025-03-12,Pecos Housing Finance Corp,,,Website,https://download.hcad.org/data/CAMA/2026/Real_acct_owner.zip
Tides On Mccallum North,7760 Mccallum Blvd,Dallas,Texas,68,sold,,2025-06-05,Pecos Housing Finance,,,Website,https://www.dallascad.org/ViewPDFs.aspx?type=3&id=\\DCAD.ORG\WEB\WEBDATA\WEBFORMS\DATA PRODUCTS\DCAD2026_CURRENT.ZIP
Galleries At Park Lane -Impt Only-,8130 Park Ln,Dallas,Texas,67,sold,,2025-05-30,Mmf I Dfw Park Lane LLC,,,Website,https://www.dallascad.org/ViewPDFs.aspx?type=3&id=\\DCAD.ORG\WEB\WEBDATA\WEBFORMS\DATA PRODUCTS\DCAD2026_CURRENT.ZIP
Northwood Heights (Ecu Includes 26 Resi Accts),15610 El Estado Dr,Dallas,Texas,67,sold,,2025-10-10,Brazos Northwood Heights,,,Website,https://www.dallascad.org/ViewPDFs.aspx?type=3&id=\\DCAD.ORG\WEB\WEBDATA\WEBFORMS\DATA PRODUCTS\DCAD2026_CURRENT.ZIP
Greentree Apts (All Bills Paid) (Ecu),3435 S Polk St,Dallas,Texas,64,sold,,2025-06-11,3425 Spolk Street LLC,,,Website,https://www.dallascad.org/ViewPDFs.aspx?type=3&id=\\DCAD.ORG\WEB\WEBDATA\WEBFORMS\DATA PRODUCTS\DCAD2026_CURRENT.ZIP
Katy Village Apts,1300 Katy Dr,Irving,Texas,64,sold,,2025-12-12,Eric Investments LLC,,,Website,https://www.dallascad.org/ViewPDFs.aspx?type=3&id=\\DCAD.ORG\WEB\WEBDATA\WEBFORMS\DATA PRODUCTS\DCAD2026_CURRENT.ZIP
Tenison Lofts Bldg 1 (5% Complete),3602 Samuell Blvd,Dallas,Texas,64,sold,,2025-02-18,Dhfc Tenison Lofts,"TX Tenison 2023, Ltd.",(214) 613-6569,Website,https://www.dallascad.org/ViewPDFs.aspx?type=3&id=\\DCAD.ORG\WEB\WEBDATA\WEBFORMS\DATA PRODUCTS\DCAD2026_CURRENT.ZIP
3025 N 32Nd St,3025 N 32nd St,Phoenix,Arizona,62,sold,,2025-02-01,Mountain West 32 LLC,Belbrook 32 LLC,,Maricopa County Assessor sales records,https://www.arcgis.com/home/item.html?id=f3484c72a938497286adc4e5de7e9963
3811 Link Valley Dr,3811 Link Valley Dr,Houston,Texas,61,sold,,2025-06-30,Houston Spyglass LLC,,,Website,https://download.hcad.org/data/CAMA/2026/Real_acct_owner.zip
302 E Monte Vista Rd,302 E Monte Vista Rd,Phoenix,Arizona,60,sold,,2025-08-01,Starlight Realty Group LLC,,,Maricopa County Assessor sales records,https://www.arcgis.com/home/item.html?id=f3484c72a938497286adc4e5de7e9963
1920 Hollister St,1920 Hollister St,Houston,Texas,60,sold,,2025-12-18,Hollister Luxury Apartments TX LLC,,,Website,https://download.hcad.org/data/CAMA/2026/Real_acct_owner.zip
Catalina Court (All Bills Paid) (Ecu),3425 S Polk St,Dallas,Texas,60,sold,,2025-06-11,3425 S Polk Street LLC,,,Website,https://www.dallascad.org/ViewPDFs.aspx?type=3&id=\\DCAD.ORG\WEB\WEBDATA\WEBFORMS\DATA PRODUCTS\DCAD2026_CURRENT.ZIP
Landmark At Lake Village East - 60 Units,4366 Point Blvd,Garland,Texas,60,sold,,2025-03-11,Edcouch Community Housing,,,Website,https://www.dallascad.org/ViewPDFs.aspx?type=3&id=\\DCAD.ORG\WEB\WEBDATA\WEBFORMS\DATA PRODUCTS\DCAD2026_CURRENT.ZIP
Tenison Lofts Bldg 2 (15% Complete),3504 Samuell Blvd,Dallas,Texas,60,sold,,2025-02-18,Dhfc Tenison Lofts,,,Website,https://www.dallascad.org/ViewPDFs.aspx?type=3&id=\\DCAD.ORG\WEB\WEBDATA\WEBFORMS\DATA PRODUCTS\DCAD2026_CURRENT.ZIP
2028 Laverne St,2028 Laverne St,Houston,Texas,58,sold,,2025-07-31,Laverne Sunshine Property LLC,,,Website,https://download.hcad.org/data/CAMA/2026/Real_acct_owner.zip
Landmark At Lake Village East - 57 Units,1325 E IH 30,Garland,Texas,57,sold,,2025-03-11,Edcouch Community Housing,,,Website,https://www.dallascad.org/ViewPDFs.aspx?type=3&id=\\DCAD.ORG\WEB\WEBDATA\WEBFORMS\DATA PRODUCTS\DCAD2026_CURRENT.ZIP
909 S Mcclintock Dr,909 S Mcclintock Dr,Tempe,Arizona,56,sold,,2025-07-01,Azara Tempe Holdings LLC,Tmk Investments LLC,,Maricopa County Assessor sales records,https://www.arcgis.com/home/item.html?id=f3484c72a938497286adc4e5de7e9963
1541 Moritz Dr,1541 Moritz Dr,Houston,Texas,56,sold,,2025-12-09,1541 Moritz LP % Rc Investment Properties LLC,,,Website,https://download.hcad.org/data/CAMA/2026/Real_acct_owner.zip
3201 Garth Rd,3201 Garth Rd,Baytown,Texas,56,sold,,2025-05-30,Verve Apartments LLC,,,Website,https://download.hcad.org/data/CAMA/2026/Real_acct_owner.zip
4812 Sycamore Ave,4812 Sycamore Ave,Pasadena,Texas,56,sold,,2025-06-02,Stormfield Capital Funding I LLC,,,Website,https://download.hcad.org/data/CAMA/2026/Real_acct_owner.zip
Melba Bishop Arts,212 Melba St,Dallas,Texas,55,sold,,2025-10-31,212 Melba Owner LLC,,,Website,https://www.dallascad.org/ViewPDFs.aspx?type=3&id=\\DCAD.ORG\WEB\WEBDATA\WEBFORMS\DATA PRODUCTS\DCAD2026_CURRENT.ZIP
Landmark At Lake Village East - 54 Units,4350 Point Blvd,Garland,Texas,54,sold,,2025-03-11,Edcouch Community Housing,,,Website,https://www.dallascad.org/ViewPDFs.aspx?type=3&id=\\DCAD.ORG\WEB\WEBDATA\WEBFORMS\DATA PRODUCTS\DCAD2026_CURRENT.ZIP
Eclipse At Oak Lawn Phase 1,2930 Kings Rd,Dallas,Texas,53,sold,,2025-01-23,Chv Eclipse Property,,,Website,https://www.dallascad.org/ViewPDFs.aspx?type=3&id=\\DCAD.ORG\WEB\WEBDATA\WEBFORMS\DATA PRODUCTS\DCAD2026_CURRENT.ZIP
403 Garner Rd,403 Garner Rd,Pasadena,Texas,52,sold,,2025-11-12,403 Garner Rd Spe LLC,,,Website,https://download.hcad.org/data/CAMA/2026/Real_acct_owner.zip
2409 W Northern Ave,2409 W Northern Ave,Phoenix,Arizona,51,sold,,2025-05-01,Huliinvest Llc/Peak Pulse Llc/Summit Oak Inve,Northern West Terrace Apartments I Llc/Northe,,Maricopa County Assessor sales records,https://www.arcgis.com/home/item.html?id=f3484c72a938497286adc4e5de7e9963
Kimpton Apartments,2014 Bennett Ave,Dallas,Texas,51,sold,,2025-10-14,Bristol Realty Partners LLC,,,Website,https://www.dallascad.org/ViewPDFs.aspx?type=3&id=\\DCAD.ORG\WEB\WEBDATA\WEBFORMS\DATA PRODUCTS\DCAD2026_CURRENT.ZIP
Southwind Apts (All Bills Paid),9873 Brockbank Dr,Dallas,Texas,51,sold,,2025-10-09,Amar LLC &,,,Website,https://www.dallascad.org/ViewPDFs.aspx?type=3&id=\\DCAD.ORG\WEB\WEBDATA\WEBFORMS\DATA PRODUCTS\DCAD2026_CURRENT.ZIP
3722 E Mcdowell Rd,3722 E Mcdowell Rd,Phoenix,Arizona,50,sold,,2025-09-01,Papago View Apartment LLC,AZ Papago LLC,,Maricopa County Assessor sales records,https://www.arcgis.com/home/item.html?id=f3484c72a938497286adc4e5de7e9963
8345 Park Place Blvd,8345 Park Place Blvd,Houston,Texas,50,sold,,2025-12-04,Fat Property LLC,,,Website,https://download.hcad.org/data/CAMA/2026/Real_acct_owner.zip
600 N 53Rd St,600 N 53rd St,Phoenix,Arizona,49,sold,,2025-05-01,Villa Fifty2 Owner LLC,Villa Fifty2 LP,,Maricopa County Assessor sales records,https://www.arcgis.com/home/item.html?id=f3484c72a938497286adc4e5de7e9963
560 N Penn Ln,560 N Penn Ln,Wickenburg,Arizona,48,sold,,2025-11-01,Tsn Wickenburg LLC,Bradshaw Owner LLC,,Maricopa County Assessor sales records,https://www.arcgis.com/home/item.html?id=f3484c72a938497286adc4e5de7e9963
1710 W T C Jester Blvd,1710 W T C Jester Blvd,Houston,Texas,48,sold,,2025-04-02,Gwo LLC,,,Website,https://download.hcad.org/data/CAMA/2026/Real_acct_owner.zip
327 Hufsmith,327 Hufsmith,Tomball,Texas,48,sold,,2025-07-15,Tomball Tora Borrower LLC,,,Website,https://download.hcad.org/data/CAMA/2026/Real_acct_owner.zip
5505 Pine St,5505 Pine St,Houston,Texas,48,sold,,2025-05-08,Cameron County Housing Finance Corp,,,Website,https://download.hcad.org/data/CAMA/2026/Real_acct_owner.zip
Fawn Ridge Village East (Ecu 49% Vacant),630 Bow Arrow Dr,Dallas,Texas,48,sold,,2025-03-13,La Villa Housing Finance,,,Website,https://www.dallascad.org/ViewPDFs.aspx?type=3&id=\\DCAD.ORG\WEB\WEBDATA\WEBFORMS\DATA PRODUCTS\DCAD2026_CURRENT.ZIP
Hart House (Undergoing Reno),1239 Hartsdale Dr,Dallas,Texas,48,sold,,2025-07-02,Hart House Community LLC,,,Website,https://www.dallascad.org/ViewPDFs.aspx?type=3&id=\\DCAD.ORG\WEB\WEBDATA\WEBFORMS\DATA PRODUCTS\DCAD2026_CURRENT.ZIP
Falcon Crest,3225 Crestview Dr,Dallas,Texas,47,sold,,2025-02-18,Bedford Realty Group LLC &,,,Website,https://www.dallascad.org/ViewPDFs.aspx?type=3&id=\\DCAD.ORG\WEB\WEBDATA\WEBFORMS\DATA PRODUCTS\DCAD2026_CURRENT.ZIP
Hart House,1235 Hartsdale Dr,Dallas,Texas,46,sold,,2025-07-02,Hart House Community LLC,,,Website,https://www.dallascad.org/ViewPDFs.aspx?type=3&id=\\DCAD.ORG\WEB\WEBDATA\WEBFORMS\DATA PRODUCTS\DCAD2026_CURRENT.ZIP
Richland Court,"6626 Reeves St, Richland Hills",Richland Hills,Texas,46,sold,,2025-03-25,,,,State permit data,https://www.tad.org/content/data-download/2026CommPermits.zip
Unnamed project,,Maricopa County,Arizona,44,sold,,2025-09-01,1806 East Concorda Drive LLC,Donovan John H Jr/Cher,,Maricopa County Assessor sales records,https://www.arcgis.com/home/item.html?id=f3484c72a938497286adc4e5de7e9963
1805 E Concorda Dr,1805 E Concorda Dr,Tempe,Arizona,44,sold,,2025-09-01,1806 East Concorda Drive LLC,Donovan John H Jr/Cher,,Maricopa County Assessor sales records,https://www.arcgis.com/home/item.html?id=f3484c72a938497286adc4e5de7e9963
2202 E Roosevelt St,2202 E Roosevelt St,Phoenix,Arizona,44,sold,,2025-04-01,2202 Roosevelt LLC,Rockie Lee Suttle Living Trust,,Maricopa County Assessor sales records,https://www.arcgis.com/home/item.html?id=f3484c72a938497286adc4e5de7e9963
830 N Alma School Rd,830 N Alma School Rd,Mesa,Arizona,44,sold,,2025-04-01,830 Rio Salado LLC,830 Piedmont Llc/3025 N 36th Street LLC,,Maricopa County Assessor sales records,https://www.arcgis.com/home/item.html?id=f3484c72a938497286adc4e5de7e9963
1819 Briarcreek Blvd,1819 Briarcreek Blvd,Houston,Texas,44,sold,,2025-04-11,Team Chudecke Mustang LLC,,,Website,https://download.hcad.org/data/CAMA/2026/Real_acct_owner.zip
301 Tri City Beach Rd,301 Tri City Beach Rd,Baytown,Texas,44,sold,,2025-09-19,Baytown Collective LLC,,,Website,https://download.hcad.org/data/CAMA/2026/Real_acct_owner.zip
902 Oak St,902 Oak St,Houston,Texas,44,sold,,2025-02-28,902 Oak LLC,,,Website,https://download.hcad.org/data/CAMA/2026/Real_acct_owner.zip
Lake Lofts Phase 2,9420 Beck Ave,Dallas,Texas,43,sold,,2025-12-02,Buena Ondawhite Rock Lake LP,,,Website,https://www.dallascad.org/ViewPDFs.aspx?type=3&id=\\DCAD.ORG\WEB\WEBDATA\WEBFORMS\DATA PRODUCTS\DCAD2026_CURRENT.ZIP
River Bend Phase 2,1100 River Bend Rd,Lancaster,Texas,43,sold,,2025-04-09,1000 River Bend Dr,,,Website,https://www.dallascad.org/ViewPDFs.aspx?type=3&id=\\DCAD.ORG\WEB\WEBDATA\WEBFORMS\DATA PRODUCTS\DCAD2026_CURRENT.ZIP
1547 E Broadway Rd,1547 E Broadway Rd,Mesa,Arizona,42,sold,,2025-02-01,Flower Apartments AZ Llc/Park Mesa Apts Lft-L,1547 Pm LLC,,Maricopa County Assessor sales records,https://www.arcgis.com/home/item.html?id=f3484c72a938497286adc4e5de7e9963
1010 Jackson Ave,1010 Jackson Ave,Pasadena,Texas,42,sold,,2025-06-03,Stormfield Capital Funding LLC,,,Website,https://download.hcad.org/data/CAMA/2026/Real_acct_owner.zip
1901 Richmond Ave,1901 Richmond Ave,Houston,Texas,42,sold,,2025-06-16,1901 Richmond Investors LLC,,,Website,https://download.hcad.org/data/CAMA/2026/Real_acct_owner.zip
Spanish Courtyard Apts,2809 W Pioneer Dr,Irving,Texas,42,sold,,2025-12-12,Kaw3N LLC,,,Website,https://www.dallascad.org/ViewPDFs.aspx?type=3&id=\\DCAD.ORG\WEB\WEBDATA\WEBFORMS\DATA PRODUCTS\DCAD2026_CURRENT.ZIP
3940 W Mcdowell Rd,3940 W Mcdowell Rd,Phoenix,Arizona,41,sold,,2025-12-01,Rcs Owner LLC,Rancho Cielo Senior Apartments LP,,Maricopa County Assessor sales records,https://www.arcgis.com/home/item.html?id=f3484c72a938497286adc4e5de7e9963
(Vac Issue/Def Maint) Shelby 2707 (All Bills Paid),2707 Shelby Ave,Dallas,Texas,41,sold,,2025-02-26,12Ten Shelby LLC,,,Website,https://www.dallascad.org/ViewPDFs.aspx?type=3&id=\\DCAD.ORG\WEB\WEBDATA\WEBFORMS\DATA PRODUCTS\DCAD2026_CURRENT.ZIP
Carriage House (Ecu),6255 Oram St,Dallas,Texas,41,sold,,2025-02-20,Anne Nelson Irrevocable Trust,,,Website,https://www.dallascad.org/ViewPDFs.aspx?type=3&id=\\DCAD.ORG\WEB\WEBDATA\WEBFORMS\DATA PRODUCTS\DCAD2026_CURRENT.ZIP
2211 W Alabama Dr,2211 W Alabama Dr,Houston,Texas,40,sold,,2025-09-29,2211 W Alabama LLC C/O Cwcapital Asset Management,,,Website,https://download.hcad.org/data/CAMA/2026/Real_acct_owner.zip
3643 N Macgregor Way,3643 N Macgregor Way,Houston,Texas,40,sold,,2025-09-19,Pank Holdings LLC,,,Website,https://download.hcad.org/data/CAMA/2026/Real_acct_owner.zip
6301 Alfano St,6301 Alfano St,Houston,Texas,40,sold,,2025-03-05,R Garden LLC,,,Website,https://download.hcad.org/data/CAMA/2026/Real_acct_owner.zip
8351 Park Place Blvd,8351 Park Place Blvd,Houston,Texas,40,sold,,2025-12-04,Untitled Prop LLC,,,Website,https://download.hcad.org/data/CAMA/2026/Real_acct_owner.zip
8923 Antoine Dr,8923 Antoine Dr,Houston,Texas,40,sold,,2025-08-28,8923-9021 Antoine Drive Holdings LP,,,Website,https://download.hcad.org/data/CAMA/2026/Real_acct_owner.zip
Colmar Terrace,2211 S Vernon Ave,Dallas,Texas,40,sold,,2025-10-08,Graham Mortgage Corporation,,,Website,https://www.dallascad.org/ViewPDFs.aspx?type=3&id=\\DCAD.ORG\WEB\WEBDATA\WEBFORMS\DATA PRODUCTS\DCAD2026_CURRENT.ZIP
Tenison Lofts Bldg 3 (15% Complete),3503 Merrifield Ave,Dallas,Texas,40,sold,,2025-02-18,Dhfc Tenison Lofts,,,Website,https://www.dallascad.org/ViewPDFs.aspx?type=3&id=\\DCAD.ORG\WEB\WEBDATA\WEBFORMS\DATA PRODUCTS\DCAD2026_CURRENT.ZIP
Carolina,4929 Reiger Ave,Dallas,Texas,38,sold,,2025-09-10,High Desert Holdings LLC,,,Website,https://www.dallascad.org/ViewPDFs.aspx?type=3&id=\\DCAD.ORG\WEB\WEBDATA\WEBFORMS\DATA PRODUCTS\DCAD2026_CURRENT.ZIP
Gaston Commons,4712 Gaston Ave,Dallas,Texas,38,sold,,2025-06-03,4712 Gaston Commons LLC,,,Website,https://www.dallascad.org/ViewPDFs.aspx?type=3&id=\\DCAD.ORG\WEB\WEBDATA\WEBFORMS\DATA PRODUCTS\DCAD2026_CURRENT.ZIP
5407 W Glenrosa Ave,5407 W Glenrosa Ave,Phoenix,Arizona,36,sold,,2025-07-01,Parkway Apts LLC,Dorn Properties Llc/Far Western Properties Ll,,Maricopa County Assessor sales records,https://www.arcgis.com/home/item.html?id=f3484c72a938497286adc4e5de7e9963
Unnamed project,,Maricopa County,Arizona,36,sold,,2025-04-01,Sonoran Townhomes Tbbg LLC,3426 University LLC,,Maricopa County Assessor sales records,https://www.arcgis.com/home/item.html?id=f3484c72a938497286adc4e5de7e9963
803 Dunson Glen Dr,803 Dunson Glen Dr,Houston,Texas,36,sold,,2025-12-30,Tda TX Reserve LLC,,,Website,https://download.hcad.org/data/CAMA/2026/Real_acct_owner.zip
Flats On Ross,4619 Ross Ave,Dallas,Texas,36,sold,,2025-04-10,Skyline 2025 Ventures LLC,,,Website,https://www.dallascad.org/ViewPDFs.aspx?type=3&id=\\DCAD.ORG\WEB\WEBDATA\WEBFORMS\DATA PRODUCTS\DCAD2026_CURRENT.ZIP
424 Thornton Rd,424 Thornton Rd,Houston,Texas,34,sold,,2025-11-26,Thornton 414 LLC,,,Website,https://download.hcad.org/data/CAMA/2026/Real_acct_owner.zip
2402 W Devonshire Ave,2402 W Devonshire Ave,Phoenix,Arizona,33,sold,,2025-08-01,Wlc Holdings Llc/Kat Holdings LLC,Shineon Oasis Properties Llc/J&J Realty Partn,,Maricopa County Assessor sales records,https://www.arcgis.com/home/item.html?id=f3484c72a938497286adc4e5de7e9963
9135 Airline Dr,9135 Airline Dr,Houston,Texas,33,sold,,2025-11-07,Sulyukmanov Albert,,,Website,https://download.hcad.org/data/CAMA/2026/Real_acct_owner.zip
Aura Wycliff Phase II,4338 Congress Ave,Dallas,Texas,33,sold,,2025-12-03,Areit Dallas Wycliff LLC,,,Website,https://www.dallascad.org/ViewPDFs.aspx?type=3&id=\\DCAD.ORG\WEB\WEBDATA\WEBFORMS\DATA PRODUCTS\DCAD2026_CURRENT.ZIP
835 N 6Th Ave,835 N 6th Ave,Phoenix,Arizona,32,sold,,2025-11-01,Rc Owner LLC,Roosevelt Historic Housing LP,,Maricopa County Assessor sales records,https://www.arcgis.com/home/item.html?id=f3484c72a938497286adc4e5de7e9963
3838 Glen Arbor Dr,3838 Glen Arbor Dr,Houston,Texas,32,sold,,2025-03-03,Sayeg Living Trust,,,Website,https://download.hcad.org/data/CAMA/2026/Real_acct_owner.zip
4137 Dover St,4137 Dover St,Houston,Texas,32,sold,,2025-10-30,Dalpha Group LLC,,,Website,https://download.hcad.org/data/CAMA/2026/Real_acct_owner.zip
8137 Rankin Rd,8137 Rankin Rd,Humble,Texas,32,sold,,2025-08-22,Bryson Rankin LLC,,,Website,https://download.hcad.org/data/CAMA/2026/Real_acct_owner.zip
903 Dunson Glen Dr,903 Dunson Glen Dr,Houston,Texas,32,sold,,2025-12-30,Tda TX Reserve LLC,,,Website,https://download.hcad.org/data/CAMA/2026/Real_acct_owner.zip
Republic West Apartments (32 Units),269 E IH 30,Garland,Texas,32,sold,,2025-03-24,Pecos Housing Finance Corp,,,Website,https://www.dallascad.org/ViewPDFs.aspx?type=3&id=\\DCAD.ORG\WEB\WEBDATA\WEBFORMS\DATA PRODUCTS\DCAD2026_CURRENT.ZIP
Swiss Courts,5421 Bryan St,Dallas,Texas,32,sold,,2025-04-10,Skyline 2025 Ventures LLC,,,Website,https://www.dallascad.org/ViewPDFs.aspx?type=3&id=\\DCAD.ORG\WEB\WEBDATA\WEBFORMS\DATA PRODUCTS\DCAD2026_CURRENT.ZIP
The Cedars Condos,4731 N Galloway Ave,Mesquite,Texas,32,sold,,2025-05-28,Sigma 431 LLC,,,Website,https://www.dallascad.org/ViewPDFs.aspx?type=3&id=\\DCAD.ORG\WEB\WEBDATA\WEBFORMS\DATA PRODUCTS\DCAD2026_CURRENT.ZIP
Tides At Lake Village - 32 Units,4266 Bass Pro Dr,Garland,Texas,32,sold,,2025-03-11,Edcouch Community Housing,,,Website,https://www.dallascad.org/ViewPDFs.aspx?type=3&id=\\DCAD.ORG\WEB\WEBDATA\WEBFORMS\DATA PRODUCTS\DCAD2026_CURRENT.ZIP
The Parke At University Park Phase 1,4501 Druid Ln,Dallas,Texas,32,sold,,2025-06-16,Somp-Parke LP,,,Website,https://www.dallascad.org/ViewPDFs.aspx?type=3&id=\\DCAD.ORG\WEB\WEBDATA\WEBFORMS\DATA PRODUCTS\DCAD2026_CURRENT.ZIP
278 S Tegner St,278 S Tegner St,Wickenburg,Arizona,31,sold,,2025-11-01,Kkn Wickenburg LLC,Kokopelli Owner LLC,,Maricopa County Assessor sales records,https://www.arcgis.com/home/item.html?id=f3484c72a938497286adc4e5de7e9963
Republic West Apartments (30 Units),3701 Easton Meadows Dr,Garland,Texas,31,sold,,2025-03-24,Pecos Housing Finance Corp,,,Website,https://www.dallascad.org/ViewPDFs.aspx?type=3&id=\\DCAD.ORG\WEB\WEBDATA\WEBFORMS\DATA PRODUCTS\DCAD2026_CURRENT.ZIP
1919 Portsmouth St,1919 Portsmouth St,Houston,Texas,30,sold,,2025-03-06,Csc 1919 Portsmouth Realty LLC,,,Website,https://download.hcad.org/data/CAMA/2026/Real_acct_owner.zip
2010 Johanna Dr,2010 Johanna Dr,Houston,Texas,30,sold,,2025-06-23,Johanna Ventures LLC,,,Website,https://download.hcad.org/data/CAMA/2026/Real_acct_owner.zip
221 Arbrook,2201 E Arbrook Blvd,Tarrant County,Texas,30,sold,,2025-03-10,,,,State permit data,https://www.tad.org/content/data-download/2026CommImprovedSales.zip
Crestview House,3205 Crestview Dr,Dallas,Texas,30,sold,,2025-02-18,Bedford Realty Group LLC &,,,Website,https://www.dallascad.org/ViewPDFs.aspx?type=3&id=\\DCAD.ORG\WEB\WEBDATA\WEBFORMS\DATA PRODUCTS\DCAD2026_CURRENT.ZIP
1903 Portsmouth St,1903 Portsmouth St,Houston,Texas,29,sold,,2025-02-03,Csc 1919 Portsmouth Realty LLC,,,Website,https://download.hcad.org/data/CAMA/2026/Real_acct_owner.zip
3045 Golfcrest Blvd,3045 Golfcrest Blvd,Houston,Texas,29,sold,,2025-04-04,Team Chudecke Armadillo LLC,,,Website,https://download.hcad.org/data/CAMA/2026/Real_acct_owner.zip
12835 Jones Rd,12835 Jones Rd,Houston,Texas,28,sold,,2025-07-17,12835 Jones Road LLC,,,Website,https://download.hcad.org/data/CAMA/2026/Real_acct_owner.zip
4288 Bass Pro Dr,4288 Bass Pro Dr,Garland,Texas,28,sold,,2025-09-09,Retreat At Faulkner Point LLC,,,Website,https://www.dallascad.org/ViewPDFs.aspx?type=3&id=\\DCAD.ORG\WEB\WEBDATA\WEBFORMS\DATA PRODUCTS\DCAD2026_CURRENT.ZIP
7330 Silent Wood Ln,7330 Silent Wood Ln,Houston,Texas,28,sold,,2025-10-29,Ei1 LLC,,,Website,https://download.hcad.org/data/CAMA/2026/Real_acct_owner.zip
Landmark At Lake Village East - 28 Units,5513 Lake Hubbard Pkwy,Garland,Texas,28,sold,,2025-03-11,Edcouch Community Housing,,,Website,https://www.dallascad.org/ViewPDFs.aspx?type=3&id=\\DCAD.ORG\WEB\WEBDATA\WEBFORMS\DATA PRODUCTS\DCAD2026_CURRENT.ZIP
4927 San Jacinto,4927 San Jacinto St,Dallas,Texas,27,sold,,2025-12-31,Potawatomi LLC,,,Website,https://www.dallascad.org/ViewPDFs.aspx?type=3&id=\\DCAD.ORG\WEB\WEBDATA\WEBFORMS\DATA PRODUCTS\DCAD2026_CURRENT.ZIP
1735 W Cortez St,1735 W Cortez St,Phoenix,Arizona,26,sold,,2025-12-01,Rrrdt Properties LLC,M3 Capital Group Acquisition Company 4 LLC,,Maricopa County Assessor sales records,https://www.arcgis.com/home/item.html?id=f3484c72a938497286adc4e5de7e9963
1716 Crownover Rd,1716 Crownover Rd,Houston,Texas,26,sold,,2025-11-14,1716 Crownover LLC,,,Website,https://download.hcad.org/data/CAMA/2026/Real_acct_owner.zip
6636 Bellfort St,6636 Bellfort St,Houston,Texas,26,sold,,2025-05-15,Community Loan Servicihg LLC,,,Website,https://download.hcad.org/data/CAMA/2026/Real_acct_owner.zip
Spruce Valley Townhomes,2925 Spruce Valley Ln,Dallas,Texas,26,sold,,2025-04-03,Spruce Valley 52 LLC,,,Website,https://www.dallascad.org/ViewPDFs.aspx?type=3&id=\\DCAD.ORG\WEB\WEBDATA\WEBFORMS\DATA PRODUCTS\DCAD2026_CURRENT.ZIP
Temple Cliff Apts,1234 Templecliff Dr,Dallas,Texas,26,sold,,2025-08-21,Rocfii Templecliff LLC,,,Website,https://www.dallascad.org/ViewPDFs.aspx?type=3&id=\\DCAD.ORG\WEB\WEBDATA\WEBFORMS\DATA PRODUCTS\DCAD2026_CURRENT.ZIP
1852 N 52Nd Dr,1852 N 52nd Dr,Phoenix,Arizona,24,sold,,2025-05-01,M&R Real Estate Ventures LLC,Castor Papago LLC,,Maricopa County Assessor sales records,https://www.arcgis.com/home/item.html?id=f3484c72a938497286adc4e5de7e9963
1200 Carolyn Ct,1200 Carolyn Ct,Humble,Texas,24,sold,,2025-07-31,Aeh Carolyn Court LLC,,,Website,https://download.hcad.org/data/CAMA/2026/Real_acct_owner.zip
7830 Bayou Forest Dr,7830 Bayou Forest Dr,Houston,Texas,24,sold,,2025-09-05,Saks Invwood Investments LLC,,,Website,https://download.hcad.org/data/CAMA/2026/Real_acct_owner.zip
Belmont Court,4919 Belmont Ave,Dallas,Texas,24,sold,,2025-08-05,Blue Mountain Property,,,Website,https://www.dallascad.org/ViewPDFs.aspx?type=3&id=\\DCAD.ORG\WEB\WEBDATA\WEBFORMS\DATA PRODUCTS\DCAD2026_CURRENT.ZIP
Cimarron Place Phase 1,2614 Pasteur Ave,Dallas,Texas,24,sold,,2025-02-24,Ugm Of Dallas,,,Website,https://www.dallascad.org/ViewPDFs.aspx?type=3&id=\\DCAD.ORG\WEB\WEBDATA\WEBFORMS\DATA PRODUCTS\DCAD2026_CURRENT.ZIP
Eclipse At Oak Lawn Phase 2,4625 Cedar Springs Rd,Dallas,Texas,24,sold,,2025-01-23,Chv Eclipse Property,,,Website,https://www.dallascad.org/ViewPDFs.aspx?type=3&id=\\DCAD.ORG\WEB\WEBDATA\WEBFORMS\DATA PRODUCTS\DCAD2026_CURRENT.ZIP
Landmark At Lake Village North (24 Units),703 E IH 30,Garland,Texas,24,sold,,2025-03-24,Pecos Housing Finance Corp,,,Website,https://www.dallascad.org/ViewPDFs.aspx?type=3&id=\\DCAD.ORG\WEB\WEBDATA\WEBFORMS\DATA PRODUCTS\DCAD2026_CURRENT.ZIP
The District Apartments,425 N Rosemont Ave,Dallas,Texas,23,sold,,2025-10-09,District Realty LLC,,,Website,https://www.dallascad.org/ViewPDFs.aspx?type=3&id=\\DCAD.ORG\WEB\WEBDATA\WEBFORMS\DATA PRODUCTS\DCAD2026_CURRENT.ZIP
7119 N 67Th Ave,7119 N 67th Ave,Glendale,Arizona,22,sold,,2025-06-01,2202 Roosevelt LLC,Rockie Lee Suttle Living Trust,,Maricopa County Assessor sales records,https://www.arcgis.com/home/item.html?id=f3484c72a938497286adc4e5de7e9963
4917 E Holly St,4917 E Holly St,Phoenix,Arizona,22,sold,,2025-05-01,S&C Bell Properties LLC,Holly Papago LLC,,Maricopa County Assessor sales records,https://www.arcgis.com/home/item.html?id=f3484c72a938497286adc4e5de7e9963
5714 Jessamine St,5714 Jessamine St,Houston,Texas,22,sold,,2025-06-12,5714 Jessamine LLC,,,Website,https://download.hcad.org/data/CAMA/2026/Real_acct_owner.zip
6821 Fairway Dr,6821 Fairway Dr,Houston,Texas,22,sold,,2025-02-11,Amblegrove LLC,,,Website,https://download.hcad.org/data/CAMA/2026/Real_acct_owner.zip
Republic @ San Jacinto,5018 San Jacinto St,Dallas,Texas,22,sold,,2025-04-03,Mo Salah 11 LLC,,,Website,https://www.dallascad.org/ViewPDFs.aspx?type=3&id=\\DCAD.ORG\WEB\WEBDATA\WEBFORMS\DATA PRODUCTS\DCAD2026_CURRENT.ZIP
6730 N 17Th Ave,6730 N 17th Ave,Phoenix,Arizona,21,sold,,2025-08-01,Wlc Holdings Llc/Kat Holdings LLC,Aci-Forte Lllp,,Maricopa County Assessor sales records,https://www.arcgis.com/home/item.html?id=f3484c72a938497286adc4e5de7e9963
4316 N 20Th Ave 3,4316 N 20th Ave 3,Phoenix,Arizona,21,sold,,2025-05-01,Mulberry Living Limited Liability Company,Mulberry Place LLC,,Maricopa County Assessor sales records,https://www.arcgis.com/home/item.html?id=f3484c72a938497286adc4e5de7e9963
4316 N 20Th Ave,4316 N 20th Ave,Phoenix,Arizona,21,sold,,2025-05-01,Mulberry Living Limited Liability Company,Mulberry Place LLC,,Maricopa County Assessor sales records,https://www.arcgis.com/home/item.html?id=f3484c72a938497286adc4e5de7e9963
6730 S Lancaster Rd,6730 S Lancaster Rd,Dallas,Texas,21,sold,,2025-07-14,Dallas Sapphire LLC,,,Website,https://www.dallascad.org/ViewPDFs.aspx?type=3&id=\\DCAD.ORG\WEB\WEBDATA\WEBFORMS\DATA PRODUCTS\DCAD2026_CURRENT.ZIP
4231 N 27Th St,4231 N 27th St,Phoenix,Arizona,20,sold,,2025-09-01,Wlc Holdings Llc/Kat Holdings LLC,Mansfield Jeffery Scott,,Maricopa County Assessor sales records,https://www.arcgis.com/home/item.html?id=f3484c72a938497286adc4e5de7e9963
850 N Meridian Rd,850 N Meridian Rd,Apache Junction,Arizona,20,sold,,2025-04-01,AZ Meridian 21 LLC,850 N Meridian LLC,,Maricopa County Assessor sales records,https://www.arcgis.com/home/item.html?id=f3484c72a938497286adc4e5de7e9963
201 Emerson St,201 Emerson St,Houston,Texas,20,sold,,2025-01-28,201 Emerson LLC,,,Website,https://download.hcad.org/data/CAMA/2026/Real_acct_owner.zip
Colony House,6235 Oram St,Dallas,Texas,20,sold,,2025-02-20,Anne Nelson Irrevocable Trust,"2Ck O&E, LLC",(972) 975-7126,Website,https://www.dallascad.org/ViewPDFs.aspx?type=3&id=\\DCAD.ORG\WEB\WEBDATA\WEBFORMS\DATA PRODUCTS\DCAD2026_CURRENT.ZIP
Courtyards At Lower Greenville (Ecu),5015 Bryan St,Dallas,Texas,20,sold,,2025-04-02,Pgh Alpine LLC,,,Website,https://www.dallascad.org/ViewPDFs.aspx?type=3&id=\\DCAD.ORG\WEB\WEBDATA\WEBFORMS\DATA PRODUCTS\DCAD2026_CURRENT.ZIP
Cimarron Place Phase 2,2615 N Buckner Blvd,Dallas,Texas,20,sold,,2025-02-24,Ugm Of Dallas,,,Website,https://www.dallascad.org/ViewPDFs.aspx?type=3&id=\\DCAD.ORG\WEB\WEBDATA\WEBFORMS\DATA PRODUCTS\DCAD2026_CURRENT.ZIP
Garrett On The Green,1417 N Garrett Ave,Dallas,Texas,20,sold,,2025-10-08,Ikkando Co LTD,,,Website,https://www.dallascad.org/ViewPDFs.aspx?type=3&id=\\DCAD.ORG\WEB\WEBDATA\WEBFORMS\DATA PRODUCTS\DCAD2026_CURRENT.ZIP
Grigsby Place,1625 Grigsby Ave,Dallas,Texas,20,sold,,2025-06-16,Grigsby Place LLC,,,Website,https://www.dallascad.org/ViewPDFs.aspx?type=3&id=\\DCAD.ORG\WEB\WEBDATA\WEBFORMS\DATA PRODUCTS\DCAD2026_CURRENT.ZIP
Landmark At Lake Village East - 20 Units,6133 Marvin Loving Dr,Garland,Texas,20,sold,,2025-03-11,Edcouch Community Housing,,,Website,https://www.dallascad.org/ViewPDFs.aspx?type=3&id=\\DCAD.ORG\WEB\WEBDATA\WEBFORMS\DATA PRODUCTS\DCAD2026_CURRENT.ZIP
Monticello Manor,4701 Mckinney Ave,Dallas,Texas,20,sold,,2025-06-10,4701 Mckinney Ave LLC &,,,Website,https://www.dallascad.org/ViewPDFs.aspx?type=3&id=\\DCAD.ORG\WEB\WEBDATA\WEBFORMS\DATA PRODUCTS\DCAD2026_CURRENT.ZIP
2015 Johanna Dr,2015 Johanna Dr,Houston,Texas,18,sold,,2025-06-23,Johanna Ventures LLC,,,Website,https://download.hcad.org/data/CAMA/2026/Real_acct_owner.zip
2104 James Bowie Dr,2104 James Bowie Dr,Baytown,Texas,18,sold,,2025-07-18,Luna Bay Townhomes LLC,,,Website,https://download.hcad.org/data/CAMA/2026/Real_acct_owner.zip
8011 Bendell Dr,8011 Bendell Dr,Houston,Texas,18,sold,,2025-03-27,Robinson St LLC,,,Website,https://download.hcad.org/data/CAMA/2026/Real_acct_owner.zip
1920 Richmond Ave,1920 Richmond Ave,Houston,Texas,17,sold,,2025-05-09,Celina Commons LLC,,,Website,https://download.hcad.org/data/CAMA/2026/Real_acct_owner.zip
9607 Riddlewood Ln,9607 Riddlewood Ln,Houston,Texas,8,sold,,2025-05-07,Highlands Reidential Mortgage LTD,,,Website,https://download.hcad.org/data/CAMA/2026/Real_acct_owner.zip
10902 Pine Peak Way,10902 Pine Peak Way,Humble,Texas,,sold,,2025-10-24,Rk Glade Apartments LLC,,,Website,https://download.hcad.org/data/CAMA/2026/Real_acct_owner.zip
16200 Highway 3,16200 Highway 3,Webster,Texas,,sold,,2025-09-23,Ch Realty X-Oht Mf Houston,,,Website,https://download.hcad.org/data/CAMA/2026/Real_acct_owner.zip
2215 Spring Stuebner Rd,2215 Spring Stuebner Rd,Spring,Texas,,sold,,2025-07-07,Northwoods Apartments LP,,,Website,https://download.hcad.org/data/CAMA/2026/Real_acct_owner.zip
23615 Kingsland Blvd,23615 Kingsland Blvd,Katy,Texas,,sold,,2025-06-23,Oht Katy Gap LP,"OHT Partners, LLC",(512) 813-7103,Website,https://download.hcad.org/data/CAMA/2026/Real_acct_owner.zip
435 Janisch Rd,435 Janisch Rd,Houston,Texas,,sold,,2025-03-28,Janisch Road Apartments Ll,,,Website,https://download.hcad.org/data/CAMA/2026/Real_acct_owner.zip
4458 Nasa Road 1,4458 Nasa Road 1,Seabrook,Texas,,sold,,2025-09-26,Dpeg Management LLC,,,Website,https://download.hcad.org/data/CAMA/2026/Real_acct_owner.zip
