Building,Address,City,State,Units,Stage,Opens,Sold,Buyer,Developer,Office phone,Source,Source URL
6550 Hillcroft St,6550 Hillcroft St,Houston,Texas,921,sold,,2025-02-13,Pecos Housing Finance Corporation,,,Website,https://download.hcad.org/data/CAMA/2026/Real_acct_owner.zip
1221 Redford St,1221 Redford St,Houston,Texas,856,sold,,2025-04-09,Edcouch Community Housing Finance Corp,,,Website,https://download.hcad.org/data/CAMA/2026/Real_acct_owner.zip
150 Dominion Park Dr,150 Dominion Park Dr,Houston,Texas,843,sold,,2024-12-19,Trails At Dominion Park Property,,,Website,https://download.hcad.org/data/CAMA/2026/Real_acct_owner.zip
8500 Harwood,"8500 Harwood Rd, North Richland Hills",N Richland Hills,Texas,836,permitted,,,,,,State permit data,https://www.tad.org/content/data-download/2025CommPermits.zip
6425 Westheimer Rd,6425 Westheimer Rd,Houston,Texas,798,sold,,2024-11-11,Ad Palms LLC,,,Website,https://download.hcad.org/data/CAMA/2026/Real_acct_owner.zip
695 Pineloch Dr,695 Pineloch Dr,Webster,Texas,712,under construction,,,,,,Website,https://download.hcad.org/data/CAMA/2026/Real_acct_owner.zip
4400 Memorial Dr,4400 Memorial Dr,Houston,Texas,688,sold,,2025-03-18,La Villa Housing Finance Corporation,,,Website,https://download.hcad.org/data/CAMA/2026/Real_acct_owner.zip
3400 Woodchase Dr,3400 Woodchase Dr,Houston,Texas,656,sold,,2025-07-29,Ashford Santa Ana Property Owner LLC,,,Website,https://download.hcad.org/data/CAMA/2026/Real_acct_owner.zip
Eastgrove,11611 Ferguson Rd,Dallas,Texas,656,sold,,2025-08-15,Dallas Gpa I LLC &,,,Website,https://www.dallascad.org/ViewPDFs.aspx?type=3&id=\\DCAD.ORG\WEB\WEBDATA\WEBFORMS\DATA PRODUCTS\DCAD2026_CURRENT.ZIP
The Reid,"2617 Hawco Dr, Grand Prairie",Grand Prairie,Texas,642,permitted,,,,,,State permit data,https://www.tad.org/content/data-download/2025CommPermits.zip
Grand At Legacy West Apartments,6080 Water St,Plano,Texas,621,sold,,2025-04-28,Lw Owner 1 LLC,,,Texas county property records,https://data.texas.gov/d/5tkr-3759
Oak Park,"1350 N Main St, Euless",Euless,Texas,608,permitted,,,,,,State permit data,https://www.tad.org/content/data-download/2025CommPermits.zip
Building Permit,98 Red River St,Austin,Texas,603,permitted,,,,,,City permit record,https://abc.austintexas.gov/web/permit/public-search-other?t_detail=1&t_selected_folderrsn=13443543
Camden Riverwalk Apts,"3800 Grapevine Mills Pkwy, Grapevine",Grapevine,Texas,600,permitted,,,,,,State permit data,https://www.tad.org/content/data-download/2026CommPermits.zip
10950 Briar Forest Dr,10950 Briar Forest Dr,Houston,Texas,592,sold,,2025-09-03,Public Welfare Investments Holdco LLC,,,Website,https://download.hcad.org/data/CAMA/2026/Real_acct_owner.zip
Parks At Treepoint Apts,"6601 Treepoint Dr, Arlington",Arlington,Texas,586,permitted,,,,,,State permit data,https://www.tad.org/content/data-download/2026CommPermits.zip
Building Permit,1010 Springdale Rd,Austin,Texas,585,permitted,,,,,,City permit record,https://abc.austintexas.gov/web/permit/public-search-other?t_detail=1&t_selected_folderrsn=13278370
5454 Newcastle Dr,5454 Newcastle Dr,Houston,Texas,580,sold,,2025-04-08,Maverick County Housing Finance Corp,,,Website,https://download.hcad.org/data/CAMA/2026/Real_acct_owner.zip
Station 121 At Town Center Apts,"1601 Weyland Dr, North Richland Hills",N Richland Hills,Texas,580,permitted,,,,,,State permit data,https://www.tad.org/content/data-download/2025CommPermits.zip
Solea Keller,3661 Keller Hicks Rd,Tarrant County,Texas,558,sold,,2025-02-05,,,,State permit data,https://www.tad.org/content/data-download/2026CommImprovedSales.zip
3125 Crestdale Dr,3125 Crestdale Dr,Houston,Texas,546,sold,,2025-02-02,Edcouch Community Housing Finance,,,Website,https://download.hcad.org/data/CAMA/2026/Real_acct_owner.zip
9707 S Gessner Dr,9707 S Gessner Dr,Houston,Texas,544,sold,,2025-09-25,Ssb Assets LLC,,,Website,https://download.hcad.org/data/CAMA/2026/Real_acct_owner.zip
The National (324 Units),1401 Elm St,Dallas,Texas,543,sold,,2026-02-03,1401 Elm Street LLC,,,Website,https://www.dallascad.org/ViewPDFs.aspx?type=3&id=\\DCAD.ORG\WEB\WEBDATA\WEBFORMS\DATA PRODUCTS\DCAD2026_CURRENT.ZIP
6500 South,6500 S Cockrell Hill Rd,Dallas,Texas,536,sold,,2025-04-03,Pecos Housing Finance Corporation,,,Website,https://www.dallascad.org/ViewPDFs.aspx?type=3&id=\\DCAD.ORG\WEB\WEBDATA\WEBFORMS\DATA PRODUCTS\DCAD2026_CURRENT.ZIP
5909 Glenmont Dr,5909 Glenmont Dr,Houston,Texas,534,sold,,2025-05-13,Nazar Invest INC,,,Website,https://download.hcad.org/data/CAMA/2026/Real_acct_owner.zip
11800 Grant Rd,11800 Grant Rd,Cypress,Texas,530,sold,,2025-05-05,Pecos Housing Finance Corporation,,,Website,https://download.hcad.org/data/CAMA/2026/Real_acct_owner.zip
14531 Ella Blvd,14531 Ella Blvd,Houston,Texas,520,sold,,2025-03-25,Ad Pecan LLC,,,Website,https://download.hcad.org/data/CAMA/2026/Real_acct_owner.zip
2611 Bens Branch Dr,2611 Bens Branch Dr,Humble,Texas,518,sold,,2025-06-24,Gep Xi Town Center LP,,,Website,https://download.hcad.org/data/CAMA/2026/Real_acct_owner.zip
4101 Shaver St,4101 Shaver St,Pasadena,Texas,518,sold,,2025-09-02,Tc Spe 5 LLC,,,Website,https://download.hcad.org/data/CAMA/2026/Real_acct_owner.zip
621 Richey St,621 Richey St,Pasadena,Texas,514,sold,,2025-09-18,Owemancos Pasadena Run LP,,,Website,https://download.hcad.org/data/CAMA/2026/Real_acct_owner.zip
Forty200,4260 E US Hwy 80,Mesquite,Texas,512,sold,,2025-12-23,Camelot Village Apts LLC,,,Website,https://www.dallascad.org/ViewPDFs.aspx?type=3&id=\\DCAD.ORG\WEB\WEBDATA\WEBFORMS\DATA PRODUCTS\DCAD2026_CURRENT.ZIP
Hastings End Apartment,9800 Harpers Ln,Dallas,Texas,499,sold,,2025-04-03,Epc Soune2 LLC,,,Website,https://www.dallascad.org/ViewPDFs.aspx?type=3&id=\\DCAD.ORG\WEB\WEBDATA\WEBFORMS\DATA PRODUCTS\DCAD2026_CURRENT.ZIP
Dakota In The Village,6550 Shady Brook Ln,Dallas,Texas,496,sold,,2024-12-26,Pcv Dakota LLC,,,Website,https://www.dallascad.org/ViewPDFs.aspx?type=3&id=\\DCAD.ORG\WEB\WEBDATA\WEBFORMS\DATA PRODUCTS\DCAD2026_CURRENT.ZIP
1315 Nasa Rd 1,1315 Nasa Rd 1,Houston,Texas,490,under construction,,,,,,Website,https://download.hcad.org/data/CAMA/2026/Real_acct_owner.zip
The Logan,"1400 Sierra Springs, Bedford",Bedford,Texas,490,permitted,,,,,,State permit data,https://www.tad.org/content/data-download/2026CommPermits.zip
Harlowe Apartments,2525 State Hwy 360,Tarrant County,Texas,486,sold,,2024-12-19,,,,State permit data,https://www.tad.org/content/data-download/2026CommImprovedSales.zip
The Emerson,9900 Adleta Blvd,Dallas,Texas,486,sold,,2025-05-19,Pecos Housing Finance,,,Website,https://www.dallascad.org/ViewPDFs.aspx?type=3&id=\\DCAD.ORG\WEB\WEBDATA\WEBFORMS\DATA PRODUCTS\DCAD2026_CURRENT.ZIP
6919 Main St,6919 Main St,Houston,Texas,483,sold,,2024-11-19,"Life Tower Owner LLC Monzer Hourani, Ceo",,,Website,https://download.hcad.org/data/CAMA/2026/Real_acct_owner.zip
23Hundred @ Ridgeview,2300 Kathryn Ln,Plano,Texas,480,sold,,2025-06-26,Ch Realty X Mf Plano 23 Hundred LP,,,Texas county property records,https://data.texas.gov/d/5tkr-3759
4010 Linkwood Dr,4010 Linkwood Dr,Houston,Texas,476,sold,,2025-10-31,Mvd De Apartments LLC,,,Website,https://download.hcad.org/data/CAMA/2026/Real_acct_owner.zip
Ventura Apts,"2601 Furrs St, Arlington",Arlington,Texas,476,permitted,,,,,,State permit data,https://www.tad.org/content/data-download/2025CommPermits.zip
407 S Richey Rd,407 S Richey Rd,Pasadena,Texas,468,sold,,2025-09-18,Owemancos Pasadena Run LP,,,Website,https://download.hcad.org/data/CAMA/2026/Real_acct_owner.zip
Morgan Apts,"1800 Oak Creek Ln, Bedford",Bedford,Texas,464,permitted,,,,,,State permit data,https://www.tad.org/content/data-download/2026CommPermits.zip
12300 Fleming Dr,12300 Fleming Dr,Houston,Texas,460,sold,,2025-12-10,Home Land 89 LLC,,,Website,https://download.hcad.org/data/CAMA/2026/Real_acct_owner.zip
7979 Westheimer Rd,7979 Westheimer Rd,Houston,Texas,459,sold,,2025-03-25,New Rama Krishna Properties Delaware LLC,,,Website,https://download.hcad.org/data/CAMA/2026/Real_acct_owner.zip
Village Hill,6541 Shady Brook Ln,Dallas,Texas,454,sold,,2024-12-23,Pcv Hill LLC,,,Website,https://www.dallascad.org/ViewPDFs.aspx?type=3&id=\\DCAD.ORG\WEB\WEBDATA\WEBFORMS\DATA PRODUCTS\DCAD2026_CURRENT.ZIP
Bexley Grapevine,"3535 Bluffs Ln, Grapevine",Grapevine,Texas,450,permitted,,,,,,State permit data,https://www.tad.org/content/data-download/2026CommPermits.zip
1110 El Camino Village Dr,1110 El Camino Village Dr,Houston,Texas,449,sold,,2025-05-19,Edcouch Community Housing Finance Corp,,,Website,https://download.hcad.org/data/CAMA/2026/Real_acct_owner.zip
Maa Grapevine,"2100 Grayson Dr, Grapevine",Grapevine,Texas,449,permitted,,,,,,State permit data,https://www.tad.org/content/data-download/2025CommPermits.zip
905 Cypress Station Dr,905 Cypress Station Dr,Houston,Texas,448,sold,,2024-12-02,Pecos Housing Finanace Corporation,,,Website,https://download.hcad.org/data/CAMA/2026/Real_acct_owner.zip
Amp At The Grid,"765 Polk Dr, Arlington",Arlington,Texas,446,permitted,,,,,,State permit data,https://www.tad.org/content/data-download/2025CommPermits.zip
10225 Wortham Blvd,10225 Wortham Blvd,Houston,Texas,444,sold,,2025-07-30,Wortham TX Partner LP Cortland Partners LLC,,,Website,https://download.hcad.org/data/CAMA/2026/Real_acct_owner.zip
Legacy Arapaho,"250 E Arapaho Road, Richardson, TX 75081",Richardson,Texas,443,permitted,2028-11-01,,,,,News,https://communityimpact.com/richardson/government/443-unit-apartment-complex-approved-by-richardson-city-council/
900 Henderson Ave,900 Henderson Ave,Webster,Texas,440,sold,,2025-03-29,Pecos Housing Finance Corp,,,Website,https://download.hcad.org/data/CAMA/2026/Real_acct_owner.zip
Imt Prestonwood,15480 Dallas Pkwy,Dallas,Texas,438,sold,,2026-02-05,Imp Addison LP,,,Website,https://www.dallascad.org/ViewPDFs.aspx?type=3&id=\\DCAD.ORG\WEB\WEBDATA\WEBFORMS\DATA PRODUCTS\DCAD2026_CURRENT.ZIP
Jefferson Promenade II,515 Promenade Pkwy,Irving,Texas,433,sold,,2024-12-16,Pecos Housing Finance Corp,,,Website,https://www.dallascad.org/ViewPDFs.aspx?type=3&id=\\DCAD.ORG\WEB\WEBDATA\WEBFORMS\DATA PRODUCTS\DCAD2026_CURRENT.ZIP
10221 Centrepark Dr,10221 Centrepark Dr,Houston,Texas,432,sold,,2025-11-19,Ag-Hilltop Spring Shadows Property,,,Website,https://download.hcad.org/data/CAMA/2026/Real_acct_owner.zip
Innova,2781 N Carroll Ave,Dallas,Texas,430,sold,,2024-12-06,Pecos Housing Finance Corp,,,Website,https://www.dallascad.org/ViewPDFs.aspx?type=3&id=\\DCAD.ORG\WEB\WEBDATA\WEBFORMS\DATA PRODUCTS\DCAD2026_CURRENT.ZIP
9475 W Sam Houston Pky S,9475 W Sam Houston Pky S,Houston,Texas,428,sold,,2025-11-04,Oconee Real Estate Holdings Xviii,,,Website,https://download.hcad.org/data/CAMA/2026/Real_acct_owner.zip
10202 Club Creek Dr,10202 Club Creek Dr,Houston,Texas,424,sold,,2025-06-26,Villa Madrid 2025 LLC,,,Website,https://download.hcad.org/data/CAMA/2026/Real_acct_owner.zip
8181 Colony St,8181 Colony St,Houston,Texas,424,sold,,2025-11-13,Ua Riveraine LLC,,,Website,https://download.hcad.org/data/CAMA/2026/Real_acct_owner.zip
Lakeside At Northpark,9600 Golf Lakes Trl,Dallas,Texas,424,sold,,2025-12-15,Lakeside 3Pp LLC,,,Website,https://www.dallascad.org/ViewPDFs.aspx?type=3&id=\\DCAD.ORG\WEB\WEBDATA\WEBFORMS\DATA PRODUCTS\DCAD2026_CURRENT.ZIP
18021 Kingsland Blvd,18021 Kingsland Blvd,Houston,Texas,423,sold,,2025-04-17,Alden Ridgmar Creek Enterprise LLC,,,Website,https://download.hcad.org/data/CAMA/2026/Real_acct_owner.zip
2727 Revere St,2727 Revere St,Houston,Texas,423,sold,,2025-08-13,La Maison Armando LLC,,,Website,https://download.hcad.org/data/CAMA/2026/Real_acct_owner.zip
11111 Grant Rd,11111 Grant Rd,Cypress,Texas,422,sold,,2025-03-12,Pecos Housing Finan Ce Corporation,,,Website,https://download.hcad.org/data/CAMA/2026/Real_acct_owner.zip
801 Lasco,801 Lake Carolyn Pkwy,Irving,Texas,422,sold,,2024-12-23,Sam 801 Lasco Owner LLC,,,Website,https://www.dallascad.org/ViewPDFs.aspx?type=3&id=\\DCAD.ORG\WEB\WEBDATA\WEBFORMS\DATA PRODUCTS\DCAD2026_CURRENT.ZIP
Everra Midtown Park,8240 Meadow Rd,Dallas,Texas,422,sold,,2025-04-16,8250 North Meadow Owner LLC &,,,Website,https://www.dallascad.org/ViewPDFs.aspx?type=3&id=\\DCAD.ORG\WEB\WEBDATA\WEBFORMS\DATA PRODUCTS\DCAD2026_CURRENT.ZIP
Vantage At Spring Creek,2810 Routh Creek Pkwy,Richardson,Texas,420,sold,,2026-06-11,Trea Routh Creek TX Owner LP,,,Texas county property records,https://data.texas.gov/d/5tkr-3759
The Everly,9340 Skillman St,Dallas,Texas,420,sold,,2025-05-19,Pecos Housing Finance,,,Website,https://www.dallascad.org/ViewPDFs.aspx?type=3&id=\\DCAD.ORG\WEB\WEBDATA\WEBFORMS\DATA PRODUCTS\DCAD2026_CURRENT.ZIP
Amli Tree House (Ecu 2 Accts),14755 Midway Rd,Addison,Texas,419,under construction,,,,,,Website,https://www.dallascad.org/ViewPDFs.aspx?type=3&id=\\DCAD.ORG\WEB\WEBDATA\WEBFORMS\DATA PRODUCTS\DCAD2026_CURRENT.ZIP
Belclaire,5600 Smu Blvd,Dallas,Texas,417,sold,,2024-12-26,Ch Realty Xknightvest Mf,,,Website,https://www.dallascad.org/ViewPDFs.aspx?type=3&id=\\DCAD.ORG\WEB\WEBDATA\WEBFORMS\DATA PRODUCTS\DCAD2026_CURRENT.ZIP
Trinity Terrace,"1600 Texas St, Fort Worth",Tdlr,Texas,417,permitted,,,,,,State permit data,https://www.tad.org/content/data-download/2026CommPermits.zip
Republic West Apartments,241 E IH 30,Garland,Texas,410,sold,,2025-03-24,Pecos Housing Finance Corp,,,Website,https://www.dallascad.org/ViewPDFs.aspx?type=3&id=\\DCAD.ORG\WEB\WEBDATA\WEBFORMS\DATA PRODUCTS\DCAD2026_CURRENT.ZIP
Kendrick,7324 Skillman St,Dallas,Texas,405,sold,,2025-04-02,Pecos Housing Finance Corp,,,Website,https://www.dallascad.org/ViewPDFs.aspx?type=3&id=\\DCAD.ORG\WEB\WEBDATA\WEBFORMS\DATA PRODUCTS\DCAD2026_CURRENT.ZIP
5959 FM 1960 Rd W,5959 FM 1960 Rd W,Houston,Texas,404,sold,,2025-07-08,Armour 5959 FM LLC,,,Website,https://download.hcad.org/data/CAMA/2026/Real_acct_owner.zip
Quantum Drive,Quantum Drive and SW Loop 410,San Antonio,Texas,404,planned,,,,,(214) 960-1309,State permit data,https://www.tdhca.texas.gov/sites/default/files/multifamily/docs/htc-4pct/2026260803-4HTC-StatusLog.xlsx
Riachi At One 21 Apartments,9600 Coit Rd,Plano,Texas,402,sold,,,Mfrevf V - Plano LP,,,Texas county property records,https://data.texas.gov/d/5tkr-3759
Twelve 6 Ten At The Park,12610 Jupiter Rd,Dallas,Texas,402,sold,,2026-06-04,Parlex 18 Finco LLC,,,Website,https://www.dallascad.org/ViewPDFs.aspx?type=3&id=\\DCAD.ORG\WEB\WEBDATA\WEBFORMS\DATA PRODUCTS\DCAD2026_CURRENT.ZIP
5500 El Camino Del Rey St,5500 El Camino Del Rey St,Houston,Texas,401,sold,,2025-08-14,Msl Apartments LLC,,,Website,https://download.hcad.org/data/CAMA/2026/Real_acct_owner.zip
Jefferson Prairie Park,"5681 Sycamore School Rd, Fort Worth",Fort Worth,Texas,401,permitted,,,,,,State permit data,https://www.tad.org/content/data-download/2026CommPermits.zip
South Lamar Multifamily,2700 South Lamar Boulevard,Austin,Texas,399,under construction,2029-02-01,,,"Seamless LMA, Ltd",8-773-367-2410,State project record,https://www.tdlr.texas.gov/TABS/Search/Project/TABS2025016806
Hazel By The Galleria,13100 Noel Rd,Dallas,Texas,398,sold,,2025-12-02,13100 Noel Road Partners LLC,,,Website,https://www.dallascad.org/ViewPDFs.aspx?type=3&id=\\DCAD.ORG\WEB\WEBDATA\WEBFORMS\DATA PRODUCTS\DCAD2026_CURRENT.ZIP
14515 Briar Forest Dr,14515 Briar Forest Dr,Houston,Texas,396,sold,,2025-08-19,Bel Briar Limited Partnership,,,Website,https://download.hcad.org/data/CAMA/2026/Real_acct_owner.zip
Peridot,1601 Elm St,Dallas,Texas,396,under construction,,,,,,Website,https://www.dallascad.org/ViewPDFs.aspx?type=3&id=\\DCAD.ORG\WEB\WEBDATA\WEBFORMS\DATA PRODUCTS\DCAD2026_CURRENT.ZIP
The Grove At La Frontera,"8150 S Collins St, Arlington",Arlington,Texas,396,permitted,,,,,,State permit data,https://www.tad.org/content/data-download/2026CommPermits.zip
Mockingbird Station East Phase 2 Multifamily,5399 Twin Sixties Dr,Dallas,Texas,395,under construction,2027-07-23,,,Trammell Crow Company,(806) 224-3380,State project record,https://www.tdlr.texas.gov/TABS/Search/Project/TABS2025017840
Apartments,110 Continental Ave,Dallas,Texas,394,sold,,2024-12-05,Riverfront Residential II LP,,,Website,https://www.dallascad.org/ViewPDFs.aspx?type=3&id=\\DCAD.ORG\WEB\WEBDATA\WEBFORMS\DATA PRODUCTS\DCAD2026_CURRENT.ZIP
305 W Baker Rd,305 W Baker Rd,Baytown,Texas,392,sold,,2025-06-05,Lakes At Madera Cityr Fund LLC,,,Website,https://download.hcad.org/data/CAMA/2026/Real_acct_owner.zip
Dane Park Grapevine,"2701 N Grapevine Mills Blvd, Grapevine",Grapevine,Texas,392,permitted,,,,,,State permit data,https://www.tad.org/content/data-download/2026CommPermits.zip
390-unit project at 2520 N Central Expressway,"2520 N Central Expressway, Richardson, TX",Richardson,Texas,390,planned,,,,,,News,https://communityimpact.com/richardson/development/rezoning-for-richardson-apartment-building-along-us-75-glenville-drive-approved/
Crystal Bend Apartments,2313 & 2405 Crystal Bend Drive,Pflugerville,Texas,390,planned,,,,,,State permit data,https://www.tdhca.texas.gov/sites/default/files/multifamily/docs/HTCPropertyInventory_2.xlsx
Northbridge In The Village I Phase 2,8603 Southwestern Blvd,Dallas,Texas,390,sold,,2024-12-23,Pcv Northbridge LLC,,,Website,https://www.dallascad.org/ViewPDFs.aspx?type=3&id=\\DCAD.ORG\WEB\WEBDATA\WEBFORMS\DATA PRODUCTS\DCAD2026_CURRENT.ZIP
The Cooper,"1100 Washington Ave, Fort Worth",Unassigned,Texas,390,permitted,,,,,,State permit data,https://www.tad.org/content/data-download/2026CommPermits.zip
The Dayton,6000 Ohio Dr,Plano,Texas,389,sold,,2025-04-01,Pecos Housing Finance Corporation,,,Texas county property records,https://data.texas.gov/d/5tkr-3759
1002 Katy Gap Rd,1002 Katy Gap Rd,Katy,Texas,389,sold,,2025-11-20,1002 Katy Gap Borrower LLC,,,Website,https://download.hcad.org/data/CAMA/2026/Real_acct_owner.zip
Ardan,2901 Blackburn,Dallas,Texas,389,sold,,2026-04-01,Kv Ardan Apartment LLC,,,Website,https://www.dallascad.org/ViewPDFs.aspx?type=3&id=\\DCAD.ORG\WEB\WEBDATA\WEBFORMS\DATA PRODUCTS\DCAD2026_CURRENT.ZIP
10010 Kempwood Dr,10010 Kempwood Dr,Houston,Texas,388,sold,,2025-11-19,9999 Kempwood Drive LP,,,Website,https://download.hcad.org/data/CAMA/2026/Real_acct_owner.zip
Lakes In The Village,8610 Southwestern Blvd,Dallas,Texas,388,sold,,2024-12-23,Pcv Lakes LLC,,,Website,https://www.dallascad.org/ViewPDFs.aspx?type=3&id=\\DCAD.ORG\WEB\WEBDATA\WEBFORMS\DATA PRODUCTS\DCAD2026_CURRENT.ZIP
Pctc Alexander Apartments,"1725 E Broad St, Mansfield",Mansfield,Texas,388,permitted,,,,,,State permit data,https://www.tad.org/content/data-download/2026CommPermits.zip
Promenade At Las Colinas,555 Promenade Pkwy,Irving,Texas,387,sold,,2025-11-25,Kre Lc Promenade LLC,,,Website,https://www.dallascad.org/ViewPDFs.aspx?type=3&id=\\DCAD.ORG\WEB\WEBDATA\WEBFORMS\DATA PRODUCTS\DCAD2026_CURRENT.ZIP
Alexan Cathedral Arts Apts,5088 Ross Ave,Dallas,Texas,386,sold,,2025-03-13,Midamerica Apartments LP,,,Website,https://www.dallascad.org/ViewPDFs.aspx?type=3&id=\\DCAD.ORG\WEB\WEBDATA\WEBFORMS\DATA PRODUCTS\DCAD2026_CURRENT.ZIP
The Caroline Eastside,"1735 N. Greenville Ave, Richardson, TX",Richardson,Texas,384,under construction,,,,,,News,https://communityimpact.com/richardson/development/eastside-apartment-expansion-underway-in-richardson/
1822 Barker Cypress Rd,1822 Barker Cypress Rd,Houston,Texas,384,sold,,2025-05-12,Pecos Housing Finance Corporation,,,Website,https://download.hcad.org/data/CAMA/2026/Real_acct_owner.zip
The Manchester,"100 Manchester Dr, Euless",Euless,Texas,384,permitted,,,,,,State permit data,https://www.tad.org/content/data-download/2025CommPermits.zip
Venterra Spring Cypress Apartments,16614 Spring Cypress Apartments,Cypress,Texas,384,under construction,2027-11-30,,,"Vr Development GP, LLC",(281) 558-8787,State project record,https://www.tdlr.texas.gov/TABS/Search/Project/TABS2025025553
100 Detering St,100 Detering St,Houston,Texas,383,sold,,2024-12-09,Virage Apartments Owner LLC,,,Website,https://download.hcad.org/data/CAMA/2026/Real_acct_owner.zip
8751 Broadway St,8751 Broadway St,Houston,Texas,383,sold,,2024-11-12,Verde Apartment Portfolio One LLC,,,Website,https://download.hcad.org/data/CAMA/2026/Real_acct_owner.zip
23403 Kingsland Dr,23403 Kingsland Dr,Katy,Texas,382,sold,,2025-06-26,Price Reserve On Kingsland LLC,,,Website,https://download.hcad.org/data/CAMA/2026/Real_acct_owner.zip
3700 M West Village,3700 Mckinney Ave,Dallas,Texas,381,sold,,2025-08-11,Usl 3700M Owner LLC,,,Website,https://www.dallascad.org/ViewPDFs.aspx?type=3&id=\\DCAD.ORG\WEB\WEBDATA\WEBFORMS\DATA PRODUCTS\DCAD2026_CURRENT.ZIP
Creekside At Legacy Apartments,6300 Windcrest Dr,Plano,Texas,380,sold,,2024-09-26,Key Creekside LLC,,,Texas county property records,https://data.texas.gov/d/5tkr-3759
3003 Memorial Ct,3003 Memorial Ct,Houston,Texas,380,sold,,2025-06-03,Cb Marcella Memorial Heights LLC,,,Website,https://download.hcad.org/data/CAMA/2026/Real_acct_owner.zip
8627 Hufsmith Rd,8627 Hufsmith Rd,Tomball,Texas,380,sold,,2025-11-12,Ar Preserve LLC,,,Website,https://download.hcad.org/data/CAMA/2026/Real_acct_owner.zip
Jefferson Vine,1225 IH 20,Grand Prairie,Texas,380,sold,,2024-12-20,Pecos Housing Finance Corp,,,Website,https://www.dallascad.org/ViewPDFs.aspx?type=3&id=\\DCAD.ORG\WEB\WEBDATA\WEBFORMS\DATA PRODUCTS\DCAD2026_CURRENT.ZIP
1617 Enid St,1617 Enid St,Houston,Texas,378,under construction,,,,,,Website,https://download.hcad.org/data/CAMA/2026/Real_acct_owner.zip
18300 Marvelous Pl,18300 Marvelous Pl,Cypress,Texas,378,under construction,,,,,,Website,https://download.hcad.org/data/CAMA/2026/Real_acct_owner.zip
Quarry Falls,"4800 Old Decatur Rd, Fort Worth",Tdlr,Texas,378,permitted,,,,,,State permit data,https://www.tad.org/content/data-download/2026CommPermits.zip
2033 S Gessner Rd,2033 S Gessner Rd,Houston,Texas,376,sold,,2025-04-10,Gessner Road Owner LLC,,,Website,https://download.hcad.org/data/CAMA/2026/Real_acct_owner.zip
1911 Holcombe Blvd,1911 Holcombe Blvd,Houston,Texas,375,sold,,2025-08-12,Vantage Armando LLC,,,Website,https://download.hcad.org/data/CAMA/2026/Real_acct_owner.zip
3030 Summer St,3030 Summer St,Houston,Texas,375,sold,,2024-09-23,Brep Summer LLC,,,Website,https://download.hcad.org/data/CAMA/2026/Real_acct_owner.zip
Green Valley Apmt (N/C 7%),111 W Spring Valley Rd,Richardson,Texas,375,sold,,2024-11-27,Lang Sherman Venture LLC,,,Website,https://www.dallascad.org/ViewPDFs.aspx?type=3&id=\\DCAD.ORG\WEB\WEBDATA\WEBFORMS\DATA PRODUCTS\DCAD2026_CURRENT.ZIP
16112 North Fwy,16112 North Fwy,Houston,Texas,372,sold,,2025-06-24,Life At Spring Estates Owner LLC,,,Website,https://download.hcad.org/data/CAMA/2026/Real_acct_owner.zip
1700 Seaspray Ct,1700 Seaspray Ct,Houston,Texas,372,sold,,2025-04-15,Pecos Housing Finance Corporation,,,Website,https://download.hcad.org/data/CAMA/2026/Real_acct_owner.zip
Emblem Ravine,3500 W Colorado Blvd,Dallas,Texas,372,sold,,2025-05-27,Qmv III Canyon Phase I Holdings LP,,,Website,https://www.dallascad.org/ViewPDFs.aspx?type=3&id=\\DCAD.ORG\WEB\WEBDATA\WEBFORMS\DATA PRODUCTS\DCAD2026_CURRENT.ZIP
South Pointe,12660 Jupiter Rd,Dallas,Texas,372,sold,,2026-02-04,"Rss Sgcms2016-C5-Tx Cs, LLC",,,Website,https://www.dallascad.org/ViewPDFs.aspx?type=3&id=\\DCAD.ORG\WEB\WEBDATA\WEBFORMS\DATA PRODUCTS\DCAD2026_CURRENT.ZIP
3001 W 11th St,3001 W 11th St,Houston,Texas,371,under construction,,,,,,Website,https://download.hcad.org/data/CAMA/2026/Real_acct_owner.zip
Cortland Las Colinas,655 Promenade Pky,Irving,Texas,371,sold,,2026-01-21,Crp/Rpm Las Colinas Owners LP,,,Website,https://www.dallascad.org/ViewPDFs.aspx?type=3&id=\\DCAD.ORG\WEB\WEBDATA\WEBFORMS\DATA PRODUCTS\DCAD2026_CURRENT.ZIP
(45% Complete) The Gilman,200 John W Carpenter Fwy,Irving,Texas,370,sold,,2024-12-20,Gilman Owner LLC The,,,Website,https://www.dallascad.org/ViewPDFs.aspx?type=3&id=\\DCAD.ORG\WEB\WEBDATA\WEBFORMS\DATA PRODUCTS\DCAD2026_CURRENT.ZIP
23030 Cunningham Falls Trl,23030 Cunningham Falls Trl,Katy,Texas,370,under construction,,,,,,Website,https://download.hcad.org/data/CAMA/2026/Real_acct_owner.zip
Broadway Jackson Aprtment,2255 N Broadway St,Carrollton,Texas,370,sold,,2025-06-23,Jackson Road LP,NRP Group LLC,(844) 677-0002,Website,https://www.dallascad.org/ViewPDFs.aspx?type=3&id=\\DCAD.ORG\WEB\WEBDATA\WEBFORMS\DATA PRODUCTS\DCAD2026_CURRENT.ZIP
11201 Olympia Dr,11201 Olympia Dr,Houston,Texas,369,sold,,2025-12-18,Quinn Westchase Apartments LLC,,,Website,https://download.hcad.org/data/CAMA/2026/Real_acct_owner.zip
Village Park,5349 Amesbury Dr,Dallas,Texas,368,sold,,2024-12-23,Pcv Park LLC,,,Website,https://www.dallascad.org/ViewPDFs.aspx?type=3&id=\\DCAD.ORG\WEB\WEBDATA\WEBFORMS\DATA PRODUCTS\DCAD2026_CURRENT.ZIP
2101 Hayes Rd,2101 Hayes Rd,Houston,Texas,367,sold,,2025-11-05,Rc 2101 Hayes LLC,,,Website,https://download.hcad.org/data/CAMA/2026/Real_acct_owner.zip
Arden At Midtown GP,3711 S State Hwy 161,Grand Prairie,Texas,366,sold,,2025-01-08,Kcp Arden Midtown GP LLC,,,Website,https://www.dallascad.org/ViewPDFs.aspx?type=3&id=\\DCAD.ORG\WEB\WEBDATA\WEBFORMS\DATA PRODUCTS\DCAD2026_CURRENT.ZIP
The Arboretum at Woodland Hills,SE corner of FM1960 and Woodland Hills Dr,Houston,Texas,366,planned,,,,,,State permit data,https://www.tdhca.texas.gov/sites/default/files/multifamily/docs/HTCPropertyInventory_2.xlsx
Merrick On Midway Apartments,13342 Midway Rd,Farmers Branch,Texas,365,under construction,,,,,,Website,https://www.dallascad.org/ViewPDFs.aspx?type=3&id=\\DCAD.ORG\WEB\WEBDATA\WEBFORMS\DATA PRODUCTS\DCAD2026_CURRENT.ZIP
Peregrine,6001 Love Dr,Irving,Texas,364,sold,,2026-03-16,Kw Peregrine Owner LLC,,,Website,https://www.dallascad.org/ViewPDFs.aspx?type=3&id=\\DCAD.ORG\WEB\WEBDATA\WEBFORMS\DATA PRODUCTS\DCAD2026_CURRENT.ZIP
The Culbreath,2770 Bethurum Ave.,Dallas,Texas,364,planned,,,,,,State permit data,https://www.tdhca.texas.gov/sites/default/files/multifamily/docs/HTCPropertyInventory_2.xlsx
Centerpoint Commons,SWQ Centerpoint Road and Commercial Loop,San Marcos,Texas,363,planned,,,,,,State permit data,https://www.tdhca.texas.gov/sites/default/files/multifamily/docs/HTCPropertyInventory_2.xlsx
Ovation At Galatyn Park,2323 Plaza Blvd,Richardson,Texas,361,sold,,2025-08-27,Mg Ovation Apt Cbk Pch LLC &,,,Website,https://www.dallascad.org/ViewPDFs.aspx?type=3&id=\\DCAD.ORG\WEB\WEBDATA\WEBFORMS\DATA PRODUCTS\DCAD2026_CURRENT.ZIP
360-unit project in downtown Plano,,Plano,Texas,360,planned,,,,,,News,https://communityimpact.com/plano/government/plano-commission-approves-new-site-plan-for-360-apartment-project-in-downtown-plano/
Birchstone Cedar Ridge,6165 Ridge Center Dr,Dallas,Texas,360,sold,,2025-11-10,Birchstone Cedar Ridge LLC,,,Website,https://www.dallascad.org/ViewPDFs.aspx?type=3&id=\\DCAD.ORG\WEB\WEBDATA\WEBFORMS\DATA PRODUCTS\DCAD2026_CURRENT.ZIP
Park Row Apartments,14192 Park Row Dr.,Houston,Texas,360,under construction,2028-02-15,,,"OHT Park Row, LP",(512) 220-7816,State project record,https://www.tdlr.texas.gov/TABS/Search/Project/TABS2026003096
Tapestry at Katy (fka Enclave at Katy),5138 & 5202 Katy Hockley Road,Katy,Texas,360,planned,,,,,,State permit data,https://www.tdhca.texas.gov/sites/default/files/multifamily/docs/HTCPropertyInventory_2.xlsx
Enclave on Louetta,2324 Louetta Road,Spring,Texas,358,planned,,,,,,State permit data,https://www.tdhca.texas.gov/sites/default/files/multifamily/docs/HTCPropertyInventory_2.xlsx
5004 Memorial Dr,5004 Memorial Dr,Houston,Texas,356,sold,,2025-09-23,Comref Memorial LLC,,,Website,https://download.hcad.org/data/CAMA/2026/Real_acct_owner.zip
7655 Washington Ave,7655 Washington Ave,Houston,Texas,356,sold,,2025-05-01,Pleasanton Housing Finance Corporation,,,Website,https://download.hcad.org/data/CAMA/2026/Real_acct_owner.zip
1226 W Grand Pky S,1226 W Grand Pky S,Katy,Texas,354,sold,,2025-11-25,Ag-Hilltop Grand Parkway,,,Website,https://download.hcad.org/data/CAMA/2026/Real_acct_owner.zip
Midtown At Cedar Hill Apartment,365 Uptown Blvd,Cedar Hill,Texas,354,sold,,2025-10-17,Centennial Cedar Hill LLC,,,Website,https://www.dallascad.org/ViewPDFs.aspx?type=3&id=\\DCAD.ORG\WEB\WEBDATA\WEBFORMS\DATA PRODUCTS\DCAD2026_CURRENT.ZIP
The Sydney,401 N State Hwy 360,Tarrant County,Texas,354,sold,,2024-09-06,,,,State permit data,https://www.tad.org/content/data-download/2026CommImprovedSales.zip
Victory Place,1701 Payne St,Dallas,Texas,354,sold,,2024-09-17,TX Victory Place Apts LLC,,,Website,https://www.dallascad.org/ViewPDFs.aspx?type=3&id=\\DCAD.ORG\WEB\WEBDATA\WEBFORMS\DATA PRODUCTS\DCAD2026_CURRENT.ZIP
1148 Silber Rd,1148 Silber Rd,Houston,Texas,352,sold,,2025-08-20,Memorial Owner LLC,,,Website,https://download.hcad.org/data/CAMA/2026/Real_acct_owner.zip
13202 Briar Forest Dr,13202 Briar Forest Dr,Houston,Texas,352,sold,,2025-05-15,Pecos Housing Finance Corp,,,Website,https://download.hcad.org/data/CAMA/2026/Real_acct_owner.zip
Olympus On Main,1011 S Main St,Carrollton,Texas,352,sold,,2024-10-09,Crp/Rpm Lux On Main Owner LP,,,Website,https://www.dallascad.org/ViewPDFs.aspx?type=3&id=\\DCAD.ORG\WEB\WEBDATA\WEBFORMS\DATA PRODUCTS\DCAD2026_CURRENT.ZIP
The Boheme Apartments,1222 N Beckley Ave,Dallas,Texas,352,sold,,2026-03-27,Fenix TX Owner LP,,,Website,https://www.dallascad.org/ViewPDFs.aspx?type=3&id=\\DCAD.ORG\WEB\WEBDATA\WEBFORMS\DATA PRODUCTS\DCAD2026_CURRENT.ZIP
351-unit project at 4701 W Park Blvd,"4701 W Park Blvd, Plano, TX",Plano,Texas,351,planned,,,,,,City filing,https://content.civicplus.com/api/assets/ac54ba65-bc6a-4347-92d9-239d91767bd3
Axis 110,110 W Cityline Dr,Richardson,Texas,351,sold,,2025-12-01,Areit Dallas Cityline LLC,,,Texas county property records,https://data.texas.gov/d/5tkr-3759
9302 Fry Rd,9302 Fry Rd,Cypress,Texas,351,under construction,,,,,,Website,https://download.hcad.org/data/CAMA/2026/Real_acct_owner.zip
14818 Vintage Preserve Pky,14818 Vintage Preserve Pky,Houston,Texas,350,sold,,2025-05-13,Vintage Park Apartments LLC,,,Website,https://download.hcad.org/data/CAMA/2026/Real_acct_owner.zip
Terrell Apartments,1010 Rose Hill Rd,Terrell,Texas,350,under construction,2028-05-01,,,"Terrell Leased Housing Associates I, LP",(214) 971-8747,State project record,https://www.tdlr.texas.gov/TABS/Search/Project/TABS2026009904
24720 Morton Ranch Rd,24720 Morton Ranch Rd,Katy,Texas,348,under construction,,,,,,Website,https://download.hcad.org/data/CAMA/2026/Real_acct_owner.zip
Belmont Apartments,4401 E Slaughter Lane,Austin,Texas,348,under construction,2027-04-30,,,Belmont Apartments Ltd.,(913) 439-8117,State project record,https://www.tdlr.texas.gov/TABS/Search/Project/TABS2025001200
Grapevine Twenty Four 99,"3601 Grapevine Mills Pkwy, Grapevine",Grapevine,Texas,348,permitted,,,,,,State permit data,https://www.tad.org/content/data-download/2025CommPermits.zip
Kade,3301 Hudnall St,Dallas,Texas,348,sold,,2025-05-16,Pecos Housing Finance Corp,,,Website,https://www.dallascad.org/ViewPDFs.aspx?type=3&id=\\DCAD.ORG\WEB\WEBDATA\WEBFORMS\DATA PRODUCTS\DCAD2026_CURRENT.ZIP
Ptct Ennova Highlands Apts,"451 Highlander Blvd, Arlington",Arlington,Texas,348,permitted,,,,,,State permit data,https://www.tad.org/content/data-download/2026CommPermits.zip
The Boulders,6301 Duck Creek Dr,Garland,Texas,348,sold,,2025-01-27,Irg Bgo Oaks Dc LP,,,Website,https://www.dallascad.org/ViewPDFs.aspx?type=3&id=\\DCAD.ORG\WEB\WEBDATA\WEBFORMS\DATA PRODUCTS\DCAD2026_CURRENT.ZIP
The Wyatt At Presidio Junction,2301 Presidio Vista Dr,Tarrant County,Texas,348,sold,,2025-02-26,,,,State permit data,https://www.tad.org/content/data-download/2026CommImprovedSales.zip
Legends At Chase Oaks Apartments,701 Legacy Dr,Plano,Texas,346,sold,,2025-09-29,701 Legacy Drive Spe LLC,,,Texas county property records,https://data.texas.gov/d/5tkr-3759
10919 Fondren Rd,10919 Fondren Rd,Houston,Texas,346,sold,,2024-12-04,Willows Apts LLC,,,Website,https://download.hcad.org/data/CAMA/2026/Real_acct_owner.zip
Fusion Fort Worth Apts,"5709 E Belknap St, Haltom City",Haltom City,Texas,346,permitted,,,,,,State permit data,https://www.tad.org/content/data-download/2025CommPermits.zip
(N/C 89%) Soltra Firewheel,902 Town Center Blvd,Garland,Texas,344,under construction,,,,,,Website,https://www.dallascad.org/ViewPDFs.aspx?type=3&id=\\DCAD.ORG\WEB\WEBDATA\WEBFORMS\DATA PRODUCTS\DCAD2026_CURRENT.ZIP
1335 Silverado Dr,1335 Silverado Dr,Houston,Texas,344,sold,,2025-04-01,Pecos Housing Finance Corp,,,Website,https://download.hcad.org/data/CAMA/2026/Real_acct_owner.zip
Reserve at Ella,867 Rushcreek Drive,Houston,Texas,344,planned,,,,,(210) 771-4127,State permit data,https://www.tdhca.texas.gov/sites/default/files/multifamily/docs/htc-4pct/2026260803-4HTC-StatusLog.xlsx
The Caroline,1400 W Commerce St,Dallas,Texas,344,sold,,2024-12-06,Dallas Public Facility,,,Website,https://www.dallascad.org/ViewPDFs.aspx?type=3&id=\\DCAD.ORG\WEB\WEBDATA\WEBFORMS\DATA PRODUCTS\DCAD2026_CURRENT.ZIP
Wildwood Creek Apts,"820 Dove Loop Rd, Grapevine",Grapevine,Texas,344,permitted,,,,,,State permit data,https://www.tad.org/content/data-download/2025CommPermits.zip
Tides On Park Lane,8780 Park Ln,Dallas,Texas,343,sold,,2025-03-10,Cameron County Housing,,,Website,https://www.dallascad.org/ViewPDFs.aspx?type=3&id=\\DCAD.ORG\WEB\WEBDATA\WEBFORMS\DATA PRODUCTS\DCAD2026_CURRENT.ZIP
Maple District Lofts,5415 Maple Ave,Dallas,Texas,342,sold,,2026-03-17,Areit Dallas Maple District LLC,,,Website,https://www.dallascad.org/ViewPDFs.aspx?type=3&id=\\DCAD.ORG\WEB\WEBDATA\WEBFORMS\DATA PRODUCTS\DCAD2026_CURRENT.ZIP
16717 Westpark Dr,16717 Westpark Dr,Houston,Texas,341,under construction,,,,,,Website,https://download.hcad.org/data/CAMA/2026/Real_acct_owner.zip
2315 Navigation Blvd,2315 Navigation Blvd,Houston,Texas,341,under construction,,,,,,Website,https://download.hcad.org/data/CAMA/2026/Real_acct_owner.zip
Imt Lakeshore Lofts At Las Colinas,800 Lake Carolyn Pkwy,Irving,Texas,341,sold,,2024-12-13,Bcm Atlantic Lakeshore Lofts,,,Website,https://www.dallascad.org/ViewPDFs.aspx?type=3&id=\\DCAD.ORG\WEB\WEBDATA\WEBFORMS\DATA PRODUCTS\DCAD2026_CURRENT.ZIP
Shoreline On Lake Carolyn (Abatement),1050 Lake Carolyn Pky,Irving,Texas,341,sold,,2024-12-18,Htjd Las Colinas Property,,,Website,https://www.dallascad.org/ViewPDFs.aspx?type=3&id=\\DCAD.ORG\WEB\WEBDATA\WEBFORMS\DATA PRODUCTS\DCAD2026_CURRENT.ZIP
Essence On Maple,2626 Throckmorton St,Dallas,Texas,340,sold,,2024-09-24,2626 Throckmorton LP,,,Website,https://www.dallascad.org/ViewPDFs.aspx?type=3&id=\\DCAD.ORG\WEB\WEBDATA\WEBFORMS\DATA PRODUCTS\DCAD2026_CURRENT.ZIP
Skyline Farmers Market,835 S Good Latimer Expy,Dallas,Texas,340,sold,,2025-07-31,TX Skyline Farmers Market LLC,,,Website,https://www.dallascad.org/ViewPDFs.aspx?type=3&id=\\DCAD.ORG\WEB\WEBDATA\WEBFORMS\DATA PRODUCTS\DCAD2026_CURRENT.ZIP
The Beckley,111 Morgan Ave,Dallas,Texas,340,sold,,2025-05-02,Beckley Property Owner LP,,,Website,https://www.dallascad.org/ViewPDFs.aspx?type=3&id=\\DCAD.ORG\WEB\WEBDATA\WEBFORMS\DATA PRODUCTS\DCAD2026_CURRENT.ZIP
Tides at Eastchase,"8900 Randol Mill Rd, Fort Worth",Fort Worth,Texas,340,permitted,,,,,,State permit data,https://www.tad.org/content/data-download/2025CommPermits.zip
11305 Grant Rd,11305 Grant Rd,Cypress,Texas,339,under construction,,,,,,Website,https://download.hcad.org/data/CAMA/2026/Real_acct_owner.zip
The Buckley,"600 Kissimmee Drive, Plano, TX",Plano,Texas,338,leasing,,,,,,News,https://candysdirt.com/2026/08/07/the-buckley-adds-338-apartments-to-planos-reworked-heritage-creekside/
Equinox On The Park,6200 N Shiloh Rd,Garland,Texas,338,sold,,2025-03-20,Pleasanton Housing Finance Corp,,,Website,https://www.dallascad.org/ViewPDFs.aspx?type=3&id=\\DCAD.ORG\WEB\WEBDATA\WEBFORMS\DATA PRODUCTS\DCAD2026_CURRENT.ZIP
Presidium Valley View,4040 Valley View Ln,Farmers Branch,Texas,338,sold,,2025-03-03,Pleasanton Housing Finance Corp,,,Website,https://www.dallascad.org/ViewPDFs.aspx?type=3&id=\\DCAD.ORG\WEB\WEBDATA\WEBFORMS\DATA PRODUCTS\DCAD2026_CURRENT.ZIP
Sageland Flats fka Brooks Family Apartments,Northwest Corner of Research Plaza and Challenger Drive,San Antonio,Texas,338,planned,,,,,,State permit data,https://www.tdhca.texas.gov/sites/default/files/multifamily/docs/HTCPropertyInventory_2.xlsx
702 Hadley St,702 Hadley St,Houston,Texas,337,sold,,2025-06-10,Re III Reshi Houston III De LLC,,,Website,https://download.hcad.org/data/CAMA/2026/Real_acct_owner.zip
8047 Grow Ln,8047 Grow Ln,Houston,Texas,337,sold,,2025-06-03,Cf 7835 Grow Lane Quail I LLC,,,Website,https://download.hcad.org/data/CAMA/2026/Real_acct_owner.zip
301 Lofts,13388 W Hwy 90,San Antonio,Texas,336,planned,,,,,(216) 584-0613,State permit data,https://www.tdhca.texas.gov/sites/default/files/multifamily/docs/htc-4pct/2026260803-4HTC-StatusLog.xlsx
Cameron-Yager Multifamily,4915 E. Yager Lane,Manor,Texas,336,under construction,2028-01-16,,,Cameron Road Apartments Ltd.,(216) 584-0613,State project record,https://www.tdlr.texas.gov/TABS/Search/Project/TABS2025024076
Groves Apartments,15910 Woodland Hills Drive,Humble,Texas,336,under construction,2026-09-30,,,"RK Commercial Properties, Inc.",(210) 326-1119,State project record,https://www.tdlr.texas.gov/TABS/Search/Project/TABS2025003997
Lakeside Lofts,5726 US Highway 87 E.,San Antonio,Texas,336,under construction,2027-12-15,,,Lakeside Lofts Ltd.,(512) 202-9011,State project record,https://www.tdlr.texas.gov/TABS/Search/Project/TABS2026006319
Lana (Ecu) Phase 1,14332 Montfort Dr,Dallas,Texas,336,sold,,2025-05-19,La Villa Housing Finance Corp,,,Website,https://www.dallascad.org/ViewPDFs.aspx?type=3&id=\\DCAD.ORG\WEB\WEBDATA\WEBFORMS\DATA PRODUCTS\DCAD2026_CURRENT.ZIP
Oso Apartments,2075 Shuwirth Road,Converse,Texas,336,planned,,,,,,State permit data,https://www.tdhca.texas.gov/sites/default/files/multifamily/docs/HTCPropertyInventory_2.xlsx
Red River Ranch Apts,"2625 N State Hwy 360, Grand Prairie",Grand Prairie,Texas,336,permitted,,,,,,State permit data,https://www.tad.org/content/data-download/2025CommPermits.zip
Resia Dallas West,5050 Keeneland Pkwy,Dallas,Texas,336,sold,,2025-07-01,Rpmi 5050 Keeneland Pkwy,,,Website,https://www.dallascad.org/ViewPDFs.aspx?type=3&id=\\DCAD.ORG\WEB\WEBDATA\WEBFORMS\DATA PRODUCTS\DCAD2026_CURRENT.ZIP
Stones Crossing Apartment Homes,23219 U.S. Hwy 281 N,San Antonio,Texas,336,planned,,,,,,State permit data,https://www.tdhca.texas.gov/sites/default/files/multifamily/docs/HTCPropertyInventory_2.xlsx
The Bend East In The Village (Ecu),6061 Village Bend Dr,Dallas,Texas,336,sold,,2024-12-23,Pcv Bend East LLC,,,Website,https://www.dallascad.org/ViewPDFs.aspx?type=3&id=\\DCAD.ORG\WEB\WEBDATA\WEBFORMS\DATA PRODUCTS\DCAD2026_CURRENT.ZIP
Three60 North Apts,"1450 N State Hwy 360, Grand Prairie",Grand Prairie,Texas,336,permitted,,,,,,State permit data,https://www.tad.org/content/data-download/2025CommPermits.zip
The Orion Apartment Homes,13039 SW Loop 410,San Antonio,Texas,336,planned,,,,,,State permit data,https://www.tdhca.texas.gov/sites/default/files/multifamily/docs/HTCPropertyInventory_2.xlsx
Gables Uptown Trails,2525 Carlisle St,Dallas,Texas,334,sold,,2025-12-22,2525 Carlisle LP,,,Website,https://www.dallascad.org/ViewPDFs.aspx?type=3&id=\\DCAD.ORG\WEB\WEBDATA\WEBFORMS\DATA PRODUCTS\DCAD2026_CURRENT.ZIP
Venue At 8651,"8651 Meadowbrook Blvd, Fort Worth",Unassigned,Texas,333,permitted,,,,,,State permit data,https://www.tad.org/content/data-download/2025CommPermits.zip
Regency at Ridgmar,"2500 Ridgmar Blvd, Fort Worth",Fort Worth,Texas,332,permitted,,,,,,State permit data,https://www.tad.org/content/data-download/2026CommPermits.zip
The Abbott,4599 W Davis St,Dallas,Texas,332,sold,,2025-05-15,Pecos Housing Finance Corp,,,Website,https://www.dallascad.org/ViewPDFs.aspx?type=3&id=\\DCAD.ORG\WEB\WEBDATA\WEBFORMS\DATA PRODUCTS\DCAD2026_CURRENT.ZIP
Tides On Woodhaven,"807 Heights Dr, Fort Worth",Fort Worth,Texas,332,permitted,,,,,,State permit data,https://www.tad.org/content/data-download/2026CommPermits.zip
Skye Apts Of Turtle Creek,2217 Ivan St,Dallas,Texas,331,sold,,2025-01-23,Ag Kvc Tc Property Owner LLC,,,Website,https://www.dallascad.org/ViewPDFs.aspx?type=3&id=\\DCAD.ORG\WEB\WEBDATA\WEBFORMS\DATA PRODUCTS\DCAD2026_CURRENT.ZIP
10300 Spring Cypress Rd,10300 Spring Cypress Rd,Tomball,Texas,330,under construction,,,,,,Website,https://download.hcad.org/data/CAMA/2026/Real_acct_owner.zip
12700 Greenhouse Rd,12700 Greenhouse Rd,Cypress,Texas,330,under construction,,,,,,Website,https://download.hcad.org/data/CAMA/2026/Real_acct_owner.zip
21021 Aldine Westfield Rd,21021 Aldine Westfield Rd,Houston,Texas,330,sold,,2025-03-18,Pleasanton Housing Finance Corporation,,,Website,https://download.hcad.org/data/CAMA/2026/Real_acct_owner.zip
Amli Escena Apartments,6401 Escena Blvd,Irving,Texas,330,sold,,2026-06-12,Rp 4 Las Colinas Owner LLC,,,Website,https://www.dallascad.org/ViewPDFs.aspx?type=3&id=\\DCAD.ORG\WEB\WEBDATA\WEBFORMS\DATA PRODUCTS\DCAD2026_CURRENT.ZIP
Eastline,6080 N Central Expy,Dallas,Texas,330,sold,,2026-02-19,Eastline Dallas LLC &,,,Website,https://www.dallascad.org/ViewPDFs.aspx?type=3&id=\\DCAD.ORG\WEB\WEBDATA\WEBFORMS\DATA PRODUCTS\DCAD2026_CURRENT.ZIP
Layers Of Galleria,13301 Galleria Pl,Farmers Branch,Texas,330,sold,,2026-01-02,Mg Sola Galleria Apartments &,,,Website,https://www.dallascad.org/ViewPDFs.aspx?type=3&id=\\DCAD.ORG\WEB\WEBDATA\WEBFORMS\DATA PRODUCTS\DCAD2026_CURRENT.ZIP
The Gateway at Trinity Forest,2050 Dowdy Ferry Rd,Dallas,Texas,330,planned,,,,,,State permit data,https://www.tdhca.texas.gov/sites/default/files/multifamily/docs/HTCPropertyInventory_2.xlsx
2121 Mid Ln,2121 Mid Ln,Houston,Texas,329,sold,,2024-10-22,Gwl Direct 2121 Mid LLC,,,Website,https://download.hcad.org/data/CAMA/2026/Real_acct_owner.zip
8501 Broadway Blvd,8501 Broadway Blvd,Houston,Texas,328,sold,,2025-11-04,Oconee Real Estate Holdings,,,Website,https://download.hcad.org/data/CAMA/2026/Real_acct_owner.zip
Centreport Landing,"14301 Statler Ct, Fort Worth",Fort Worth,Texas,328,permitted,,,,,,State permit data,https://www.tad.org/content/data-download/2026CommPermits.zip
Tides On Espereanza,13352 Esperanza Rd,Dallas,Texas,328,sold,,2025-07-03,Clarius Esperanza Owner LLC,,,Website,https://www.dallascad.org/ViewPDFs.aspx?type=3&id=\\DCAD.ORG\WEB\WEBDATA\WEBFORMS\DATA PRODUCTS\DCAD2026_CURRENT.ZIP
(91% Complete) Flynn @ Live Oak,4931 Live Oak St,Dallas,Texas,327,under construction,,,,,,Website,https://www.dallascad.org/ViewPDFs.aspx?type=3&id=\\DCAD.ORG\WEB\WEBDATA\WEBFORMS\DATA PRODUCTS\DCAD2026_CURRENT.ZIP
1215 Sawyer St,1215 Sawyer St,Houston,Texas,327,sold,,2024-09-26,Sawyer Yards Holdco LP,,,Website,https://download.hcad.org/data/CAMA/2026/Real_acct_owner.zip
17417 W Lake Houston Pky,17417 W Lake Houston Pky,Humble,Texas,327,sold,,2025-11-27,Ag-Hilltop Harper At Lake Houston,,,Website,https://download.hcad.org/data/CAMA/2026/Real_acct_owner.zip
5740 San Felipe St,5740 San Felipe St,Houston,Texas,327,sold,,2024-12-17,Hsr Tanglewood LLC,,,Website,https://download.hcad.org/data/CAMA/2026/Real_acct_owner.zip
641 W Crosstimbers St,641 W Crosstimbers St,Houston,Texas,327,sold,,2025-11-12,Rpmi 641 W Crosstimbers St Owner LLC C/O Ryan LLC,,,Website,https://download.hcad.org/data/CAMA/2026/Real_acct_owner.zip
The Ludlow,601 Belpree Dr,Plano,Texas,326,sold,,,Heritage Creekside Block B Owner LLC,,,Texas county property records,https://data.texas.gov/d/5tkr-3759
10522 Beechnut St,10522 Beechnut St,Houston,Texas,326,sold,,2025-07-01,900 Title Jefferson LLC C/O Cw Capital Assest Management LLC,,,Website,https://download.hcad.org/data/CAMA/2026/Real_acct_owner.zip
2002 Spring Stuebner Rd,2002 Spring Stuebner Rd,Spring,Texas,326,sold,,2025-03-12,Echo Springwoods Residential LLC,,,Website,https://download.hcad.org/data/CAMA/2026/Real_acct_owner.zip
2511 Willowick Rd,2511 Willowick Rd,Houston,Texas,326,under construction,,,,,,Website,https://download.hcad.org/data/CAMA/2026/Real_acct_owner.zip
9999 Kempwood Dr,9999 Kempwood Dr,Houston,Texas,326,sold,,2025-11-19,10010 Kempwood Drive LP,,,Website,https://download.hcad.org/data/CAMA/2026/Real_acct_owner.zip
Lana (Ecu) Phase 2,5711 Preston Oaks Rd,Dallas,Texas,326,sold,,2025-05-19,La Villa Housing Finance Corp,,,Website,https://www.dallascad.org/ViewPDFs.aspx?type=3&id=\\DCAD.ORG\WEB\WEBDATA\WEBFORMS\DATA PRODUCTS\DCAD2026_CURRENT.ZIP
The Marion,9750 Forest Ln,Dallas,Texas,326,sold,,2024-12-31,Pecos Housing Finance Corp,,,Website,https://www.dallascad.org/ViewPDFs.aspx?type=3&id=\\DCAD.ORG\WEB\WEBDATA\WEBFORMS\DATA PRODUCTS\DCAD2026_CURRENT.ZIP
12121 Greenspoint Mall,12121 Greenspoint Mall,Houston,Texas,325,under construction,,,,,,Website,https://download.hcad.org/data/CAMA/2026/Real_acct_owner.zip
4641 Montrose Blvd,4641 Montrose Blvd,Houston,Texas,325,sold,,2025-08-13,Chelsea Armando LLC,,,Website,https://download.hcad.org/data/CAMA/2026/Real_acct_owner.zip
Heights At Park Lane,8110 Park Ln,Dallas,Texas,325,sold,,2026-01-02,Aspire Park Ln LP,,,Website,https://www.dallascad.org/ViewPDFs.aspx?type=3&id=\\DCAD.ORG\WEB\WEBDATA\WEBFORMS\DATA PRODUCTS\DCAD2026_CURRENT.ZIP
Mylo Apartment Homes,"6500 Hulen Bend Blvd, Fort Worth",Fort Worth,Texas,325,permitted,,,,,,State permit data,https://www.tad.org/content/data-download/2026CommPermits.zip
Mcdermott Place Apartments,8900 Independence Pkwy,Plano,Texas,324,sold,,,Heitman Credit Acquisition Xl LP,,,Texas county property records,https://data.texas.gov/d/5tkr-3759
10070 Westpark Dr,10070 Westpark Dr,Houston,Texas,324,sold,,2025-05-05,La Villa Housing Finance Corporation,,,Website,https://download.hcad.org/data/CAMA/2026/Real_acct_owner.zip
1855 Wirt Rd,1855 Wirt Rd,Houston,Texas,324,sold,,2025-06-20,Fbrt Banyan Palms Owner LLC,,,Website,https://download.hcad.org/data/CAMA/2026/Real_acct_owner.zip
4123 Cedar Springs,4123 Cedar Springs Rd,Dallas,Texas,324,sold,,2025-07-01,Cmtg Wf Finance LLC,,,Website,https://www.dallascad.org/ViewPDFs.aspx?type=3&id=\\DCAD.ORG\WEB\WEBDATA\WEBFORMS\DATA PRODUCTS\DCAD2026_CURRENT.ZIP
5555 Holly View Dr,5555 Holly View Dr,Houston,Texas,324,sold,,2025-03-18,Pecos Housing Finance Corporation,,,Website,https://download.hcad.org/data/CAMA/2026/Real_acct_owner.zip
9300 N Sam Houston Pky E,9300 N Sam Houston Pky E,Humble,Texas,324,sold,,2025-03-06,Pleasanton Housing Finance Corporation,,,Website,https://download.hcad.org/data/CAMA/2026/Real_acct_owner.zip
Constellation Ranch Apts,"500 W Loop 820 S, Fort Worth",Fort Worth,Texas,324,permitted,,,,,,State permit data,https://www.tad.org/content/data-download/2026CommPermits.zip
Hanover Turtle Creek Phase 2,2555 Turtle Creek Blvd,Dallas,Texas,324,under construction,,,,,,Website,https://www.dallascad.org/ViewPDFs.aspx?type=3&id=\\DCAD.ORG\WEB\WEBDATA\WEBFORMS\DATA PRODUCTS\DCAD2026_CURRENT.ZIP
Sonrisa Village Apartments,5000 Bowie Road,Brownsville,Texas,324,permitted,2028-07-17,,,Luis Torres,(956) 579-3471,State project record,https://www.tdlr.texas.gov/TABS/Search/Project/TABS2027000986
Tower Road Apartments,12200 Tower Road,Manor,Texas,324,planned,,,,,,State permit data,https://www.tdhca.texas.gov/sites/default/files/multifamily/docs/HTCPropertyInventory_2.xlsx
Trailwinds Grapevine,"4501 State Hwy 360, Grapevine",Grapevine,Texas,324,permitted,,,,,,State permit data,https://www.tad.org/content/data-download/2026CommPermits.zip
8801 Glencrest St,8801 Glencrest St,Houston,Texas,322,sold,,2024-11-12,Verde Apartment Protfollio One LLC,,,Website,https://download.hcad.org/data/CAMA/2026/Real_acct_owner.zip
Upper Eastside In The Village,8749 Southwestern Blvd,Dallas,Texas,322,sold,,2024-12-26,Pcv Upper East Side LLC,,,Website,https://www.dallascad.org/ViewPDFs.aspx?type=3&id=\\DCAD.ORG\WEB\WEBDATA\WEBFORMS\DATA PRODUCTS\DCAD2026_CURRENT.ZIP
Valley Oaks,"101 E Pipeline Rd, Hurst",Hurst,Texas,322,permitted,,,,,,State permit data,https://www.tad.org/content/data-download/2026CommPermits.zip
Palladium Old FM 471 W,Old FM 471 W and Talley Rd,San Antonio,Texas,321,planned,,,,,,State permit data,https://www.tdhca.texas.gov/sites/default/files/multifamily/docs/HTCPropertyInventory_2.xlsx
16848 W Lake Houston Pky,16848 W Lake Houston Pky,Humble,Texas,320,sold,,2025-09-17,At Parkway LP,,,Website,https://download.hcad.org/data/CAMA/2026/Real_acct_owner.zip
2323 W Bay Area Blvd,2323 W Bay Area Blvd,Webster,Texas,320,under construction,,,,,,Website,https://download.hcad.org/data/CAMA/2026/Real_acct_owner.zip
6301 Almeda Rd,6301 Almeda Rd,Houston,Texas,320,sold,,2024-12-18,Maverick County Housing Finance Corp,,,Website,https://download.hcad.org/data/CAMA/2026/Real_acct_owner.zip
Hawke Apt Homes,4525 W Pioneer Dr,Irving,Texas,320,sold,,2026-06-04,Stonelex I 3 LLC,,,Website,https://www.dallascad.org/ViewPDFs.aspx?type=3&id=\\DCAD.ORG\WEB\WEBDATA\WEBFORMS\DATA PRODUCTS\DCAD2026_CURRENT.ZIP
The Carolyn,900 Lake Carolyn Pkwy,Irving,Texas,319,sold,,2025-12-29,Crp Wop Tblc Owner LP,,,Website,https://www.dallascad.org/ViewPDFs.aspx?type=3&id=\\DCAD.ORG\WEB\WEBDATA\WEBFORMS\DATA PRODUCTS\DCAD2026_CURRENT.ZIP
Park Residences Plano,1109 Park Vista Rd,Plano,Texas,318,sold,,2026-03-12,Park Residences Plano West LLC,,,Texas county property records,https://data.texas.gov/d/5tkr-3759
14220 Park Row Dr,14220 Park Row Dr,Houston,Texas,318,sold,,2025-05-19,Pecos Housing Finance Corp,,,Website,https://download.hcad.org/data/CAMA/2026/Real_acct_owner.zip
225 S Heights Blvd,225 S Heights Blvd,Houston,Texas,318,sold,,2025-08-15,Whitmore Apartments Owner LP,,,Website,https://download.hcad.org/data/CAMA/2026/Real_acct_owner.zip
2421 Spring Stuebner Rd,2421 Spring Stuebner Rd,Spring,Texas,318,under construction,,,,,,Website,https://download.hcad.org/data/CAMA/2026/Real_acct_owner.zip
The Mark,"3701 MLK JR Dr, Arlington",Arlington,Texas,317,permitted,,,,,,State permit data,https://www.tad.org/content/data-download/2025CommPermits.zip
Teak At The Branch,4601 Amesbury Dr,Dallas,Texas,316,sold,,2025-05-19,La Villa Housing Finance Corp,,,Website,https://www.dallascad.org/ViewPDFs.aspx?type=3&id=\\DCAD.ORG\WEB\WEBDATA\WEBFORMS\DATA PRODUCTS\DCAD2026_CURRENT.ZIP
(56% Vacant) The Bernard,11991 Audelia Rd,Dallas,Texas,314,sold,,2026-04-08,Oconee Reat Estate Holdings Xix,,,Website,https://www.dallascad.org/ViewPDFs.aspx?type=3&id=\\DCAD.ORG\WEB\WEBDATA\WEBFORMS\DATA PRODUCTS\DCAD2026_CURRENT.ZIP
3740 Barker Cypress Rd,3740 Barker Cypress Rd,Houston,Texas,314,under construction,,,,,,Website,https://download.hcad.org/data/CAMA/2026/Real_acct_owner.zip
6310 Dumfries Dr,6310 Dumfries Dr,Houston,Texas,314,sold,,2025-05-27,Ashford Casa Serena Property Owner LLC,,,Website,https://download.hcad.org/data/CAMA/2026/Real_acct_owner.zip
Alpine Village,"965 Duncan Perry Rd, Grand Prairie",Grand Prairie,Texas,314,permitted,,,,,,State permit data,https://www.tad.org/content/data-download/2026CommPermits.zip
The Charlie,13015 Audelia Rd,Dallas,Texas,314,sold,,2025-05-19,Pecos Housing Finance Corporation,,,Website,https://www.dallascad.org/ViewPDFs.aspx?type=3&id=\\DCAD.ORG\WEB\WEBDATA\WEBFORMS\DATA PRODUCTS\DCAD2026_CURRENT.ZIP
Winsted At White Rock Lake Apartments,2208 Winsted Dr,Dallas,Texas,314,sold,,2024-10-02,Spi Winsted 314 De LLC,,,Website,https://www.dallascad.org/ViewPDFs.aspx?type=3&id=\\DCAD.ORG\WEB\WEBDATA\WEBFORMS\DATA PRODUCTS\DCAD2026_CURRENT.ZIP
Torrington Briarwood,23701 Lyndon B Johnson Fwy,Mesquite,Texas,313,planned,,,,,,State permit data,https://www.tdhca.texas.gov/sites/default/files/multifamily/docs/HTCPropertyInventory_2.xlsx
938 Kingwood Dr,938 Kingwood Dr,Humble,Texas,312,sold,,2025-02-24,Cws Kingwood Spe LLC,,,Website,https://download.hcad.org/data/CAMA/2026/Real_acct_owner.zip
Creek Bend Apartment Homes,2335 E Borgfeld Dr,San Antonio,Texas,312,planned,,,,,,State permit data,https://www.tdhca.texas.gov/sites/default/files/multifamily/docs/HTCPropertyInventory_2.xlsx
Maxwell Hwy 21 Apartments,3966 FM 1966,Maxwell,Texas,312,planned,,,,,,State permit data,https://www.tdhca.texas.gov/sites/default/files/multifamily/docs/HTCPropertyInventory_2.xlsx
Sonterra At Buckingham,530 E Buckingham Rd,Richardson,Texas,312,sold,,2026-01-21,530 Buckingham Owner LLC,,,Website,https://www.dallascad.org/ViewPDFs.aspx?type=3&id=\\DCAD.ORG\WEB\WEBDATA\WEBFORMS\DATA PRODUCTS\DCAD2026_CURRENT.ZIP
Stoneledge,"401 Boyd Dr, Grapevine",Grapevine,Texas,312,permitted,,,,,,State permit data,https://www.tad.org/content/data-download/2026CommPermits.zip
Sweetwater At Buckingham,540 Buckingham Rd,Richardson,Texas,312,sold,,2024-12-27,Sweetwater Owner LLC,,,Website,https://www.dallascad.org/ViewPDFs.aspx?type=3&id=\\DCAD.ORG\WEB\WEBDATA\WEBFORMS\DATA PRODUCTS\DCAD2026_CURRENT.ZIP
550 Westlake Park Blvd,550 Westlake Park Blvd,Houston,Texas,311,under construction,,,,,,Website,https://download.hcad.org/data/CAMA/2026/Real_acct_owner.zip
Strata Apartments,5050 Capitol Ave,Dallas,Texas,311,sold,,2025-04-16,SH Sre Strata LLC,,,Website,https://www.dallascad.org/ViewPDFs.aspx?type=3&id=\\DCAD.ORG\WEB\WEBDATA\WEBFORMS\DATA PRODUCTS\DCAD2026_CURRENT.ZIP
(61% Vacant) The Beckham,12111 Audelia Rd,Dallas,Texas,310,sold,,2026-04-08,Oconee Reat Estate Holdings Xix,,,Website,https://www.dallascad.org/ViewPDFs.aspx?type=3&id=\\DCAD.ORG\WEB\WEBDATA\WEBFORMS\DATA PRODUCTS\DCAD2026_CURRENT.ZIP
Rancho Mirage,1200 Hidden Ridge Dr,Irving,Texas,310,sold,,2025-05-08,Pecos Housing Finance,,,Website,https://www.dallascad.org/ViewPDFs.aspx?type=3&id=\\DCAD.ORG\WEB\WEBDATA\WEBFORMS\DATA PRODUCTS\DCAD2026_CURRENT.ZIP
(56% Vacant) The Blake,9669 Forest Ln,Dallas,Texas,309,sold,,2026-04-08,Oconee Reat Estate Holdings Xix,,,Website,https://www.dallascad.org/ViewPDFs.aspx?type=3&id=\\DCAD.ORG\WEB\WEBDATA\WEBFORMS\DATA PRODUCTS\DCAD2026_CURRENT.ZIP
Alta Design District Apts,1531 Inspiration Dr,Dallas,Texas,309,sold,,2025-11-11,1531 Inspiration Dr Owner LLC,,,Website,https://www.dallascad.org/ViewPDFs.aspx?type=3&id=\\DCAD.ORG\WEB\WEBDATA\WEBFORMS\DATA PRODUCTS\DCAD2026_CURRENT.ZIP
Hampton Greens,10911 Woodmeadow Pkwy,Dallas,Texas,309,sold,,2025-03-11,Iron Landings Apartments LLC,,,Website,https://www.dallascad.org/ViewPDFs.aspx?type=3&id=\\DCAD.ORG\WEB\WEBDATA\WEBFORMS\DATA PRODUCTS\DCAD2026_CURRENT.ZIP
2500 E James St,2500 E James St,Baytown,Texas,308,sold,,2025-06-30,Newport Jv Sub IV LLC,,,Website,https://download.hcad.org/data/CAMA/2026/Real_acct_owner.zip
3500 Red Bluff Rd,3500 Red Bluff Rd,Pasadena,Texas,308,sold,,2024-10-02,Tpcg Beverly LLC,,,Website,https://download.hcad.org/data/CAMA/2026/Real_acct_owner.zip
4200 Scotland St,4200 Scotland St,Houston,Texas,308,sold,,2025-05-14,Ar Mim Memorial Hills Owner LP,,,Website,https://download.hcad.org/data/CAMA/2026/Real_acct_owner.zip
7900 At Park Central,7900 Churchill Way,Dallas,Texas,308,sold,,2025-03-03,Pleasanton Housing Finance,,,Website,https://www.dallascad.org/ViewPDFs.aspx?type=3&id=\\DCAD.ORG\WEB\WEBDATA\WEBFORMS\DATA PRODUCTS\DCAD2026_CURRENT.ZIP
LTD West Commerce,305 W Commerce St,Dallas,Texas,308,sold,,2025-09-05,Rpm Living Investment LLC,,,Website,https://www.dallascad.org/ViewPDFs.aspx?type=3&id=\\DCAD.ORG\WEB\WEBDATA\WEBFORMS\DATA PRODUCTS\DCAD2026_CURRENT.ZIP
Regalia Mansfield Apartments,"350 State Hwy 360, Mansfield",Mansfield,Texas,308,permitted,,,,,,State permit data,https://www.tad.org/content/data-download/2026CommPermits.zip
2218 Greenhouse Rd,2218 Greenhouse Rd,Houston,Texas,306,sold,,2025-12-16,Reev I - 2218 Greenhouse LLC,,,Website,https://download.hcad.org/data/CAMA/2026/Real_acct_owner.zip
8222 Kingsbrook Rd,8222 Kingsbrook Rd,Houston,Texas,306,sold,,2025-12-08,Thfha LLC,,,Website,https://download.hcad.org/data/CAMA/2026/Real_acct_owner.zip
Cortland La Villita,6411 Tranquilo,Irving,Texas,306,sold,,2025-09-16,Key La Villita LLC,,,Website,https://www.dallascad.org/ViewPDFs.aspx?type=3&id=\\DCAD.ORG\WEB\WEBDATA\WEBFORMS\DATA PRODUCTS\DCAD2026_CURRENT.ZIP
Soverign Hometown,"6021 Parker Blvd, North Richland Hills",Tdlr,Texas,306,permitted,,,,,,State permit data,https://www.tad.org/content/data-download/2025CommPermits.zip
(50% Complete) The Heights At Grand Prairie Casona,3900 Robinson Rd,Grand Prairie,Texas,305,under construction,,,,,,Website,https://www.dallascad.org/ViewPDFs.aspx?type=3&id=\\DCAD.ORG\WEB\WEBDATA\WEBFORMS\DATA PRODUCTS\DCAD2026_CURRENT.ZIP
Palladium Buckner Station (Nc/ 5% Complete),8008 Elam Rd,Dallas,Texas,305,sold,,2025-07-16,Dhfc Buckner Station,,,Website,https://www.dallascad.org/ViewPDFs.aspx?type=3&id=\\DCAD.ORG\WEB\WEBDATA\WEBFORMS\DATA PRODUCTS\DCAD2026_CURRENT.ZIP
304-unit project at Spring Creek Pkwy & K Ave,"North side of Spring Creek Pkwy, 375 ft east of K Ave, Plano, TX",Plano,Texas,304,planned,,,,,,City filing,https://content.civicplus.com/api/assets/ac54ba65-bc6a-4347-92d9-239d91767bd3
(Fire Dmg) Tides At Highland Meadows Phase 1,11333 Amanda Ln,Dallas,Texas,304,sold,,2026-01-08,Clarius Highland Meadows,,,Website,https://www.dallascad.org/ViewPDFs.aspx?type=3&id=\\DCAD.ORG\WEB\WEBDATA\WEBFORMS\DATA PRODUCTS\DCAD2026_CURRENT.ZIP
2623 Keene St,2623 Keene St,Houston,Texas,304,under construction,,,,,,Website,https://download.hcad.org/data/CAMA/2026/Real_acct_owner.zip
Forum At Grand Prairie,2650 S Forum Dr,Tarrant County,Texas,304,sold,,2024-11-19,,,,State permit data,https://www.tad.org/content/data-download/2026CommImprovedSales.zip
The Springs Apartments,approx. SEC of IH‐35 & Aquarena Springs Dr.,San Marcos,Texas,304,planned,,,,,,State permit data,https://www.tdhca.texas.gov/sites/default/files/multifamily/docs/HTCPropertyInventory_2.xlsx
4343 Woodhead St,4343 Woodhead St,Houston,Texas,303,under construction,,,,,,Website,https://download.hcad.org/data/CAMA/2026/Real_acct_owner.zip
Lakeshore At Preston Apartments,3700 Preston Rd,Plano,Texas,302,sold,,2024-09-26,Simfa Lakeshore Fee Simple LLC,,,Texas county property records,https://data.texas.gov/d/5tkr-3759
529 Barker Clodine Rd,529 Barker Clodine Rd,Houston,Texas,302,sold,,2025-01-03,Sync At Green Trails Owner LP,,,Website,https://download.hcad.org/data/CAMA/2026/Real_acct_owner.zip
7302 Corporate Dr,7302 Corporate Dr,Houston,Texas,302,sold,,2025-06-27,Rubicon Arowana LLC,,,Website,https://download.hcad.org/data/CAMA/2026/Real_acct_owner.zip
Apartment,None,Fort Worth,Texas,302,permitted,,,,,,City of Fort Worth development permits,https://www.arcgis.com/home/item.html?id=d2740f4d746b4bfaa03e25de0376238b
Hughes House II,1401 Etta Street,Fort Worth,Texas,302,planned,,,,,,State permit data,https://www.tdhca.texas.gov/sites/default/files/multifamily/docs/HTCPropertyInventory_2.xlsx
Spanish Creek Apts-Txa19950410,3109 Chapel Creek Dr,Dallas,Texas,302,sold,,2025-04-22,La Villa Housing Finance Corp,,,Website,https://www.dallascad.org/ViewPDFs.aspx?type=3&id=\\DCAD.ORG\WEB\WEBDATA\WEBFORMS\DATA PRODUCTS\DCAD2026_CURRENT.ZIP
(N/C 65%) Yardhome Living,2370 E Centerville Rd,Garland,Texas,301,under construction,,,,,,Website,https://www.dallascad.org/ViewPDFs.aspx?type=3&id=\\DCAD.ORG\WEB\WEBDATA\WEBFORMS\DATA PRODUCTS\DCAD2026_CURRENT.ZIP
Axis On Wycliff Phase I,4343 Congress Ave,Dallas,Texas,301,sold,,2025-12-03,Areit Dallas Wycliff LLC,,,Website,https://www.dallascad.org/ViewPDFs.aspx?type=3&id=\\DCAD.ORG\WEB\WEBDATA\WEBFORMS\DATA PRODUCTS\DCAD2026_CURRENT.ZIP
Lofts at Creekview,3623 and 3841 East Commerce,San Antonio,Texas,301,planned,,,,,,State permit data,https://www.tdhca.texas.gov/sites/default/files/multifamily/docs/HTCPropertyInventory_2.xlsx
Murdeaux Villas - Tdhca# 21614,125 S Murdeaux Ln,Dallas,Texas,301,sold,,2026-03-05,Murdeaux Villas Landowner LLC,,,Website,https://www.dallascad.org/ViewPDFs.aspx?type=3&id=\\DCAD.ORG\WEB\WEBDATA\WEBFORMS\DATA PRODUCTS\DCAD2026_CURRENT.ZIP
Axis 3700,3700 Mapleshade Ln,Plano,Texas,300,sold,,,Apartments Axis Spe LLC,,,Texas county property records,https://data.texas.gov/d/5tkr-3759
21077 Kingsland Blvd,21077 Kingsland Blvd,Katy,Texas,300,under construction,,,,,,Website,https://download.hcad.org/data/CAMA/2026/Real_acct_owner.zip
411 S Bender Ave,411 S Bender Ave,Humble,Texas,300,sold,,2025-03-18,Pecos Housing Finance Corp,,,Website,https://download.hcad.org/data/CAMA/2026/Real_acct_owner.zip
Dessau Apartments,10701 Dessau Rd,Austin,Texas,300,under construction,2027-11-01,,,"OHT Dessau, LP",(512) 438-9715,State project record,https://www.tdlr.texas.gov/TABS/Search/Project/TABS2025011047
EMLI at Mesa Gardens,10199 Mesa Drive,Houston,Texas,300,planned,,,,,,State permit data,https://www.tdhca.texas.gov/sites/default/files/multifamily/docs/HTCPropertyInventory_2.xlsx
The Westlyn,1150 E IH 20,Grand Prairie,Texas,300,sold,,2024-09-25,Crp/Ar Prose Westcliff Owner LP,,,Website,https://www.dallascad.org/ViewPDFs.aspx?type=3&id=\\DCAD.ORG\WEB\WEBDATA\WEBFORMS\DATA PRODUCTS\DCAD2026_CURRENT.ZIP
The Ridge at Loop 12,1200 N Walton Walker Blvd,Dallas,Texas,300,planned,,,,,,State permit data,https://www.tdhca.texas.gov/sites/default/files/multifamily/docs/HTCPropertyInventory_2.xlsx
Torrington Wilmer,1501 E. Beltline,Dallas,Texas,300,planned,,,,,(210) 493-8633,State permit data,https://www.tdhca.texas.gov/sites/default/files/multifamily/docs/HTCPropertyInventory_2.xlsx
West Dell Apartment Homes,11437 Alamo Ranch Parkway,San Antonio,Texas,300,planned,,,,,,State permit data,https://www.tdhca.texas.gov/sites/default/files/multifamily/docs/HTCPropertyInventory_2.xlsx
West Dell Apartments,Approx. 11400 Alamo Ranch Parkway,San Antonio,Texas,300,planned,,,,,(317) 208-3767,State permit data,https://www.tdhca.texas.gov/sites/default/files/multifamily/docs/htc-4pct/2026260803-4HTC-StatusLog.xlsx
2300 Mccue Rd,2300 Mccue Rd,Houston,Texas,299,sold,,2025-09-17,Blue Atlantic Montecito LP,,,Website,https://download.hcad.org/data/CAMA/2026/Real_acct_owner.zip
Brady Apts,2728 Cedar Springs Rd,Dallas,Texas,299,sold,,2025-10-16,Karlin Brady LLC,,,Website,https://www.dallascad.org/ViewPDFs.aspx?type=3&id=\\DCAD.ORG\WEB\WEBDATA\WEBFORMS\DATA PRODUCTS\DCAD2026_CURRENT.ZIP
One Rangers Way,"1200 Nolan Ryan Expwy, Arlington",Arlington,Texas,299,permitted,,,,,,State permit data,https://www.tad.org/content/data-download/2025CommPermits.zip
The Ambassador Apartments 30%,1300 S Ervay St,Dallas,Texas,299,under construction,,,,,,Website,https://www.dallascad.org/ViewPDFs.aspx?type=3&id=\\DCAD.ORG\WEB\WEBDATA\WEBFORMS\DATA PRODUCTS\DCAD2026_CURRENT.ZIP
23933 Kingsland Blvd,23933 Kingsland Blvd,Katy,Texas,298,under construction,,,,,,Website,https://download.hcad.org/data/CAMA/2026/Real_acct_owner.zip
Quail Ridge Apts,"4500 Brentwood Stair Rd, Fort Worth",Unassigned,Texas,298,permitted,,,,,,State permit data,https://www.tad.org/content/data-download/2025CommPermits.zip
2311 Mid Ln,2311 Mid Ln,Houston,Texas,297,sold,,2025-05-30,Bvf-Vi Ivy Owner LP,,,Website,https://download.hcad.org/data/CAMA/2026/Real_acct_owner.zip
Amelia At Farmers Market,915 S Harwood St,Dallas,Texas,297,sold,,2025-09-29,Farmers TX Holdings LP,,,Website,https://www.dallascad.org/ViewPDFs.aspx?type=3&id=\\DCAD.ORG\WEB\WEBDATA\WEBFORMS\DATA PRODUCTS\DCAD2026_CURRENT.ZIP
NRP Village Apartments,2800 Roselawn Drive,Denton,Texas,297,under construction,2027-09-30,,,Rayzor Inv LTD,(210) 507-0743,State project record,https://www.tdlr.texas.gov/TABS/Search/Project/TABS2025021863
300 N Vista Dr,300 N Vista Dr,Houston,Texas,296,sold,,2025-08-05,Tl-I LLC,,,Website,https://download.hcad.org/data/CAMA/2026/Real_acct_owner.zip
9550 Meyer Forest Dr,9550 Meyer Forest Dr,Houston,Texas,296,sold,,2025-10-07,Pre Lakeside LLC,,,Website,https://download.hcad.org/data/CAMA/2026/Real_acct_owner.zip
The Bend In The Village I (Ecu),5454 Amesbury Dr,Dallas,Texas,296,sold,,2024-12-23,Pcv Bend LLC,,,Website,https://www.dallascad.org/ViewPDFs.aspx?type=3&id=\\DCAD.ORG\WEB\WEBDATA\WEBFORMS\DATA PRODUCTS\DCAD2026_CURRENT.ZIP
The Bend In The Village II (Ecu),6041 Village Bend Dr,Dallas,Texas,296,sold,,2024-12-23,Pcv Bend LLC,,,Website,https://www.dallascad.org/ViewPDFs.aspx?type=3&id=\\DCAD.ORG\WEB\WEBDATA\WEBFORMS\DATA PRODUCTS\DCAD2026_CURRENT.ZIP
alpine creekside ptct,"5400 Haltom Rd, Haltom City",Haltom City,Texas,296,permitted,,,,,,State permit data,https://www.tad.org/content/data-download/2026CommPermits.zip
4811 E Sam Houston Pky S,4811 E Sam Houston Pky S,Pasadena,Texas,294,sold,,2025-09-05,G&I Xi Creshaw LP,,,Website,https://download.hcad.org/data/CAMA/2026/Real_acct_owner.zip
2825 W 11th St,2825 W 11th St,Houston,Texas,293,under construction,,,,,,Website,https://download.hcad.org/data/CAMA/2026/Real_acct_owner.zip
Sinclair,401 N Ervay St,Dallas,Texas,293,under construction,,,,,,Website,https://www.dallascad.org/ViewPDFs.aspx?type=3&id=\\DCAD.ORG\WEB\WEBDATA\WEBFORMS\DATA PRODUCTS\DCAD2026_CURRENT.ZIP
6500 W 43rd St,6500 W 43rd St,Houston,Texas,292,sold,,2024-11-05,Citibank N A Keybank National Association,,,Website,https://download.hcad.org/data/CAMA/2026/Real_acct_owner.zip
700 Cavalcade St,700 Cavalcade St,Houston,Texas,292,sold,,2025-12-10,Hilltop Ellory Heights Property Owner LP,,,Website,https://download.hcad.org/data/CAMA/2026/Real_acct_owner.zip
Bent Tree Park,4500 Sojourn Dr,Addison,Texas,292,sold,,2025-08-04,Btp Apartments II LLC &,,,Website,https://www.dallascad.org/ViewPDFs.aspx?type=3&id=\\DCAD.ORG\WEB\WEBDATA\WEBFORMS\DATA PRODUCTS\DCAD2026_CURRENT.ZIP
333 Uvalde Rd,333 Uvalde Rd,Houston,Texas,291,sold,,2025-05-06,900 Title Jefferson LLC % Cwcapital Asset Management LLC,,,Website,https://download.hcad.org/data/CAMA/2026/Real_acct_owner.zip
9001 Jones Rd,9001 Jones Rd,Houston,Texas,290,sold,,2025-03-26,Cep Avaya Steeplechase De LLC,,,Website,https://download.hcad.org/data/CAMA/2026/Real_acct_owner.zip
Brickstone Flats,9003 Somerset Road,San Antonio,Texas,290,under construction,2028-06-30,,,Brickstone Flats LP,(317) 846-3111,State project record,https://www.tdlr.texas.gov/TABS/Search/Project/TABS2026012493
Jefferson Addison Heights,4800 Airport Pkwy,Addison,Texas,290,under construction,,,,,,Website,https://www.dallascad.org/ViewPDFs.aspx?type=3&id=\\DCAD.ORG\WEB\WEBDATA\WEBFORMS\DATA PRODUCTS\DCAD2026_CURRENT.ZIP
Torrington Creekside,825 Windbell Circle,Mesquite,Texas,290,planned,,,,,(210) 493-8633,State permit data,https://www.tdhca.texas.gov/sites/default/files/multifamily/docs/htc-4pct/2026260803-4HTC-StatusLog.xlsx
(N/C 60%) Palladium Carver Living (Tdhca #6031),2255 W Bruton Rd,Mesquite,Texas,288,under construction,,,,,,Website,https://www.dallascad.org/ViewPDFs.aspx?type=3&id=\\DCAD.ORG\WEB\WEBDATA\WEBFORMS\DATA PRODUCTS\DCAD2026_CURRENT.ZIP
14900 Memorial Dr,14900 Memorial Dr,Houston,Texas,288,sold,,2025-08-11,14900 Memorial Drive Owner LLC,,,Website,https://download.hcad.org/data/CAMA/2026/Real_acct_owner.zip
17935 Hunters Terrace Dr,17935 Hunters Terrace Dr,Humble,Texas,288,under construction,,,,,,Website,https://download.hcad.org/data/CAMA/2026/Real_acct_owner.zip
20525 Holzwarth Rd,20525 Holzwarth Rd,Spring,Texas,288,sold,,2025-05-13,Holzwarth Rd Apartments LLC,,,Website,https://download.hcad.org/data/CAMA/2026/Real_acct_owner.zip
5100 FM 1960 Rd W,5100 FM 1960 Rd W,Houston,Texas,288,sold,,2025-05-05,La Villa Housing Finance Corporation,,,Website,https://download.hcad.org/data/CAMA/2026/Real_acct_owner.zip
Allura (Abatement),6445 Love Dr,Irving,Texas,288,sold,,2026-05-28,Allura Legacy I TIC &,,,Website,https://www.dallascad.org/ViewPDFs.aspx?type=3&id=\\DCAD.ORG\WEB\WEBDATA\WEBFORMS\DATA PRODUCTS\DCAD2026_CURRENT.ZIP
Broadway Apts,5118 Broadway Blvd,Garland,Texas,288,sold,,2024-10-04,Wwc The Broadway LP,,,Website,https://www.dallascad.org/ViewPDFs.aspx?type=3&id=\\DCAD.ORG\WEB\WEBDATA\WEBFORMS\DATA PRODUCTS\DCAD2026_CURRENT.ZIP
Lenox Maplewood Phase 2,5495 Denton Dr,Dallas,Texas,288,sold,,2025-09-02,Oh Maplewood Owner LLC,,,Website,https://www.dallascad.org/ViewPDFs.aspx?type=3&id=\\DCAD.ORG\WEB\WEBDATA\WEBFORMS\DATA PRODUCTS\DCAD2026_CURRENT.ZIP
Palladium Carver Living,2200 W Bruton Road,Mesquite,Texas,288,planned,,,,,,State permit data,https://www.tdhca.texas.gov/sites/default/files/multifamily/docs/HTCPropertyInventory_2.xlsx
Palladium San Antonio,4770 Military Drive W,San Antonio,Texas,288,planned,,,,,,State permit data,https://www.tdhca.texas.gov/sites/default/files/multifamily/docs/HTCPropertyInventory_2.xlsx
The Hayden 90% Complete,10715 Garland Rd,Dallas,Texas,288,under construction,,,,,,Website,https://www.dallascad.org/ViewPDFs.aspx?type=3&id=\\DCAD.ORG\WEB\WEBDATA\WEBFORMS\DATA PRODUCTS\DCAD2026_CURRENT.ZIP
Wooded Lake Apartments 95%,1410 Wooded Lake Dr,Mesquite,Texas,288,sold,,2024-10-02,Mesquite Housing Finance Corp The,,,Website,https://www.dallascad.org/ViewPDFs.aspx?type=3&id=\\DCAD.ORG\WEB\WEBDATA\WEBFORMS\DATA PRODUCTS\DCAD2026_CURRENT.ZIP
Wooded Lake Apartments,1300 Wooded Lake Drive,Mesquite,Texas,288,planned,,,,,,State permit data,https://www.tdhca.texas.gov/sites/default/files/multifamily/docs/HTCPropertyInventory_2.xlsx
Lenox Maplewood Phase 1,5490 Denton Dr,Dallas,Texas,287,sold,,2025-09-02,Oh Maplewood Owner LLC,,,Website,https://www.dallascad.org/ViewPDFs.aspx?type=3&id=\\DCAD.ORG\WEB\WEBDATA\WEBFORMS\DATA PRODUCTS\DCAD2026_CURRENT.ZIP
1111 Rusk St,1111 Rusk St,Houston,Texas,286,sold,,2025-07-11,Hsc Star LP,,,Website,https://download.hcad.org/data/CAMA/2026/Real_acct_owner.zip
Camden Cimarron,101 Cimarron Trail,Irving,Texas,286,sold,,2025-07-10,Cimarron Apartment Owner,,,Website,https://www.dallascad.org/ViewPDFs.aspx?type=3&id=\\DCAD.ORG\WEB\WEBDATA\WEBFORMS\DATA PRODUCTS\DCAD2026_CURRENT.ZIP
Eastshore On Lake Carolyn,1100 Lake Carolyn Pkwy,Irving,Texas,286,sold,,2025-11-25,Kre Lc Eastshore LLC,,,Website,https://www.dallascad.org/ViewPDFs.aspx?type=3&id=\\DCAD.ORG\WEB\WEBDATA\WEBFORMS\DATA PRODUCTS\DCAD2026_CURRENT.ZIP
Maxwell,"8300 Brentwood Stair Rd, Fort Worth",Fort Worth,Texas,285,permitted,,,,,,State permit data,https://www.tad.org/content/data-download/2025CommPermits.zip
Modera Trailhead (N/C 100% Complete),7532 East Grand Ave,Dallas,Texas,285,sold,,2025-07-28,Mcref IV Trailhead,,,Website,https://www.dallascad.org/ViewPDFs.aspx?type=3&id=\\DCAD.ORG\WEB\WEBDATA\WEBFORMS\DATA PRODUCTS\DCAD2026_CURRENT.ZIP
(55% Vacant) The Bentley,12121 Audelia Rd,Dallas,Texas,284,sold,,2026-04-08,Oconee Reat Estate Holdings Xix,,,Website,https://www.dallascad.org/ViewPDFs.aspx?type=3&id=\\DCAD.ORG\WEB\WEBDATA\WEBFORMS\DATA PRODUCTS\DCAD2026_CURRENT.ZIP
6201 W Bellfort St,6201 W Bellfort St,Houston,Texas,284,sold,,2025-07-25,Oakwood Villa Apartments LLC,,,Website,https://download.hcad.org/data/CAMA/2026/Real_acct_owner.zip
8877 Frankway Dr,8877 Frankway Dr,Houston,Texas,284,sold,,2025-01-28,Maverick County Housing Finance Corp,,,Website,https://download.hcad.org/data/CAMA/2026/Real_acct_owner.zip
Cordova Apartments,6160 Madden Lane,Houston,Texas,283,planned,,,,,,State permit data,https://www.tdhca.texas.gov/sites/default/files/multifamily/docs/HTCPropertyInventory_2.xlsx
Jefferson Peninsula,7165 Lake Ridge Pkwy,Grand Prairie,Texas,283,sold,,2026-03-12,7165 Lake Ridge LLC,,,Website,https://www.dallascad.org/ViewPDFs.aspx?type=3&id=\\DCAD.ORG\WEB\WEBDATA\WEBFORMS\DATA PRODUCTS\DCAD2026_CURRENT.ZIP
Polk St Multifamily,110 E. Polk Street,Richardson,Texas,281,under construction,2027-10-01,,,DRA Owner LLC,(214) 863-4277,State project record,https://www.tdlr.texas.gov/TABS/Search/Project/TABS2025026678
19606 Park Row Dr,19606 Park Row Dr,Houston,Texas,280,sold,,2025-09-25,Terra Spe LLC,,,Website,https://download.hcad.org/data/CAMA/2026/Real_acct_owner.zip
8162 Richmond Ave,8162 Richmond Ave,Houston,Texas,280,sold,,2025-05-20,La Villa Housing Finance Corp,,,Website,https://download.hcad.org/data/CAMA/2026/Real_acct_owner.zip
9404 West Rd,9404 West Rd,Houston,Texas,280,sold,,2025-10-21,Lsc Discovery Owner LLC Et Al,,,Website,https://download.hcad.org/data/CAMA/2026/Real_acct_owner.zip
Wildwood Branch,"6201 Shady Oaks Manor Dr, Fort Worth",Fort Worth,Texas,280,permitted,,,,,,State permit data,https://www.tad.org/content/data-download/2025CommPermits.zip
(80% Comp) The Grace At Creekside,8801 Old Hickory Trl,Dallas,Texas,279,sold,,2025-02-14,Crpcv Grace Creekside Owner LP,,,Website,https://www.dallascad.org/ViewPDFs.aspx?type=3&id=\\DCAD.ORG\WEB\WEBDATA\WEBFORMS\DATA PRODUCTS\DCAD2026_CURRENT.ZIP
2410 S Kirkwood Rd,2410 S Kirkwood Rd,Houston,Texas,279,sold,,2025-11-03,2410 South Kirkwood Road Holdings LP,,,Website,https://download.hcad.org/data/CAMA/2026/Real_acct_owner.zip
Central at Commerce,1231 East Commerce Street,San Antonio,Texas,279,planned,,,,,,State permit data,https://www.tdhca.texas.gov/sites/default/files/multifamily/docs/HTCPropertyInventory_2.xlsx
Bellevue At Spring Creek Apartments,2401 W Spring Creek Pkwy,Plano,Texas,278,sold,,2025-06-24,Spring Creek 278 LLC,,,Texas county property records,https://data.texas.gov/d/5tkr-3759
(45% Vacant) The Anderson Apts,3800 S Tyler St,Dallas,Texas,278,sold,,2025-03-13,La Villa Housing Finance,,,Website,https://www.dallascad.org/ViewPDFs.aspx?type=3&id=\\DCAD.ORG\WEB\WEBDATA\WEBFORMS\DATA PRODUCTS\DCAD2026_CURRENT.ZIP
12211 Summer Creek Trace Dr,12211 Summer Creek Trace Dr,Houston,Texas,278,sold,,2025-04-30,Hpi Westlake LLC,,,Website,https://download.hcad.org/data/CAMA/2026/Real_acct_owner.zip
505 Wells Fargo Dr,505 Wells Fargo Dr,Houston,Texas,276,sold,,2025-06-03,Lsf Houston LLC,,,Website,https://download.hcad.org/data/CAMA/2026/Real_acct_owner.zip
9465 Clearwood Dr,9465 Clearwood Dr,Houston,Texas,276,sold,,2024-12-03,Bds III TX Clearwood Villas LLC Ryan Mcgrath,,,Website,https://download.hcad.org/data/CAMA/2026/Real_acct_owner.zip
Alexan Fairmount,4110 Fairmount St,Dallas,Texas,276,sold,,2024-09-05,Rpmfca Fairmount Owner LLC,,,Website,https://www.dallascad.org/ViewPDFs.aspx?type=3&id=\\DCAD.ORG\WEB\WEBDATA\WEBFORMS\DATA PRODUCTS\DCAD2026_CURRENT.ZIP
Northpoint Villas,"8100 N Riverside Dr, Fort Worth",Fort Worth,Texas,276,permitted,,,,,,State permit data,https://www.tad.org/content/data-download/2026CommPermits.zip
Springs At Grand Prairie,2136 Sara Jane Pky,Grand Prairie,Texas,276,sold,,2025-02-25,Pleasanton Housing Finance,,,Website,https://www.dallascad.org/ViewPDFs.aspx?type=3&id=\\DCAD.ORG\WEB\WEBDATA\WEBFORMS\DATA PRODUCTS\DCAD2026_CURRENT.ZIP
The Corners East In The Village,8513 Southwestern Blvd,Dallas,Texas,276,sold,,2024-12-23,Pcv Corners East LLC,,,Website,https://www.dallascad.org/ViewPDFs.aspx?type=3&id=\\DCAD.ORG\WEB\WEBDATA\WEBFORMS\DATA PRODUCTS\DCAD2026_CURRENT.ZIP
The Carter Apts,"2149 Anderson Gibson Rd, Grapevine",Grapevine,Texas,276,permitted,,,,,,State permit data,https://www.tad.org/content/data-download/2026CommPermits.zip
William Cannon Apartments,FM Rd 1625,Austin,Texas,276,under construction,2028-04-01,,,Bradley Carol Ann C Trust,(325) 218-2182,State project record,https://www.tdlr.texas.gov/TABS/Search/Project/TABS2026004733
409 Travis St,409 Travis St,Houston,Texas,274,sold,,2025-01-28,Hsc Aris LLC Et Al,,,Website,https://download.hcad.org/data/CAMA/2026/Real_acct_owner.zip
Tides On Oakland,"6011 Oakland Hills Dr, Fort Worth",Fort Worth,Texas,274,permitted,,,,,,State permit data,https://www.tad.org/content/data-download/2026CommPermits.zip
The Dawson,"9584 Eden Rd, Arlington",Unassigned,Texas,273,permitted,,,,,,State permit data,https://www.tad.org/content/data-download/2026CommPermits.zip
22022 Cimarron Pky,22022 Cimarron Pky,Katy,Texas,272,sold,,2025-03-29,Pecos Housing Finance Coproration,,,Website,https://download.hcad.org/data/CAMA/2026/Real_acct_owner.zip
Ava West I,9750 Royal Ln,Dallas,Texas,272,sold,,2025-04-17,Edcouch Community Housing,,,Website,https://www.dallascad.org/ViewPDFs.aspx?type=3&id=\\DCAD.ORG\WEB\WEBDATA\WEBFORMS\DATA PRODUCTS\DCAD2026_CURRENT.ZIP
Celina Multifamily,Knox ST and Collin County Outer Loop,Celina,Texas,272,under construction,2027-09-30,,,"Celina Apt Associates, L.L.C.",(330) 664-9430,State project record,https://www.tdlr.texas.gov/TABS/Search/Project/TABS2025000344
Felix Apts,"2101 E Pioneer Pkwy, Arlington",Arlington,Texas,272,permitted,,,,,,State permit data,https://www.tad.org/content/data-download/2025CommPermits.zip
The Chase In The Village (Ecu),5657 Amesbury Dr,Dallas,Texas,272,sold,,2024-12-23,Pcv Chase LLC,,,Website,https://www.dallascad.org/ViewPDFs.aspx?type=3&id=\\DCAD.ORG\WEB\WEBDATA\WEBFORMS\DATA PRODUCTS\DCAD2026_CURRENT.ZIP
The Corners In The Village (Ecu),8435 Southwestern Blvd,Dallas,Texas,272,sold,,2024-12-23,Pcv Corners LLC,,,Website,https://www.dallascad.org/ViewPDFs.aspx?type=3&id=\\DCAD.ORG\WEB\WEBDATA\WEBFORMS\DATA PRODUCTS\DCAD2026_CURRENT.ZIP
(56% Vacant) The Baxter,9737 Forest Ln,Dallas,Texas,270,sold,,2026-04-08,Oconee Reat Estate Holdings Xix,,,Website,https://www.dallascad.org/ViewPDFs.aspx?type=3&id=\\DCAD.ORG\WEB\WEBDATA\WEBFORMS\DATA PRODUCTS\DCAD2026_CURRENT.ZIP
Aster,3611 Congress Ave,Dallas,Texas,270,sold,,2024-09-16,Comref Aster LLC,,,Website,https://www.dallascad.org/ViewPDFs.aspx?type=3&id=\\DCAD.ORG\WEB\WEBDATA\WEBFORMS\DATA PRODUCTS\DCAD2026_CURRENT.ZIP
Rise North Arlington Home Apts,"500 Tish Cir, Arlington",Arlington,Texas,270,permitted,,,,,,State permit data,https://www.tad.org/content/data-download/2026CommPermits.zip
Tides On Leisure Phase 2,11515 Leisure Dr,Dallas,Texas,270,sold,,2025-04-01,Newpoint Jv Sub III LLC,,,Website,https://www.dallascad.org/ViewPDFs.aspx?type=3&id=\\DCAD.ORG\WEB\WEBDATA\WEBFORMS\DATA PRODUCTS\DCAD2026_CURRENT.ZIP
14403 Ella Blvd,14403 Ella Blvd,Houston,Texas,268,sold,,2025-10-27,Af1 Property LLC,,,Website,https://download.hcad.org/data/CAMA/2026/Real_acct_owner.zip
8901 Bissonnet St,8901 Bissonnet St,Houston,Texas,268,sold,,2025-11-19,Amg Stone River LLC,,,Website,https://download.hcad.org/data/CAMA/2026/Real_acct_owner.zip
9447 Concourse Dr,9447 Concourse Dr,Houston,Texas,268,sold,,2025-11-07,Oconee Real Estate Holdings Xviii,,,Website,https://download.hcad.org/data/CAMA/2026/Real_acct_owner.zip
Camden Centreport Apartments,"14400 Trinity Blvd, Fort Worth",Fort Worth,Texas,268,permitted,,,,,,State permit data,https://www.tad.org/content/data-download/2026CommPermits.zip
Anthem,2145 E US Hwy 80,Mesquite,Texas,267,sold,,2025-03-27,Pleasanton Housing Finance,,,Website,https://www.dallascad.org/ViewPDFs.aspx?type=3&id=\\DCAD.ORG\WEB\WEBDATA\WEBFORMS\DATA PRODUCTS\DCAD2026_CURRENT.ZIP
Landmark At Crowley,305 W FM 1187,Tarrant County,Texas,267,sold,,2025-04-08,,,,State permit data,https://www.tad.org/content/data-download/2026CommImprovedSales.zip
Ellington,4701 Preston Park Blvd,Plano,Texas,266,sold,,2026-07-08,S2 Preston Park LP,,,Texas county property records,https://data.texas.gov/d/5tkr-3759
19939 Longenbough Rd,19939 Longenbough Rd,Cypress,Texas,266,under construction,,,,,,Website,https://download.hcad.org/data/CAMA/2026/Real_acct_owner.zip
Bedford Creek Apts,"328 Bedford Rd, Bedford",Bedford,Texas,266,permitted,,,,,,State permit data,https://www.tad.org/content/data-download/2026CommPermits.zip
Moda,1855 Payne St,Dallas,Texas,265,sold,,2025-04-14,Moda Apartments Owner LLC,,,Website,https://www.dallascad.org/ViewPDFs.aspx?type=3&id=\\DCAD.ORG\WEB\WEBDATA\WEBFORMS\DATA PRODUCTS\DCAD2026_CURRENT.ZIP
The Woodlands Of Arlington,"2800 Lynnwood Dr, Arlington",Arlington,Texas,265,permitted,,,,,,State permit data,https://www.tad.org/content/data-download/2026CommPermits.zip
1800 Barker Cypress Rd,1800 Barker Cypress Rd,Houston,Texas,264,sold,,2025-05-12,Pecos Housing Finance Corp,,,Website,https://download.hcad.org/data/CAMA/2026/Real_acct_owner.zip
2345 Bering Dr,2345 Bering Dr,Houston,Texas,264,sold,,2025-01-23,Phoenician Multifamily Partners LP,,,Website,https://download.hcad.org/data/CAMA/2026/Real_acct_owner.zip
Coronado At White Rock,7414 East Grand Ave,Dallas,Texas,264,sold,,2024-10-25,Coronado Englemar LLC &,,,Website,https://www.dallascad.org/ViewPDFs.aspx?type=3&id=\\DCAD.ORG\WEB\WEBDATA\WEBFORMS\DATA PRODUCTS\DCAD2026_CURRENT.ZIP
Prairie Gate Apts,3951 Dechman Dr,Grand Prairie,Texas,264,sold,,2025-05-23,Grand Prairie Housing Finance Corp,,,Website,https://www.dallascad.org/ViewPDFs.aspx?type=3&id=\\DCAD.ORG\WEB\WEBDATA\WEBFORMS\DATA PRODUCTS\DCAD2026_CURRENT.ZIP
Rosemont At Meadow Lane-Txa20040290,4722 Meadow St,Dallas,Texas,264,sold,,2026-01-13,Cdkr Rosemont LLC,,,Website,https://www.dallascad.org/ViewPDFs.aspx?type=3&id=\\DCAD.ORG\WEB\WEBDATA\WEBFORMS\DATA PRODUCTS\DCAD2026_CURRENT.ZIP
Riverbreeze Apartments,SWQ 410 SW Loop & Palo Alto Road,San Antonio,Texas,264,planned,,,,,,State permit data,https://www.tdhca.texas.gov/sites/default/files/multifamily/docs/HTCPropertyInventory_2.xlsx
The Corners In The Village (Ecu),6302 Shady Brook Ln,Dallas,Texas,264,sold,,2024-12-23,Pcv Corners LLC,,,Website,https://www.dallascad.org/ViewPDFs.aspx?type=3&id=\\DCAD.ORG\WEB\WEBDATA\WEBFORMS\DATA PRODUCTS\DCAD2026_CURRENT.ZIP
The Raleigh,2305 Driftwood Dr,Mesquite,Texas,264,sold,,2025-04-02,Pecos Housing Finance Corp,,,Website,https://www.dallascad.org/ViewPDFs.aspx?type=3&id=\\DCAD.ORG\WEB\WEBDATA\WEBFORMS\DATA PRODUCTS\DCAD2026_CURRENT.ZIP
The Carmen,"9200 N Normandale St, Fort Worth",Fort Worth,Texas,264,permitted,,,,,,State permit data,https://www.tad.org/content/data-download/2025CommPermits.zip
Willow Creek Manor,10621 Cossey Road,Houston,Texas,264,planned,,,,,,State permit data,https://www.tdhca.texas.gov/sites/default/files/multifamily/docs/HTCPropertyInventory_2.xlsx
Ed Bluestein Multifamily Apartments,7009 Ed Bluestein Bouelvard,Austin,Texas,263,planned,,,,,,State permit data,https://www.tdhca.texas.gov/sites/default/files/multifamily/docs/HTCPropertyInventory_2.xlsx
"Delano At North Richland Hills, The","6250 Rosewood Dr, North Richland Hills",N Richland Hills,Texas,262,permitted,,,,,,State permit data,https://www.tad.org/content/data-download/2025CommPermits.zip
Trinity Meadows Apartments,"4633 Sycamore School Rd, Fort Worth",Fort Worth,Texas,262,permitted,,,,,,State permit data,https://www.tad.org/content/data-download/2025CommPermits.zip
The Parks at Legacy West,"6501 Legacy Drive, Plano, TX",Plano,Texas,261,under construction,2029-02-01,,,,,News,https://candysdirt.com/2026/07/10/streetlights-residential-bets-on-older-affluent-renters-with-new-plano-luxury-tower/
Camden Valley Park,9835 W Valley Ranch Pkwy,Irving,Texas,261,sold,,2026-02-19,9835 W Valley Ranch,,,Website,https://www.dallascad.org/ViewPDFs.aspx?type=3&id=\\DCAD.ORG\WEB\WEBDATA\WEBFORMS\DATA PRODUCTS\DCAD2026_CURRENT.ZIP
10373 N Sam Houston Pky E,10373 N Sam Houston Pky E,Humble,Texas,260,sold,,2025-02-25,Humble- Eagle Creek Apts LLC,,,Website,https://download.hcad.org/data/CAMA/2026/Real_acct_owner.zip
Avanti Hills,NWQ E Glen Blvd & Clay Mathis Rd,Mesquite,Texas,260,planned,,,,,,State permit data,https://www.tdhca.texas.gov/sites/default/files/multifamily/docs/HTCPropertyInventory_2.xlsx
Belmont,1920 W Tarrant Rd,Grand Prairie,Texas,260,sold,,2025-03-21,Pleasanton Housing Finance,,,Website,https://www.dallascad.org/ViewPDFs.aspx?type=3&id=\\DCAD.ORG\WEB\WEBDATA\WEBFORMS\DATA PRODUCTS\DCAD2026_CURRENT.ZIP
Devon On Northgate,4013 W Northgate Dr,Irving,Texas,260,sold,,2025-04-17,Edcouch Community Housing,,,Website,https://www.dallascad.org/ViewPDFs.aspx?type=3&id=\\DCAD.ORG\WEB\WEBDATA\WEBFORMS\DATA PRODUCTS\DCAD2026_CURRENT.ZIP
Hill View Heights,Approx 15024 Culebra Road,San Antonio,Texas,260,planned,,,,,,State permit data,https://www.tdhca.texas.gov/sites/default/files/multifamily/docs/HTCPropertyInventory_2.xlsx
Knowlton,5800 Northwest Dr,Mesquite,Texas,260,sold,,2026-06-04,Stonelex I 2 LLC,,,Website,https://www.dallascad.org/ViewPDFs.aspx?type=3&id=\\DCAD.ORG\WEB\WEBDATA\WEBFORMS\DATA PRODUCTS\DCAD2026_CURRENT.ZIP
La Costa Villa,12500 Merit Dr,Dallas,Texas,260,sold,,2024-10-25,Maverick County Housing,,,Website,https://www.dallascad.org/ViewPDFs.aspx?type=3&id=\\DCAD.ORG\WEB\WEBDATA\WEBFORMS\DATA PRODUCTS\DCAD2026_CURRENT.ZIP
Lookout At Lake Highlands Village,9330 Lookout Pt,Dallas,Texas,259,sold,,2025-08-22,9330 Lookout Point Owner LLC,,,Website,https://www.dallascad.org/ViewPDFs.aspx?type=3&id=\\DCAD.ORG\WEB\WEBDATA\WEBFORMS\DATA PRODUCTS\DCAD2026_CURRENT.ZIP
14000 Ella Blvd,14000 Ella Blvd,Houston,Texas,258,sold,,2025-08-05,Tl-I LLC,,,Website,https://download.hcad.org/data/CAMA/2026/Real_acct_owner.zip
2150 Katy Fort Bend Rd,2150 Katy Fort Bend Rd,Katy,Texas,258,sold,,2025-04-01,Cws Katy LP,,,Website,https://download.hcad.org/data/CAMA/2026/Real_acct_owner.zip
6500 Dunlap St,6500 Dunlap St,Houston,Texas,258,sold,,2025-02-18,Pecos Housing Finance Corporation,,,Website,https://download.hcad.org/data/CAMA/2026/Real_acct_owner.zip
Mission Mayfield Downs,"2901 Mayfield Rd, Grand Prairie",Grand Prairie,Texas,258,permitted,,,,,,State permit data,https://www.tad.org/content/data-download/2025CommPermits.zip
Evaline,5990 Arapaho Rd,Dallas,Texas,257,sold,,2025-04-02,Pecos Housing Finance Corp,,,Website,https://www.dallascad.org/ViewPDFs.aspx?type=3&id=\\DCAD.ORG\WEB\WEBDATA\WEBFORMS\DATA PRODUCTS\DCAD2026_CURRENT.ZIP
Lake Lofts Phase 1,2795 N Buckner Blvd,Dallas,Texas,257,sold,,2025-12-02,Buena Ondawhite Rock Lake LP,,,Website,https://www.dallascad.org/ViewPDFs.aspx?type=3&id=\\DCAD.ORG\WEB\WEBDATA\WEBFORMS\DATA PRODUCTS\DCAD2026_CURRENT.ZIP
1414 S Dairy Ashford Rd,1414 S Dairy Ashford Rd,Houston,Texas,256,sold,,2025-10-01,Kv Aventura 1414 Apartments LLC,,,Website,https://download.hcad.org/data/CAMA/2026/Real_acct_owner.zip
5110 Azalea Trace Dr,5110 Azalea Trace Dr,Houston,Texas,256,sold,,2025-04-03,Pecos Housing Finance Corporation,,,Website,https://download.hcad.org/data/CAMA/2026/Real_acct_owner.zip
Eden Park At Bear Creek,"700 E Ash Ln, Euless",Euless,Texas,256,permitted,,,,,,State permit data,https://www.tad.org/content/data-download/2025CommPermits.zip
Signature At Southern Oaks - Txa00000498,3303 Southern Oaks Blvd,Dallas,Texas,256,sold,,2025-01-14,Riata Apartments LLC,,,Website,https://www.dallascad.org/ViewPDFs.aspx?type=3&id=\\DCAD.ORG\WEB\WEBDATA\WEBFORMS\DATA PRODUCTS\DCAD2026_CURRENT.ZIP
4040 Synott Rd,4040 Synott Rd,Houston,Texas,255,sold,,2025-05-19,Arm Briar Village LLC,,,Website,https://download.hcad.org/data/CAMA/2026/Real_acct_owner.zip
Timber Trails Apartments,SEQ Hwy 46 and Jefferson Avenue,Seguin,Texas,255,planned,,,,,(641) 832-9088,State permit data,https://www.tdhca.texas.gov/sites/default/files/multifamily/docs/htc-4pct/2026260803-4HTC-StatusLog.xlsx
14651 Philippine St,14651 Philippine St,Houston,Texas,254,sold,,2025-11-05,Ap Kensington Property LLC,,,Website,https://download.hcad.org/data/CAMA/2026/Real_acct_owner.zip
10601 Sabo Rd,10601 Sabo Rd,Houston,Texas,252,sold,,2025-06-10,Gwr Sabo Road Owner LLC,,,Website,https://download.hcad.org/data/CAMA/2026/Real_acct_owner.zip
11707 Fallbrook Dr,11707 Fallbrook Dr,Houston,Texas,252,sold,,2025-08-28,Galt Eillend LTD,,,Website,https://download.hcad.org/data/CAMA/2026/Real_acct_owner.zip
4475 Wilson Rd,4475 Wilson Rd,Humble,Texas,252,sold,,2025-04-29,Ar-Park Lakes LLC,,,Website,https://download.hcad.org/data/CAMA/2026/Real_acct_owner.zip
Cirque Residential Tower,2500 N Houston St,Dallas,Texas,252,sold,,2026-03-30,2500 Houston LLC,,,Website,https://www.dallascad.org/ViewPDFs.aspx?type=3&id=\\DCAD.ORG\WEB\WEBDATA\WEBFORMS\DATA PRODUCTS\DCAD2026_CURRENT.ZIP
Covington Acres,2632 US Highway 67,Keene,Texas,252,planned,,,,,,State permit data,https://www.tdhca.texas.gov/sites/default/files/multifamily/docs/HTCPropertyInventory_2.xlsx
Tenison At White Rock,7440 La Vista Dr,Dallas,Texas,252,sold,,2025-08-07,7440 La Vista Dallas LLC,,,Website,https://www.dallascad.org/ViewPDFs.aspx?type=3&id=\\DCAD.ORG\WEB\WEBDATA\WEBFORMS\DATA PRODUCTS\DCAD2026_CURRENT.ZIP
Garden Park Apts,"2208 E Park Row Dr, Arlington",Arlington,Texas,251,permitted,,,,,,State permit data,https://www.tad.org/content/data-download/2026CommPermits.zip
Resort At 925 Main,"909 S Main St, Grapevine",Grapevine,Texas,251,permitted,,,,,,State permit data,https://www.tad.org/content/data-download/2025CommPermits.zip
14603 Fonmeadow St,14603 Fonmeadow St,Houston,Texas,250,under construction,,,,,,Website,https://download.hcad.org/data/CAMA/2026/Real_acct_owner.zip
Alta Firewheel,3422 Firewheel Pkwy,Garland,Texas,250,sold,,2026-05-14,Pardue Sundance At,,,Website,https://www.dallascad.org/ViewPDFs.aspx?type=3&id=\\DCAD.ORG\WEB\WEBDATA\WEBFORMS\DATA PRODUCTS\DCAD2026_CURRENT.ZIP
Evergreen At Keller/Senior,"501 Bourland Rd, Keller",Keller,Texas,250,permitted,,,,,,State permit data,https://www.tad.org/content/data-download/2026CommPermits.zip
Northside Village,350 Hwy 195,Georgetown,Texas,250,planned,,,,,(214) 960-1158,State permit data,https://www.tdhca.texas.gov/sites/default/files/multifamily/docs/HTCPropertyInventory_2.xlsx
Parkland Pointe Rental Twnhms,"931 W Sublett Rd, Arlington",Arlington,Texas,250,permitted,,,,,,State permit data,https://www.tad.org/content/data-download/2025CommPermits.zip
Prestige Apartments,4111 Edwards  Road Salem Oaks Cove,Denton,Texas,250,under construction,2026-03-09,,,Honors Way Group,(817) 409-8795,State project record,https://www.tdlr.texas.gov/TABS/Search/Project/TABS2025002275
The Green At Hickory Trail,8609 Old Hickory Trl,Dallas,Texas,250,sold,,2025-04-29,Pecos Housing Finance,,,Website,https://www.dallascad.org/ViewPDFs.aspx?type=3&id=\\DCAD.ORG\WEB\WEBDATA\WEBFORMS\DATA PRODUCTS\DCAD2026_CURRENT.ZIP
Hendrix,1625 Constitution Pkwy,Tarrant County,Texas,249,sold,,2024-10-08,,,,State permit data,https://www.tad.org/content/data-download/2026CommImprovedSales.zip
Lbj Station,8997 Vantage Point Dr,Dallas,Texas,249,sold,,2025-02-06,Cameron County Housing Finance Corp,,,Website,https://www.dallascad.org/ViewPDFs.aspx?type=3&id=\\DCAD.ORG\WEB\WEBDATA\WEBFORMS\DATA PRODUCTS\DCAD2026_CURRENT.ZIP
9303 Woodfair Dr,9303 Woodfair Dr,Houston,Texas,248,sold,,2025-08-03,Mar Del Sol Owner 2 LLC,,,Website,https://download.hcad.org/data/CAMA/2026/Real_acct_owner.zip
Ava North,8401 Skillman St,Dallas,Texas,248,sold,,2025-04-17,Edcouch Community Housing,,,Website,https://www.dallascad.org/ViewPDFs.aspx?type=3&id=\\DCAD.ORG\WEB\WEBDATA\WEBFORMS\DATA PRODUCTS\DCAD2026_CURRENT.ZIP
Bent Tree Brooks,4820 Westgrove Dr,Addison,Texas,248,sold,,2024-10-21,Amfp VI Bent Tree Brook LLC,,,Website,https://www.dallascad.org/ViewPDFs.aspx?type=3&id=\\DCAD.ORG\WEB\WEBDATA\WEBFORMS\DATA PRODUCTS\DCAD2026_CURRENT.ZIP
Cactus Trails Apartments,10585 Shaenfield Road,San Antonio,Texas,248,planned,,,,,(641) 830-9088,State permit data,https://www.tdhca.texas.gov/sites/default/files/multifamily/docs/HTCPropertyInventory_2.xlsx
Rush Creek Apartments,"1200 W Sublett Rd, Arlington",Arlington,Texas,248,permitted,,,,,,State permit data,https://www.tad.org/content/data-download/2026CommPermits.zip
Shiloh Oaks Apts,2379 Apollo Rd,Garland,Texas,248,sold,,2025-08-04,Apollo Gold Partners LLC,,,Website,https://www.dallascad.org/ViewPDFs.aspx?type=3&id=\\DCAD.ORG\WEB\WEBDATA\WEBFORMS\DATA PRODUCTS\DCAD2026_CURRENT.ZIP
The Ridge And Parkdale,"9211 Dale Lane Ct, White Settlement",White Settlement,Texas,248,permitted,,,,,,State permit data,https://www.tad.org/content/data-download/2026CommPermits.zip
Torrington Forest,7100 Great Trinity Forest Way,Dallas,Texas,248,planned,,,,,,State permit data,https://www.tdhca.texas.gov/sites/default/files/multifamily/docs/HTCPropertyInventory_2.xlsx
Wythe Apts (2018 Reno),1814 Estrada Pkwy,Irving,Texas,248,sold,,2025-05-20,Pecos Housing Finance Co,,,Website,https://www.dallascad.org/ViewPDFs.aspx?type=3&id=\\DCAD.ORG\WEB\WEBDATA\WEBFORMS\DATA PRODUCTS\DCAD2026_CURRENT.ZIP
Creek On Calloway Apts,"3830 Booth Calloway Rd, Richland Hills",Richland Hills,Texas,247,permitted,,,,,,State permit data,https://www.tad.org/content/data-download/2025CommPermits.zip
Emberstone Apartments,Watson Road,San Antonio,Texas,247,under construction,2028-02-01,,,Emberstone Apartments LP,(317) 907-3870,State project record,https://www.tdlr.texas.gov/TABS/Search/Project/TABS2025022601
Mercer Park Apts,"2014 Remington Dr, Arlington",Arlington,Texas,247,permitted,,,,,,State permit data,https://www.tad.org/content/data-download/2026CommPermits.zip
Rivieria,11700 Audelia Rd,Dallas,Texas,247,sold,,2025-03-24,Pleasanton Housing Finance,,,Website,https://www.dallascad.org/ViewPDFs.aspx?type=3&id=\\DCAD.ORG\WEB\WEBDATA\WEBFORMS\DATA PRODUCTS\DCAD2026_CURRENT.ZIP
14580 Crosby Fwy,14580 Crosby Fwy,Houston,Texas,246,sold,,2025-09-26,Mp New Forest Spe LLC,,,Website,https://download.hcad.org/data/CAMA/2026/Real_acct_owner.zip
8787 Woodway Dr,8787 Woodway Dr,Houston,Texas,246,sold,,2025-09-10,Houston Piney Point Value Add Property % Greybrook Realty Properties INC,,,Website,https://download.hcad.org/data/CAMA/2026/Real_acct_owner.zip
Loreto Apt Homes,"2905 Mustang Dr, Grapevine",Grapevine,Texas,246,permitted,,,,,,State permit data,https://www.tad.org/content/data-download/2025CommPermits.zip
611 Shepherd Dr,611 Shepherd Dr,Houston,Texas,245,sold,,2025-12-10,Bel Shepherd Limited Partnership,,,Website,https://download.hcad.org/data/CAMA/2026/Real_acct_owner.zip
Enclave At Grapevine,"2311 W Grapevine Mills Pkwy, Grapevine",Grapevine,Texas,243,permitted,,,,,,State permit data,https://www.tad.org/content/data-download/2025CommPermits.zip
Palladium E Lancaster Avenue,4909 & 5003 E Lancaster Avenue and 4808 & 4900 Norma Street,Fort Worth,Texas,243,planned,,,,,,State permit data,https://www.tdhca.texas.gov/sites/default/files/multifamily/docs/HTCPropertyInventory_2.xlsx
11144 Fuqua St,11144 Fuqua St,Houston,Texas,240,sold,,2024-12-20,Abc All Bout Children INC,,,Website,https://download.hcad.org/data/CAMA/2026/Real_acct_owner.zip
13502 Northborough Dr,13502 Northborough Dr,Houston,Texas,240,sold,,2024-09-30,Ad Sago LLC,,,Website,https://download.hcad.org/data/CAMA/2026/Real_acct_owner.zip
14504 Briar Forest Dr,14504 Briar Forest Dr,Houston,Texas,240,sold,,2025-03-12,Lion Vbf LLC,,,Website,https://download.hcad.org/data/CAMA/2026/Real_acct_owner.zip
14700 Woodson Park Dr,14700 Woodson Park Dr,Houston,Texas,240,sold,,2025-04-22,14700 Tp LLC,,,Website,https://download.hcad.org/data/CAMA/2026/Real_acct_owner.zip
1700 Rollingbrook Dr,1700 Rollingbrook Dr,Baytown,Texas,240,sold,,2025-04-07,Cameron County Housing Finance Corp,,,Website,https://download.hcad.org/data/CAMA/2026/Real_acct_owner.zip
District 2308,"2312 Fair Oaks Dr, Arlington",Arlington,Texas,240,permitted,,,,,,State permit data,https://www.tad.org/content/data-download/2026CommPermits.zip
Eagles Point Apts,"8301 Boat Club Rd, Fort Worth",Fort Worth,Texas,240,permitted,,,,,,State permit data,https://www.tad.org/content/data-download/2026CommPermits.zip
Grayson Ridge Apartments,"6901 NE Loop 820, North Richland Hills",N Richland Hills,Texas,240,permitted,,,,,,State permit data,https://www.tad.org/content/data-download/2026CommPermits.zip
Mayfield Park Apts,"2100 E Mayfield Rd, Arlington",Arlington,Texas,240,permitted,,,,,,State permit data,https://www.tad.org/content/data-download/2025CommPermits.zip
Park West,3109 Douglas Ave,Dallas,Texas,240,sold,,2026-05-12,Bvf VI Park West Owner LP,,,Website,https://www.dallascad.org/ViewPDFs.aspx?type=3&id=\\DCAD.ORG\WEB\WEBDATA\WEBFORMS\DATA PRODUCTS\DCAD2026_CURRENT.ZIP
Pine Oaks Apts,1716 N Galloway Ave,Mesquite,Texas,240,sold,,2024-10-15,Tv Pine Oaks Spe LLC,,,Website,https://www.dallascad.org/ViewPDFs.aspx?type=3&id=\\DCAD.ORG\WEB\WEBDATA\WEBFORMS\DATA PRODUCTS\DCAD2026_CURRENT.ZIP
Trinity Bell Gardens Apartments,"9500 Trinity Blvd, Fort Worth",Fort Worth,Texas,240,permitted,,,,,,State permit data,https://www.tad.org/content/data-download/2026CommPermits.zip
Cedar Ridge Terrace fka Brooks Senior Apartments,Northeast Corner of Research Plaza and Challenger Drive,San Antonio,Texas,239,planned,,,,,,State permit data,https://www.tdhca.texas.gov/sites/default/files/multifamily/docs/HTCPropertyInventory_2.xlsx
Briarcrest Apts,1330 Mac Arthur Dr,Carrollton,Texas,238,sold,,2025-05-22,Pecos Housing Finance Corp,,,Website,https://www.dallascad.org/ViewPDFs.aspx?type=3&id=\\DCAD.ORG\WEB\WEBDATA\WEBFORMS\DATA PRODUCTS\DCAD2026_CURRENT.ZIP
Residences at Pearsall Park,Corner of Ray Ellison Blvd and Old Pearsall Road,San Antonio,Texas,238,planned,,,,,,State permit data,https://www.tdhca.texas.gov/sites/default/files/multifamily/docs/HTCPropertyInventory_2.xlsx
411 Highland Cross Dr,411 Highland Cross Dr,Houston,Texas,236,sold,,2025-05-05,La Villa Housing Finance Corp,,,Website,https://download.hcad.org/data/CAMA/2026/Real_acct_owner.zip
The Huxley,1802 Apollo Rd,Garland,Texas,236,sold,,2025-04-02,Pecos Housing Finance Corp,,,Website,https://www.dallascad.org/ViewPDFs.aspx?type=3&id=\\DCAD.ORG\WEB\WEBDATA\WEBFORMS\DATA PRODUCTS\DCAD2026_CURRENT.ZIP
The International @ Valley Ranch,9921 W Valley Ranch Pkwy,Irving,Texas,236,sold,,2025-06-18,Intl Valley Ranch Re LLC,,,Website,https://www.dallascad.org/ViewPDFs.aspx?type=3&id=\\DCAD.ORG\WEB\WEBDATA\WEBFORMS\DATA PRODUCTS\DCAD2026_CURRENT.ZIP
2801 Broadmead Dr,2801 Broadmead Dr,Houston,Texas,235,sold,,2025-03-25,Pecos Housing Finance Corp,,,Website,https://download.hcad.org/data/CAMA/2026/Real_acct_owner.zip
Chatham Green Apts,"3532 Matlock Rd, Arlington",Arlington,Texas,234,permitted,,,,,,State permit data,https://www.tad.org/content/data-download/2026CommPermits.zip
Woodlands Of Plano Apartments Tc,1300 Rigsbee Dr,Plano,Texas,232,sold,,,Clover Woodlands Plano Owner LLC,,,Texas county property records,https://data.texas.gov/d/5tkr-3759
(*Fire Dmg*) The Grove At Rosewood,13250 Emily Rd,Dallas,Texas,232,sold,,2026-05-07,Clarius North Dallas Owner,,,Website,https://www.dallascad.org/ViewPDFs.aspx?type=3&id=\\DCAD.ORG\WEB\WEBDATA\WEBFORMS\DATA PRODUCTS\DCAD2026_CURRENT.ZIP
832 W Greens Rd,832 W Greens Rd,Houston,Texas,232,sold,,2025-06-02,Cookeville Cane Creek Apartments LP,,,Website,https://download.hcad.org/data/CAMA/2026/Real_acct_owner.zip
Building Permit,512 Sabine St,Austin,Texas,232,permitted,,,,,,City permit record,https://abc.austintexas.gov/web/permit/public-search-other?t_detail=1&t_selected_folderrsn=13641646
Estrella At Kiest (All Bills),4542 W Kiest Blvd,Dallas,Texas,232,sold,,2025-05-21,Cameron County Housing Finance Corp,,,Website,https://www.dallascad.org/ViewPDFs.aspx?type=3&id=\\DCAD.ORG\WEB\WEBDATA\WEBFORMS\DATA PRODUCTS\DCAD2026_CURRENT.ZIP
Holbrook,9860 Scyene Rd,Dallas,Texas,232,sold,,2025-05-19,Pecos Housing Finance Corp,,,Website,https://www.dallascad.org/ViewPDFs.aspx?type=3&id=\\DCAD.ORG\WEB\WEBDATA\WEBFORMS\DATA PRODUCTS\DCAD2026_CURRENT.ZIP
Meadow In The Village,8200 Southwestern Blvd,Dallas,Texas,232,sold,,2024-12-23,Pcv Meadow LLC,,,Website,https://www.dallascad.org/ViewPDFs.aspx?type=3&id=\\DCAD.ORG\WEB\WEBDATA\WEBFORMS\DATA PRODUCTS\DCAD2026_CURRENT.ZIP
Park Plaza,"2001 Aden Rd, Fort Worth",Fort Worth,Texas,232,permitted,,,,,,State permit data,https://www.tad.org/content/data-download/2026CommPermits.zip
Running Brook Apts,"1519 Running Brook Dr, Arlington",Arlington,Texas,232,permitted,,,,,,State permit data,https://www.tad.org/content/data-download/2026CommPermits.zip
116 E Edgebrook Dr,116 E Edgebrook Dr,Houston,Texas,230,sold,,2025-05-13,Arlington Place Si LLC,,,Website,https://download.hcad.org/data/CAMA/2026/Real_acct_owner.zip
Hathaway At Willow Bend,2525 Preston Rd,Plano,Texas,229,sold,,2026-06-24,Winston Gt Holdings LP,,,Texas county property records,https://data.texas.gov/d/5tkr-3759
9387 FM 1960 Bypass Rd W,9387 FM 1960 Bypass Rd W,Humble,Texas,229,sold,,2025-05-22,Willowbend Apartments Phase II LLC,,,Website,https://download.hcad.org/data/CAMA/2026/Real_acct_owner.zip
Tabor Village (fka Baraboo Hills),6200 Baraboo Drive,Dallas,Texas,229,planned,,,,,,State permit data,https://www.tdhca.texas.gov/sites/default/files/multifamily/docs/HTCPropertyInventory_2.xlsx
333 Airtex Dr,333 Airtex Dr,Houston,Texas,228,sold,,2025-05-30,Bridgewater Apartments LP Et Al,,,Website,https://download.hcad.org/data/CAMA/2026/Real_acct_owner.zip
8990 Richmond Ave,8990 Richmond Ave,Houston,Texas,228,sold,,2025-11-19,Ua Granite Club LLC,,,Website,https://download.hcad.org/data/CAMA/2026/Real_acct_owner.zip
9393 FM 1960 Bypass Rd W,9393 FM 1960 Bypass Rd W,Humble,Texas,228,sold,,2025-05-23,Willowbend Apartments Phase I LLC,,,Website,https://download.hcad.org/data/CAMA/2026/Real_acct_owner.zip
Forest Cove,9600 Forest Ln,Dallas,Texas,228,sold,,2026-01-06,Brsp Forest Tex LLC,,,Website,https://www.dallascad.org/ViewPDFs.aspx?type=3&id=\\DCAD.ORG\WEB\WEBDATA\WEBFORMS\DATA PRODUCTS\DCAD2026_CURRENT.ZIP
Richardson Ridge,4000 Campus Drive,Fort Worth,Texas,228,planned,,,,,319-217-8136,State permit data,https://www.tdhca.texas.gov/sites/default/files/multifamily/docs/htc-4pct/2026260803-4HTC-StatusLog.xlsx
The Willows,3304 Willow Creek Dr,Irving,Texas,228,sold,,2025-02-03,Jag Lpaa LLC,,,Website,https://www.dallascad.org/ViewPDFs.aspx?type=3&id=\\DCAD.ORG\WEB\WEBDATA\WEBFORMS\DATA PRODUCTS\DCAD2026_CURRENT.ZIP
Building Permit,1124 Clayton Ln,Austin,Texas,227,permitted,,,,,,City permit record,https://abc.austintexas.gov/web/permit/public-search-other?t_detail=1&t_selected_folderrsn=13583283
Breckinridge Point Apartments,4250 E Renner Rd,Richardson,Texas,226,sold,,2025-06-13,Breckinridge Point TX LLC,,,Texas county property records,https://data.texas.gov/d/5tkr-3759
Infinity On Yorktown,660 Yorktown St,Dallas,Texas,226,sold,,2024-12-20,Edcouch Community Housing,,,Website,https://www.dallascad.org/ViewPDFs.aspx?type=3&id=\\DCAD.ORG\WEB\WEBDATA\WEBFORMS\DATA PRODUCTS\DCAD2026_CURRENT.ZIP
Ranch Three0Five,251 E Bardin Rd,Tarrant County,Texas,226,sold,,2024-12-30,,,,State permit data,https://www.tad.org/content/data-download/2026CommImprovedSales.zip
Ventura Landing Apartments,1225 E Pleasant Run Rd,Desoto,Texas,226,sold,,2025-03-25,Rsnpg Eagle Creek Partners,,,Website,https://www.dallascad.org/ViewPDFs.aspx?type=3&id=\\DCAD.ORG\WEB\WEBDATA\WEBFORMS\DATA PRODUCTS\DCAD2026_CURRENT.ZIP
1320 Montrose Blvd,1320 Montrose Blvd,Houston,Texas,224,sold,,2025-08-13,Montrose Armando LLC,,,Website,https://download.hcad.org/data/CAMA/2026/Real_acct_owner.zip
2380 S Macgregor Way,2380 S Macgregor Way,Houston,Texas,224,sold,,2025-02-13,Lac 2380 S Macgregor LLC,,,Website,https://download.hcad.org/data/CAMA/2026/Real_acct_owner.zip
9401 Tanager St,9401 Tanager St,Houston,Texas,224,sold,,2025-11-13,Ua Riveraine LLC,,,Website,https://download.hcad.org/data/CAMA/2026/Real_acct_owner.zip
Anthem Town East,645 N Town East Blvd,Mesquite,Texas,224,sold,,2025-12-01,645 N Town East Blvd Owner LLC,,,Website,https://www.dallascad.org/ViewPDFs.aspx?type=3&id=\\DCAD.ORG\WEB\WEBDATA\WEBFORMS\DATA PRODUCTS\DCAD2026_CURRENT.ZIP
Melville,11160 E Lake Highlands Dr,Dallas,Texas,224,sold,,2025-03-24,Pecos Housing Finance,,,Website,https://www.dallascad.org/ViewPDFs.aspx?type=3&id=\\DCAD.ORG\WEB\WEBDATA\WEBFORMS\DATA PRODUCTS\DCAD2026_CURRENT.ZIP
Northridge II,"2107 Lincoln Dr, Arlington",Arlington,Texas,224,permitted,,,,,,State permit data,https://www.tad.org/content/data-download/2025CommPermits.zip
Rowlett Station Apts Bldg 1 & 2,3601 Melcer Dr,Rowlett,Texas,224,sold,,2025-03-24,Pleasanton Housing Finance,,,Website,https://www.dallascad.org/ViewPDFs.aspx?type=3&id=\\DCAD.ORG\WEB\WEBDATA\WEBFORMS\DATA PRODUCTS\DCAD2026_CURRENT.ZIP
Saddletree Apts,5602 Duck Creek Dr,Garland,Texas,224,sold,,2024-10-21,Rise Hillcrest LP,,,Website,https://www.dallascad.org/ViewPDFs.aspx?type=3&id=\\DCAD.ORG\WEB\WEBDATA\WEBFORMS\DATA PRODUCTS\DCAD2026_CURRENT.ZIP
The Chase In The Village (Ecu),5555 Amesbury Dr,Dallas,Texas,224,sold,,2024-12-23,Pcv Chase LLC,,,Website,https://www.dallascad.org/ViewPDFs.aspx?type=3&id=\\DCAD.ORG\WEB\WEBDATA\WEBFORMS\DATA PRODUCTS\DCAD2026_CURRENT.ZIP
Highland Oaks Apartments,4849 N Central Expy,Dallas,Texas,223,under construction,,,,,,Website,https://www.dallascad.org/ViewPDFs.aspx?type=3&id=\\DCAD.ORG\WEB\WEBDATA\WEBFORMS\DATA PRODUCTS\DCAD2026_CURRENT.ZIP
"Lake Forest Senior Living, LLC",4656 W University Dr,Mckinney,Texas,222,permitted,2028-11-01,,,Kayasa Holdings LLC,(817) 233-1121,State project record,https://www.tdlr.texas.gov/TABS/Search/Project/TABS2027001111
Neo Midtown Phase I,14181 Noel Rd,Dallas,Texas,222,sold,,2025-07-24,Neo Midtown Phase I LLC,,,Website,https://www.dallascad.org/ViewPDFs.aspx?type=3&id=\\DCAD.ORG\WEB\WEBDATA\WEBFORMS\DATA PRODUCTS\DCAD2026_CURRENT.ZIP
Independence Heights II Apartments,222 Crosstimbers St,Houston,Texas,221,planned,,,,,,State permit data,https://www.tdhca.texas.gov/sites/default/files/multifamily/docs/HTCPropertyInventory_2.xlsx
Creekstone Apts,11110 Woodmeadow Pkwy,Dallas,Texas,220,sold,,2026-03-13,Clover Creekstone Owner LLC,,,Website,https://www.dallascad.org/ViewPDFs.aspx?type=3&id=\\DCAD.ORG\WEB\WEBDATA\WEBFORMS\DATA PRODUCTS\DCAD2026_CURRENT.ZIP
Highpoint At Wynnewood,1805 S Zang Blvd,Dallas,Texas,220,sold,,2025-02-28,Dhfc Highpoint @ Wynnewood,,,Website,https://www.dallascad.org/ViewPDFs.aspx?type=3&id=\\DCAD.ORG\WEB\WEBDATA\WEBFORMS\DATA PRODUCTS\DCAD2026_CURRENT.ZIP
Reserve At Mayfield,"1950 Mayfield Rd, Arlington",Arlington,Texas,220,permitted,,,,,,State permit data,https://www.tad.org/content/data-download/2025CommPermits.zip
The Juniper 63% Complete,4011 Commerce St,Dallas,Texas,220,under construction,,,,,,Website,https://www.dallascad.org/ViewPDFs.aspx?type=3&id=\\DCAD.ORG\WEB\WEBDATA\WEBFORMS\DATA PRODUCTS\DCAD2026_CURRENT.ZIP
Villas Of Sorrento-Txa19970195,3130 Stag Rd,Dallas,Texas,220,sold,,2025-07-23,Vos Owner LLC,,,Website,https://www.dallascad.org/ViewPDFs.aspx?type=3&id=\\DCAD.ORG\WEB\WEBDATA\WEBFORMS\DATA PRODUCTS\DCAD2026_CURRENT.ZIP
Waterford At Goldmark- (75% Tc) Tdhca# 95155,13695 Goldmark Dr,Dallas,Texas,220,sold,,2024-12-18,Waterford At Goldmark,,,Website,https://www.dallascad.org/ViewPDFs.aspx?type=3&id=\\DCAD.ORG\WEB\WEBDATA\WEBFORMS\DATA PRODUCTS\DCAD2026_CURRENT.ZIP
Oxford Park Phase 1,5302 Carnaby St,Irving,Texas,219,sold,,2025-04-02,Montgomery Acquisitions I LLC &,,,Website,https://www.dallascad.org/ViewPDFs.aspx?type=3&id=\\DCAD.ORG\WEB\WEBDATA\WEBFORMS\DATA PRODUCTS\DCAD2026_CURRENT.ZIP
8 Asbury Place Ln,8 Asbury Place Ln,Houston,Texas,217,under construction,,,,,,Website,https://download.hcad.org/data/CAMA/2026/Real_acct_owner.zip
Ventana At Valwood (All Bills Paid),14208 Heritage Cir,Farmers Branch,Texas,217,sold,,2026-01-29,Cep 14221 Heritage De LLC,,,Website,https://www.dallascad.org/ViewPDFs.aspx?type=3&id=\\DCAD.ORG\WEB\WEBDATA\WEBFORMS\DATA PRODUCTS\DCAD2026_CURRENT.ZIP
10919 West Rd,10919 West Rd,Houston,Texas,216,under construction,,,,,,Website,https://download.hcad.org/data/CAMA/2026/Real_acct_owner.zip
Alena,7050 Arapaho Rd,Dallas,Texas,216,sold,,2025-06-23,Asd Alena Property Owner LLC &,,,Website,https://www.dallascad.org/ViewPDFs.aspx?type=3&id=\\DCAD.ORG\WEB\WEBDATA\WEBFORMS\DATA PRODUCTS\DCAD2026_CURRENT.ZIP
Forest Hills Apts,9659 Forest Ln,Dallas,Texas,216,sold,,2025-04-07,Pleasanton Housing Finace Corp,,,Website,https://www.dallascad.org/ViewPDFs.aspx?type=3&id=\\DCAD.ORG\WEB\WEBDATA\WEBFORMS\DATA PRODUCTS\DCAD2026_CURRENT.ZIP
Fossil Hill Apts,"5700 N Beach St, Haltom City",Haltom City,Texas,216,permitted,,,,,,State permit data,https://www.tad.org/content/data-download/2026CommPermits.zip
The Alona,1531 Duncanville Rd,Dallas,Texas,216,sold,,2025-05-15,Pecos Housing Finance Corp,,,Website,https://www.dallascad.org/ViewPDFs.aspx?type=3&id=\\DCAD.ORG\WEB\WEBDATA\WEBFORMS\DATA PRODUCTS\DCAD2026_CURRENT.ZIP
Westmoreland Townhomes,6600 South Westmoreland Drive,Dallas,Texas,216,planned,,,,,,State permit data,https://www.tdhca.texas.gov/sites/default/files/multifamily/docs/HTCPropertyInventory_2.xlsx
500 W Pasadena Blvd,500 W Pasadena Blvd,Deer Park,Texas,215,sold,,2025-11-20,Pal Parktown LP,,,Website,https://download.hcad.org/data/CAMA/2026/Real_acct_owner.zip
Breckenridge Point Apartments,3500 North Star Rd,Richardson,Texas,214,sold,,2025-06-13,Breckinridge Point TX LLC,,,Texas county property records,https://data.texas.gov/d/5tkr-3759
8950 Glencrest St,8950 Glencrest St,Houston,Texas,212,sold,,2024-11-12,Verde Apartment Portfolio One LLC,,,Website,https://download.hcad.org/data/CAMA/2026/Real_acct_owner.zip
Avalon 8801,8801 Rodeo Dr,Irving,Texas,212,sold,,2025-03-26,Pecos Housing Finance,,,Website,https://www.dallascad.org/ViewPDFs.aspx?type=3&id=\\DCAD.ORG\WEB\WEBDATA\WEBFORMS\DATA PRODUCTS\DCAD2026_CURRENT.ZIP
Jordan Uptown,2212 Mckinney Ave,Dallas,Texas,212,sold,,2026-03-10,2355 Thomas Avenue LLC,,,Website,https://www.dallascad.org/ViewPDFs.aspx?type=3&id=\\DCAD.ORG\WEB\WEBDATA\WEBFORMS\DATA PRODUCTS\DCAD2026_CURRENT.ZIP
Park Vista Townhomes,"6728 Park Vista Blvd, Watauga",Watauga,Texas,212,permitted,,,,,,State permit data,https://www.tad.org/content/data-download/2025CommPermits.zip
Prestonwood Hillcrest Apts,15505 Hillcrest Rd,Dallas,Texas,212,sold,,2026-02-09,Prestonwood Bi Investors LLC &,,,Website,https://www.dallascad.org/ViewPDFs.aspx?type=3&id=\\DCAD.ORG\WEB\WEBDATA\WEBFORMS\DATA PRODUCTS\DCAD2026_CURRENT.ZIP
670 Maxey Rd,670 Maxey Rd,Houston,Texas,211,sold,,2025-03-13,Pecos Housing Finance Corp,,,Website,https://download.hcad.org/data/CAMA/2026/Real_acct_owner.zip
Heights at UNT Station,1021 E. Wheatland Road,Dallas,Texas,210,planned,,,,,(817) 845-8026,State permit data,https://www.tdhca.texas.gov/sites/default/files/multifamily/docs/htc-4pct/2026260803-4HTC-StatusLog.xlsx
Huntington Place Senior Living Dallas,NEQ Clark Road and W. Camp Wisdom Rd,Dallas,Texas,210,planned,,,,,(512) 983-0422,State permit data,https://www.tdhca.texas.gov/sites/default/files/multifamily/docs/HTCPropertyInventory_2.xlsx
Victor Prosper II,228 Seventh St,Dallas,Texas,210,sold,,2026-02-02,Am Victor Prosper Owner LLC,,,Website,https://www.dallascad.org/ViewPDFs.aspx?type=3&id=\\DCAD.ORG\WEB\WEBDATA\WEBFORMS\DATA PRODUCTS\DCAD2026_CURRENT.ZIP
2311 Westheimer Rd,2311 Westheimer Rd,Houston,Texas,209,under construction,,,,,,Website,https://download.hcad.org/data/CAMA/2026/Real_acct_owner.zip
"Courtyards At River Park, The","3209 Trinity View Dr, Fort Worth",Fort Worth,Texas,209,permitted,,,,,,State permit data,https://www.tad.org/content/data-download/2026CommPermits.zip
The Venue At Home Twn/Retail (Grnd Flr,"9012 Courtenay St, North Richland Hills",N Richland Hills,Texas,209,permitted,,,,,,State permit data,https://www.tad.org/content/data-download/2026CommPermits.zip
Spring Pointe Apartments,3501 N Jupiter Rd,Richardson,Texas,208,sold,,2025-04-14,The Cameron County Housing Finance Corporation,,,Texas county property records,https://data.texas.gov/d/5tkr-3759
8900 Glencrest St,8900 Glencrest St,Houston,Texas,208,sold,,2024-11-12,Verde Apartment Protfokio One LLC,,,Website,https://download.hcad.org/data/CAMA/2026/Real_acct_owner.zip
8955 Broadway St,8955 Broadway St,Houston,Texas,208,sold,,2024-11-12,Verde Apartment Protfolio One LLC,,,Website,https://download.hcad.org/data/CAMA/2026/Real_acct_owner.zip
Flats On Mill,"8925 Randol Mill Rd, Fort Worth",Unassigned,Texas,208,permitted,,,,,,State permit data,https://www.tad.org/content/data-download/2025CommPermits.zip
Infinity On The Oaks,9236 Church Rd,Dallas,Texas,208,sold,,2025-04-01,Cameron County Housing Finance Corp The,,,Website,https://www.dallascad.org/ViewPDFs.aspx?type=3&id=\\DCAD.ORG\WEB\WEBDATA\WEBFORMS\DATA PRODUCTS\DCAD2026_CURRENT.ZIP
"Trails Apts, The","4912 Paces Tr, Arlington",Arlington,Texas,208,permitted,,,,,,State permit data,https://www.tad.org/content/data-download/2026CommPermits.zip
The Borough,5700 Boca Raton Blvd,Tarrant County,Texas,208,sold,,2024-09-26,,,,State permit data,https://www.tad.org/content/data-download/2026CommImprovedSales.zip
Oaks White Rock,9000 Poppy Dr,Dallas,Texas,207,sold,,2025-06-18,Oaks Minnchaha Two LLC &,,,Website,https://www.dallascad.org/ViewPDFs.aspx?type=3&id=\\DCAD.ORG\WEB\WEBDATA\WEBFORMS\DATA PRODUCTS\DCAD2026_CURRENT.ZIP
1110 Graham Dr,1110 Graham Dr,Tomball,Texas,206,sold,,2025-05-12,Pecos Housing Finance Corp,,,Website,https://download.hcad.org/data/CAMA/2026/Real_acct_owner.zip
Grand Riviera,2877 W Walnut Hill Ln,Irving,Texas,206,sold,,2024-09-05,Lsc Grand Riviera Owner LLC &,,,Website,https://www.dallascad.org/ViewPDFs.aspx?type=3&id=\\DCAD.ORG\WEB\WEBDATA\WEBFORMS\DATA PRODUCTS\DCAD2026_CURRENT.ZIP
Millennium Dallas Apts,9180 Forest Ln,Dallas,Texas,206,sold,,2025-12-09,Bwc Millenium LP,,,Website,https://www.dallascad.org/ViewPDFs.aspx?type=3&id=\\DCAD.ORG\WEB\WEBDATA\WEBFORMS\DATA PRODUCTS\DCAD2026_CURRENT.ZIP
Stargaze Apartments,3271 East Ruben Torres BLVD.,Brownsville,Texas,206,under construction,2027-01-30,,,Startgaze Colony LLC,(956) 343-6375,State project record,https://www.tdlr.texas.gov/TABS/Search/Project/TABS2025007120
Villas at Alameda,"7000 John T White Rd, Fort Worth",Fort Worth,Texas,205,permitted,,,,,,State permit data,https://www.tad.org/content/data-download/2026CommPermits.zip
The Wexley,5401 Independence Pkwy,Plano,Texas,204,sold,,2025-08-01,Harvestree Owner LLC,,,Texas county property records,https://data.texas.gov/d/5tkr-3759
600 East Apts,"600 E Arkansas Ln, Arlington",Arlington,Texas,204,permitted,,,,,,State permit data,https://www.tad.org/content/data-download/2026CommPermits.zip
Bent Tree Park Apt I,16951 Addison Rd,Addison,Texas,204,sold,,2025-08-04,Btp Apartments II LLC &,,,Website,https://www.dallascad.org/ViewPDFs.aspx?type=3&id=\\DCAD.ORG\WEB\WEBDATA\WEBFORMS\DATA PRODUCTS\DCAD2026_CURRENT.ZIP
Delafield Villas-Txa20050340,8200 Hoyle Ave,Dallas,Texas,204,sold,,2025-03-20,Maverick County Housing,,,Website,https://www.dallascad.org/ViewPDFs.aspx?type=3&id=\\DCAD.ORG\WEB\WEBDATA\WEBFORMS\DATA PRODUCTS\DCAD2026_CURRENT.ZIP
Fairmont Residences,2585 W. Tidwell,Houston,Texas,204,under construction,2028-07-31,,,Tidwell 5 Dev LLC,(281) 221-2699,State project record,https://www.tdlr.texas.gov/TABS/Search/Project/TABS2026023711
Ferris Casitas Multifamily Apartments,361 FM 983,Ferris,Texas,204,under construction,2027-08-01,,,"HSM Ferris Casitas, LLC",(214) 208-8299,State project record,https://www.tdlr.texas.gov/TABS/Search/Project/TABS2025019315
Huntington Place Senior Living Garland,SWQ Edgefield Drive and Cedar Drive,Garland,Texas,204,planned,,,,,,State permit data,https://www.tdhca.texas.gov/sites/default/files/multifamily/docs/HTCPropertyInventory_2.xlsx
Jefferson At Ross,1001 Ross Ave,Dallas,Texas,204,sold,,2025-03-07,Cc Meyer Properties LLC,,,Website,https://www.dallascad.org/ViewPDFs.aspx?type=3&id=\\DCAD.ORG\WEB\WEBDATA\WEBFORMS\DATA PRODUCTS\DCAD2026_CURRENT.ZIP
Tides Of Lawler East,13030 Audelia Rd,Dallas,Texas,204,sold,,2025-05-19,Pecos Housing Finance,,,Website,https://www.dallascad.org/ViewPDFs.aspx?type=3&id=\\DCAD.ORG\WEB\WEBDATA\WEBFORMS\DATA PRODUCTS\DCAD2026_CURRENT.ZIP
605 Hunt Rd,605 Hunt Rd,Baytown,Texas,203,under construction,,,,,,Website,https://download.hcad.org/data/CAMA/2026/Real_acct_owner.zip
Cedar Bluff Apartments,920 San Antonio Avenue,Seguin,Texas,203,planned,,,,,,State permit data,https://www.tdhca.texas.gov/sites/default/files/multifamily/docs/HTCPropertyInventory_2.xlsx
13030 Northborough Dr,13030 Northborough Dr,Houston,Texas,202,sold,,2024-11-07,Fidelity Bank N A,,,Website,https://download.hcad.org/data/CAMA/2026/Real_acct_owner.zip
Aden Crest,"2200 Aden Rd, Fort Worth",Fort Worth,Texas,202,permitted,,,,,,State permit data,https://www.tad.org/content/data-download/2026CommPermits.zip
Arlington Oaks Apts,"1111 Honeysuckle Way, Arlington",Arlington,Texas,202,permitted,,,,,,State permit data,https://www.tad.org/content/data-download/2026CommPermits.zip
Village On The Green,5301 Alpha Rd,Dallas,Texas,202,sold,,2025-05-13,Pecos Housing Finance Corp,,,Website,https://www.dallascad.org/ViewPDFs.aspx?type=3&id=\\DCAD.ORG\WEB\WEBDATA\WEBFORMS\DATA PRODUCTS\DCAD2026_CURRENT.ZIP
Parc Plaza Apts,"333 E Denton Dr, Euless",Euless,Texas,201,permitted,,,,,,State permit data,https://www.tad.org/content/data-download/2025CommPermits.zip
Sylvan Thirty,750 Fort Worth Ave,Dallas,Texas,201,sold,,2026-05-12,Sylvan Wws LLC &,,,Website,https://www.dallascad.org/ViewPDFs.aspx?type=3&id=\\DCAD.ORG\WEB\WEBDATA\WEBFORMS\DATA PRODUCTS\DCAD2026_CURRENT.ZIP
The Commons at Acequia Trails,NE Corner of South Presa Street and Old Corpus Christi Road,San Antonio,Texas,201,planned,,,,,,State permit data,https://www.tdhca.texas.gov/sites/default/files/multifamily/docs/HTCPropertyInventory_2.xlsx
11710 Algonquin Dr,11710 Algonquin Dr,Houston,Texas,200,sold,,2025-05-07,Edcouch Community Housing,,,Website,https://download.hcad.org/data/CAMA/2026/Real_acct_owner.zip
4710 W Illinois Ave,4710 W Illinois Ave,Dallas,Texas,200,sold,,2025-07-10,Dhfc Hiline Illinois Landowner LLC,,,Website,https://www.dallascad.org/ViewPDFs.aspx?type=3&id=\\DCAD.ORG\WEB\WEBDATA\WEBFORMS\DATA PRODUCTS\DCAD2026_CURRENT.ZIP
5045 Burke Rd,5045 Burke Rd,Pasadena,Texas,200,under construction,,,,,,Website,https://download.hcad.org/data/CAMA/2026/Real_acct_owner.zip
600 Nottingham Oaks Trl,600 Nottingham Oaks Trl,Houston,Texas,200,sold,,2025-06-30,600 Nottingham Oaks Trail Holdings LP,,,Website,https://download.hcad.org/data/CAMA/2026/Real_acct_owner.zip
Alista,10062 Royal Ln,Dallas,Texas,200,sold,,2026-01-08,Cw Royal Owner LLC,,,Website,https://www.dallascad.org/ViewPDFs.aspx?type=3&id=\\DCAD.ORG\WEB\WEBDATA\WEBFORMS\DATA PRODUCTS\DCAD2026_CURRENT.ZIP
Ava West II,8201 Fair Oaks Crossing,Dallas,Texas,200,sold,,2025-04-17,Edcouch Community Housing,,,Website,https://www.dallascad.org/ViewPDFs.aspx?type=3&id=\\DCAD.ORG\WEB\WEBDATA\WEBFORMS\DATA PRODUCTS\DCAD2026_CURRENT.ZIP
Barrett Apartment Homes,238 E Oates Rd,Garland,Texas,200,sold,,2025-04-30,Pecos Housing Finance Corp,,,Website,https://www.dallascad.org/ViewPDFs.aspx?type=3&id=\\DCAD.ORG\WEB\WEBDATA\WEBFORMS\DATA PRODUCTS\DCAD2026_CURRENT.ZIP
Element,"1516 Arbor Town Cir, Arlington",Arlington,Texas,200,permitted,,,,,,State permit data,https://www.tad.org/content/data-download/2025CommPermits.zip
North Star Phase 2,9660 Forest Ln,Dallas,Texas,200,sold,,2026-01-06,Brsp Forest Tex LLC,,,Website,https://www.dallascad.org/ViewPDFs.aspx?type=3&id=\\DCAD.ORG\WEB\WEBDATA\WEBFORMS\DATA PRODUCTS\DCAD2026_CURRENT.ZIP
Oakline,900 Frances Way,Richardson,Texas,200,sold,,2026-01-08,Beverly Investors LLC &,,,Website,https://www.dallascad.org/ViewPDFs.aspx?type=3&id=\\DCAD.ORG\WEB\WEBDATA\WEBFORMS\DATA PRODUCTS\DCAD2026_CURRENT.ZIP
River Bend Phase 1,1000 River Bend Dr,Lancaster,Texas,200,sold,,2025-04-09,1000 River Bend Dr,,,Website,https://www.dallascad.org/ViewPDFs.aspx?type=3&id=\\DCAD.ORG\WEB\WEBDATA\WEBFORMS\DATA PRODUCTS\DCAD2026_CURRENT.ZIP
Spanish Oaks Apts,"3025 E Park Row Dr, Arlington",Arlington,Texas,200,permitted,,,,,,State permit data,https://www.tad.org/content/data-download/2026CommPermits.zip
1602 Apartments/ 15 Townhomes (61% N/C),1602 Beltline Rd,Garland,Texas,199,sold,,2024-11-06,Millennium Village LP,,,Website,https://www.dallascad.org/ViewPDFs.aspx?type=3&id=\\DCAD.ORG\WEB\WEBDATA\WEBFORMS\DATA PRODUCTS\DCAD2026_CURRENT.ZIP
Prairie Gate Apts Ph 2,3930 Westcliff Rd,Grand Prairie,Texas,199,sold,,2025-05-23,Grand Prairie Housing,,,Website,https://www.dallascad.org/ViewPDFs.aspx?type=3&id=\\DCAD.ORG\WEB\WEBDATA\WEBFORMS\DATA PRODUCTS\DCAD2026_CURRENT.ZIP
6400 Washington Ave,6400 Washington Ave,Houston,Texas,198,sold,,2024-10-16,Lcp Mf111 Memorial LLC,,,Website,https://download.hcad.org/data/CAMA/2026/Real_acct_owner.zip
8791 Hammerly Blvd,8791 Hammerly Blvd,Houston,Texas,198,sold,,2025-05-27,Caldera Property Owner LLC,,,Website,https://download.hcad.org/data/CAMA/2026/Real_acct_owner.zip
The Abigail,821 S Polk St,Desoto,Texas,198,sold,,2025-05-15,Pecos Housing Finance Corp,,,Website,https://www.dallascad.org/ViewPDFs.aspx?type=3&id=\\DCAD.ORG\WEB\WEBDATA\WEBFORMS\DATA PRODUCTS\DCAD2026_CURRENT.ZIP
THF Huntington Place Senior Living Little Elm,NEQ Navo Road and Union Park Blvd.,Little Elm,Texas,198,planned,,,,,,State permit data,https://www.tdhca.texas.gov/sites/default/files/multifamily/docs/HTCPropertyInventory_2.xlsx
13913 Ella Blvd,13913 Ella Blvd,Houston,Texas,196,sold,,2025-09-03,Montecello Owner LLC,,,Website,https://download.hcad.org/data/CAMA/2026/Real_acct_owner.zip
2400 Hackett Dr,2400 Hackett Dr,Houston,Texas,196,sold,,2025-05-07,La Villa Housing Finance Corp,,,Website,https://download.hcad.org/data/CAMA/2026/Real_acct_owner.zip
6620 Gessner Dr,6620 Gessner Dr,Houston,Texas,196,sold,,2025-08-22,JS FRANKLIN LLC & Etal,,,Website,https://download.hcad.org/data/CAMA/2026/Real_acct_owner.zip
700 Dunson Glen Dr,700 Dunson Glen Dr,Houston,Texas,196,sold,,2025-01-07,Lsf Gtp Houston LLC,,,Website,https://download.hcad.org/data/CAMA/2026/Real_acct_owner.zip
Bent Tree Oaks Apts,4815 Westgrove Rd,Addison,Texas,196,sold,,2024-10-21,Amfp VI Bent Tree Oaks LLC,,,Website,https://www.dallascad.org/ViewPDFs.aspx?type=3&id=\\DCAD.ORG\WEB\WEBDATA\WEBFORMS\DATA PRODUCTS\DCAD2026_CURRENT.ZIP
Cedar Lake Apts,7455 W Camp Wisdom Rd,Dallas,Texas,196,sold,,2025-04-02,Pecos Housing Finance,,,Website,https://www.dallascad.org/ViewPDFs.aspx?type=3&id=\\DCAD.ORG\WEB\WEBDATA\WEBFORMS\DATA PRODUCTS\DCAD2026_CURRENT.ZIP
Cottages at Summer Cree,5400 Mountain Brook Ln,Tarrant County,Texas,196,sold,,2025-01-25,,,,State permit data,https://www.tad.org/content/data-download/2026CommImprovedSales.zip
Gables Uptown Tower,3227 Mckinney Ave,Dallas,Texas,196,sold,,2025-02-28,Maverick County Housing,,,Website,https://www.dallascad.org/ViewPDFs.aspx?type=3&id=\\DCAD.ORG\WEB\WEBDATA\WEBFORMS\DATA PRODUCTS\DCAD2026_CURRENT.ZIP
Live Oaks At The Branch,4670 Amesbury Dr,Dallas,Texas,196,sold,,2025-05-19,La Villa Housing Finance Corp,,,Website,https://www.dallascad.org/ViewPDFs.aspx?type=3&id=\\DCAD.ORG\WEB\WEBDATA\WEBFORMS\DATA PRODUCTS\DCAD2026_CURRENT.ZIP
North Star Phase 1,9600 Lbj Fwy,Dallas,Texas,196,sold,,2025-03-13,Pleasanton Housing Finance Corp,,,Website,https://www.dallascad.org/ViewPDFs.aspx?type=3&id=\\DCAD.ORG\WEB\WEBDATA\WEBFORMS\DATA PRODUCTS\DCAD2026_CURRENT.ZIP
Oakley Apartments,"501 Green Oaks Ct, Arlington",Arlington,Texas,196,permitted,,,,,,State permit data,https://www.tad.org/content/data-download/2026CommPermits.zip
1655 Blue Bell Rd,1655 Blue Bell Rd,Houston,Texas,195,sold,,2025-06-25,Irg-Bgo Blue Bell One LP,,,Website,https://download.hcad.org/data/CAMA/2026/Real_acct_owner.zip
22820 Imperial Valley Dr,22820 Imperial Valley Dr,Houston,Texas,192,sold,,2025-06-13,Rockfish Capital Imerial Valley LLC,,,Website,https://download.hcad.org/data/CAMA/2026/Real_acct_owner.zip
2800 Taylor (100% Complete),2800 Taylor St,Dallas,Texas,192,sold,,2025-02-14,SW Taylor Street Dev LLC,,,Website,https://www.dallascad.org/ViewPDFs.aspx?type=3&id=\\DCAD.ORG\WEB\WEBDATA\WEBFORMS\DATA PRODUCTS\DCAD2026_CURRENT.ZIP
7835 Grow Ln,7835 Grow Ln,Houston,Texas,192,sold,,2025-06-03,Cf 7835 Grow Lane Quail I LLC,,,Website,https://download.hcad.org/data/CAMA/2026/Real_acct_owner.zip
Cedar Ridge Apts-(Tdhca# 91053),7905 Marvin D Love Fwy,Dallas,Texas,192,sold,,2025-08-11,Harrison Apartments LLC The,,,Website,https://www.dallascad.org/ViewPDFs.aspx?type=3&id=\\DCAD.ORG\WEB\WEBDATA\WEBFORMS\DATA PRODUCTS\DCAD2026_CURRENT.ZIP
Matlock Flats Apts,"710 Eden Rd, Arlington",Arlington,Texas,192,permitted,,,,,,State permit data,https://www.tad.org/content/data-download/2026CommPermits.zip
Villas Del Zocalo II,3333 Webb Chapel Extension,Dallas,Texas,192,sold,,2024-11-13,3333 Webb Chapel Property,,,Website,https://www.dallascad.org/ViewPDFs.aspx?type=3&id=\\DCAD.ORG\WEB\WEBDATA\WEBFORMS\DATA PRODUCTS\DCAD2026_CURRENT.ZIP
Westland Estates,2950 Alemeda St,Tarrant County,Texas,192,sold,,2025-05-07,,,,State permit data,https://www.tad.org/content/data-download/2026CommImprovedSales.zip
Stella,"8222 Calmont Ave, Fort Worth",Fort Worth,Texas,191,permitted,,,,,,State permit data,https://www.tad.org/content/data-download/2025CommPermits.zip
14814 Perthshire Rd,14814 Perthshire Rd,Houston,Texas,190,sold,,2025-12-10,Ve Perthshire Owner,,,Website,https://download.hcad.org/data/CAMA/2026/Real_acct_owner.zip
1901 Cullen Blvd,1901 Cullen Blvd,Houston,Texas,190,sold,,2025-06-03,900 Title Jefferson LLC % Cwcapital,,,Website,https://download.hcad.org/data/CAMA/2026/Real_acct_owner.zip
8585 Woodway Dr,8585 Woodway Dr,Houston,Texas,190,sold,,2024-10-01,Lion Stone Creek LLC,,,Website,https://download.hcad.org/data/CAMA/2026/Real_acct_owner.zip
Lyra On Mckinney,4209 Mckinney Ave,Dallas,Texas,190,sold,,2026-06-10,Srpf E/Dfw Mf 1 LP,,,Website,https://www.dallascad.org/ViewPDFs.aspx?type=3&id=\\DCAD.ORG\WEB\WEBDATA\WEBFORMS\DATA PRODUCTS\DCAD2026_CURRENT.ZIP
21901 Gosling Rd,21901 Gosling Rd,Spring,Texas,189,sold,,2025-07-29,Gosling Mf II Prop Co 1 LLC,,,Website,https://download.hcad.org/data/CAMA/2026/Real_acct_owner.zip
Devon On Northgate Ph 2,3800 Esters Rd,Irving,Texas,188,sold,,2025-04-17,Edcouch Community Housing,,,Website,https://www.dallascad.org/ViewPDFs.aspx?type=3&id=\\DCAD.ORG\WEB\WEBDATA\WEBFORMS\DATA PRODUCTS\DCAD2026_CURRENT.ZIP
4899 Montrose Blvd,4899 Montrose Blvd,Houston,Texas,187,sold,,2025-07-05,Finger Museum Tower LLC,,,Website,https://download.hcad.org/data/CAMA/2026/Real_acct_owner.zip
Westwood Apts,3315 W Pentagon Pkwy,Dallas,Texas,187,sold,,2025-04-02,Pecos Housing,,,Website,https://www.dallascad.org/ViewPDFs.aspx?type=3&id=\\DCAD.ORG\WEB\WEBDATA\WEBFORMS\DATA PRODUCTS\DCAD2026_CURRENT.ZIP
The Biltmore Apts,2300 Misty Ridge Cir,Tarrant County,Texas,186,sold,,2024-10-10,,,,State permit data,https://www.tad.org/content/data-download/2026CommImprovedSales.zip
2700 Westridge St,2700 Westridge St,Houston,Texas,184,sold,,2025-01-07,Lsf Rpa Houston LLC,,,Website,https://download.hcad.org/data/CAMA/2026/Real_acct_owner.zip
Solea Tavolo Park (55+ Active),7545 Harris Pkwy,Tarrant County,Texas,184,sold,,2025-02-05,,,,State permit data,https://www.tad.org/content/data-download/2026CommImprovedSales.zip
3360 Mccue Rd,3360 Mccue Rd,Houston,Texas,183,under construction,,,,,,Website,https://download.hcad.org/data/CAMA/2026/Real_acct_owner.zip
2851 Wallingford Dr,2851 Wallingford Dr,Houston,Texas,182,sold,,2025-01-07,Hg Oaks Of Westchase LLC,,,Website,https://download.hcad.org/data/CAMA/2026/Real_acct_owner.zip
4801 Allendale Rd,4801 Allendale Rd,Houston,Texas,182,sold,,2025-09-02,Tc Spe 6 LLC,,,Website,https://download.hcad.org/data/CAMA/2026/Real_acct_owner.zip
Northbridge In The Village II,8583 Southwestern Blvd,Dallas,Texas,182,sold,,2024-12-23,Pcv Northbridge LLC,,,Website,https://www.dallascad.org/ViewPDFs.aspx?type=3&id=\\DCAD.ORG\WEB\WEBDATA\WEBFORMS\DATA PRODUCTS\DCAD2026_CURRENT.ZIP
The Parc On Jackson,2031 Jackson St,Dallas,Texas,182,under construction,,,,,,Website,https://www.dallascad.org/ViewPDFs.aspx?type=3&id=\\DCAD.ORG\WEB\WEBDATA\WEBFORMS\DATA PRODUCTS\DCAD2026_CURRENT.ZIP
Camden Valley Park II,9801 W Valley Ranch Pkwy,Irving,Texas,181,sold,,2026-02-19,9835 W Valley Ranch,,,Website,https://www.dallascad.org/ViewPDFs.aspx?type=3&id=\\DCAD.ORG\WEB\WEBDATA\WEBFORMS\DATA PRODUCTS\DCAD2026_CURRENT.ZIP
Elan At Bluffview Apartments,3850 W Northwest Hwy,Dallas,Texas,181,sold,,2024-11-27,Elan At Bluffview LP,,,Website,https://www.dallascad.org/ViewPDFs.aspx?type=3&id=\\DCAD.ORG\WEB\WEBDATA\WEBFORMS\DATA PRODUCTS\DCAD2026_CURRENT.ZIP
10010 Greenfork Dr,10010 Greenfork Dr,Houston,Texas,180,sold,,2025-08-01,Apt Whispering Oaks LLC,,,Website,https://download.hcad.org/data/CAMA/2026/Real_acct_owner.zip
2700 S Dairy Ashford Rd,2700 S Dairy Ashford Rd,Houston,Texas,180,sold,,2024-12-19,Ashford Park Hwc Po LLC,,,Website,https://download.hcad.org/data/CAMA/2026/Real_acct_owner.zip
4854 Greenhouse Rd,4854 Greenhouse Rd,Houston,Texas,180,under construction,,,,,,Website,https://download.hcad.org/data/CAMA/2026/Real_acct_owner.zip
Building Permit,8440 Burnet Rd Bldg 2,Austin,Texas,180,permitted,,,,,,City permit record,https://abc.austintexas.gov/web/permit/public-search-other?t_detail=1&t_selected_folderrsn=13481444
Building Permit,2300 Kramer Ln Bldg 2,Austin,Texas,180,permitted,,,,,,City permit record,https://abc.austintexas.gov/web/permit/public-search-other?t_detail=1&t_selected_folderrsn=13503547
Evans & Rosedale Urban Village,900 Evans Avenue,Fort Worth,Texas,180,planned,,,,,(414) 800-5289,State permit data,https://www.tdhca.texas.gov/sites/default/files/multifamily/docs/HTCPropertyInventory_2.xlsx
Flats At Brentwood,"2188 E Loop 820, Fort Worth",Fort Worth,Texas,180,permitted,,,,,,State permit data,https://www.tad.org/content/data-download/2026CommPermits.zip
Homes Of Persimmons- (75% Tax Credit Txa20000065),3245 Simpson Stuart Rd,Dallas,Texas,180,sold,,2025-06-12,Hop Apartments LLC &,,,Website,https://www.dallascad.org/ViewPDFs.aspx?type=3&id=\\DCAD.ORG\WEB\WEBDATA\WEBFORMS\DATA PRODUCTS\DCAD2026_CURRENT.ZIP
Legacy Senior Residences,6219 S. New Braunfels Avenue,San Antonio,Texas,180,planned,,,,,,State permit data,https://www.tdhca.texas.gov/sites/default/files/multifamily/docs/HTCPropertyInventory_2.xlsx
Rolling Hills Apts,2010 Estrada Pkwy,Irving,Texas,180,sold,,2025-09-11,Starcore Rh LLC,,,Website,https://www.dallascad.org/ViewPDFs.aspx?type=3&id=\\DCAD.ORG\WEB\WEBDATA\WEBFORMS\DATA PRODUCTS\DCAD2026_CURRENT.ZIP
Rosemont At Hickory Trace - Txa00000501,8410 S Westmoreland Rd,Dallas,Texas,180,sold,,2026-02-25,180 Hickory LLC &,,,Website,https://www.dallascad.org/ViewPDFs.aspx?type=3&id=\\DCAD.ORG\WEB\WEBDATA\WEBFORMS\DATA PRODUCTS\DCAD2026_CURRENT.ZIP
The Legacy on Kiest,2621 Southerland Ave,Dallas,Texas,180,planned,,,,,,State permit data,https://www.tdhca.texas.gov/sites/default/files/multifamily/docs/HTCPropertyInventory_2.xlsx
Galleries At Park Lane,8100 Park Ln,Dallas,Texas,179,sold,,2025-05-30,Mmf I Dfw Park Lane LLC,,,Website,https://www.dallascad.org/ViewPDFs.aspx?type=3&id=\\DCAD.ORG\WEB\WEBDATA\WEBFORMS\DATA PRODUCTS\DCAD2026_CURRENT.ZIP
Uptown At Cole Park,3030 Elizabeth St,Dallas,Texas,179,sold,,2025-12-03,Ucp Propco LLC,,,Website,https://www.dallascad.org/ViewPDFs.aspx?type=3&id=\\DCAD.ORG\WEB\WEBDATA\WEBFORMS\DATA PRODUCTS\DCAD2026_CURRENT.ZIP
Orchards Market Plaza Senior Apts,3640 Mapleshade Ln,Plano,Texas,178,sold,,2026-07-17,Csh Plano Act LLC,,,Texas county property records,https://data.texas.gov/d/5tkr-3759
8300 W Airport Blvd,8300 W Airport Blvd,Houston,Texas,178,sold,,2025-11-04,Oconee Real Estate Holdings,,,Website,https://download.hcad.org/data/CAMA/2026/Real_acct_owner.zip
Building Permit,1310 Lbj Way Unit Fw3,Austin,Texas,178,permitted,,,,,,City permit record,https://abc.austintexas.gov/web/permit/public-search-other?t_detail=1&t_selected_folderrsn=13356354
Gateway Multifamily East,1800 IH 30 Hwy,Grand Prairie,Texas,177,permitted,2028-10-01,,,Grtp LTD,(214) 559-0091,State project record,https://www.tdlr.texas.gov/TABS/Search/Project/TABS2026015283
Walnut Springs,2551 N. Guadalupe St.,Seguin,Texas,177,planned,,,,,,State permit data,https://www.tdhca.texas.gov/sites/default/files/multifamily/docs/HTCPropertyInventory_2.xlsx
2213 Millstone Dr,2213 Millstone Dr,Houston,Texas,176,under construction,,,,,,Website,https://download.hcad.org/data/CAMA/2026/Real_acct_owner.zip
Casa Bella (2019 Reno),2970 Peavy Rd,Dallas,Texas,176,sold,,2025-04-03,Pecos Housing Finance Corp,,,Website,https://www.dallascad.org/ViewPDFs.aspx?type=3&id=\\DCAD.ORG\WEB\WEBDATA\WEBFORMS\DATA PRODUCTS\DCAD2026_CURRENT.ZIP
Cedar Point Townhomes,"1751 Towne Crossing Blvd, Mansfield",Mansfield,Texas,176,permitted,,,,,,State permit data,https://www.tad.org/content/data-download/2025CommPermits.zip
Paytom Gin Apartments,1800 Payton Gin Road,Austin,Texas,176,planned,,,,,,State permit data,https://www.tdhca.texas.gov/sites/default/files/multifamily/docs/HTCPropertyInventory_2.xlsx
Vista Buena,13350 Esperanza Rd,Dallas,Texas,176,sold,,2025-07-02,Vba Apartments LLC,,,Website,https://www.dallascad.org/ViewPDFs.aspx?type=3&id=\\DCAD.ORG\WEB\WEBDATA\WEBFORMS\DATA PRODUCTS\DCAD2026_CURRENT.ZIP
The Holland,8020 Windrose Ave,Plano,Texas,175,sold,,2025-04-22,Lw Residential Partners LP,,,Texas county property records,https://data.texas.gov/d/5tkr-3759
Cottonwood Park Village,575 Dickey Rd,Grand Prairie,Texas,175,sold,,2025-06-26,Mia Cottonwood LLC,,,Website,https://www.dallascad.org/ViewPDFs.aspx?type=3&id=\\DCAD.ORG\WEB\WEBDATA\WEBFORMS\DATA PRODUCTS\DCAD2026_CURRENT.ZIP
The Lora/Knox Hotel/Office,4555 Travis St,Dallas,Texas,173,under construction,,,,,,Website,https://www.dallascad.org/ViewPDFs.aspx?type=3&id=\\DCAD.ORG\WEB\WEBDATA\WEBFORMS\DATA PRODUCTS\DCAD2026_CURRENT.ZIP
Cantera Apartment Homes,1910 S Josey Ln,Carrollton,Texas,172,sold,,2024-10-08,Cantera Crg LLC,,,Website,https://www.dallascad.org/ViewPDFs.aspx?type=3&id=\\DCAD.ORG\WEB\WEBDATA\WEBFORMS\DATA PRODUCTS\DCAD2026_CURRENT.ZIP
Center St Multifamily East,3616 center st,Houston,Texas,172,under construction,2028-10-02,,,"Center St Owner (TX), LP",(512) 657-3433,State project record,https://www.tdlr.texas.gov/TABS/Search/Project/TABS2026016802
2727 Elmside Dr,2727 Elmside Dr,Houston,Texas,171,sold,,2025-04-03,Pecos Housing Finance Corp,,,Website,https://download.hcad.org/data/CAMA/2026/Real_acct_owner.zip
Arlington Hills,"3200 S Center St, Arlington",Arlington,Texas,171,permitted,,,,,,State permit data,https://www.tad.org/content/data-download/2025CommPermits.zip
The Francisco (All Bills Paid),3035 E Ledbetter Dr,Dallas,Texas,171,sold,,2026-02-06,3035 Ledbetter Spe LLC,,,Website,https://www.dallascad.org/ViewPDFs.aspx?type=3&id=\\DCAD.ORG\WEB\WEBDATA\WEBFORMS\DATA PRODUCTS\DCAD2026_CURRENT.ZIP
13333 Northborough Dr,13333 Northborough Dr,Houston,Texas,170,sold,,2025-12-09,Nsi Canfield LLC,,,Website,https://download.hcad.org/data/CAMA/2026/Real_acct_owner.zip
2300 Red Bluff Rd,2300 Red Bluff Rd,Pasadena,Texas,170,sold,,2025-10-21,Jp Quarters On Red Bluff LLC,,,Website,https://download.hcad.org/data/CAMA/2026/Real_acct_owner.zip
1000 Country Place Dr,1000 Country Place Dr,Houston,Texas,169,sold,,2024-10-14,Ourrea Amalfi LLC Et Al,,,Website,https://download.hcad.org/data/CAMA/2026/Real_acct_owner.zip
Tides At 5400,"5416 Boca Raton Blvd, Fort Worth",Fort Worth,Texas,169,permitted,,,,,,State permit data,https://www.tad.org/content/data-download/2026CommPermits.zip
Overture Plano Senior Apartments,500 Coit Rd,Plano,Texas,168,sold,,2025-09-26,Dhc Hyb Slc Properties LLC,,,Texas county property records,https://data.texas.gov/d/5tkr-3759
(U/C) Cypress Creek Montfort Drive,14119 Montfort Dr,Dallas,Texas,168,under construction,,,,,,Website,https://www.dallascad.org/ViewPDFs.aspx?type=3&id=\\DCAD.ORG\WEB\WEBDATA\WEBFORMS\DATA PRODUCTS\DCAD2026_CURRENT.ZIP
14445 Wallisville Rd,14445 Wallisville Rd,Houston,Texas,168,sold,,2024-12-18,Boardwalk Dover Pointe LLC,,,Website,https://download.hcad.org/data/CAMA/2026/Real_acct_owner.zip
Cottages At Bedford,"2000 Park Place Blvd, Bedford",Bedford,Texas,168,permitted,,,,,,State permit data,https://www.tad.org/content/data-download/2026CommPermits.zip
Courts Of Bent Tree,17250 Knoll Trail Dr,Dallas,Texas,168,sold,,2024-11-08,Blv Bent Tree LLC,,,Website,https://www.dallascad.org/ViewPDFs.aspx?type=3&id=\\DCAD.ORG\WEB\WEBDATA\WEBFORMS\DATA PRODUCTS\DCAD2026_CURRENT.ZIP
Hanger,209 S Clark Rd,Cedar Hill,Texas,168,sold,,2025-12-24,201 Clark Rd Apts LLC,,,Website,https://www.dallascad.org/ViewPDFs.aspx?type=3&id=\\DCAD.ORG\WEB\WEBDATA\WEBFORMS\DATA PRODUCTS\DCAD2026_CURRENT.ZIP
Ladera Apartments,"2029 Dayton St, Haltom City",Haltom City,Texas,168,permitted,,,,,,State permit data,https://www.tad.org/content/data-download/2026CommPermits.zip
Vineyard Springs Apartments,893 W. Highway 290,Johnson City,Texas,168,under construction,2025-09-01,,,"Tx-290-1031, LLC",(714) 546-4255,State project record,https://www.tdlr.texas.gov/TABS/Search/Project/TABS2025021961
Windchase Apts,501 E Pioneer Pkwy,Grand Prairie,Texas,168,sold,,2024-12-26,168 Pioneer LLC,,,Website,https://www.dallascad.org/ViewPDFs.aspx?type=3&id=\\DCAD.ORG\WEB\WEBDATA\WEBFORMS\DATA PRODUCTS\DCAD2026_CURRENT.ZIP
The Calvin,2501 Ohio Dr,Plano,Texas,167,sold,,2024-12-13,Rc Calvin LLC,,,Texas county property records,https://data.texas.gov/d/5tkr-3759
Broadstone At Wycliff Phase 1,2929 Wycliff Ave,Dallas,Texas,167,sold,,2024-11-27,Dhfc 2929 Wycliff Landowner LLC,,,Website,https://www.dallascad.org/ViewPDFs.aspx?type=3&id=\\DCAD.ORG\WEB\WEBDATA\WEBFORMS\DATA PRODUCTS\DCAD2026_CURRENT.ZIP
Everton At Bellmar,10588 Stone Canyon Rd,Dallas,Texas,166,sold,,2025-10-29,Capri Everton LLC &,,,Website,https://www.dallascad.org/ViewPDFs.aspx?type=3&id=\\DCAD.ORG\WEB\WEBDATA\WEBFORMS\DATA PRODUCTS\DCAD2026_CURRENT.ZIP
Royal Crest Apts,3540 Wilhurt Ave,Dallas,Texas,165,sold,,2025-07-18,Royal Crest Preservation LLC,,,Website,https://www.dallascad.org/ViewPDFs.aspx?type=3&id=\\DCAD.ORG\WEB\WEBDATA\WEBFORMS\DATA PRODUCTS\DCAD2026_CURRENT.ZIP
The Armstrong At Knox,4525 Cole Ave,Dallas,Texas,165,sold,,2026-06-05,Madera Armstrong LLC &,,,Website,https://www.dallascad.org/ViewPDFs.aspx?type=3&id=\\DCAD.ORG\WEB\WEBDATA\WEBFORMS\DATA PRODUCTS\DCAD2026_CURRENT.ZIP
970 Bunker Hill Rd,970 Bunker Hill Rd,Houston,Texas,164,sold,,2025-03-07,Moody 77024 Multi-Family Dst,,,Website,https://download.hcad.org/data/CAMA/2026/Real_acct_owner.zip
Adira Apartments,1301 W Wheatland Rd,Dallas,Texas,164,sold,,2025-04-11,Pecos Housing Finance Corp,,,Website,https://www.dallascad.org/ViewPDFs.aspx?type=3&id=\\DCAD.ORG\WEB\WEBDATA\WEBFORMS\DATA PRODUCTS\DCAD2026_CURRENT.ZIP
Bent Tree Fountains,16351 Ledgemont Ln,Addison,Texas,164,sold,,2024-10-21,Amfp VI Bent Tree Fountains,,,Website,https://www.dallascad.org/ViewPDFs.aspx?type=3&id=\\DCAD.ORG\WEB\WEBDATA\WEBFORMS\DATA PRODUCTS\DCAD2026_CURRENT.ZIP
Tenison Lofts,3504 and 3602 Samuell Blvd and 3503 Merrifield Ave,Dallas,Texas,164,planned,,,,,,State permit data,https://www.tdhca.texas.gov/sites/default/files/multifamily/docs/HTCPropertyInventory_2.xlsx
12550 J F K,12550 J F K,Houston,Texas,162,under construction,,,,,,Website,https://download.hcad.org/data/CAMA/2026/Real_acct_owner.zip
Lavita On Lovers Lane,6603 E Lovers Ln,Dallas,Texas,162,sold,,2024-12-23,Friend Stage Co LTD,,,Website,https://www.dallascad.org/ViewPDFs.aspx?type=3&id=\\DCAD.ORG\WEB\WEBDATA\WEBFORMS\DATA PRODUCTS\DCAD2026_CURRENT.ZIP
Instrata At Legacy West,7850 Communications Pkwy,Plano,Texas,161,sold,,2025-04-28,Lw Owner 2 LLC,,,Texas county property records,https://data.texas.gov/d/5tkr-3759
915 Silber Rd,915 Silber Rd,Houston,Texas,161,sold,,2025-12-17,915 Silber Partners LLC,,,Website,https://download.hcad.org/data/CAMA/2026/Real_acct_owner.zip
Riverfalls Park,10570 Stone Canyon Rd,Dallas,Texas,161,sold,,2025-10-29,Capri Riverfalls LLC &,,,Website,https://www.dallascad.org/ViewPDFs.aspx?type=3&id=\\DCAD.ORG\WEB\WEBDATA\WEBFORMS\DATA PRODUCTS\DCAD2026_CURRENT.ZIP
13725 Cambury Dr,13725 Cambury Dr,Houston,Texas,160,sold,,2024-12-20,Amg City View Apartments LLC,,,Website,https://download.hcad.org/data/CAMA/2026/Real_acct_owner.zip
5050 Sunflower St,5050 Sunflower St,Houston,Texas,160,sold,,2025-06-24,Sunflower Terrace Preservation LLC C/O Fairstead,,,Website,https://download.hcad.org/data/CAMA/2026/Real_acct_owner.zip
Ava Apartments,8303 Skillman St,Dallas,Texas,160,sold,,2025-04-17,Edcouch Community Housing,,,Website,https://www.dallascad.org/ViewPDFs.aspx?type=3&id=\\DCAD.ORG\WEB\WEBDATA\WEBFORMS\DATA PRODUCTS\DCAD2026_CURRENT.ZIP
Forest Ridge,8850 Fair Oaks Crossing,Dallas,Texas,160,sold,,2026-06-02,Lsref7 Ranger Reo LLC,,,Website,https://www.dallascad.org/ViewPDFs.aspx?type=3&id=\\DCAD.ORG\WEB\WEBDATA\WEBFORMS\DATA PRODUCTS\DCAD2026_CURRENT.ZIP
Tides On Leisure Phase 1,10010 Forest Ln,Dallas,Texas,160,sold,,2025-04-01,Newpoint Jv Sub III LLC,,,Website,https://www.dallascad.org/ViewPDFs.aspx?type=3&id=\\DCAD.ORG\WEB\WEBDATA\WEBFORMS\DATA PRODUCTS\DCAD2026_CURRENT.ZIP
Building Permit,2631 Kramer Ln Unit Fw3,Austin,Texas,159,permitted,,,,,,City permit record,https://abc.austintexas.gov/web/permit/public-search-other?t_detail=1&t_selected_folderrsn=13762352
Casa Luna (All Bills Paid),2800 John West Rd,Dallas,Texas,159,sold,,2025-09-05,Rc 2800 John West,,,Website,https://www.dallascad.org/ViewPDFs.aspx?type=3&id=\\DCAD.ORG\WEB\WEBDATA\WEBFORMS\DATA PRODUCTS\DCAD2026_CURRENT.ZIP
Las Ventanas,523 N Alexander Ave,Duncanville,Texas,158,sold,,2025-03-24,Pecos Housing Finance,,,Website,https://www.dallascad.org/ViewPDFs.aspx?type=3&id=\\DCAD.ORG\WEB\WEBDATA\WEBFORMS\DATA PRODUCTS\DCAD2026_CURRENT.ZIP
Midway Row House,4020 Mcewen Rd,Farmers Branch,Texas,158,sold,,2025-10-07,Msfr Midway Row House Owner LLC,,,Website,https://www.dallascad.org/ViewPDFs.aspx?type=3&id=\\DCAD.ORG\WEB\WEBDATA\WEBFORMS\DATA PRODUCTS\DCAD2026_CURRENT.ZIP
10575 Westpark Dr,10575 Westpark Dr,Houston,Texas,156,sold,,2024-10-24,Cr Westpark LLC,,,Website,https://download.hcad.org/data/CAMA/2026/Real_acct_owner.zip
Cadia Grand Prairie,3950 Dechman Dr,Grand Prairie,Texas,156,sold,,2024-11-01,3950 Dechman Drive Property,,,Website,https://www.dallascad.org/ViewPDFs.aspx?type=3&id=\\DCAD.ORG\WEB\WEBDATA\WEBFORMS\DATA PRODUCTS\DCAD2026_CURRENT.ZIP
11119 Steeple Way Blvd,11119 Steeple Way Blvd,Houston,Texas,154,sold,,2025-01-07,Hpi Steeple LLC,,,Website,https://download.hcad.org/data/CAMA/2026/Real_acct_owner.zip
3101 Smith St,3101 Smith St,Houston,Texas,154,sold,,2025-04-30,Hsr Midtown LLC,,,Website,https://download.hcad.org/data/CAMA/2026/Real_acct_owner.zip
7035 Bellfort St,7035 Bellfort St,Houston,Texas,154,sold,,2024-11-08,Srb Bellfort Plaza LLC,,,Website,https://download.hcad.org/data/CAMA/2026/Real_acct_owner.zip
Building Permit,10728 Burnet Rd,Austin,Texas,154,permitted,,,,,,City permit record,https://abc.austintexas.gov/web/permit/public-search-other?t_detail=1&t_selected_folderrsn=12133529
San Carlos,5010 Maple Ave,Dallas,Texas,154,sold,,2025-01-24,Wsp Polanco LLC,,,Website,https://www.dallascad.org/ViewPDFs.aspx?type=3&id=\\DCAD.ORG\WEB\WEBDATA\WEBFORMS\DATA PRODUCTS\DCAD2026_CURRENT.ZIP
Windscape Gardens,"3099 Parham Dr, Grand Prairie",Grand Prairie,Texas,154,permitted,,,,,,State permit data,https://www.tad.org/content/data-download/2026CommPermits.zip
4055 S Braeswood Blvd,4055 S Braeswood Blvd,Houston,Texas,153,sold,,2024-10-29,Star Braeswood Apartments LLC,,,Website,https://download.hcad.org/data/CAMA/2026/Real_acct_owner.zip
3 Thousand One Crystal Springs,"3001 Crystal Springs, Bedford",Bedford,Texas,152,permitted,,,,,,State permit data,https://www.tad.org/content/data-download/2026CommPermits.zip
3401 Dunvale Rd,3401 Dunvale Rd,Houston,Texas,152,sold,,2025-05-15,La Villa Housing Finance Corp,,,Website,https://download.hcad.org/data/CAMA/2026/Real_acct_owner.zip
3415 Havenbrook Dr,3415 Havenbrook Dr,Humble,Texas,152,sold,,2024-09-16,3415 Havenbrook LP,,,Website,https://download.hcad.org/data/CAMA/2026/Real_acct_owner.zip
5900 N Braeswood Blvd,5900 N Braeswood Blvd,Houston,Texas,152,sold,,2025-05-13,Cameron County Housing Finance Corp,,,Website,https://download.hcad.org/data/CAMA/2026/Real_acct_owner.zip
Ashton Apartment Homes,"681 N Saginaw Blvd, Saginaw",Saginaw,Texas,152,sold,,2025-02-26,,,,State permit data,https://www.tad.org/content/data-download/2026CommPermits.zip
Gable Point,11111 Woodmeadow Pkwy,Dallas,Texas,152,sold,,2026-03-13,Glover Gablepoint Owner LLC,,,Website,https://www.dallascad.org/ViewPDFs.aspx?type=3&id=\\DCAD.ORG\WEB\WEBDATA\WEBFORMS\DATA PRODUCTS\DCAD2026_CURRENT.ZIP
Knowlton Apartments,5925 Frontier Blvd,Mesquite,Texas,152,sold,,2026-06-04,Stonelex I 2 LLC,,,Website,https://www.dallascad.org/ViewPDFs.aspx?type=3&id=\\DCAD.ORG\WEB\WEBDATA\WEBFORMS\DATA PRODUCTS\DCAD2026_CURRENT.ZIP
Oasis Springs Apts,"601 Bellaire Dr, Hurst",Hurst,Texas,152,permitted,,,,,,State permit data,https://www.tad.org/content/data-download/2025CommPermits.zip
Park Lane Terrace (All Bills Paid),6864 Larmanda St,Dallas,Texas,152,sold,,2024-09-09,Park Lane Property LLC,,,Website,https://www.dallascad.org/ViewPDFs.aspx?type=3&id=\\DCAD.ORG\WEB\WEBDATA\WEBFORMS\DATA PRODUCTS\DCAD2026_CURRENT.ZIP
The Brookmoore (59% Occupied),706 Fawn Ridge Dr,Dallas,Texas,152,sold,,2025-03-13,La Villa Housing Finance,,,Website,https://www.dallascad.org/ViewPDFs.aspx?type=3&id=\\DCAD.ORG\WEB\WEBDATA\WEBFORMS\DATA PRODUCTS\DCAD2026_CURRENT.ZIP
The Meadows-Tdhca#93101,3602 Easton Meadows Dr,Garland,Texas,152,sold,,2025-12-08,Brazos Meadows LLC,,,Website,https://www.dallascad.org/ViewPDFs.aspx?type=3&id=\\DCAD.ORG\WEB\WEBDATA\WEBFORMS\DATA PRODUCTS\DCAD2026_CURRENT.ZIP
Bella Vista Park,2700 N Buckner Blvd,Dallas,Texas,151,sold,,2024-11-07,532 Title Way LLC,,,Website,https://www.dallascad.org/ViewPDFs.aspx?type=3&id=\\DCAD.ORG\WEB\WEBDATA\WEBFORMS\DATA PRODUCTS\DCAD2026_CURRENT.ZIP
Casa Valley Apts,500 Santa Fe Trl,Irving,Texas,151,sold,,2025-04-02,Pecos Housing Finance Corp,,,Website,https://www.dallascad.org/ViewPDFs.aspx?type=3&id=\\DCAD.ORG\WEB\WEBDATA\WEBFORMS\DATA PRODUCTS\DCAD2026_CURRENT.ZIP
Spring Valley Apts,"807 S Main St, Euless",Euless,Texas,151,permitted,,,,,,State permit data,https://www.tad.org/content/data-download/2025CommPermits.zip
Wyndham On The Creek,9633 Ferris Branch Blvd,Dallas,Texas,151,sold,,2025-05-02,Pecos Housing Finance,,,Website,https://www.dallascad.org/ViewPDFs.aspx?type=3&id=\\DCAD.ORG\WEB\WEBDATA\WEBFORMS\DATA PRODUCTS\DCAD2026_CURRENT.ZIP
12808 Queensbury Ln,12808 Queensbury Ln,Houston,Texas,150,sold,,2025-08-13,Lofts Armando LLC,,,Website,https://download.hcad.org/data/CAMA/2026/Real_acct_owner.zip
9757 Windwater Dr,9757 Windwater Dr,Houston,Texas,150,sold,,2025-09-18,Hm Windmill Lakes Jv LLC,,,Website,https://download.hcad.org/data/CAMA/2026/Real_acct_owner.zip
Building Permit,1013 Montopolis Dr,Austin,Texas,150,permitted,,,,,,City permit record,https://abc.austintexas.gov/web/permit/public-search-other?t_detail=1&t_selected_folderrsn=13537932
Elara,12099 Luna Rd,Farmers Branch,Texas,150,under construction,,,,,,Website,https://www.dallascad.org/ViewPDFs.aspx?type=3&id=\\DCAD.ORG\WEB\WEBDATA\WEBFORMS\DATA PRODUCTS\DCAD2026_CURRENT.ZIP
Gardens Of Bedford,"1948 Shady Brook Dr, Bedford",Bedford,Texas,150,permitted,,,,,,State permit data,https://www.tad.org/content/data-download/2025CommPermits.zip
Southcrest (All Bills Paid),3702 Conway St,Dallas,Texas,150,sold,,2025-05-16,South Crest Ir LLC,,,Website,https://www.dallascad.org/ViewPDFs.aspx?type=3&id=\\DCAD.ORG\WEB\WEBDATA\WEBFORMS\DATA PRODUCTS\DCAD2026_CURRENT.ZIP
The Katy,601 West 2nd Street,Elgin,Texas,150,planned,,,,,,State permit data,https://www.tdhca.texas.gov/sites/default/files/multifamily/docs/HTCPropertyInventory_2.xlsx
Grand Reserve: Upscale Townhomes,6044 E Lovers Ln,Dallas,Texas,149,sold,,2025-12-01,Ag Kvc Gr Property Owner,,,Website,https://www.dallascad.org/ViewPDFs.aspx?type=3&id=\\DCAD.ORG\WEB\WEBDATA\WEBFORMS\DATA PRODUCTS\DCAD2026_CURRENT.ZIP
Building Permit,1820 Estancia Pkwy Bldg 1,Austin,Texas,148,permitted,,,,,,City permit record,https://abc.austintexas.gov/web/permit/public-search-other?t_detail=1&t_selected_folderrsn=13739653
Landmark At Lake Village North (151 Units),613 E IH 30,Garland,Texas,148,sold,,2025-03-24,Pecos Housing Finance Corp,,,Website,https://www.dallascad.org/ViewPDFs.aspx?type=3&id=\\DCAD.ORG\WEB\WEBDATA\WEBFORMS\DATA PRODUCTS\DCAD2026_CURRENT.ZIP
Residences Of White Rock Lake/ 12 Fire Damaged Uni,9312 Beck Ave,Dallas,Texas,146,sold,,2026-05-15,Residences At White Rock Lake,,,Website,https://www.dallascad.org/ViewPDFs.aspx?type=3&id=\\DCAD.ORG\WEB\WEBDATA\WEBFORMS\DATA PRODUCTS\DCAD2026_CURRENT.ZIP
(To Be Demoed) 100% Vacant,1910 Argentia Dr,Dallas,Texas,144,sold,,2025-10-20,Paw Investors Group LLC,,,Website,https://www.dallascad.org/ViewPDFs.aspx?type=3&id=\\DCAD.ORG\WEB\WEBDATA\WEBFORMS\DATA PRODUCTS\DCAD2026_CURRENT.ZIP
13355 Northborough Dr,13355 Northborough Dr,Houston,Texas,144,sold,,2025-12-09,Nsi Canfield LLC,,,Website,https://download.hcad.org/data/CAMA/2026/Real_acct_owner.zip
Haven,5827 Blackwell St,Dallas,Texas,144,sold,,2026-02-05,Dallas Haven Properties LLC,,,Website,https://www.dallascad.org/ViewPDFs.aspx?type=3&id=\\DCAD.ORG\WEB\WEBDATA\WEBFORMS\DATA PRODUCTS\DCAD2026_CURRENT.ZIP
Lure,2929 Kings Rd,Dallas,Texas,144,sold,,2024-09-10,Rise Highland Park LP &,,,Website,https://www.dallascad.org/ViewPDFs.aspx?type=3&id=\\DCAD.ORG\WEB\WEBDATA\WEBFORMS\DATA PRODUCTS\DCAD2026_CURRENT.ZIP
The Abram,608 Rowlett Rd,Garland,Texas,144,sold,,2025-05-15,Pecos Housing Finance Corp,,,Website,https://www.dallascad.org/ViewPDFs.aspx?type=3&id=\\DCAD.ORG\WEB\WEBDATA\WEBFORMS\DATA PRODUCTS\DCAD2026_CURRENT.ZIP
The Holden,2500 Guerrero Dr,Carrollton,Texas,144,sold,,2025-03-24,Pecos Housing Finance,,,Website,https://www.dallascad.org/ViewPDFs.aspx?type=3&id=\\DCAD.ORG\WEB\WEBDATA\WEBFORMS\DATA PRODUCTS\DCAD2026_CURRENT.ZIP
The Park At Ashford,3500 S Fielder Rd,Tarrant County,Texas,144,sold,,2025-08-22,,,,State permit data,https://www.tad.org/content/data-download/2026CommImprovedSales.zip
Waterford,7879 Riverfall Dr,Dallas,Texas,144,sold,,2025-10-29,7879 Riverfall Propco LLC &,,,Website,https://www.dallascad.org/ViewPDFs.aspx?type=3&id=\\DCAD.ORG\WEB\WEBDATA\WEBFORMS\DATA PRODUCTS\DCAD2026_CURRENT.ZIP
13150 Bissonnet St,13150 Bissonnet St,Houston,Texas,143,sold,,2025-06-03,Lft Houston LLC,,,Website,https://download.hcad.org/data/CAMA/2026/Real_acct_owner.zip
4011 Galveston Rd,4011 Galveston Rd,Houston,Texas,143,sold,,2025-12-04,Dorchester Wealth Management LLC,,,Website,https://download.hcad.org/data/CAMA/2026/Real_acct_owner.zip
Ten Twelve West,1014 W Pioneer Pkwy,Tarrant County,Texas,143,sold,,2024-10-10,,,,State permit data,https://www.tad.org/content/data-download/2026CommImprovedSales.zip
Building Permit,2610 Hume Pl,Austin,Texas,142,permitted,,,,,,City permit record,https://abc.austintexas.gov/web/permit/public-search-other?t_detail=1&t_selected_folderrsn=13412408
Gateway Place,726 Rosehill Rd,Garland,Texas,142,sold,,2024-11-25,Rise Gateway Apartments LP &,,,Website,https://www.dallascad.org/ViewPDFs.aspx?type=3&id=\\DCAD.ORG\WEB\WEBDATA\WEBFORMS\DATA PRODUCTS\DCAD2026_CURRENT.ZIP
(53% Vacant) Villas Del Rey,8117 Barclay St,Dallas,Texas,141,sold,,2026-01-14,Wilmington Trust National Assoc,,,Website,https://www.dallascad.org/ViewPDFs.aspx?type=3&id=\\DCAD.ORG\WEB\WEBDATA\WEBFORMS\DATA PRODUCTS\DCAD2026_CURRENT.ZIP
7850 FM 1960 Rd E,7850 FM 1960 Rd E,Humble,Texas,141,sold,,2024-09-25,7850 Fm1960 LP,,,Website,https://download.hcad.org/data/CAMA/2026/Real_acct_owner.zip
902 Cleveland St,902 Cleveland St,Houston,Texas,140,sold,,2025-11-11,Cws St Joseph LLC Et Al,,,Website,https://download.hcad.org/data/CAMA/2026/Real_acct_owner.zip
Mesa Ridge Village East ((Ecu 49% Vacant)),3504 Fawn Valley Dr,Dallas,Texas,140,sold,,2025-03-13,La Villa Housing Finance,,,Website,https://www.dallascad.org/ViewPDFs.aspx?type=3&id=\\DCAD.ORG\WEB\WEBDATA\WEBFORMS\DATA PRODUCTS\DCAD2026_CURRENT.ZIP
13223 Champions Centre Dr,13223 Champions Centre Dr,Houston,Texas,139,sold,,2024-11-21,13223 Champions Spv LLC,,,Website,https://download.hcad.org/data/CAMA/2026/Real_acct_owner.zip
Riverbend,"701 E Arkansas Ln, Arlington",Arlington,Texas,138,permitted,,,,,,State permit data,https://www.tad.org/content/data-download/2025CommPermits.zip
Avanti On Central,"805 Central Dr, Bedford",Bedford,Texas,137,permitted,,,,,,State permit data,https://www.tad.org/content/data-download/2025CommPermits.zip
The Ainsley,2747 N Stemmons Fwy,Dallas,Texas,137,sold,,2024-12-20,Dallas 137 LLC,,,Website,https://www.dallascad.org/ViewPDFs.aspx?type=3&id=\\DCAD.ORG\WEB\WEBDATA\WEBFORMS\DATA PRODUCTS\DCAD2026_CURRENT.ZIP
Andora,3302 Linda Dr,Dallas,Texas,136,sold,,2025-04-09,La Villa Housing Finance Corp,,,Website,https://www.dallascad.org/ViewPDFs.aspx?type=3&id=\\DCAD.ORG\WEB\WEBDATA\WEBFORMS\DATA PRODUCTS\DCAD2026_CURRENT.ZIP
123 Winkler Dr,123 Winkler Dr,Houston,Texas,135,sold,,2025-11-10,123 Winkler Realty LLC,,,Website,https://download.hcad.org/data/CAMA/2026/Real_acct_owner.zip
1717 Bissonnet St,1717 Bissonnet St,Houston,Texas,134,under construction,,,,,,Website,https://download.hcad.org/data/CAMA/2026/Real_acct_owner.zip
17610 Cali Dr,17610 Cali Dr,Houston,Texas,134,sold,,2025-10-28,Cali Crossing Acquisition LLC,,,Website,https://download.hcad.org/data/CAMA/2026/Real_acct_owner.zip
Parea Oak Lawn (All Bills Paid),4503 Lake Ave,Dallas,Texas,134,sold,,2025-10-07,Cbcv Dallas Po LLC,,,Website,https://www.dallascad.org/ViewPDFs.aspx?type=3&id=\\DCAD.ORG\WEB\WEBDATA\WEBFORMS\DATA PRODUCTS\DCAD2026_CURRENT.ZIP
Preserve at Dominion Park,13100 Kuykendahl Road,Houston ETJ,Texas,134,planned,,,,,(713) 232-0354,State permit data,https://www.tdhca.texas.gov/sites/default/files/multifamily/docs/htc-4pct/2026260803-4HTC-StatusLog.xlsx
Alta Vista Apartments,700 18Th St,Plano,Texas,133,sold,,2025-02-07,Alta Vista Apartments & Tjfl Legacy LP,,,Texas county property records,https://data.texas.gov/d/5tkr-3759
2910 Motley Senior Living,2910 Motley Dr,Mesquite,Texas,133,under construction,2026-07-01,,,"2910 Motley Senior Living, Ltd.",(972) 774-4439,State project record,https://www.tdlr.texas.gov/TABS/Search/Project/TABS2025002194
The Gate In The Village (Ecu),8131 Southwestern Blvd,Dallas,Texas,133,sold,,2024-12-23,Pcv Gate LLC,,,Website,https://www.dallascad.org/ViewPDFs.aspx?type=3&id=\\DCAD.ORG\WEB\WEBDATA\WEBFORMS\DATA PRODUCTS\DCAD2026_CURRENT.ZIP
1901 Lakeside Dr,1901 Lakeside Dr,Seabrook,Texas,132,sold,,2024-11-08,Ravj Seabrook Infinite Property Spe LLC,,,Website,https://download.hcad.org/data/CAMA/2026/Real_acct_owner.zip
North Oak Apts (Tdhca# 92001),1417 N Nursery Rd,Irving,Texas,132,sold,,2025-12-02,One Sutton Square LLC,,,Website,https://www.dallascad.org/ViewPDFs.aspx?type=3&id=\\DCAD.ORG\WEB\WEBDATA\WEBFORMS\DATA PRODUCTS\DCAD2026_CURRENT.ZIP
Plantation West Apts,"612 Booth Calloway Rd, Hurst",Hurst,Texas,132,permitted,,,,,,State permit data,https://www.tad.org/content/data-download/2025CommPermits.zip
Casa Valencia (100% Vacant),4619 Lake Ave,Dallas,Texas,131,sold,,2026-04-03,Skye At Highland Park LLC &,,,Website,https://www.dallascad.org/ViewPDFs.aspx?type=3&id=\\DCAD.ORG\WEB\WEBDATA\WEBFORMS\DATA PRODUCTS\DCAD2026_CURRENT.ZIP
The Villas Of Remond - Tdhca#98032,3050 Remond Dr,Dallas,Texas,131,sold,,2025-12-01,Remond Dallas Holdings LP,,,Website,https://www.dallascad.org/ViewPDFs.aspx?type=3&id=\\DCAD.ORG\WEB\WEBDATA\WEBFORMS\DATA PRODUCTS\DCAD2026_CURRENT.ZIP
7900 Creekbend Dr,7900 Creekbend Dr,Houston,Texas,130,sold,,2024-12-18,Windsor Park 7 LLC,,,Website,https://download.hcad.org/data/CAMA/2026/Real_acct_owner.zip
Viceroy At Central Park,2155 Arkansas Ln,Grand Prairie,Texas,130,sold,,2025-07-03,Arkansas Lane Property,,,Website,https://www.dallascad.org/ViewPDFs.aspx?type=3&id=\\DCAD.ORG\WEB\WEBDATA\WEBFORMS\DATA PRODUCTS\DCAD2026_CURRENT.ZIP
1515 Rudel Dr,1515 Rudel Dr,Tomball,Texas,128,sold,,2025-02-04,Public Welfare Investments Holdco LLC,,,Website,https://download.hcad.org/data/CAMA/2026/Real_acct_owner.zip
9401 Coventry Square Dr,9401 Coventry Square Dr,Houston,Texas,128,sold,,2025-12-25,Mvc Coventry Holding LP,,,Website,https://download.hcad.org/data/CAMA/2026/Real_acct_owner.zip
New Faith Senior Village Apartments,4315 W. Fuqua Street,Houston,Texas,128,planned,,,,,,State permit data,https://www.tdhca.texas.gov/sites/default/files/multifamily/docs/HTCPropertyInventory_2.xlsx
Spanish Pueblo,9727 Dale Crest Dr,Dallas,Texas,128,sold,,2025-04-22,La Villa Housing Finance,,,Website,https://www.dallascad.org/ViewPDFs.aspx?type=3&id=\\DCAD.ORG\WEB\WEBDATA\WEBFORMS\DATA PRODUCTS\DCAD2026_CURRENT.ZIP
Parker At Bishop Ridge,812 Comal St,Dallas,Texas,127,sold,,2024-09-04,Dallas Public Facility Corp,,,Website,https://www.dallascad.org/ViewPDFs.aspx?type=3&id=\\DCAD.ORG\WEB\WEBDATA\WEBFORMS\DATA PRODUCTS\DCAD2026_CURRENT.ZIP
3800 Sherwood Ln,3800 Sherwood Ln,Houston,Texas,126,sold,,2025-08-16,To 3800 LLC,,,Website,https://download.hcad.org/data/CAMA/2026/Real_acct_owner.zip
Verandah Flats,7130 Gaston Ave,Dallas,Texas,126,sold,,2026-01-07,900 Title Jefferson LLC,,,Website,https://www.dallascad.org/ViewPDFs.aspx?type=3&id=\\DCAD.ORG\WEB\WEBDATA\WEBFORMS\DATA PRODUCTS\DCAD2026_CURRENT.ZIP
3520 Nasa Road 1,3520 Nasa Road 1,Seabrook,Texas,125,sold,,2024-12-18,Apartment Fund LLC,,,Website,https://download.hcad.org/data/CAMA/2026/Real_acct_owner.zip
4014 Clarblak Ln,4014 Clarblak Ln,Houston,Texas,125,under construction,,,,,,Website,https://download.hcad.org/data/CAMA/2026/Real_acct_owner.zip
Braxton Apts (Remo Underway-43% Unocc),3602 N Country Club Rd,Irving,Texas,125,sold,,2026-02-17,Irving Pembrook De LLC,,,Website,https://www.dallascad.org/ViewPDFs.aspx?type=3&id=\\DCAD.ORG\WEB\WEBDATA\WEBFORMS\DATA PRODUCTS\DCAD2026_CURRENT.ZIP
Chase Place Phase 1,3304 Chapel Creek Dr,Dallas,Texas,125,sold,,2025-04-22,La Villa Housing Finance Corp,,,Website,https://www.dallascad.org/ViewPDFs.aspx?type=3&id=\\DCAD.ORG\WEB\WEBDATA\WEBFORMS\DATA PRODUCTS\DCAD2026_CURRENT.ZIP
6105 W Orem Dr,6105 W Orem Dr,Houston,Texas,124,sold,,2025-01-15,Corinthian Village Holdings LLC,,,Website,https://download.hcad.org/data/CAMA/2026/Real_acct_owner.zip
7800 W Airport Blvd,7800 W Airport Blvd,Houston,Texas,124,sold,,2025-12-18,Amritta Wealth Management LLC,,,Website,https://download.hcad.org/data/CAMA/2026/Real_acct_owner.zip
Cedar Ridge Townhomes,"2043 Knoll Crest Dr, Arlington",Arlington,Texas,124,permitted,,,,,,State permit data,https://www.tad.org/content/data-download/2026CommPermits.zip
10202 Challenger 7 Dr,10202 Challenger 7 Dr,Houston,Texas,123,sold,,2025-09-29,Af2 Property LLC,,,Website,https://download.hcad.org/data/CAMA/2026/Real_acct_owner.zip
Hartwood at Windstone,19735 Clay Rd.,Houston,Texas,123,planned,,,,,,State permit data,https://www.tdhca.texas.gov/sites/default/files/multifamily/docs/HTCPropertyInventory_2.xlsx
The Courtyard Apts,2046 N Shiloh Rd,Garland,Texas,123,sold,,2025-08-01,2046 Garland Dst,,,Website,https://www.dallascad.org/ViewPDFs.aspx?type=3&id=\\DCAD.ORG\WEB\WEBDATA\WEBFORMS\DATA PRODUCTS\DCAD2026_CURRENT.ZIP
2666 Marilee Ln,2666 Marilee Ln,Houston,Texas,122,sold,,2024-12-03,Heritage Apartments Property Owner LLC,,,Website,https://download.hcad.org/data/CAMA/2026/Real_acct_owner.zip
333 Normandy St,333 Normandy St,Houston,Texas,122,sold,,2024-12-18,Normandy Owner LLC,,,Website,https://download.hcad.org/data/CAMA/2026/Real_acct_owner.zip
220 Bammel Westfield Rd,220 Bammel Westfield Rd,Houston,Texas,120,sold,,2025-12-09,Dordoi Invest INC,,,Website,https://download.hcad.org/data/CAMA/2026/Real_acct_owner.zip
3455 FM 1960 Rd,3455 FM 1960 Rd,Humble,Texas,120,sold,,2025-09-09,Terraces At Copper Leaf LP,,,Website,https://download.hcad.org/data/CAMA/2026/Real_acct_owner.zip
3606 S Cockrell Hill Road Senior Living,3606 and 3626 S Cockrell Hill Road,Dallas,Texas,120,planned,,,,,,State permit data,https://www.tdhca.texas.gov/sites/default/files/multifamily/docs/HTCPropertyInventory_2.xlsx
Andover Village Apartments (f/k/a Nunn Village Apartments),6901 Bellfort Avenue,Houston,Texas,120,planned,,,,,,State permit data,https://www.tdhca.texas.gov/sites/default/files/multifamily/docs/HTCPropertyInventory_2.xlsx
Bay Island Apts 2 (Ecu),6109 Bay Island Dr,Garland,Texas,120,sold,,2026-03-09,Csa 12653 Eleventh LLC,,,Website,https://www.dallascad.org/ViewPDFs.aspx?type=3&id=\\DCAD.ORG\WEB\WEBDATA\WEBFORMS\DATA PRODUCTS\DCAD2026_CURRENT.ZIP
Bishop Arts Station - Zang Block,195 W Davis St,Dallas,Texas,120,sold,,2026-02-02,Am Victor Prosper Owner LLC,,,Website,https://www.dallascad.org/ViewPDFs.aspx?type=3&id=\\DCAD.ORG\WEB\WEBDATA\WEBFORMS\DATA PRODUCTS\DCAD2026_CURRENT.ZIP
Bernicia Place,SEC of Old Spanish Trail and Scottcrest Drive,Houston,Texas,120,planned,,,,,(713) 669-4521,State permit data,https://www.tdhca.texas.gov/sites/default/files/multifamily/docs/HTCPropertyInventory_2.xlsx
Building Permit,823 Tillery St,Austin,Texas,120,permitted,,,,,,City permit record,https://abc.austintexas.gov/web/permit/public-search-other?t_detail=1&t_selected_folderrsn=13597483
Citrus Village Apartments,695 N I Road,Pharr,Texas,120,planned,,,,,,State permit data,https://www.tdhca.texas.gov/sites/default/files/multifamily/docs/HTCPropertyInventory_2.xlsx
New Hope Housing Avenue C,7501 Harrisburg Blvd.,Houston,Texas,120,planned,,,,,,State permit data,https://www.tdhca.texas.gov/sites/default/files/multifamily/docs/HTCPropertyInventory_2.xlsx
Paradise Apartments,"917 Coury Rd, Everman",Everman,Texas,120,permitted,,,,,,State permit data,https://www.tad.org/content/data-download/2026CommPermits.zip
Serena Vista Apartments,"1519 San Francisco Ct, Arlington",Arlington,Texas,120,permitted,,,,,,State permit data,https://www.tad.org/content/data-download/2026CommPermits.zip
Vistara Lofts,12500 Vista Del Sol Drive,El Paso,Texas,120,under construction,2027-06-30,,,"Chita, LP",(915) 500-1032,State project record,https://www.tdlr.texas.gov/TABS/Search/Project/TABS2026020744
15100 Golden Eagle Dr,15100 Golden Eagle Dr,Humble,Texas,118,sold,,2025-08-26,Rockstar Waterchase LLC,,,Website,https://download.hcad.org/data/CAMA/2026/Real_acct_owner.zip
Wilshire Manor Apts,"1450 Sagebrush Tr, Euless",Euless,Texas,118,permitted,,,,,,State permit data,https://www.tad.org/content/data-download/2025CommPermits.zip
Broadstone At Wycliff Phase 2,4420 Dickason Ave,Dallas,Texas,117,sold,,2024-11-27,Dhfc 2929 Wycliff Landowner LLC,,,Website,https://www.dallascad.org/ViewPDFs.aspx?type=3&id=\\DCAD.ORG\WEB\WEBDATA\WEBFORMS\DATA PRODUCTS\DCAD2026_CURRENT.ZIP
15405 Katy Fwy,15405 Katy Fwy,Houston,Texas,116,sold,,2025-05-02,The Blueprint Apartments LLC,,,Website,https://download.hcad.org/data/CAMA/2026/Real_acct_owner.zip
Candle Chase Apts,"4805 Altamesa Blvd, Fort Worth",Fort Worth,Texas,116,permitted,,,,,,State permit data,https://www.tad.org/content/data-download/2026CommPermits.zip
Delara Chase Apts,4805 Altamesa Blvd,Tarrant County,Texas,116,sold,,2025-03-24,,,,State permit data,https://www.tad.org/content/data-download/2026CommImprovedSales.zip
Estara,11200 Woodmeadow Pkwy,Dallas,Texas,116,sold,,2025-03-17,Pecos Housing Finance,,,Website,https://www.dallascad.org/ViewPDFs.aspx?type=3&id=\\DCAD.ORG\WEB\WEBDATA\WEBFORMS\DATA PRODUCTS\DCAD2026_CURRENT.ZIP
Mira Monte Apts,"2800 Las Vegas Tr, Fort Worth",Unassigned,Texas,116,permitted,,,,,,State permit data,https://www.tad.org/content/data-download/2026CommPermits.zip
1640 Blalock Rd,1640 Blalock Rd,Houston,Texas,115,sold,,2024-11-01,Elite Realty Partners LLC,,,Website,https://download.hcad.org/data/CAMA/2026/Real_acct_owner.zip
Courtney Place (Ecu),3211 Chapel Creek Dr,Dallas,Texas,115,sold,,2025-04-22,La Villa Housing Finance,,,Website,https://www.dallascad.org/ViewPDFs.aspx?type=3&id=\\DCAD.ORG\WEB\WEBDATA\WEBFORMS\DATA PRODUCTS\DCAD2026_CURRENT.ZIP
796 Town And Country Blvd,796 Town And Country Blvd,Houston,Texas,114,sold,,2025-08-13,Domain Armando LLC,,,Website,https://download.hcad.org/data/CAMA/2026/Real_acct_owner.zip
Paradise Gardens,1500 N Garrett Ave,Dallas,Texas,114,sold,,2025-02-13,Lih Paradise Gardens,,,Website,https://www.dallascad.org/ViewPDFs.aspx?type=3&id=\\DCAD.ORG\WEB\WEBDATA\WEBFORMS\DATA PRODUCTS\DCAD2026_CURRENT.ZIP
Republic West Apartments (114 Units),3501 Easton Meadows Dr,Garland,Texas,114,sold,,2025-03-24,Pecos Housing Finance Corp,,,Website,https://www.dallascad.org/ViewPDFs.aspx?type=3&id=\\DCAD.ORG\WEB\WEBDATA\WEBFORMS\DATA PRODUCTS\DCAD2026_CURRENT.ZIP
Embry,2210 Marsh Ln,Carrollton,Texas,113,sold,,2024-10-03,Wwc Embry LP,,,Website,https://www.dallascad.org/ViewPDFs.aspx?type=3&id=\\DCAD.ORG\WEB\WEBDATA\WEBFORMS\DATA PRODUCTS\DCAD2026_CURRENT.ZIP
Thorn Manor Apt,300 W Wintergreen Rd,Desoto,Texas,113,sold,,2025-07-18,Ridgewood Manor LLC,,,Website,https://www.dallascad.org/ViewPDFs.aspx?type=3&id=\\DCAD.ORG\WEB\WEBDATA\WEBFORMS\DATA PRODUCTS\DCAD2026_CURRENT.ZIP
21751 Cimarron Pky,21751 Cimarron Pky,Katy,Texas,112,under construction,,,,,,Website,https://download.hcad.org/data/CAMA/2026/Real_acct_owner.zip
5400 Memorial Dr,5400 Memorial Dr,Houston,Texas,112,sold,,2024-12-10,Fell In Love LLC,,,Website,https://download.hcad.org/data/CAMA/2026/Real_acct_owner.zip
Solaire Tdhca (2562),4753 Duncanville Rd,Dallas,Texas,112,sold,,2025-01-03,Solaire Group LLC &,,,Website,https://www.dallascad.org/ViewPDFs.aspx?type=3&id=\\DCAD.ORG\WEB\WEBDATA\WEBFORMS\DATA PRODUCTS\DCAD2026_CURRENT.ZIP
Villa Creek (Ecu),2835 Villa Creek Dr,Farmers Branch,Texas,112,sold,,2025-02-28,Villa Creek 28 Holdings LLC,,,Website,https://www.dallascad.org/ViewPDFs.aspx?type=3&id=\\DCAD.ORG\WEB\WEBDATA\WEBFORMS\DATA PRODUCTS\DCAD2026_CURRENT.ZIP
930 Military Parkway Living,940 Military Parkway,Mesquite,Texas,111,planned,,,,,,State permit data,https://www.tdhca.texas.gov/sites/default/files/multifamily/docs/HTCPropertyInventory_2.xlsx
Embassy Apts,1415 W Airport Fwy,Irving,Texas,110,sold,,2025-12-22,Envoy Holdings LLC,,,Website,https://www.dallascad.org/ViewPDFs.aspx?type=3&id=\\DCAD.ORG\WEB\WEBDATA\WEBFORMS\DATA PRODUCTS\DCAD2026_CURRENT.ZIP
Willows II Apts,"2024 Park Springs Blvd, Arlington",Arlington,Texas,110,permitted,,,,,,State permit data,https://www.tad.org/content/data-download/2026CommPermits.zip
Amli At Escena II,6410 Escena Blvd,Irving,Texas,109,sold,,2026-06-12,Rp 4 Las Colinas Owner LLC,,,Website,https://www.dallascad.org/ViewPDFs.aspx?type=3&id=\\DCAD.ORG\WEB\WEBDATA\WEBFORMS\DATA PRODUCTS\DCAD2026_CURRENT.ZIP
Brentwood Apts,821 S Nursery Rd,Irving,Texas,109,sold,,2026-02-16,109 Doors Nursery Spe LLC,,,Website,https://www.dallascad.org/ViewPDFs.aspx?type=3&id=\\DCAD.ORG\WEB\WEBDATA\WEBFORMS\DATA PRODUCTS\DCAD2026_CURRENT.ZIP
McKinney Ranch Senior Living,5353 McKinney Ranch Parkway,McKinney,Texas,109,planned,,,,,,State permit data,https://www.tdhca.texas.gov/sites/default/files/multifamily/docs/HTCPropertyInventory_2.xlsx
Oaks At Jane Lane,3001 Jane Ln,Tarrant County,Texas,109,sold,,2025-03-14,,,,State permit data,https://www.tad.org/content/data-download/2026CommImprovedSales.zip
9110 Tidwell Rd,9110 Tidwell Rd,Houston,Texas,108,sold,,2025-03-12,Commons Of Grace LP,,,Website,https://download.hcad.org/data/CAMA/2026/Real_acct_owner.zip
Building Permit,4512 Denali Summit Dr,Austin,Texas,108,permitted,,,,,,City permit record,https://abc.austintexas.gov/web/permit/public-search-other?t_detail=1&t_selected_folderrsn=13522988
Building Permit,1420 E Howard Ln Bldg 3,Austin,Texas,108,permitted,,,,,,City permit record,https://abc.austintexas.gov/web/permit/public-search-other?t_detail=1&t_selected_folderrsn=13609128
Fountains Of Jupiter,12993 Jupiter Rd,Dallas,Texas,108,sold,,2024-12-09,Clover Fountains Of Jupiter,,,Website,https://www.dallascad.org/ViewPDFs.aspx?type=3&id=\\DCAD.ORG\WEB\WEBDATA\WEBFORMS\DATA PRODUCTS\DCAD2026_CURRENT.ZIP
Mission On Ascension,"1830 Green Oaks Blvd, Arlington",Arlington,Texas,108,permitted,,,,,,State permit data,https://www.tad.org/content/data-download/2025CommPermits.zip
The Grove at Deerbrook,SEQ Deerbrook Park Blvd and Orchard Ridge Ln,Houston,Texas,108,planned,,,,,,State permit data,https://www.tdhca.texas.gov/sites/default/files/multifamily/docs/HTCPropertyInventory_2.xlsx
mirabel apts,"6327 Woodway Dr, Fort Worth",Fort Worth,Texas,108,permitted,,,,,,State permit data,https://www.tad.org/content/data-download/2026CommPermits.zip
12660 Medfield Dr,12660 Medfield Dr,Houston,Texas,106,sold,,2025-02-26,Houston Vanderbilt Lodge Apartments LP,,,Website,https://download.hcad.org/data/CAMA/2026/Real_acct_owner.zip
Claridge Point,5918 Ridgecrest Rd,Dallas,Texas,106,sold,,2025-10-31,Solamar Apts LLC &,,,Website,https://www.dallascad.org/ViewPDFs.aspx?type=3&id=\\DCAD.ORG\WEB\WEBDATA\WEBFORMS\DATA PRODUCTS\DCAD2026_CURRENT.ZIP
Dancing River Assisted Living,"3735 Ira E Woods Ave, Grapevine",Grapevine,Texas,106,permitted,,,,,,State permit data,https://www.tad.org/content/data-download/2025CommPermits.zip
The Flats Of Dallas,8206 Bunche Dr,Dallas,Texas,106,sold,,2025-05-02,Ninety9 Capital Mffi Flats LLC,,,Website,https://www.dallascad.org/ViewPDFs.aspx?type=3&id=\\DCAD.ORG\WEB\WEBDATA\WEBFORMS\DATA PRODUCTS\DCAD2026_CURRENT.ZIP
1742 Woodvine Dr,1742 Woodvine Dr,Houston,Texas,105,sold,,2025-07-23,Texastar Investments LLC,,,Website,https://download.hcad.org/data/CAMA/2026/Real_acct_owner.zip
6111 Winsome Ln,6111 Winsome Ln,Houston,Texas,105,sold,,2025-05-28,Ameritas Life Insurance Corp,,,Website,https://download.hcad.org/data/CAMA/2026/Real_acct_owner.zip
Building Permit,2730 E 7th St,Austin,Texas,105,permitted,,,,,,City permit record,https://abc.austintexas.gov/web/permit/public-search-other?t_detail=1&t_selected_folderrsn=13596729
Lakefront Villas,900 W Spring Valley Rd,Richardson,Texas,105,sold,,2026-03-09,Orchids 900 LLC,,,Website,https://www.dallascad.org/ViewPDFs.aspx?type=3&id=\\DCAD.ORG\WEB\WEBDATA\WEBFORMS\DATA PRODUCTS\DCAD2026_CURRENT.ZIP
Las Fuentes,2801 Leonor Street,Mission,Texas,105,planned,,,,,,State permit data,https://www.tdhca.texas.gov/sites/default/files/multifamily/docs/HTCPropertyInventory_2.xlsx
Oak Park-(Tdhca# 91056),2800 W Pioneer Dr,Irving,Texas,105,sold,,2025-09-24,2800 W Pioneer Partners LLC,,,Website,https://www.dallascad.org/ViewPDFs.aspx?type=3&id=\\DCAD.ORG\WEB\WEBDATA\WEBFORMS\DATA PRODUCTS\DCAD2026_CURRENT.ZIP
Stratford @ Midtown,6809 Larmanda St,Dallas,Texas,105,sold,,2026-04-27,Tm Stratford Hill II LLC,,,Website,https://www.dallascad.org/ViewPDFs.aspx?type=3&id=\\DCAD.ORG\WEB\WEBDATA\WEBFORMS\DATA PRODUCTS\DCAD2026_CURRENT.ZIP
11805 Meadowglen Ln,11805 Meadowglen Ln,Houston,Texas,104,sold,,2025-07-23,Gvii-Ms Royal Oaks Owner LP,,,Website,https://download.hcad.org/data/CAMA/2026/Real_acct_owner.zip
"119,873 Sf New Apt Bld (104Units)(2/8) 1-5-3-R2/A3-A-Spk/Fa '21Ibc",3028 Center St Bldg1A,Houston,Texas,104,permitted,,,,,,Houston weekly permit list,https://www.houstontx.gov/planning/DevelopRegs/
13350 Northborough Dr,13350 Northborough Dr,Houston,Texas,104,sold,,2025-12-09,Nsi Canfield LLC,,,Website,https://download.hcad.org/data/CAMA/2026/Real_acct_owner.zip
15815 Memorial Dr,15815 Memorial Dr,Houston,Texas,104,sold,,2025-07-18,Tazono Urban Corporation,,,Website,https://download.hcad.org/data/CAMA/2026/Real_acct_owner.zip
2105 Cedar Bayou Rd,2105 Cedar Bayou Rd,Baytown,Texas,104,sold,,2025-08-21,Tpi Greenfield LLC,,,Website,https://download.hcad.org/data/CAMA/2026/Real_acct_owner.zip
Bailey at Stassney,400 W Stassney Lane,Austin,Texas,104,planned,,,,,,State permit data,https://www.tdhca.texas.gov/sites/default/files/multifamily/docs/HTCPropertyInventory_2.xlsx
Building Permit,6405 Berkman Dr,Austin,Texas,104,permitted,,,,,,City permit record,https://abc.austintexas.gov/web/permit/public-search-other?t_detail=1&t_selected_folderrsn=13651286
Building Permit,5516 Humming Bird Ln,Austin,Texas,104,permitted,,,,,,City permit record,https://abc.austintexas.gov/web/permit/public-search-other?t_detail=1&t_selected_folderrsn=13654987
Burleson Studios,7905 Burleson Road,Austin,Texas,104,planned,,,,,,State permit data,https://www.tdhca.texas.gov/sites/default/files/multifamily/docs/HTCPropertyInventory_2.xlsx
Casa Del Sol (All Bills Paid),730 N Nursery Rd,Irving,Texas,104,sold,,2024-12-06,730 N Nursery Propco LLC,,,Website,https://www.dallascad.org/ViewPDFs.aspx?type=3&id=\\DCAD.ORG\WEB\WEBDATA\WEBFORMS\DATA PRODUCTS\DCAD2026_CURRENT.ZIP
Mandalay,south side of the 600 Block of West Veterans Blvd.,Palmview,Texas,104,planned,,,,,,State permit data,https://www.tdhca.texas.gov/sites/default/files/multifamily/docs/HTCPropertyInventory_2.xlsx
The Eastern,1519 Annex Ave,Dallas,Texas,104,sold,,2026-04-01,Annex Eastern LP,,,Website,https://www.dallascad.org/ViewPDFs.aspx?type=3&id=\\DCAD.ORG\WEB\WEBDATA\WEBFORMS\DATA PRODUCTS\DCAD2026_CURRENT.ZIP
Villas at Primrose,SEQ of Buddy Owens Blvd. & N. Ware Rd.,McAllen,Texas,104,planned,,,,,,State permit data,https://www.tdhca.texas.gov/sites/default/files/multifamily/docs/HTCPropertyInventory_2.xlsx
3411 Cummins St,3411 Cummins St,Houston,Texas,103,sold,,2025-08-28,Va9 Greenway Court LLC,,,Website,https://download.hcad.org/data/CAMA/2026/Real_acct_owner.zip
New 99137 Sf Apartment Building/Site 1-4-5-R2-A 21Ibc Sp/Fa (M/3),1117 Bland St,Houston,Texas,103,permitted,,,,,,Houston weekly permit list,https://www.houstontx.gov/planning/DevelopRegs/
Retreat at Esther,Southwest Quadrant of Wheatley St and Esther Dr,Houston,Texas,103,planned,,,,,,State permit data,https://www.tdhca.texas.gov/sites/default/files/multifamily/docs/HTCPropertyInventory_2.xlsx
"112,805Sf New Apt Bld(102Unit)(7/8)1-5-3-R2/A3-A-Spk/Fa '21Ibc",3028 Washington Ave 2A,Houston,Texas,102,permitted,,,,,,Houston weekly permit list,https://www.houstontx.gov/planning/DevelopRegs/
Bird Creek Senior Living,S General Bruce Drive & W Avenue K,Temple,Texas,102,under construction,2026-06-01,,,"Temple TXHP, LP",(913) 638-2500,State project record,https://www.tdlr.texas.gov/TABS/Search/Project/TABS2025005898
The Vues,4125 Preferred Pl,Dallas,Texas,102,sold,,2024-12-26,Vues Apartments LLC The,,,Website,https://www.dallascad.org/ViewPDFs.aspx?type=3&id=\\DCAD.ORG\WEB\WEBDATA\WEBFORMS\DATA PRODUCTS\DCAD2026_CURRENT.ZIP
WALIPP Senior Residence Expansion,"5120 Scott St., 5134 Grantwood St., 5141 Grantwood St.",Houston,Texas,102,planned,,,,,,State permit data,https://www.tdhca.texas.gov/sites/default/files/multifamily/docs/HTCPropertyInventory_2.xlsx
Westwood Apartments,3001 Illinois Ave.,Killeen,Texas,102,planned,,,,,,State permit data,https://www.tdhca.texas.gov/sites/default/files/multifamily/docs/HTCPropertyInventory_2.xlsx
Building Permit,1326 Lamar Square Dr,Austin,Texas,101,permitted,,,,,,City permit record,https://abc.austintexas.gov/web/permit/public-search-other?t_detail=1&t_selected_folderrsn=13689848
12888 Queensbury Ln,12888 Queensbury Ln,Houston,Texas,100,sold,,2025-08-13,Lofts Armando LLC,,,Website,https://download.hcad.org/data/CAMA/2026/Real_acct_owner.zip
17011 East Fwy,17011 East Fwy,Channelview,Texas,100,sold,,2024-09-27,Studios At Channelview LLC % Alex Cartwright762390,,,Website,https://download.hcad.org/data/CAMA/2026/Real_acct_owner.zip
42564733 vacant land,"2757 Moresby St, Fort Worth",Fort Worth,Texas,100,permitted,,,,,,State permit data,https://www.tad.org/content/data-download/2025CommPermits.zip
60% N/C Hickory Apartments,1720 Hickory St,Dallas,Texas,100,under construction,,,,,,Website,https://www.dallascad.org/ViewPDFs.aspx?type=3&id=\\DCAD.ORG\WEB\WEBDATA\WEBFORMS\DATA PRODUCTS\DCAD2026_CURRENT.ZIP
Binyon-O'Keefe Building,"210 E 7th St, Fort Worth",Fort Worth,Texas,100,permitted,,,,,,State permit data,https://www.tad.org/content/data-download/2026CommPermits.zip
Estera,11321 Woodmeadow Pkwy,Dallas,Texas,100,sold,,2025-03-17,Pecos Housing Finance,,,Website,https://www.dallascad.org/ViewPDFs.aspx?type=3&id=\\DCAD.ORG\WEB\WEBDATA\WEBFORMS\DATA PRODUCTS\DCAD2026_CURRENT.ZIP
Pearl Lofts,1100 S Pearl Expy,Dallas,Texas,100,sold,,2025-07-25,1100 Pearl Street INC,,,Website,https://www.dallascad.org/ViewPDFs.aspx?type=3&id=\\DCAD.ORG\WEB\WEBDATA\WEBFORMS\DATA PRODUCTS\DCAD2026_CURRENT.ZIP
The Hanger,201 S Clark Rd,Cedar Hill,Texas,100,sold,,2025-12-24,201 Clark Rd Apts LLC,,,Website,https://www.dallascad.org/ViewPDFs.aspx?type=3&id=\\DCAD.ORG\WEB\WEBDATA\WEBFORMS\DATA PRODUCTS\DCAD2026_CURRENT.ZIP
217 Melba St Apts,217 Melba St,Dallas,Texas,99,sold,,2025-03-26,Bishop Modern LLC,,,Website,https://www.dallascad.org/ViewPDFs.aspx?type=3&id=\\DCAD.ORG\WEB\WEBDATA\WEBFORMS\DATA PRODUCTS\DCAD2026_CURRENT.ZIP
Balfour Flats Multifamily,700 E South Street,Arlington,Texas,99,under construction,2027-09-15,,,Balfour Flats Venture LP,(903) 278-7923,State project record,https://www.tdlr.texas.gov/TABS/Search/Project/TABS2026022106
The Tidwell,304 Tidwell Road,Houston,Texas,99,planned,,,,,,State permit data,https://www.tdhca.texas.gov/sites/default/files/multifamily/docs/HTCPropertyInventory_2.xlsx
20710 Imperial Valley Dr,20710 Imperial Valley Dr,Houston,Texas,98,under construction,,,,,,Website,https://download.hcad.org/data/CAMA/2026/Real_acct_owner.zip
Dashwood Trails,NEC Dashwood Dr and Jetty Ln,Houston,Texas,98,planned,,,,,,State permit data,https://www.tdhca.texas.gov/sites/default/files/multifamily/docs/HTCPropertyInventory_2.xlsx
Northpark Garden Villas,East Side Imperial Valley Dr at Northpark Central Dr,Houston,Texas,98,planned,,,,,,State permit data,https://www.tdhca.texas.gov/sites/default/files/multifamily/docs/HTCPropertyInventory_2.xlsx
1017 Birdsong Dr,1017 Birdsong Dr,Baytown,Texas,96,sold,,2024-09-10,Birdsong Apartments LP % Read Property Group LLC,,,Website,https://download.hcad.org/data/CAMA/2026/Real_acct_owner.zip
1325 Greens Pky,1325 Greens Pky,Houston,Texas,96,sold,,2025-04-01,Lsf Plv Houston LLC,,,Website,https://download.hcad.org/data/CAMA/2026/Real_acct_owner.zip
166 Winkler Dr,166 Winkler Dr,Houston,Texas,96,sold,,2024-11-11,Ad Winkler LLC,,,Website,https://download.hcad.org/data/CAMA/2026/Real_acct_owner.zip
Apartments Iia,1600 N Westmoreland Rd,Dallas,Texas,96,under construction,,,,,,Website,https://www.dallascad.org/ViewPDFs.aspx?type=3&id=\\DCAD.ORG\WEB\WEBDATA\WEBFORMS\DATA PRODUCTS\DCAD2026_CURRENT.ZIP
Bishop Arts Station - Plaza Block,196 W Davis St,Dallas,Texas,96,sold,,2026-02-02,Am Victor Prosper Owner LLC,,,Website,https://www.dallascad.org/ViewPDFs.aspx?type=3&id=\\DCAD.ORG\WEB\WEBDATA\WEBFORMS\DATA PRODUCTS\DCAD2026_CURRENT.ZIP
Cedar Brook Village,7401 Little York Rd,Houston,Texas,96,planned,,,,,,State permit data,https://www.tdhca.texas.gov/sites/default/files/multifamily/docs/HTCPropertyInventory_2.xlsx
Northwood Heights (Ecu Includes 26 Resi Acct),15702 El Estado Dr,Dallas,Texas,96,sold,,2025-10-10,Brazos Northwood Heights,,,Website,https://www.dallascad.org/ViewPDFs.aspx?type=3&id=\\DCAD.ORG\WEB\WEBDATA\WEBFORMS\DATA PRODUCTS\DCAD2026_CURRENT.ZIP
Reserve at Augustine,115 S St Augustine Rd,Dallas,Texas,96,planned,,,,,,State permit data,https://www.tdhca.texas.gov/sites/default/files/multifamily/docs/HTCPropertyInventory_2.xlsx
Spanish Pueblo Apartments,9701 Dale Crest Dr,Dallas,Texas,96,sold,,2025-04-22,La Villa Housing Finance,,,Website,https://www.dallascad.org/ViewPDFs.aspx?type=3&id=\\DCAD.ORG\WEB\WEBDATA\WEBFORMS\DATA PRODUCTS\DCAD2026_CURRENT.ZIP
Sherry Pointe Apartments,NEQ of E Arkansas Ln and Sherry St,Arlington,Texas,96,planned,,,,,,State permit data,https://www.tdhca.texas.gov/sites/default/files/multifamily/docs/HTCPropertyInventory_2.xlsx
The Gatehouse,"670 Gatehouse Dr, Grapevine",Grapevine,Texas,96,permitted,,,,,,State permit data,https://www.tad.org/content/data-download/2025CommPermits.zip
"Toler Developments LLC, Residences at Toler, Ph. 2",1900 Toler Road,Longview,Texas,96,under construction,2027-03-01,,,Toler Developments,(903) 812-9897,State project record,https://www.tdlr.texas.gov/TABS/Search/Project/TABS2026004251
146 Center Ct,146 Center Ct,Deer Park,Texas,94,sold,,2025-11-20,Pal Parktown LP,,,Website,https://download.hcad.org/data/CAMA/2026/Real_acct_owner.zip
310 Berry Rd,310 Berry Rd,Houston,Texas,94,sold,,2024-09-30,Oa Houston Holdings LP,,,Website,https://download.hcad.org/data/CAMA/2026/Real_acct_owner.zip
6909 Renwick Dr,6909 Renwick Dr,Houston,Texas,94,sold,,2025-07-30,Grove At Edgemoor LLC,,,Website,https://download.hcad.org/data/CAMA/2026/Real_acct_owner.zip
Building Permit,8413 Southwest Pkwy Bldg 1,Austin,Texas,94,permitted,,,,,,City permit record,https://abc.austintexas.gov/web/permit/public-search-other?t_detail=1&t_selected_folderrsn=13584191
Building Permit,8700 Shoal Creek Blvd Bldg Tnfm1,Austin,Texas,93,permitted,,,,,,City permit record,https://abc.austintexas.gov/web/permit/public-search-other?t_detail=1&t_selected_folderrsn=13416076
Hidalgo Apartments,3434 Hidalgo Dr,Dallas,Texas,93,under construction,2027-12-31,,,Arham Land Holdings LLC,(469) 980-8532,State project record,https://www.tdlr.texas.gov/TABS/Search/Project/TABS2026016781
Meadowbrook Apartments,510 N Old. Robinson Rd,Robinson,Texas,93,planned,,,,,,State permit data,https://www.tdhca.texas.gov/sites/default/files/multifamily/docs/HTCPropertyInventory_2.xlsx
Heritage Estates at Valley Ridge,SEQ W Valley Ridge Blvd and N Garden Ridge Blvd,Lewisville,Texas,92,planned,,,,,,State permit data,https://www.tdhca.texas.gov/sites/default/files/multifamily/docs/HTCPropertyInventory_2.xlsx
Maverick Oak Lawn,2600 Arroyo Ave,Dallas,Texas,92,sold,,2025-10-07,Opps Rtl Investment Holding I LLC,,,Website,https://www.dallascad.org/ViewPDFs.aspx?type=3&id=\\DCAD.ORG\WEB\WEBDATA\WEBFORMS\DATA PRODUCTS\DCAD2026_CURRENT.ZIP
1620 Oak Tree Dr,1620 Oak Tree Dr,Houston,Texas,90,sold,,2025-04-03,Pecos Housing Finance Corp,,,Website,https://download.hcad.org/data/CAMA/2026/Real_acct_owner.zip
Amarillo Lofts,6601 Lowes Lane,Amarillo,Texas,90,planned,,,,,,State permit data,https://www.tdhca.texas.gov/sites/default/files/multifamily/docs/HTCPropertyInventory_2.xlsx
"CSH Silverleaf Senior Living, Ltd.",SEC of Blackhawk Blvd and Texas Sage Drive,Houston,Texas,90,planned,,,,,,State permit data,https://www.tdhca.texas.gov/sites/default/files/multifamily/docs/HTCPropertyInventory_2.xlsx
Connect Hillcroft,6420 Hillcroft Avenue,Houston,Texas,90,planned,,,,,,State permit data,https://www.tdhca.texas.gov/sites/default/files/multifamily/docs/HTCPropertyInventory_2.xlsx
Greens at Retton,NWC of Retton Dr. & Northwest Frwy.,Houston,Texas,90,planned,,,,,,State permit data,https://www.tdhca.texas.gov/sites/default/files/multifamily/docs/HTCPropertyInventory_2.xlsx
Kingfield Trails,15606 Kingfield,Houston,Texas,90,planned,,,,,,State permit data,https://www.tdhca.texas.gov/sites/default/files/multifamily/docs/HTCPropertyInventory_2.xlsx
L'Abri Apartments,"200 W Pioneer Pkwy, Arlington",Arlington,Texas,90,permitted,,,,,,State permit data,https://www.tad.org/content/data-download/2026CommPermits.zip
Riverside Garden Villas,SWC of Riverside Grove and Addicks Clodine Road,Houston,Texas,90,planned,,,,,,State permit data,https://www.tdhca.texas.gov/sites/default/files/multifamily/docs/HTCPropertyInventory_2.xlsx
The James at Wheatland,7100 W Wheatland Rd.,Dallas,Texas,90,planned,,,,,,State permit data,https://www.tdhca.texas.gov/sites/default/files/multifamily/docs/HTCPropertyInventory_2.xlsx
Trinity East Senior,2620 Live Oak Street,Houston,Texas,90,planned,,,,,,State permit data,https://www.tdhca.texas.gov/sites/default/files/multifamily/docs/HTCPropertyInventory_2.xlsx
Oxford Park Phase 2,5330 Bond St,Irving,Texas,89,sold,,2025-04-02,Montgomery Acquisitions I LLC &,,,Website,https://www.dallascad.org/ViewPDFs.aspx?type=3&id=\\DCAD.ORG\WEB\WEBDATA\WEBFORMS\DATA PRODUCTS\DCAD2026_CURRENT.ZIP
712 Pinemont Dr,712 Pinemont Dr,Houston,Texas,88,sold,,2025-03-12,Pecos Housing Finance Corp,,,Website,https://download.hcad.org/data/CAMA/2026/Real_acct_owner.zip
Oasis Gardens,12709 Beechnut St.,Houston,Texas,88,planned,,,,,,State permit data,https://www.tdhca.texas.gov/sites/default/files/multifamily/docs/HTCPropertyInventory_2.xlsx
Stella Haven,3300 Sundown Blvd,Denton,Texas,88,planned,,,,,,State permit data,https://www.tdhca.texas.gov/sites/default/files/multifamily/docs/HTCPropertyInventory_2.xlsx
Villa Ladera (All Bills Paid),2874 Prichard Ln,Dallas,Texas,88,sold,,2024-12-20,Hilltop Villas LLC,,,Website,https://www.dallascad.org/ViewPDFs.aspx?type=3&id=\\DCAD.ORG\WEB\WEBDATA\WEBFORMS\DATA PRODUCTS\DCAD2026_CURRENT.ZIP
Woodcrest Apartments,"500 Woodcrest Ln, Arlington",Arlington,Texas,88,permitted,,,,,,State permit data,https://www.tad.org/content/data-download/2025CommPermits.zip
Bella Limon,4311 - 4329 Belmont Ave,Dallas,Texas,87,planned,,,,,,State permit data,https://www.tdhca.texas.gov/sites/default/files/multifamily/docs/HTCPropertyInventory_2.xlsx
Burnett Lofts @ Bishop Ridge,512 N Ewing Ave,Dallas,Texas,86,sold,,2025-03-07,Dallas Public Facility Corp,,,Website,https://www.dallascad.org/ViewPDFs.aspx?type=3&id=\\DCAD.ORG\WEB\WEBDATA\WEBFORMS\DATA PRODUCTS\DCAD2026_CURRENT.ZIP
Heritage Estates at Medina,SWC I-410 and Medina Base Rd,San Antonio,Texas,86,planned,,,,,,State permit data,https://www.tdhca.texas.gov/sites/default/files/multifamily/docs/HTCPropertyInventory_2.xlsx
Tesoro At 12 (Ecu),4170 Altoona Dr,Dallas,Texas,86,sold,,2026-01-06,Tesoro Multi TX Po LLC,,,Website,https://www.dallascad.org/ViewPDFs.aspx?type=3&id=\\DCAD.ORG\WEB\WEBDATA\WEBFORMS\DATA PRODUCTS\DCAD2026_CURRENT.ZIP
4514 Lyons Ave,4514 Lyons Ave,Houston,Texas,85,under construction,,,,,,Website,https://download.hcad.org/data/CAMA/2026/Real_acct_owner.zip
Park at Dogwood,NEC McQueeny Road at County Line Memorial Trail,New Braunfels,Texas,85,planned,,,,,,State permit data,https://www.tdhca.texas.gov/sites/default/files/multifamily/docs/HTCPropertyInventory_2.xlsx
2635 Tim St,2635 Tim St,Houston,Texas,84,sold,,2024-12-10,Nachattar LLC,,,Website,https://download.hcad.org/data/CAMA/2026/Real_acct_owner.zip
Bella Vida,927 N Oak St,Tarrant County,Texas,84,sold,,2025-05-07,,,,State permit data,https://www.tad.org/content/data-download/2026CommImprovedSales.zip
Country Brook Apts,120 S Rogers Rd,Irving,Texas,84,sold,,2025-12-10,Kann Limited LLC,,,Website,https://www.dallascad.org/ViewPDFs.aspx?type=3&id=\\DCAD.ORG\WEB\WEBDATA\WEBFORMS\DATA PRODUCTS\DCAD2026_CURRENT.ZIP
McAdams Haven,NWC Lindsey St and Bernard St,Denton,Texas,84,planned,,,,,,State permit data,https://www.tdhca.texas.gov/sites/default/files/multifamily/docs/HTCPropertyInventory_2.xlsx
Sunny Woods SR Community Centr,"1604 North Hills Blvd, Hurst",Hurst,Texas,84,permitted,,,,,,State permit data,https://www.tad.org/content/data-download/2026CommPermits.zip
3030 Greenridge Dr,3030 Greenridge Dr,Houston,Texas,83,sold,,2025-05-28,Ameritas Life Insurance Corp,,,Website,https://download.hcad.org/data/CAMA/2026/Real_acct_owner.zip
8719 FM 1960 Rd W,8719 FM 1960 Rd W,Houston,Texas,83,sold,,2025-07-10,8719 FM 1960 Road West Reo LLC,,,Website,https://download.hcad.org/data/CAMA/2026/Real_acct_owner.zip
The Maven,618 E. Highland Mall Boulevard,Austin,Texas,83,planned,,,,,,State permit data,https://www.tdhca.texas.gov/sites/default/files/multifamily/docs/HTCPropertyInventory_2.xlsx
810 Peakwood Dr,810 Peakwood Dr,Houston,Texas,82,under construction,,,,,,Website,https://download.hcad.org/data/CAMA/2026/Real_acct_owner.zip
Buena Vida Senior Living,E Ringgold St and E 14th St,Brownsville,Texas,82,planned,,,,,,State permit data,https://www.tdhca.texas.gov/sites/default/files/multifamily/docs/HTCPropertyInventory_2.xlsx
Richland Park,951 Abrams Rd,Richardson,Texas,82,sold,,2025-07-31,Rpapt LLC,,,Website,https://www.dallascad.org/ViewPDFs.aspx?type=3&id=\\DCAD.ORG\WEB\WEBDATA\WEBFORMS\DATA PRODUCTS\DCAD2026_CURRENT.ZIP
The Watson (fka Watson Apartments),1401 S Watson Rd,Arlington,Texas,82,planned,,,,,,State permit data,https://www.tdhca.texas.gov/sites/default/files/multifamily/docs/HTCPropertyInventory_2.xlsx
401 N Allen-Genoa Rd,401 N Allen-Genoa Rd,South Houston,Texas,81,under construction,,,,,,Website,https://download.hcad.org/data/CAMA/2026/Real_acct_owner.zip
Avenue at Lancaster,5733 Craig Street,Fort Worth,Texas,81,planned,,,,,,State permit data,https://www.tdhca.texas.gov/sites/default/files/multifamily/docs/HTCPropertyInventory_2.xlsx
Chase Place Phase 2,9825 Webbs Chapel Rd,Dallas,Texas,81,sold,,2025-04-21,La Villa Housing Finance Corp,,,Website,https://www.dallascad.org/ViewPDFs.aspx?type=3&id=\\DCAD.ORG\WEB\WEBDATA\WEBFORMS\DATA PRODUCTS\DCAD2026_CURRENT.ZIP
11402 Beechnut St,11402 Beechnut St,Houston,Texas,80,sold,,2025-08-01,Apt Leawood Plaza LLC,,,Website,https://download.hcad.org/data/CAMA/2026/Real_acct_owner.zip
911 Sun Prairie Dr,911 Sun Prairie Dr,Houston,Texas,80,sold,,2025-12-30,Tda TX Reserve LLC,,,Website,https://download.hcad.org/data/CAMA/2026/Real_acct_owner.zip
Avenue U Villas,8401 Avenue U,Lubbock,Texas,80,planned,,,,,,State permit data,https://www.tdhca.texas.gov/sites/default/files/multifamily/docs/HTCPropertyInventory_2.xlsx
Buena Vida Apartments,E Tyler St and E 16th,Brownsville,Texas,80,planned,,,,,,State permit data,https://www.tdhca.texas.gov/sites/default/files/multifamily/docs/HTCPropertyInventory_2.xlsx
Building Permit,6410 FM 969 Rd,Austin,Texas,80,permitted,,,,,,City permit record,https://abc.austintexas.gov/web/permit/public-search-other?t_detail=1&t_selected_folderrsn=13610038
Ewing Vilas - Txa20030115,822 Hanszen St,Dallas,Texas,80,sold,,2025-11-26,80 Units 811 W Morrell LLC,,,Website,https://www.dallascad.org/ViewPDFs.aspx?type=3&id=\\DCAD.ORG\WEB\WEBDATA\WEBFORMS\DATA PRODUCTS\DCAD2026_CURRENT.ZIP
Emancipation West,2718 Emancipation Ave.,Houston,Texas,80,planned,,,,,,State permit data,https://www.tdhca.texas.gov/sites/default/files/multifamily/docs/HTCPropertyInventory_2.xlsx
Fairway Greens,11011 Woodmeadow Pkwy,Dallas,Texas,80,sold,,2024-12-31,Fairway Greens Apts LLC,,,Website,https://www.dallascad.org/ViewPDFs.aspx?type=3&id=\\DCAD.ORG\WEB\WEBDATA\WEBFORMS\DATA PRODUCTS\DCAD2026_CURRENT.ZIP
Good Place Assisted Living,"7801 North Richland Blvd, North Richland Hills",N Richland Hills,Texas,80,permitted,,,,,,State permit data,https://www.tad.org/content/data-download/2026CommPermits.zip
Hampton Duplexes,7808 S Hampton Rd,Dallas,Texas,80,sold,,2026-04-21,Hampton Property Owner LLC,,,Website,https://www.dallascad.org/ViewPDFs.aspx?type=3&id=\\DCAD.ORG\WEB\WEBDATA\WEBFORMS\DATA PRODUCTS\DCAD2026_CURRENT.ZIP
Lakedale Apts,2911 Kendale Dr,Dallas,Texas,80,sold,,2025-11-13,Lakedale Owner LLC,,,Website,https://www.dallascad.org/ViewPDFs.aspx?type=3&id=\\DCAD.ORG\WEB\WEBDATA\WEBFORMS\DATA PRODUCTS\DCAD2026_CURRENT.ZIP
Lee Place Apartments,11520 Montana Ave,El Paso,Texas,80,under construction,2026-03-01,,,"Lee Place Apartments, llc",(915) 850-0009,State project record,https://www.tdlr.texas.gov/TABS/Search/Project/TABS2025011014
NHH Little York,5716 Little York Road,Houston,Texas,80,planned,,,,,,State permit data,https://www.tdhca.texas.gov/sites/default/files/multifamily/docs/HTCPropertyInventory_2.xlsx
Strawberry Hill Apts,800 W Cartwright Rd,Mesquite,Texas,80,sold,,2025-01-02,Kyjmhills LLC,,,Website,https://www.dallascad.org/ViewPDFs.aspx?type=3&id=\\DCAD.ORG\WEB\WEBDATA\WEBFORMS\DATA PRODUCTS\DCAD2026_CURRENT.ZIP
Tecovas Terrace,1601 SE 28th Avenue,Amarillo,Texas,80,planned,,,,,,State permit data,https://www.tdhca.texas.gov/sites/default/files/multifamily/docs/HTCPropertyInventory_2.xlsx
West Fork Place,"West side of Kingwood Place, Dr., south of Kingwood Medical Drive",Houston,Texas,79,planned,,,,,,State permit data,https://www.tdhca.texas.gov/sites/default/files/multifamily/docs/HTCPropertyInventory_2.xlsx
1000 S Allen Genoa Rd,1000 S Allen Genoa Rd,South Houston,Texas,78,sold,,2025-11-28,Bellatx2023 LLC,,,Website,https://download.hcad.org/data/CAMA/2026/Real_acct_owner.zip
16700 Golf Club Dr,16700 Golf Club Dr,Crosby,Texas,78,sold,,2025-12-29,Meridian Peak Holdings LLC,,,Website,https://download.hcad.org/data/CAMA/2026/Real_acct_owner.zip
601 W Donovan St,601 W Donovan St,Houston,Texas,78,sold,,2025-05-20,Pecos Housing Finance Corp,,,Website,https://download.hcad.org/data/CAMA/2026/Real_acct_owner.zip
6802 Marbach Lofts,1611 Pinn Road,San Antonio,Texas,78,under construction,2027-08-01,,,6802 Marbach Lofts Ltd.,(512) 202-9011,State project record,https://www.tdlr.texas.gov/TABS/Search/Project/TABS2026006304
Aldine Station,SEC of Aldine Mail Rte Rd and Fall Meadow Ln,Houston,Texas,78,planned,,,,,,State permit data,https://www.tdhca.texas.gov/sites/default/files/multifamily/docs/HTCPropertyInventory_2.xlsx
Campbell Place,"6608, 6700, 6704 and 6710 U.S. 287 Frontage Road",Arlington,Texas,78,planned,,,,,,State permit data,https://www.tdhca.texas.gov/sites/default/files/multifamily/docs/HTCPropertyInventory_2.xlsx
Hughes House III,4912 East Rosedale Street and 5021 Avenue G,Fort Worth,Texas,78,planned,,,,,,State permit data,https://www.tdhca.texas.gov/sites/default/files/multifamily/docs/HTCPropertyInventory_2.xlsx
Paredes Apartments,5101 Paredes Line Rd,Brownsville,Texas,78,planned,,,,,,State permit data,https://www.tdhca.texas.gov/sites/default/files/multifamily/docs/HTCPropertyInventory_2.xlsx
Tezel Road Apartments,5590 Tezel Road,San Antonio,Texas,78,under construction,2028-06-30,,,Tezel Road Apartments Ltd.,(512) 202-9011,State project record,https://www.tdlr.texas.gov/TABS/Search/Project/TABS2026015360
18828 SH 249,18828 SH 249,Houston,Texas,77,sold,,2025-07-14,18828 State Highway 249 Reo LLC,,,Website,https://download.hcad.org/data/CAMA/2026/Real_acct_owner.zip
1919 W Main,1919 W Main,Houston,Texas,77,sold,,2025-09-29,A New Hope Prope LLC,,,Website,https://download.hcad.org/data/CAMA/2026/Real_acct_owner.zip
9301 Clay Rd,9301 Clay Rd,Houston,Texas,76,sold,,2025-03-24,Circulo Jade Forest LLC,,,Website,https://download.hcad.org/data/CAMA/2026/Real_acct_owner.zip
Emerald Point,2861 W Pioneer Dr,Irving,Texas,76,sold,,2024-10-01,Epapt LLC,,,Website,https://www.dallascad.org/ViewPDFs.aspx?type=3&id=\\DCAD.ORG\WEB\WEBDATA\WEBFORMS\DATA PRODUCTS\DCAD2026_CURRENT.ZIP
Hampton Townhomes,121 S Hampton Rd,Tarrant County,Texas,76,sold,,2024-12-30,,,,State permit data,https://www.tad.org/content/data-download/2026CommImprovedSales.zip
The Marcus (80% Complete),2016 S Ervay St,Dallas,Texas,76,sold,,2024-09-09,Dallas Public Facility Corp,,,Website,https://www.dallascad.org/ViewPDFs.aspx?type=3&id=\\DCAD.ORG\WEB\WEBDATA\WEBFORMS\DATA PRODUCTS\DCAD2026_CURRENT.ZIP
The Eleanor,7030 W. Wheatland Rd.,Dallas,Texas,76,planned,,,,,,State permit data,https://www.tdhca.texas.gov/sites/default/files/multifamily/docs/HTCPropertyInventory_2.xlsx
Victory Lofts,SWQ of S Victory St and Bradmar St,Houston,Texas,76,planned,,,,,,State permit data,https://www.tdhca.texas.gov/sites/default/files/multifamily/docs/HTCPropertyInventory_2.xlsx
Wheatland Garden Apartments,911 W Wheatland Rd,Dallas,Texas,76,sold,,2026-03-03,Wells Fargo Commercial Mortage,,,Website,https://www.dallascad.org/ViewPDFs.aspx?type=3&id=\\DCAD.ORG\WEB\WEBDATA\WEBFORMS\DATA PRODUCTS\DCAD2026_CURRENT.ZIP
1720 Crestdale Dr,1720 Crestdale Dr,Houston,Texas,75,sold,,2025-04-03,Pecos Housing Finance Corp,,,Website,https://download.hcad.org/data/CAMA/2026/Real_acct_owner.zip
3600 S Shaver St,3600 S Shaver St,South Houston,Texas,75,sold,,2025-11-28,Bellatx2023 LLC,,,Website,https://download.hcad.org/data/CAMA/2026/Real_acct_owner.zip
Building Permit,2545 Brockton Dr,Austin,Texas,75,permitted,,,,,,City permit record,https://abc.austintexas.gov/web/permit/public-search-other?t_detail=1&t_selected_folderrsn=13587841
Building Permit,5901 S Pleasant Valley Rd,Austin,Texas,75,permitted,,,,,,City permit record,https://abc.austintexas.gov/web/permit/public-search-other?t_detail=1&t_selected_folderrsn=13590354
Crown Heritage Senior Village,300-302 Fritz Swanson Rd (fka W Lantrip St),Kilgore,Texas,75,planned,,,,,,State permit data,https://www.tdhca.texas.gov/sites/default/files/multifamily/docs/HTCPropertyInventory_2.xlsx
Ironwood Apartments,NEQ of E. Dicker Rd. & S. McColl Rd.,McAllen,Texas,75,planned,,,,,,State permit data,https://www.tdhca.texas.gov/sites/default/files/multifamily/docs/HTCPropertyInventory_2.xlsx
Palo Verde Senior Apartments,5501 Huntwick Ave,Corpus Christi,Texas,75,planned,,,,,,State permit data,https://www.tdhca.texas.gov/sites/default/files/multifamily/docs/HTCPropertyInventory_2.xlsx
Sycamores at Pleasant Valley,5900 South Pleassant Valley,Austin,Texas,75,planned,,,,,,State permit data,https://www.tdhca.texas.gov/sites/default/files/multifamily/docs/HTCPropertyInventory_2.xlsx
5000 Pease St,5000 Pease St,Houston,Texas,74,sold,,2025-07-28,Jefferson Square LLC,,,Website,https://download.hcad.org/data/CAMA/2026/Real_acct_owner.zip
Kace Apartments,"2301 H Ave, Grand Prairie",Grand Prairie,Texas,74,permitted,,,,,,State permit data,https://www.tad.org/content/data-download/2026CommPermits.zip
La Puerta Verde Apts.,"4040 Denton Hwy, Haltom City",Haltom City,Texas,74,permitted,,,,,,State permit data,https://www.tad.org/content/data-download/2026CommPermits.zip
Twelve 33 at cavender,"1233 Cavender Dr, Hurst",Hurst,Texas,74,permitted,,,,,,State permit data,https://www.tad.org/content/data-download/2025CommPermits.zip
8030 W Airport Blvd,8030 W Airport Blvd,Houston,Texas,73,sold,,2025-11-04,Oconee Real Estate Holdings,,,Website,https://download.hcad.org/data/CAMA/2026/Real_acct_owner.zip
Residences at Sakowitz,1702 Sakowitz Street,Houston,Texas,73,planned,,,,,,State permit data,https://www.tdhca.texas.gov/sites/default/files/multifamily/docs/HTCPropertyInventory_2.xlsx
Tuscany Parkway Apartments,0 Tuscany Pkwy (The Colonies #54 Lot 003 Block 0001),Amarillo,Texas,73,under construction,2025-12-31,,,Tuscany Parkway Apartments LLC,(949) 529-7011,State project record,https://www.tdlr.texas.gov/TABS/Search/Project/TABS2025001287
12425 John F Kennedy Blvd,12425 John F Kennedy Blvd,Houston,Texas,72,under construction,,,,,,Website,https://download.hcad.org/data/CAMA/2026/Real_acct_owner.zip
15960 Kuykendahl Rd,15960 Kuykendahl Rd,Houston,Texas,72,under construction,,,,,,Website,https://download.hcad.org/data/CAMA/2026/Real_acct_owner.zip
Cielo Towers II /FKA Cielo Seniors,201 Cortez Drive,El Paso,Texas,72,planned,,,,,,State permit data,https://www.tdhca.texas.gov/sites/default/files/multifamily/docs/HTCPropertyInventory_2.xlsx
Conway Village,2699 Conway Ave,Mission,Texas,72,planned,,,,,,State permit data,https://www.tdhca.texas.gov/sites/default/files/multifamily/docs/HTCPropertyInventory_2.xlsx
Hudson Hallmark,NEC Ruben M Torres & Hudson Blvd,Brownsville,Texas,72,planned,,,,,,State permit data,https://www.tdhca.texas.gov/sites/default/files/multifamily/docs/HTCPropertyInventory_2.xlsx
Palms at Morris,2212 Morris St,Corpus Christi,Texas,72,planned,,,,,,State permit data,https://www.tdhca.texas.gov/sites/default/files/multifamily/docs/HTCPropertyInventory_2.xlsx
Pleasanton Multifamily,1100 Pleasanton Rd,San Antonio,Texas,72,under construction,2028-01-01,,,"Fierro Enterprises, LLC",(210) 534-4315,State project record,https://www.tdlr.texas.gov/TABS/Search/Project/TABS2026026577
Tides On Mccallum South,7720 Mccallum Blvd,Dallas,Texas,72,sold,,2026-05-13,Bns Blue Sky LLC,,,Website,https://www.dallascad.org/ViewPDFs.aspx?type=3&id=\\DCAD.ORG\WEB\WEBDATA\WEBFORMS\DATA PRODUCTS\DCAD2026_CURRENT.ZIP
The Ashbourne,9677 S Kirkwood Rd,Houston,Texas,72,planned,,,,,,State permit data,https://www.tdhca.texas.gov/sites/default/files/multifamily/docs/HTCPropertyInventory_2.xlsx
The Enclave at Riverbank,NWQ of Riverbank Dr. and Elk Dr.,Laredo,Texas,72,planned,,,,,,State permit data,https://www.tdhca.texas.gov/sites/default/files/multifamily/docs/HTCPropertyInventory_2.xlsx
Villas At Edgewood,"501 S Edgewood Terr, Fort Worth",Fort Worth,Texas,72,permitted,,,,,,State permit data,https://www.tad.org/content/data-download/2026CommPermits.zip
6011 Dashwood Dr,6011 Dashwood Dr,Houston,Texas,71,sold,,2024-11-25,Frida Garden House LLC,,,Website,https://download.hcad.org/data/CAMA/2026/Real_acct_owner.zip
Aspen Court Apartments,1600 Amelia Ct,Plano,Texas,70,sold,,2025-05-03,Amelia 77 LLC,,,Texas county property records,https://data.texas.gov/d/5tkr-3759
(50% Complete) Bluffview Apartments,9501 El Centro Dr,Dallas,Texas,70,under construction,,,,,,Website,https://www.dallascad.org/ViewPDFs.aspx?type=3&id=\\DCAD.ORG\WEB\WEBDATA\WEBFORMS\DATA PRODUCTS\DCAD2026_CURRENT.ZIP
"69,056Sf New Apt Bld(70Units)(8/8)1-5-3-R2-A-Spk/Fa '21Ibc",3028 Washington Ave Bldg2B,Houston,Texas,70,permitted,,,,,,Houston weekly permit list,https://www.houstontx.gov/planning/DevelopRegs/
Building Permit,4208 Medical Pkwy,Austin,Texas,70,permitted,,,,,,City permit record,https://abc.austintexas.gov/web/permit/public-search-other?t_detail=1&t_selected_folderrsn=13549268
Building Permit,800 E St Johns Ave Bldg 2,Austin,Texas,70,permitted,,,,,,City permit record,https://abc.austintexas.gov/web/permit/public-search-other?t_detail=1&t_selected_folderrsn=13735907
Ovetta Rosedale,4202-4210 Medical Pkwy,Austin,Texas,70,planned,,,,,,State permit data,https://www.tdhca.texas.gov/sites/default/files/multifamily/docs/HTCPropertyInventory_2.xlsx
Pebble Hills Place,SWC of N Zaragoza Rd and Pebble Hills Blvd,El Paso,Texas,70,planned,,,,,,State permit data,https://www.tdhca.texas.gov/sites/default/files/multifamily/docs/HTCPropertyInventory_2.xlsx
The Parke At University Park Phase 2,4554 Glenwick Ln,Dallas,Texas,70,sold,,2025-06-16,Somp-Parke LP,,,Website,https://www.dallascad.org/ViewPDFs.aspx?type=3&id=\\DCAD.ORG\WEB\WEBDATA\WEBFORMS\DATA PRODUCTS\DCAD2026_CURRENT.ZIP
Walnut Creek Asst Lvg & Memory,"2281 Country Club Dr, Mansfield",Mansfield,Texas,70,permitted,,,,,,State permit data,https://www.tad.org/content/data-download/2026CommPermits.zip
2826 Shaver St,2826 Shaver St,Pasadena,Texas,68,under construction,,,,,,Website,https://download.hcad.org/data/CAMA/2026/Real_acct_owner.zip
4500 N Main St,4500 N Main St,Houston,Texas,68,sold,,2024-12-16,4500 N Main LLC,,,Website,https://download.hcad.org/data/CAMA/2026/Real_acct_owner.zip
818 Pinemont Dr,818 Pinemont Dr,Houston,Texas,68,sold,,2025-03-12,Pecos Housing Finance Corp,,,Website,https://download.hcad.org/data/CAMA/2026/Real_acct_owner.zip
McCart Meadows Senior Living,7100 McCart Ave.,Fort Worth,Texas,68,planned,,,,,,State permit data,https://www.tdhca.texas.gov/sites/default/files/multifamily/docs/HTCPropertyInventory_2.xlsx
Tides On Mccallum North,7760 Mccallum Blvd,Dallas,Texas,68,sold,,2025-06-05,Pecos Housing Finance,,,Website,https://www.dallascad.org/ViewPDFs.aspx?type=3&id=\\DCAD.ORG\WEB\WEBDATA\WEBFORMS\DATA PRODUCTS\DCAD2026_CURRENT.ZIP
The Judy at VIDA,10345 S Zarzamora Street,San Antonio,Texas,68,planned,,,,,,State permit data,https://www.tdhca.texas.gov/sites/default/files/multifamily/docs/HTCPropertyInventory_2.xlsx
Building Permit,2213 Poquito St,Austin,Texas,67,permitted,,,,,,City permit record,https://abc.austintexas.gov/web/permit/public-search-other?t_detail=1&t_selected_folderrsn=13574446
Fitz 2 50% Complete,1506 N Prairie Ave,Dallas,Texas,67,under construction,,,,,,Website,https://www.dallascad.org/ViewPDFs.aspx?type=3&id=\\DCAD.ORG\WEB\WEBDATA\WEBFORMS\DATA PRODUCTS\DCAD2026_CURRENT.ZIP
Galleries At Park Lane -Impt Only-,8130 Park Ln,Dallas,Texas,67,sold,,2025-05-30,Mmf I Dfw Park Lane LLC,,,Website,https://www.dallascad.org/ViewPDFs.aspx?type=3&id=\\DCAD.ORG\WEB\WEBDATA\WEBFORMS\DATA PRODUCTS\DCAD2026_CURRENT.ZIP
N. Elm Multi-Family,3301 N. Elm,Denton,Texas,67,under construction,2028-06-30,,,Sy3M LLC,(214) 228-5338,State project record,https://www.tdlr.texas.gov/TABS/Search/Project/TABS2026000110
Northwood Heights (Ecu Includes 26 Resi Accts),15610 El Estado Dr,Dallas,Texas,67,sold,,2025-10-10,Brazos Northwood Heights,,,Website,https://www.dallascad.org/ViewPDFs.aspx?type=3&id=\\DCAD.ORG\WEB\WEBDATA\WEBFORMS\DATA PRODUCTS\DCAD2026_CURRENT.ZIP
Boulder Ridge,3130 Springwood Ln,Dallas,Texas,66,sold,,2024-12-19,Springwood Ln Apts LLC,,,Website,https://www.dallascad.org/ViewPDFs.aspx?type=3&id=\\DCAD.ORG\WEB\WEBDATA\WEBFORMS\DATA PRODUCTS\DCAD2026_CURRENT.ZIP
Bibb Senior Living,574. S Bibb,Eagle Pass,Texas,66,under construction,2025-12-31,,,"Bibb TXHP, LP",(913) 638-2500,State project record,https://www.tdlr.texas.gov/TABS/Search/Project/TABS2025001659
Jordan II Apartments,2701 1/2 Philomena St.,Austin,Texas,66,planned,,,,,,State permit data,https://www.tdhca.texas.gov/sites/default/files/multifamily/docs/HTCPropertyInventory_2.xlsx
Livingston Estates,"1071 W. Church St (Polk CAD ID 11545, 11755)",Livingston,Texas,66,planned,,,,,,State permit data,https://www.tdhca.texas.gov/sites/default/files/multifamily/docs/HTCPropertyInventory_2.xlsx
Pine Creek Senior Village,SEC SE Stallings Drive and East Main Street,Nacogdoches,Texas,66,planned,,,,,,State permit data,https://www.tdhca.texas.gov/sites/default/files/multifamily/docs/HTCPropertyInventory_2.xlsx
"78,855 Sf New Apt Bld (65 Units) (M/8) 1-5-3-R2-A-Spk/Fa '21 Ibc",3028 Center St Bldg1B,Houston,Texas,65,permitted,,,,,,Houston weekly permit list,https://www.houstontx.gov/planning/DevelopRegs/
Asteri Waco,1704 South 18th Street,Waco,Texas,65,planned,,,,,,State permit data,https://www.tdhca.texas.gov/sites/default/files/multifamily/docs/HTCPropertyInventory_2.xlsx
Lofts at Wayfarer,SWC of Blackhawk Blvd and Texas Sage Dr,Houston,Texas,65,planned,,,,,,State permit data,https://www.tdhca.texas.gov/sites/default/files/multifamily/docs/HTCPropertyInventory_2.xlsx
Luna Blanca Phase 2,3621 Mt Ranier St,Dallas,Texas,65,sold,,2026-04-14,Mfmz Property Manager LLC,,,Website,https://www.dallascad.org/ViewPDFs.aspx?type=3&id=\\DCAD.ORG\WEB\WEBDATA\WEBFORMS\DATA PRODUCTS\DCAD2026_CURRENT.ZIP
Maple Lofts,2422 Graham Street,Grand Prairie,Texas,65,permitted,2028-04-27,,,"KCG Maple Lofts, LP",(317) 708-6519,State project record,https://www.tdlr.texas.gov/TABS/Search/Project/TABS2027001346
Nuestra Tierra,9000 block of Guilbeau Road,San Antonio,Texas,65,planned,,,,,,State permit data,https://www.tdhca.texas.gov/sites/default/files/multifamily/docs/HTCPropertyInventory_2.xlsx
Building Permit,1720 Lawrence St,Austin,Texas,64,permitted,,,,,,City permit record,https://abc.austintexas.gov/web/permit/public-search-other?t_detail=1&t_selected_folderrsn=13580092
Eastside Crossings II / fka Eastside Crossing Senior,Laila H Lane & Joe Battle Blvd,El Paso,Texas,64,planned,,,,,,State permit data,https://www.tdhca.texas.gov/sites/default/files/multifamily/docs/HTCPropertyInventory_2.xlsx
Future Apts - Hughes House - Pctc,"E Rosedale ST, FORT WORTH",Fort Worth,Texas,64,permitted,,,,,,State permit data,https://www.tad.org/content/data-download/2026CommPermits.zip
Greentree Apts (All Bills Paid) (Ecu),3435 S Polk St,Dallas,Texas,64,sold,,2025-06-11,3425 Spolk Street LLC,,,Website,https://www.dallascad.org/ViewPDFs.aspx?type=3&id=\\DCAD.ORG\WEB\WEBDATA\WEBFORMS\DATA PRODUCTS\DCAD2026_CURRENT.ZIP
Katy Village Apts,1300 Katy Dr,Irving,Texas,64,sold,,2025-12-12,Eric Investments LLC,,,Website,https://www.dallascad.org/ViewPDFs.aspx?type=3&id=\\DCAD.ORG\WEB\WEBDATA\WEBFORMS\DATA PRODUCTS\DCAD2026_CURRENT.ZIP
Mesa Hills I,Bluff Canyon Cir and S Mesa Hills Dr,El Paso,Texas,64,planned,,,,,,State permit data,https://www.tdhca.texas.gov/sites/default/files/multifamily/docs/HTCPropertyInventory_2.xlsx
Rowen Vale,206 E Annie Street,Austin,Texas,64,planned,,,,,,State permit data,https://www.tdhca.texas.gov/sites/default/files/multifamily/docs/HTCPropertyInventory_2.xlsx
Tenison Lofts Bldg 1 (5% Complete),3602 Samuell Blvd,Dallas,Texas,64,sold,,2025-02-18,Dhfc Tenison Lofts,"TX Tenison 2023, Ltd.",(214) 613-6569,Website,https://www.dallascad.org/ViewPDFs.aspx?type=3&id=\\DCAD.ORG\WEB\WEBDATA\WEBFORMS\DATA PRODUCTS\DCAD2026_CURRENT.ZIP
Vista at Culebra,East of Culebra Road and Arcadia Creek,San Antonio,Texas,64,planned,,,,,,State permit data,https://www.tdhca.texas.gov/sites/default/files/multifamily/docs/HTCPropertyInventory_2.xlsx
Woodwind Apts,3947 Pleasant Run Rd,Irving,Texas,64,sold,,2024-09-18,Wa64 LLC,,,Website,https://www.dallascad.org/ViewPDFs.aspx?type=3&id=\\DCAD.ORG\WEB\WEBDATA\WEBFORMS\DATA PRODUCTS\DCAD2026_CURRENT.ZIP
Riva Ridge,SEQ Concord Rd & Gober Rd,Beaumont,Texas,63,planned,,,,,,State permit data,https://www.tdhca.texas.gov/sites/default/files/multifamily/docs/HTCPropertyInventory_2.xlsx
3811 Link Valley Dr,3811 Link Valley Dr,Houston,Texas,61,sold,,2025-06-30,Houston Spyglass LLC,,,Website,https://download.hcad.org/data/CAMA/2026/Real_acct_owner.zip
(Fire Dmg) Tides At Highland Meadows Phase 2,13200 Pandora Dr,Dallas,Texas,60,sold,,2026-01-08,Clarius Highland Meadows,,,Website,https://www.dallascad.org/ViewPDFs.aspx?type=3&id=\\DCAD.ORG\WEB\WEBDATA\WEBFORMS\DATA PRODUCTS\DCAD2026_CURRENT.ZIP
1920 Hollister St,1920 Hollister St,Houston,Texas,60,sold,,2025-12-18,Hollister Luxury Apartments TX LLC,,,Website,https://download.hcad.org/data/CAMA/2026/Real_acct_owner.zip
Building Permit,1501 Airport Commerce Dr Bldg 1,Austin,Texas,60,permitted,,,,,,City permit record,https://abc.austintexas.gov/web/permit/public-search-other?t_detail=1&t_selected_folderrsn=13435385
Catalina Court (All Bills Paid) (Ecu),3425 S Polk St,Dallas,Texas,60,sold,,2025-06-11,3425 S Polk Street LLC,,,Website,https://www.dallascad.org/ViewPDFs.aspx?type=3&id=\\DCAD.ORG\WEB\WEBDATA\WEBFORMS\DATA PRODUCTS\DCAD2026_CURRENT.ZIP
Crest River District,"124 Roberts Cut Off Rd, Fort Worth",Unassigned,Texas,60,permitted,,,,,,State permit data,https://www.tad.org/content/data-download/2026CommPermits.zip
Landmark (All Bills Paid),3299 S Polk St,Dallas,Texas,60,sold,,2026-05-28,Landmark Nah LLC,,,Website,https://www.dallascad.org/ViewPDFs.aspx?type=3&id=\\DCAD.ORG\WEB\WEBDATA\WEBFORMS\DATA PRODUCTS\DCAD2026_CURRENT.ZIP
Landmark At Lake Village East - 60 Units,4366 Point Blvd,Garland,Texas,60,sold,,2025-03-11,Edcouch Community Housing,,,Website,https://www.dallascad.org/ViewPDFs.aspx?type=3&id=\\DCAD.ORG\WEB\WEBDATA\WEBFORMS\DATA PRODUCTS\DCAD2026_CURRENT.ZIP
Legacy Living At Arlington,"1501 NE Green Oaks Blvd, Arlington",Arlington,Texas,60,permitted,,,,,,State permit data,https://www.tad.org/content/data-download/2026CommPermits.zip
Pebble Hills Seniors,NWC Charles Foster Avenue and John Hayes Street,El Paso,Texas,60,planned,,,,,,State permit data,https://www.tdhca.texas.gov/sites/default/files/multifamily/docs/HTCPropertyInventory_2.xlsx
Pleasant Pointe Apartments,1708 West 16th Street,Mount Pleasant,Texas,60,planned,,,,,,State permit data,https://www.tdhca.texas.gov/sites/default/files/multifamily/docs/HTCPropertyInventory_2.xlsx
Shiloh Lofts,10810 Shiloh Road,Dallas,Texas,60,planned,,,,,,State permit data,https://www.tdhca.texas.gov/sites/default/files/multifamily/docs/HTCPropertyInventory_2.xlsx
Tenison Lofts Bldg 2 (15% Complete),3504 Samuell Blvd,Dallas,Texas,60,sold,,2025-02-18,Dhfc Tenison Lofts,,,Website,https://www.dallascad.org/ViewPDFs.aspx?type=3&id=\\DCAD.ORG\WEB\WEBDATA\WEBFORMS\DATA PRODUCTS\DCAD2026_CURRENT.ZIP
Texano Apartments,SEC Texano Drive and S 15th St,Hidalgo,Texas,60,planned,,,,,,State permit data,https://www.tdhca.texas.gov/sites/default/files/multifamily/docs/HTCPropertyInventory_2.xlsx
Union Grove,2911 Old Union Rd,Lufkin,Texas,60,planned,,,,,,State permit data,https://www.tdhca.texas.gov/sites/default/files/multifamily/docs/HTCPropertyInventory_2.xlsx
Villas at Augusta,SWC of Augusta Dr and Zaragoza Road,El Paso,Texas,60,planned,,,,,,State permit data,https://www.tdhca.texas.gov/sites/default/files/multifamily/docs/HTCPropertyInventory_2.xlsx
Corry Edwards Townhomes,509 Corry A Edwards Dr,Kennedale,Texas,59,planned,,,,,,State permit data,https://www.tdhca.texas.gov/sites/default/files/multifamily/docs/HTCPropertyInventory_2.xlsx
Lydle Ridge Apts,"2301 Little Rd, Arlington",Arlington,Texas,59,permitted,,,,,,State permit data,https://www.tad.org/content/data-download/2025CommPermits.zip
Reserve at Kilgore,SWC Utzman St and Parkview St,Kilgore,Texas,59,planned,,,,,,State permit data,https://www.tdhca.texas.gov/sites/default/files/multifamily/docs/HTCPropertyInventory_2.xlsx
2028 Laverne St,2028 Laverne St,Houston,Texas,58,sold,,2025-07-31,Laverne Sunshine Property LLC,,,Website,https://download.hcad.org/data/CAMA/2026/Real_acct_owner.zip
Brookdale Mansfield,"1771 Country Club Dr, Mansfield",Mansfield,Texas,58,permitted,,,,,,State permit data,https://www.tad.org/content/data-download/2025CommPermits.zip
Building Permit,4215 S Lamar Blvd Svrd Nb,Austin,Texas,58,permitted,,,,,,City permit record,https://abc.austintexas.gov/web/permit/public-search-other?t_detail=1&t_selected_folderrsn=13405993
The Bloom at Lamar Square,1326 + 1328 Lamar Square Drive,Austin,Texas,58,planned,,,,,512-610-4016,State permit data,https://www.tdhca.texas.gov/sites/default/files/multifamily/docs/HTCPropertyInventory_2.xlsx
Athens Trails,414 W College St,Athens,Texas,57,planned,,,,,,State permit data,https://www.tdhca.texas.gov/sites/default/files/multifamily/docs/HTCPropertyInventory_2.xlsx
Cityscape Arts Apts,311 Nichols St,Tarrant County,Texas,57,sold,,2024-09-13,,,,State permit data,https://www.tad.org/content/data-download/2026CommImprovedSales.zip
Landmark At Lake Village East - 57 Units,1325 E IH 30,Garland,Texas,57,sold,,2025-03-11,Edcouch Community Housing,,,Website,https://www.dallascad.org/ViewPDFs.aspx?type=3&id=\\DCAD.ORG\WEB\WEBDATA\WEBFORMS\DATA PRODUCTS\DCAD2026_CURRENT.ZIP
1541 Moritz Dr,1541 Moritz Dr,Houston,Texas,56,sold,,2025-12-09,1541 Moritz LP % Rc Investment Properties LLC,,,Website,https://download.hcad.org/data/CAMA/2026/Real_acct_owner.zip
3201 Garth Rd,3201 Garth Rd,Baytown,Texas,56,sold,,2025-05-30,Verve Apartments LLC,,,Website,https://download.hcad.org/data/CAMA/2026/Real_acct_owner.zip
4812 Sycamore Ave,4812 Sycamore Ave,Pasadena,Texas,56,sold,,2025-06-02,Stormfield Capital Funding I LLC,,,Website,https://download.hcad.org/data/CAMA/2026/Real_acct_owner.zip
Brookdale Oak Hollow,"2016 L Don Dodson Dr, Bedford",Bedford,Texas,56,permitted,,,,,,State permit data,https://www.tad.org/content/data-download/2026CommPermits.zip
Heritage Park,581 Acres Lane,Sealy,Texas,56,planned,,,,,,State permit data,https://www.tdhca.texas.gov/sites/default/files/multifamily/docs/HTCPropertyInventory_2.xlsx
Prado Place,"415 S 11th St, Beaumont, TX 77701",Beaumont,Texas,56,planned,,,,,,State permit data,https://www.tdhca.texas.gov/sites/default/files/multifamily/docs/HTCPropertyInventory_2.xlsx
The Galatyn,3030 Monticello Ave,Dallas,Texas,56,under construction,,,,,,Website,https://www.dallascad.org/ViewPDFs.aspx?type=3&id=\\DCAD.ORG\WEB\WEBDATA\WEBFORMS\DATA PRODUCTS\DCAD2026_CURRENT.ZIP
Melba Bishop Arts,212 Melba St,Dallas,Texas,55,sold,,2025-10-31,212 Melba Owner LLC,,,Website,https://www.dallascad.org/ViewPDFs.aspx?type=3&id=\\DCAD.ORG\WEB\WEBDATA\WEBFORMS\DATA PRODUCTS\DCAD2026_CURRENT.ZIP
Building Permit,7501 Cota Vista Dr Bldg 1,Austin,Texas,54,permitted,,,,,,City permit record,https://abc.austintexas.gov/web/permit/public-search-other?t_detail=1&t_selected_folderrsn=13515364
Green House Flats,5200 Gaston Ave,Dallas,Texas,54,sold,,2026-01-07,900 Title Jefferson LLC,,,Website,https://www.dallascad.org/ViewPDFs.aspx?type=3&id=\\DCAD.ORG\WEB\WEBDATA\WEBFORMS\DATA PRODUCTS\DCAD2026_CURRENT.ZIP
Landmark At Lake Village East - 54 Units,4350 Point Blvd,Garland,Texas,54,sold,,2025-03-11,Edcouch Community Housing,,,Website,https://www.dallascad.org/ViewPDFs.aspx?type=3&id=\\DCAD.ORG\WEB\WEBDATA\WEBFORMS\DATA PRODUCTS\DCAD2026_CURRENT.ZIP
Eclipse At Oak Lawn Phase 1,2930 Kings Rd,Dallas,Texas,53,sold,,2025-01-23,Chv Eclipse Property,,,Website,https://www.dallascad.org/ViewPDFs.aspx?type=3&id=\\DCAD.ORG\WEB\WEBDATA\WEBFORMS\DATA PRODUCTS\DCAD2026_CURRENT.ZIP
403 Garner Rd,403 Garner Rd,Pasadena,Texas,52,sold,,2025-11-12,403 Garner Rd Spe LLC,,,Website,https://download.hcad.org/data/CAMA/2026/Real_acct_owner.zip
Building Permit,7009 Ed Bluestein Blvd Svrd Nb Bldg 4,Austin,Texas,52,permitted,,,,,,City permit record,https://abc.austintexas.gov/web/permit/public-search-other?t_detail=1&t_selected_folderrsn=13428560
Early Pioneer Crossing,401 Old Comanche Rd.,Early,Texas,52,planned,,,,,,State permit data,https://www.tdhca.texas.gov/sites/default/files/multifamily/docs/HTCPropertyInventory_2.xlsx
Freedom's Path Kerrville II,Approx 3602 Memorial Blvd,Kerrville,Texas,52,planned,,,,,,State permit data,https://www.tdhca.texas.gov/sites/default/files/multifamily/docs/HTCPropertyInventory_2.xlsx
Lantana Villas,600 Block of East Coma Avenue,Hidalgo,Texas,52,planned,,,,,,State permit data,https://www.tdhca.texas.gov/sites/default/files/multifamily/docs/HTCPropertyInventory_2.xlsx
Mansfield Plaza Apts,"413 S Main St, Mansfield",Mansfield,Texas,52,permitted,,,,,,State permit data,https://www.tad.org/content/data-download/2025CommPermits.zip
Mount Pleasant Trails,"N side of Tennison Rd, Approx 2150 ft East of S Jefferson Ave",Mount Pleasant,Texas,52,planned,,,,,,State permit data,https://www.tdhca.texas.gov/sites/default/files/multifamily/docs/HTCPropertyInventory_2.xlsx
Pine Creek Apartments,Hwy 71 & Lovers Lane (~108 Lovers Lane),Bastrop,Texas,52,planned,,,,,,State permit data,https://www.tdhca.texas.gov/sites/default/files/multifamily/docs/HTCPropertyInventory_2.xlsx
Pine Creek Senior Living,"Lovers Lane, Bastrop, TX 78602",Bastrop,Texas,52,under construction,2027-07-30,,,"Pine Creek Bastrop, LP",(214) 336-7495,State project record,https://www.tdlr.texas.gov/TABS/Search/Project/TABS2026007055
Point at Forest Hill,3401 Heritage Ln,Tarrant County,Texas,52,sold,,2024-09-11,,,,State permit data,https://www.tad.org/content/data-download/2026CommImprovedSales.zip
Summer Square Apts,"318 W Mustang St, Crowley",Crowley,Texas,52,permitted,,,,,,State permit data,https://www.tad.org/content/data-download/2026CommPermits.zip
The Principal Residences (89% Occ),401 N Carroll Ave,Dallas,Texas,52,sold,,2026-05-28,Wallis Family Multifamily LLC,,,Website,https://www.dallascad.org/ViewPDFs.aspx?type=3&id=\\DCAD.ORG\WEB\WEBDATA\WEBFORMS\DATA PRODUCTS\DCAD2026_CURRENT.ZIP
Cedars Townhomes - Track 1,1115 Alma St,Dallas,Texas,51,under construction,,,,,,Website,https://www.dallascad.org/ViewPDFs.aspx?type=3&id=\\DCAD.ORG\WEB\WEBDATA\WEBFORMS\DATA PRODUCTS\DCAD2026_CURRENT.ZIP
Kimpton Apartments,2014 Bennett Ave,Dallas,Texas,51,sold,,2025-10-14,Bristol Realty Partners LLC,,,Website,https://www.dallascad.org/ViewPDFs.aspx?type=3&id=\\DCAD.ORG\WEB\WEBDATA\WEBFORMS\DATA PRODUCTS\DCAD2026_CURRENT.ZIP
Southwind Apts (All Bills Paid),9873 Brockbank Dr,Dallas,Texas,51,sold,,2025-10-09,Amar LLC &,,,Website,https://www.dallascad.org/ViewPDFs.aspx?type=3&id=\\DCAD.ORG\WEB\WEBDATA\WEBFORMS\DATA PRODUCTS\DCAD2026_CURRENT.ZIP
(N/C 95%) Skylane Cedar Crest (Ecu) (Tdhca #5800),2700 E Kiest Blvd,Dallas,Texas,50,under construction,,,,,,Website,https://www.dallascad.org/ViewPDFs.aspx?type=3&id=\\DCAD.ORG\WEB\WEBDATA\WEBFORMS\DATA PRODUCTS\DCAD2026_CURRENT.ZIP
8345 Park Place Blvd,8345 Park Place Blvd,Houston,Texas,50,sold,,2025-12-04,Fat Property LLC,,,Website,https://download.hcad.org/data/CAMA/2026/Real_acct_owner.zip
Buena Vida Supportive Housing,E 14th St and E Tyler St,Brownsville,Texas,50,planned,,,,,,State permit data,https://www.tdhca.texas.gov/sites/default/files/multifamily/docs/HTCPropertyInventory_2.xlsx
Building Permit,1600 Wheless Ln,Austin,Texas,50,permitted,,,,,,City permit record,https://abc.austintexas.gov/web/permit/public-search-other?t_detail=1&t_selected_folderrsn=13664787
Cottages on Independence,Independence Dr and Sandcrab Blvd,Port Lavaca,Texas,50,planned,,,,,440-263-0406,State permit data,https://www.tdhca.texas.gov/sites/default/files/multifamily/docs/htc-4pct/2026260803-4HTC-StatusLog.xlsx
Homestead,4609 Monarch St,Dallas,Texas,50,sold,,2024-11-27,Dar Mf LLC,,,Website,https://www.dallascad.org/ViewPDFs.aspx?type=3&id=\\DCAD.ORG\WEB\WEBDATA\WEBFORMS\DATA PRODUCTS\DCAD2026_CURRENT.ZIP
Building Permit,7817 W SH 71 Bldg 2,Austin,Texas,49,permitted,,,,,,City permit record,https://abc.austintexas.gov/web/permit/public-search-other?t_detail=1&t_selected_folderrsn=13626079
Easy Street Lofts,600 Easy St.,Cleveland,Texas,49,planned,,,,,,State permit data,https://www.tdhca.texas.gov/sites/default/files/multifamily/docs/HTCPropertyInventory_2.xlsx
Whisperwind Apartments,"4928 El Campo Ave, Fort Worth",Fort Worth,Texas,49,permitted,,,,,,State permit data,https://www.tad.org/content/data-download/2026CommPermits.zip
1710 W T C Jester Blvd,1710 W T C Jester Blvd,Houston,Texas,48,sold,,2025-04-02,Gwo LLC,,,Website,https://download.hcad.org/data/CAMA/2026/Real_acct_owner.zip
1907 Dismuke St,1907 Dismuke St,Houston,Texas,48,sold,,2024-11-25,Team Chudecke Longhorn LLC,,,Website,https://download.hcad.org/data/CAMA/2026/Real_acct_owner.zip
327 Hufsmith,327 Hufsmith,Tomball,Texas,48,sold,,2025-07-15,Tomball Tora Borrower LLC,,,Website,https://download.hcad.org/data/CAMA/2026/Real_acct_owner.zip
5505 Pine St,5505 Pine St,Houston,Texas,48,sold,,2025-05-08,Cameron County Housing Finance Corp,,,Website,https://download.hcad.org/data/CAMA/2026/Real_acct_owner.zip
Abbington Station,SEC of 7th Street and Austin Street,Pleasanton,Texas,48,planned,,,,,,State permit data,https://www.tdhca.texas.gov/sites/default/files/multifamily/docs/HTCPropertyInventory_2.xlsx
Building Permit,6125 Johnny Morris Rd Bldg 5,Austin,Texas,48,permitted,,,,,,City permit record,https://abc.austintexas.gov/web/permit/public-search-other?t_detail=1&t_selected_folderrsn=13512287
Fawn Ridge Village East (Ecu 49% Vacant),630 Bow Arrow Dr,Dallas,Texas,48,sold,,2025-03-13,La Villa Housing Finance,,,Website,https://www.dallascad.org/ViewPDFs.aspx?type=3&id=\\DCAD.ORG\WEB\WEBDATA\WEBFORMS\DATA PRODUCTS\DCAD2026_CURRENT.ZIP
Gatesville Terrace,300 Block of S Hwy 36 Bypass,Gatesville,Texas,48,planned,,,,,,State permit data,https://www.tdhca.texas.gov/sites/default/files/multifamily/docs/HTCPropertyInventory_2.xlsx
Hart House (Undergoing Reno),1239 Hartsdale Dr,Dallas,Texas,48,sold,,2025-07-02,Hart House Community LLC,,,Website,https://www.dallascad.org/ViewPDFs.aspx?type=3&id=\\DCAD.ORG\WEB\WEBDATA\WEBFORMS\DATA PRODUCTS\DCAD2026_CURRENT.ZIP
Ortiz Lofts,NWC of County Road 69 & 44,Robstown,Texas,48,planned,,,,,,State permit data,https://www.tdhca.texas.gov/sites/default/files/multifamily/docs/HTCPropertyInventory_2.xlsx
Patriot Pointe at Fox Ave,SWC Fox Ave and Edmonds Ln,Lewisville,Texas,48,planned,,,,,,State permit data,https://www.tdhca.texas.gov/sites/default/files/multifamily/docs/HTCPropertyInventory_2.xlsx
Verandah Bungalows,7204 Gaston Ave,Dallas,Texas,48,sold,,2026-01-07,900 Title Jefferson LLC,,,Website,https://www.dallascad.org/ViewPDFs.aspx?type=3&id=\\DCAD.ORG\WEB\WEBDATA\WEBFORMS\DATA PRODUCTS\DCAD2026_CURRENT.ZIP
Falcon Crest,3225 Crestview Dr,Dallas,Texas,47,sold,,2025-02-18,Bedford Realty Group LLC &,,,Website,https://www.dallascad.org/ViewPDFs.aspx?type=3&id=\\DCAD.ORG\WEB\WEBDATA\WEBFORMS\DATA PRODUCTS\DCAD2026_CURRENT.ZIP
Hart House,1235 Hartsdale Dr,Dallas,Texas,46,sold,,2025-07-02,Hart House Community LLC,,,Website,https://www.dallascad.org/ViewPDFs.aspx?type=3&id=\\DCAD.ORG\WEB\WEBDATA\WEBFORMS\DATA PRODUCTS\DCAD2026_CURRENT.ZIP
Le Parc,5400 Live Oak St,Dallas,Texas,46,sold,,2026-05-06,900 Title Jefferson LLC,,,Website,https://www.dallascad.org/ViewPDFs.aspx?type=3&id=\\DCAD.ORG\WEB\WEBDATA\WEBFORMS\DATA PRODUCTS\DCAD2026_CURRENT.ZIP
Richland Court,"6626 Reeves St, Richland Hills",Richland Hills,Texas,46,sold,,2025-03-25,,,,State permit data,https://www.tad.org/content/data-download/2026CommPermits.zip
Victory Arts Center,"801 W Shaw St, Fort Worth",Fort Worth,Texas,45,permitted,,,,,,State permit data,https://www.tad.org/content/data-download/2026CommPermits.zip
1819 Briarcreek Blvd,1819 Briarcreek Blvd,Houston,Texas,44,sold,,2025-04-11,Team Chudecke Mustang LLC,,,Website,https://download.hcad.org/data/CAMA/2026/Real_acct_owner.zip
301 Tri City Beach Rd,301 Tri City Beach Rd,Baytown,Texas,44,sold,,2025-09-19,Baytown Collective LLC,,,Website,https://download.hcad.org/data/CAMA/2026/Real_acct_owner.zip
902 Oak St,902 Oak St,Houston,Texas,44,sold,,2025-02-28,902 Oak LLC,,,Website,https://download.hcad.org/data/CAMA/2026/Real_acct_owner.zip
Ashwood Park,7220 Mccallum Blvd,Dallas,Texas,44,sold,,2026-05-13,Bns Blue Sky LLC,,,Website,https://www.dallascad.org/ViewPDFs.aspx?type=3&id=\\DCAD.ORG\WEB\WEBDATA\WEBFORMS\DATA PRODUCTS\DCAD2026_CURRENT.ZIP
Avalon at Levelland,508 Clubview Drive,Levelland,Texas,44,planned,,,,,,State permit data,https://www.tdhca.texas.gov/sites/default/files/multifamily/docs/HTCPropertyInventory_2.xlsx
Building Permit,7504 Cota Vista Dr Bldg 7,Austin,Texas,44,permitted,,,,,(210) 771-4127,City permit record,https://abc.austintexas.gov/web/permit/public-search-other?t_detail=1&t_selected_folderrsn=13416147
Lantern at Big Spring,NWC of Sunset Ave. and Birdwell Ln.,Big Spring,Texas,44,planned,,,,,,State permit data,https://www.tdhca.texas.gov/sites/default/files/multifamily/docs/HTCPropertyInventory_2.xlsx
Lake Lofts Phase 2,9420 Beck Ave,Dallas,Texas,43,sold,,2025-12-02,Buena Ondawhite Rock Lake LP,,,Website,https://www.dallascad.org/ViewPDFs.aspx?type=3&id=\\DCAD.ORG\WEB\WEBDATA\WEBFORMS\DATA PRODUCTS\DCAD2026_CURRENT.ZIP
River Bend Phase 2,1100 River Bend Rd,Lancaster,Texas,43,sold,,2025-04-09,1000 River Bend Dr,,,Website,https://www.dallascad.org/ViewPDFs.aspx?type=3&id=\\DCAD.ORG\WEB\WEBDATA\WEBFORMS\DATA PRODUCTS\DCAD2026_CURRENT.ZIP
1010 Jackson Ave,1010 Jackson Ave,Pasadena,Texas,42,sold,,2025-06-03,Stormfield Capital Funding LLC,,,Website,https://download.hcad.org/data/CAMA/2026/Real_acct_owner.zip
1901 Richmond Ave,1901 Richmond Ave,Houston,Texas,42,sold,,2025-06-16,1901 Richmond Investors LLC,,,Website,https://download.hcad.org/data/CAMA/2026/Real_acct_owner.zip
Building Permit,13300 Center Lake Dr Bldg 1,Austin,Texas,42,permitted,,,,,,City permit record,https://abc.austintexas.gov/web/permit/public-search-other?t_detail=1&t_selected_folderrsn=13742902
Gainesville Trails,420 W Garnett,Gainesville,Texas,42,planned,,,,,,State permit data,https://www.tdhca.texas.gov/sites/default/files/multifamily/docs/HTCPropertyInventory_2.xlsx
Spanish Courtyard Apts,2809 W Pioneer Dr,Irving,Texas,42,sold,,2025-12-12,Kaw3N LLC,,,Website,https://www.dallascad.org/ViewPDFs.aspx?type=3&id=\\DCAD.ORG\WEB\WEBDATA\WEBFORMS\DATA PRODUCTS\DCAD2026_CURRENT.ZIP
(Vac Issue/Def Maint) Shelby 2707 (All Bills Paid),2707 Shelby Ave,Dallas,Texas,41,sold,,2025-02-26,12Ten Shelby LLC,,,Website,https://www.dallascad.org/ViewPDFs.aspx?type=3&id=\\DCAD.ORG\WEB\WEBDATA\WEBFORMS\DATA PRODUCTS\DCAD2026_CURRENT.ZIP
Burkburnett Royal Gardens,350 D W Taylor Road,Burkburnett,Texas,41,planned,,,,,,State permit data,https://www.tdhca.texas.gov/sites/default/files/multifamily/docs/HTCPropertyInventory_2.xlsx
Carriage House (Ecu),6255 Oram St,Dallas,Texas,41,sold,,2025-02-20,Anne Nelson Irrevocable Trust,,,Website,https://www.dallascad.org/ViewPDFs.aspx?type=3&id=\\DCAD.ORG\WEB\WEBDATA\WEBFORMS\DATA PRODUCTS\DCAD2026_CURRENT.ZIP
1938 Knoll St,1938 Knoll St,Houston,Texas,40,under construction,,,,,,Website,https://download.hcad.org/data/CAMA/2026/Real_acct_owner.zip
2211 W Alabama Dr,2211 W Alabama Dr,Houston,Texas,40,sold,,2025-09-29,2211 W Alabama LLC C/O Cwcapital Asset Management,,,Website,https://download.hcad.org/data/CAMA/2026/Real_acct_owner.zip
2802 Westside Dr,2802 Westside Dr,Pasadena,Texas,40,sold,,2024-09-27,Sdk Westside LLC,,,Website,https://download.hcad.org/data/CAMA/2026/Real_acct_owner.zip
3643 N Macgregor Way,3643 N Macgregor Way,Houston,Texas,40,sold,,2025-09-19,Pank Holdings LLC,,,Website,https://download.hcad.org/data/CAMA/2026/Real_acct_owner.zip
6301 Alfano St,6301 Alfano St,Houston,Texas,40,sold,,2025-03-05,R Garden LLC,,,Website,https://download.hcad.org/data/CAMA/2026/Real_acct_owner.zip
8351 Park Place Blvd,8351 Park Place Blvd,Houston,Texas,40,sold,,2025-12-04,Untitled Prop LLC,,,Website,https://download.hcad.org/data/CAMA/2026/Real_acct_owner.zip
8923 Antoine Dr,8923 Antoine Dr,Houston,Texas,40,sold,,2025-08-28,8923-9021 Antoine Drive Holdings LP,,,Website,https://download.hcad.org/data/CAMA/2026/Real_acct_owner.zip
Avalon Gardens Apartments,21801 Blassingame Road,Hempstead,Texas,40,under construction,2026-05-01,,,Enclave Property,(832) 715-2321,State project record,https://www.tdlr.texas.gov/TABS/Search/Project/TABS2025011461
Colmar Terrace,2211 S Vernon Ave,Dallas,Texas,40,sold,,2025-10-08,Graham Mortgage Corporation,,,Website,https://www.dallascad.org/ViewPDFs.aspx?type=3&id=\\DCAD.ORG\WEB\WEBDATA\WEBFORMS\DATA PRODUCTS\DCAD2026_CURRENT.ZIP
Mesa Hills II,NWQ Bluff Canyon Cir and S Mesa Hills Dr,El Paso,Texas,40,planned,,,,,,State permit data,https://www.tdhca.texas.gov/sites/default/files/multifamily/docs/HTCPropertyInventory_2.xlsx
Northbridge In The Village I Phase 1,5721 Skillman St,Dallas,Texas,40,sold,,2024-12-23,Pcv Northbridge LLC,,,Website,https://www.dallascad.org/ViewPDFs.aspx?type=3&id=\\DCAD.ORG\WEB\WEBDATA\WEBFORMS\DATA PRODUCTS\DCAD2026_CURRENT.ZIP
Tenison Lofts Bldg 3 (15% Complete),3503 Merrifield Ave,Dallas,Texas,40,sold,,2025-02-18,Dhfc Tenison Lofts,,,Website,https://www.dallascad.org/ViewPDFs.aspx?type=3&id=\\DCAD.ORG\WEB\WEBDATA\WEBFORMS\DATA PRODUCTS\DCAD2026_CURRENT.ZIP
The Rosie,SEQ of Cap Carter Rd and Doniphan Dr,Vinton,Texas,40,planned,,,,,,State permit data,https://www.tdhca.texas.gov/sites/default/files/multifamily/docs/HTCPropertyInventory_2.xlsx
Building Permit,2915 E Cesar Chavez St,Austin,Texas,39,permitted,,,,,,City permit record,https://abc.austintexas.gov/web/permit/public-search-other?t_detail=1&t_selected_folderrsn=13597249
Lofts at Birdwell Phase 2,130 ft. N. of NWC of Sunset Ave. & Birdwell Ln.,Big Springs,Texas,39,planned,,,,,,State permit data,https://www.tdhca.texas.gov/sites/default/files/multifamily/docs/HTCPropertyInventory_2.xlsx
The Lantern at Robstown,NWC of CR 44 and CR 69,Robstown,Texas,39,planned,,,,,,State permit data,https://www.tdhca.texas.gov/sites/default/files/multifamily/docs/HTCPropertyInventory_2.xlsx
The Lenora,4507 Menchaca Rd,Austin,Texas,39,planned,,,,,,State permit data,https://www.tdhca.texas.gov/sites/default/files/multifamily/docs/HTCPropertyInventory_2.xlsx
4702 Mangum Rd,4702 Mangum Rd,Houston,Texas,38,sold,,2024-11-19,Mangum Partners LLC,,,Website,https://download.hcad.org/data/CAMA/2026/Real_acct_owner.zip
Carolina,4929 Reiger Ave,Dallas,Texas,38,sold,,2025-09-10,High Desert Holdings LLC,,,Website,https://www.dallascad.org/ViewPDFs.aspx?type=3&id=\\DCAD.ORG\WEB\WEBDATA\WEBFORMS\DATA PRODUCTS\DCAD2026_CURRENT.ZIP
Gaston Commons,4712 Gaston Ave,Dallas,Texas,38,sold,,2025-06-03,4712 Gaston Commons LLC,,,Website,https://www.dallascad.org/ViewPDFs.aspx?type=3&id=\\DCAD.ORG\WEB\WEBDATA\WEBFORMS\DATA PRODUCTS\DCAD2026_CURRENT.ZIP
803 Dunson Glen Dr,803 Dunson Glen Dr,Houston,Texas,36,sold,,2025-12-30,Tda TX Reserve LLC,,,Website,https://download.hcad.org/data/CAMA/2026/Real_acct_owner.zip
Aspen Oaks Apts,"905 W Ash Ln, Euless",Euless,Texas,36,permitted,,,,,,State permit data,https://www.tad.org/content/data-download/2025CommPermits.zip
Flats On Ross,4619 Ross Ave,Dallas,Texas,36,sold,,2025-04-10,Skyline 2025 Ventures LLC,,,Website,https://www.dallascad.org/ViewPDFs.aspx?type=3&id=\\DCAD.ORG\WEB\WEBDATA\WEBFORMS\DATA PRODUCTS\DCAD2026_CURRENT.ZIP
Green Manor Apartments,310 E. 3rd,Burnet,Texas,36,planned,,,,,,State permit data,https://www.tdhca.texas.gov/sites/default/files/multifamily/docs/HTCPropertyInventory_2.xlsx
Hillsboro Trails,NEQ Old Brandon Rd and Dynasty Dr,Hillsboro,Texas,36,planned,,,,,,State permit data,https://www.tdhca.texas.gov/sites/default/files/multifamily/docs/HTCPropertyInventory_2.xlsx
Parkside Apts,"555 Precinct Line Rd, Hurst",Hurst,Texas,36,permitted,,,,,,State permit data,https://www.tad.org/content/data-download/2026CommPermits.zip
Reserve at Corsicana,300 N 45th St,Corsicana,Texas,36,planned,,,,,,State permit data,https://www.tdhca.texas.gov/sites/default/files/multifamily/docs/HTCPropertyInventory_2.xlsx
Stardust,5727 Gaston Ave,Dallas,Texas,36,sold,,2026-01-07,900 Title Jefferson LLC,,,Website,https://www.dallascad.org/ViewPDFs.aspx?type=3&id=\\DCAD.ORG\WEB\WEBDATA\WEBFORMS\DATA PRODUCTS\DCAD2026_CURRENT.ZIP
Reata West Apartments,"1133 Boyd Rd, Azle",Azle,Texas,35,permitted,,,,,,State permit data,https://www.tad.org/content/data-download/2026CommPermits.zip
Villa D Este Apts,117 S Bowser Rd,Richardson,Texas,35,sold,,2026-02-18,Bc High Oaks LLC,,,Website,https://www.dallascad.org/ViewPDFs.aspx?type=3&id=\\DCAD.ORG\WEB\WEBDATA\WEBFORMS\DATA PRODUCTS\DCAD2026_CURRENT.ZIP
424 Thornton Rd,424 Thornton Rd,Houston,Texas,34,sold,,2025-11-26,Thornton 414 LLC,,,Website,https://download.hcad.org/data/CAMA/2026/Real_acct_owner.zip
9135 Airline Dr,9135 Airline Dr,Houston,Texas,33,sold,,2025-11-07,Sulyukmanov Albert,,,Website,https://download.hcad.org/data/CAMA/2026/Real_acct_owner.zip
Aura Wycliff Phase II,4338 Congress Ave,Dallas,Texas,33,sold,,2025-12-03,Areit Dallas Wycliff LLC,,,Website,https://www.dallascad.org/ViewPDFs.aspx?type=3&id=\\DCAD.ORG\WEB\WEBDATA\WEBFORMS\DATA PRODUCTS\DCAD2026_CURRENT.ZIP
13718 Force St,13718 Force St,Houston,Texas,32,sold,,2024-09-27,Sdk Force LLC,,,Website,https://download.hcad.org/data/CAMA/2026/Real_acct_owner.zip
2434 Lidstone St,2434 Lidstone St,Houston,Texas,32,under construction,,,,,,Website,https://download.hcad.org/data/CAMA/2026/Real_acct_owner.zip
3838 Glen Arbor Dr,3838 Glen Arbor Dr,Houston,Texas,32,sold,,2025-03-03,Sayeg Living Trust,,,Website,https://download.hcad.org/data/CAMA/2026/Real_acct_owner.zip
4137 Dover St,4137 Dover St,Houston,Texas,32,sold,,2025-10-30,Dalpha Group LLC,,,Website,https://download.hcad.org/data/CAMA/2026/Real_acct_owner.zip
8137 Rankin Rd,8137 Rankin Rd,Humble,Texas,32,sold,,2025-08-22,Bryson Rankin LLC,,,Website,https://download.hcad.org/data/CAMA/2026/Real_acct_owner.zip
903 Dunson Glen Dr,903 Dunson Glen Dr,Houston,Texas,32,sold,,2025-12-30,Tda TX Reserve LLC,,,Website,https://download.hcad.org/data/CAMA/2026/Real_acct_owner.zip
Building Permit,1101 Reinli St Bldg 2C,Austin,Texas,32,permitted,,,,,,City permit record,https://abc.austintexas.gov/web/permit/public-search-other?t_detail=1&t_selected_folderrsn=12855369
Courtyard Apts,6003 Ridgecrest Rd,Dallas,Texas,32,sold,,2024-11-14,Bbf Cap 1 Courtyards Condos,,,Website,https://www.dallascad.org/ViewPDFs.aspx?type=3&id=\\DCAD.ORG\WEB\WEBDATA\WEBFORMS\DATA PRODUCTS\DCAD2026_CURRENT.ZIP
Floyd Casey Development VM-2 Retail/Apartments,914 S. Valley Mills Dr.,Waco,Texas,32,permitted,2028-04-01,,,"Floyd Casey-One, LLC",(254) 759-8027,State project record,https://www.tdlr.texas.gov/TABS/Search/Project/TABS2026026765
Gatesville Crossing,Approx 2909 S Hwy 36,Gatesville,Texas,32,planned,,,,,,State permit data,https://www.tdhca.texas.gov/sites/default/files/multifamily/docs/HTCPropertyInventory_2.xlsx
London,5601 Gaston Ave,Dallas,Texas,32,sold,,2026-01-07,900 Title Jefferson LLC,,,Website,https://www.dallascad.org/ViewPDFs.aspx?type=3&id=\\DCAD.ORG\WEB\WEBDATA\WEBFORMS\DATA PRODUCTS\DCAD2026_CURRENT.ZIP
Luna Blanca Phase 1,312 N Gilpin Ave,Dallas,Texas,32,sold,,2026-04-14,Mfmz Property Manager LLC,,,Website,https://www.dallascad.org/ViewPDFs.aspx?type=3&id=\\DCAD.ORG\WEB\WEBDATA\WEBFORMS\DATA PRODUCTS\DCAD2026_CURRENT.ZIP
Mcneil Star Apts,3707 Mcneil St,Dallas,Texas,32,sold,,2024-09-23,Mcneil Star Apartment LLC,,,Website,https://www.dallascad.org/ViewPDFs.aspx?type=3&id=\\DCAD.ORG\WEB\WEBDATA\WEBFORMS\DATA PRODUCTS\DCAD2026_CURRENT.ZIP
Republic West Apartments (32 Units),269 E IH 30,Garland,Texas,32,sold,,2025-03-24,Pecos Housing Finance Corp,,,Website,https://www.dallascad.org/ViewPDFs.aspx?type=3&id=\\DCAD.ORG\WEB\WEBDATA\WEBFORMS\DATA PRODUCTS\DCAD2026_CURRENT.ZIP
Swiss Courts,5421 Bryan St,Dallas,Texas,32,sold,,2025-04-10,Skyline 2025 Ventures LLC,,,Website,https://www.dallascad.org/ViewPDFs.aspx?type=3&id=\\DCAD.ORG\WEB\WEBDATA\WEBFORMS\DATA PRODUCTS\DCAD2026_CURRENT.ZIP
Sphinx At Fiji Lofts Phase 2,229 Ave A,Dallas,Texas,32,under construction,,,,,,Website,https://www.dallascad.org/ViewPDFs.aspx?type=3&id=\\DCAD.ORG\WEB\WEBDATA\WEBFORMS\DATA PRODUCTS\DCAD2026_CURRENT.ZIP
The Cedars Condos,4731 N Galloway Ave,Mesquite,Texas,32,sold,,2025-05-28,Sigma 431 LLC,,,Website,https://www.dallascad.org/ViewPDFs.aspx?type=3&id=\\DCAD.ORG\WEB\WEBDATA\WEBFORMS\DATA PRODUCTS\DCAD2026_CURRENT.ZIP
Tides At Lake Village - 32 Units,4266 Bass Pro Dr,Garland,Texas,32,sold,,2025-03-11,Edcouch Community Housing,,,Website,https://www.dallascad.org/ViewPDFs.aspx?type=3&id=\\DCAD.ORG\WEB\WEBDATA\WEBFORMS\DATA PRODUCTS\DCAD2026_CURRENT.ZIP
The Parke At University Park Phase 1,4501 Druid Ln,Dallas,Texas,32,sold,,2025-06-16,Somp-Parke LP,,,Website,https://www.dallascad.org/ViewPDFs.aspx?type=3&id=\\DCAD.ORG\WEB\WEBDATA\WEBFORMS\DATA PRODUCTS\DCAD2026_CURRENT.ZIP
The Residence at Red Cedar,"E side of S 45th St, S of W Park Row Blvd",Corsicana,Texas,32,planned,,,,,,State permit data,https://www.tdhca.texas.gov/sites/default/files/multifamily/docs/HTCPropertyInventory_2.xlsx
Republic West Apartments (30 Units),3701 Easton Meadows Dr,Garland,Texas,31,sold,,2025-03-24,Pecos Housing Finance Corp,,,Website,https://www.dallascad.org/ViewPDFs.aspx?type=3&id=\\DCAD.ORG\WEB\WEBDATA\WEBFORMS\DATA PRODUCTS\DCAD2026_CURRENT.ZIP
1919 Portsmouth St,1919 Portsmouth St,Houston,Texas,30,sold,,2025-03-06,Csc 1919 Portsmouth Realty LLC,,,Website,https://download.hcad.org/data/CAMA/2026/Real_acct_owner.zip
2010 Johanna Dr,2010 Johanna Dr,Houston,Texas,30,sold,,2025-06-23,Johanna Ventures LLC,,,Website,https://download.hcad.org/data/CAMA/2026/Real_acct_owner.zip
221 Arbrook,2201 E Arbrook Blvd,Tarrant County,Texas,30,sold,,2025-03-10,,,,State permit data,https://www.tad.org/content/data-download/2026CommImprovedSales.zip
Building Permit,6915 Bridge Point Pkwy Bldg 9,Austin,Texas,30,permitted,,,,,,City permit record,https://abc.austintexas.gov/web/permit/public-search-other?t_detail=1&t_selected_folderrsn=13623496
Crestview House,3205 Crestview Dr,Dallas,Texas,30,sold,,2025-02-18,Bedford Realty Group LLC &,,,Website,https://www.dallascad.org/ViewPDFs.aspx?type=3&id=\\DCAD.ORG\WEB\WEBDATA\WEBFORMS\DATA PRODUCTS\DCAD2026_CURRENT.ZIP
Meadow View Estates,NWQ of Santiesteban Lane and Buntline Drive,Homestead Meadows South,Texas,30,planned,,,,,,State permit data,https://www.tdhca.texas.gov/sites/default/files/multifamily/docs/HTCPropertyInventory_2.xlsx
Sphinx At Fiji Lofts Phase 1,1581 Ave B,Dallas,Texas,30,sold,,2026-05-22,Dallas County Housing Finance,,,Website,https://www.dallascad.org/ViewPDFs.aspx?type=3&id=\\DCAD.ORG\WEB\WEBDATA\WEBFORMS\DATA PRODUCTS\DCAD2026_CURRENT.ZIP
The Residence at Green Meadow,NWQ Green Meadow Dr and Southwest Blvd,San Angelo,Texas,30,planned,,,,,,State permit data,https://www.tdhca.texas.gov/sites/default/files/multifamily/docs/HTCPropertyInventory_2.xlsx
1903 Portsmouth St,1903 Portsmouth St,Houston,Texas,29,sold,,2025-02-03,Csc 1919 Portsmouth Realty LLC,,,Website,https://download.hcad.org/data/CAMA/2026/Real_acct_owner.zip
3045 Golfcrest Blvd,3045 Golfcrest Blvd,Houston,Texas,29,sold,,2025-04-04,Team Chudecke Armadillo LLC,,,Website,https://download.hcad.org/data/CAMA/2026/Real_acct_owner.zip
Perrin Flats At Bishop Ridge,606 N Marsalis Ave,Dallas,Texas,29,under construction,,,,,,Website,https://www.dallascad.org/ViewPDFs.aspx?type=3&id=\\DCAD.ORG\WEB\WEBDATA\WEBFORMS\DATA PRODUCTS\DCAD2026_CURRENT.ZIP
12835 Jones Rd,12835 Jones Rd,Houston,Texas,28,sold,,2025-07-17,12835 Jones Road LLC,,,Website,https://download.hcad.org/data/CAMA/2026/Real_acct_owner.zip
2023 Nc - Ici Oasis - Mixed Use,2555 Esters Rd,Irving,Texas,28,under construction,,,,,,Website,https://www.dallascad.org/ViewPDFs.aspx?type=3&id=\\DCAD.ORG\WEB\WEBDATA\WEBFORMS\DATA PRODUCTS\DCAD2026_CURRENT.ZIP
4288 Bass Pro Dr,4288 Bass Pro Dr,Garland,Texas,28,sold,,2025-09-09,Retreat At Faulkner Point LLC,,,Website,https://www.dallascad.org/ViewPDFs.aspx?type=3&id=\\DCAD.ORG\WEB\WEBDATA\WEBFORMS\DATA PRODUCTS\DCAD2026_CURRENT.ZIP
7330 Silent Wood Ln,7330 Silent Wood Ln,Houston,Texas,28,sold,,2025-10-29,Ei1 LLC,,,Website,https://download.hcad.org/data/CAMA/2026/Real_acct_owner.zip
7900 South Loop E,7900 South Loop E,Houston,Texas,28,sold,,2024-12-26,Gulfgate Oaks Apartments LLC,,,Website,https://download.hcad.org/data/CAMA/2026/Real_acct_owner.zip
Bowser Multifamily,4516 Bowser Avenue,Dallas,Texas,28,under construction,2027-04-05,,,Siekielski Matt & Shea Living Trust,(214) 232-9984,State project record,https://www.tdlr.texas.gov/TABS/Search/Project/TABS2026002511
Holiday,321 N Ewing Ave,Dallas,Texas,28,sold,,2026-02-02,Trinity Basin Apartment,,,Website,https://www.dallascad.org/ViewPDFs.aspx?type=3&id=\\DCAD.ORG\WEB\WEBDATA\WEBFORMS\DATA PRODUCTS\DCAD2026_CURRENT.ZIP
Landmark At Lake Village East - 28 Units,5513 Lake Hubbard Pkwy,Garland,Texas,28,sold,,2025-03-11,Edcouch Community Housing,,,Website,https://www.dallascad.org/ViewPDFs.aspx?type=3&id=\\DCAD.ORG\WEB\WEBDATA\WEBFORMS\DATA PRODUCTS\DCAD2026_CURRENT.ZIP
Sandpiper Apts,112 S Bowser Rd,Richardson,Texas,28,sold,,2026-02-18,Bc High Oaks LLC,,,Website,https://www.dallascad.org/ViewPDFs.aspx?type=3&id=\\DCAD.ORG\WEB\WEBDATA\WEBFORMS\DATA PRODUCTS\DCAD2026_CURRENT.ZIP
Skyview At Rowlett (N/C 95%),3522 Main St,Rowlett,Texas,28,under construction,,,,,,Website,https://www.dallascad.org/ViewPDFs.aspx?type=3&id=\\DCAD.ORG\WEB\WEBDATA\WEBFORMS\DATA PRODUCTS\DCAD2026_CURRENT.ZIP
414 Marshall St,414 Marshall St,Houston,Texas,27,sold,,2024-10-31,414 Marshall Street LP,,,Website,https://download.hcad.org/data/CAMA/2026/Real_acct_owner.zip
4927 San Jacinto,4927 San Jacinto St,Dallas,Texas,27,sold,,2025-12-31,Potawatomi LLC,,,Website,https://www.dallascad.org/ViewPDFs.aspx?type=3&id=\\DCAD.ORG\WEB\WEBDATA\WEBFORMS\DATA PRODUCTS\DCAD2026_CURRENT.ZIP
Avalon,1002 Annex Ave,Dallas,Texas,27,sold,,2026-05-06,900 Title Jefferson LLC,,,Website,https://www.dallascad.org/ViewPDFs.aspx?type=3&id=\\DCAD.ORG\WEB\WEBDATA\WEBFORMS\DATA PRODUCTS\DCAD2026_CURRENT.ZIP
Gardens Apts,2910 Throckmorton St,Dallas,Texas,27,sold,,2024-12-23,One Home Realty II LLC,,,Website,https://www.dallascad.org/ViewPDFs.aspx?type=3&id=\\DCAD.ORG\WEB\WEBDATA\WEBFORMS\DATA PRODUCTS\DCAD2026_CURRENT.ZIP
Wildcat Villas,SEQ of Wildcat Dr and 4th St,Anthony,Texas,27,planned,,,,,,State permit data,https://www.tdhca.texas.gov/sites/default/files/multifamily/docs/HTCPropertyInventory_2.xlsx
1628 S Fitzhugh,1628 S Fitzhugh Ave,Dallas,Texas,26,sold,,2026-01-12,Leverage Caddo Mills LLC,,,Website,https://www.dallascad.org/ViewPDFs.aspx?type=3&id=\\DCAD.ORG\WEB\WEBDATA\WEBFORMS\DATA PRODUCTS\DCAD2026_CURRENT.ZIP
1716 Crownover Rd,1716 Crownover Rd,Houston,Texas,26,sold,,2025-11-14,1716 Crownover LLC,,,Website,https://download.hcad.org/data/CAMA/2026/Real_acct_owner.zip
4320 Leeland St,4320 Leeland St,Houston,Texas,26,sold,,2024-10-30,Dj Property Investments LLC,,,Website,https://download.hcad.org/data/CAMA/2026/Real_acct_owner.zip
6636 Bellfort St,6636 Bellfort St,Houston,Texas,26,sold,,2025-05-15,Community Loan Servicihg LLC,,,Website,https://download.hcad.org/data/CAMA/2026/Real_acct_owner.zip
Building Permit,7333 Bluff Springs Rd Bldg 2,Austin,Texas,26,under construction,2027-02-01,,,"RPMD 7333 Bluff Springs Road Owner, LLC",(512) 762-9541,City permit record,https://abc.austintexas.gov/web/permit/public-search-other?t_detail=1&t_selected_folderrsn=13748404
La Avenda,4627 Munger Ave,Dallas,Texas,26,sold,,2024-11-14,Munger Court Dallas LLC,,,Website,https://www.dallascad.org/ViewPDFs.aspx?type=3&id=\\DCAD.ORG\WEB\WEBDATA\WEBFORMS\DATA PRODUCTS\DCAD2026_CURRENT.ZIP
Ridglea Court Apartments,"5928 Fletcher Ave, Fort Worth",Fort Worth,Texas,26,permitted,,,,,,State permit data,https://www.tad.org/content/data-download/2026CommPermits.zip
Spruce Valley Townhomes,2925 Spruce Valley Ln,Dallas,Texas,26,sold,,2025-04-03,Spruce Valley 52 LLC,,,Website,https://www.dallascad.org/ViewPDFs.aspx?type=3&id=\\DCAD.ORG\WEB\WEBDATA\WEBFORMS\DATA PRODUCTS\DCAD2026_CURRENT.ZIP
Temple Cliff Apts,1234 Templecliff Dr,Dallas,Texas,26,sold,,2025-08-21,Rocfii Templecliff LLC,,,Website,https://www.dallascad.org/ViewPDFs.aspx?type=3&id=\\DCAD.ORG\WEB\WEBDATA\WEBFORMS\DATA PRODUCTS\DCAD2026_CURRENT.ZIP
Building Permit,845 Blackson Ave,Austin,Texas,25,permitted,,,,,,City permit record,https://abc.austintexas.gov/web/permit/public-search-other?t_detail=1&t_selected_folderrsn=13735916
Villa D Este Apts,113 S Bowser Rd,Richardson,Texas,25,sold,,2026-02-18,Bc High Oaks LLC,,,Website,https://www.dallascad.org/ViewPDFs.aspx?type=3&id=\\DCAD.ORG\WEB\WEBDATA\WEBFORMS\DATA PRODUCTS\DCAD2026_CURRENT.ZIP
1200 Carolyn Ct,1200 Carolyn Ct,Humble,Texas,24,sold,,2025-07-31,Aeh Carolyn Court LLC,,,Website,https://download.hcad.org/data/CAMA/2026/Real_acct_owner.zip
7830 Bayou Forest Dr,7830 Bayou Forest Dr,Houston,Texas,24,sold,,2025-09-05,Saks Invwood Investments LLC,,,Website,https://download.hcad.org/data/CAMA/2026/Real_acct_owner.zip
An @ Bowser,100 S Bowser Rd,Richardson,Texas,24,under construction,,,,,,Website,https://www.dallascad.org/ViewPDFs.aspx?type=3&id=\\DCAD.ORG\WEB\WEBDATA\WEBFORMS\DATA PRODUCTS\DCAD2026_CURRENT.ZIP
Belmont Court,4919 Belmont Ave,Dallas,Texas,24,sold,,2025-08-05,Blue Mountain Property,,,Website,https://www.dallascad.org/ViewPDFs.aspx?type=3&id=\\DCAD.ORG\WEB\WEBDATA\WEBFORMS\DATA PRODUCTS\DCAD2026_CURRENT.ZIP
Building Permit,4605 S Pleasant Valley Rd Bldg 3,Austin,Texas,24,permitted,,,,,,City permit record,https://abc.austintexas.gov/web/permit/public-search-other?t_detail=1&t_selected_folderrsn=13441080
Building Permit,5925 E Howard Ln Bldg 4,Austin,Texas,24,permitted,,,,,,City permit record,https://abc.austintexas.gov/web/permit/public-search-other?t_detail=1&t_selected_folderrsn=13400759
Building Permit,10304 Old San Antonio Rd Bldg 4,Austin,Texas,24,permitted,,,,,,City permit record,https://abc.austintexas.gov/web/permit/public-search-other?t_detail=1&t_selected_folderrsn=13472259
Building Permit,11901 Dionda Ln Bldg 1,Austin,Texas,24,permitted,,,,,,City permit record,https://abc.austintexas.gov/web/permit/public-search-other?t_detail=1&t_selected_folderrsn=13197738
Cimarron Place Phase 1,2614 Pasteur Ave,Dallas,Texas,24,sold,,2025-02-24,Ugm Of Dallas,,,Website,https://www.dallascad.org/ViewPDFs.aspx?type=3&id=\\DCAD.ORG\WEB\WEBDATA\WEBFORMS\DATA PRODUCTS\DCAD2026_CURRENT.ZIP
Eclipse At Oak Lawn Phase 2,4625 Cedar Springs Rd,Dallas,Texas,24,sold,,2025-01-23,Chv Eclipse Property,,,Website,https://www.dallascad.org/ViewPDFs.aspx?type=3&id=\\DCAD.ORG\WEB\WEBDATA\WEBFORMS\DATA PRODUCTS\DCAD2026_CURRENT.ZIP
Landmark At Lake Village North (24 Units),703 E IH 30,Garland,Texas,24,sold,,2025-03-24,Pecos Housing Finance Corp,,,Website,https://www.dallascad.org/ViewPDFs.aspx?type=3&id=\\DCAD.ORG\WEB\WEBDATA\WEBFORMS\DATA PRODUCTS\DCAD2026_CURRENT.ZIP
Paragon,4718 Reiger Ave,Dallas,Texas,24,sold,,2024-12-30,Shimokawa Building Co LTD,,,Website,https://www.dallascad.org/ViewPDFs.aspx?type=3&id=\\DCAD.ORG\WEB\WEBDATA\WEBFORMS\DATA PRODUCTS\DCAD2026_CURRENT.ZIP
Patricia On Arbor Apartments,2008 & 2014 Arbor Street,Houston,Texas,24,permitted,2028-10-01,,,Arbor Development Company LLC,(713) 302-4438,State project record,https://www.tdlr.texas.gov/TABS/Search/Project/TABS2026017265
Building Permit,2500 Rosewood Ave,Austin,Texas,23,permitted,,,,,,City permit record,https://abc.austintexas.gov/web/permit/public-search-other?t_detail=1&t_selected_folderrsn=13301965
Fairmount Townhomes,4111 Fairmount St,Dallas,Texas,23,sold,,2024-09-05,Rpmfca Fairmount Owner LLC,,,Website,https://www.dallascad.org/ViewPDFs.aspx?type=3&id=\\DCAD.ORG\WEB\WEBDATA\WEBFORMS\DATA PRODUCTS\DCAD2026_CURRENT.ZIP
Radford Pt LLC,3922 Evergreen Rd,Irving,Texas,23,sold,,2024-12-26,3922 Radford Place LLC,,,Website,https://www.dallascad.org/ViewPDFs.aspx?type=3&id=\\DCAD.ORG\WEB\WEBDATA\WEBFORMS\DATA PRODUCTS\DCAD2026_CURRENT.ZIP
The District Apartments,425 N Rosemont Ave,Dallas,Texas,23,sold,,2025-10-09,District Realty LLC,,,Website,https://www.dallascad.org/ViewPDFs.aspx?type=3&id=\\DCAD.ORG\WEB\WEBDATA\WEBFORMS\DATA PRODUCTS\DCAD2026_CURRENT.ZIP
5714 Jessamine St,5714 Jessamine St,Houston,Texas,22,sold,,2025-06-12,5714 Jessamine LLC,,,Website,https://download.hcad.org/data/CAMA/2026/Real_acct_owner.zip
6821 Fairway Dr,6821 Fairway Dr,Houston,Texas,22,sold,,2025-02-11,Amblegrove LLC,,,Website,https://download.hcad.org/data/CAMA/2026/Real_acct_owner.zip
Plaza,5908 Gaston Ave,Dallas,Texas,22,sold,,2026-01-07,900 Title Jefferson LLC,,,Website,https://www.dallascad.org/ViewPDFs.aspx?type=3&id=\\DCAD.ORG\WEB\WEBDATA\WEBFORMS\DATA PRODUCTS\DCAD2026_CURRENT.ZIP
Raleigh,1001 Grigsby Ave,Dallas,Texas,22,sold,,2026-05-06,900 Title Jefferson LLC,,,Website,https://www.dallascad.org/ViewPDFs.aspx?type=3&id=\\DCAD.ORG\WEB\WEBDATA\WEBFORMS\DATA PRODUCTS\DCAD2026_CURRENT.ZIP
Republic @ San Jacinto,5018 San Jacinto St,Dallas,Texas,22,sold,,2025-04-03,Mo Salah 11 LLC,,,Website,https://www.dallascad.org/ViewPDFs.aspx?type=3&id=\\DCAD.ORG\WEB\WEBDATA\WEBFORMS\DATA PRODUCTS\DCAD2026_CURRENT.ZIP
St George,3926 S M Wright Fwy,Dallas,Texas,22,under construction,,,,,,Website,https://www.dallascad.org/ViewPDFs.aspx?type=3&id=\\DCAD.ORG\WEB\WEBDATA\WEBFORMS\DATA PRODUCTS\DCAD2026_CURRENT.ZIP
6730 S Lancaster Rd,6730 S Lancaster Rd,Dallas,Texas,21,sold,,2025-07-14,Dallas Sapphire LLC,,,Website,https://www.dallascad.org/ViewPDFs.aspx?type=3&id=\\DCAD.ORG\WEB\WEBDATA\WEBFORMS\DATA PRODUCTS\DCAD2026_CURRENT.ZIP
Drake,1001 Annex Ave,Dallas,Texas,21,sold,,2026-05-06,900 Title Jefferson LLC,,,Website,https://www.dallascad.org/ViewPDFs.aspx?type=3&id=\\DCAD.ORG\WEB\WEBDATA\WEBFORMS\DATA PRODUCTS\DCAD2026_CURRENT.ZIP
Garden Villa,5121 Gaston Ave,Dallas,Texas,21,sold,,2026-01-07,900 Title Jefferson LLC,,,Website,https://www.dallascad.org/ViewPDFs.aspx?type=3&id=\\DCAD.ORG\WEB\WEBDATA\WEBFORMS\DATA PRODUCTS\DCAD2026_CURRENT.ZIP
201 Emerson St,201 Emerson St,Houston,Texas,20,sold,,2025-01-28,201 Emerson LLC,,,Website,https://download.hcad.org/data/CAMA/2026/Real_acct_owner.zip
Bent Tree Fountains Townhomes,16400 Ledgemont Ln,Addison,Texas,20,sold,,2024-10-21,Amfp VI Bent Tree Fountains,,,Website,https://www.dallascad.org/ViewPDFs.aspx?type=3&id=\\DCAD.ORG\WEB\WEBDATA\WEBFORMS\DATA PRODUCTS\DCAD2026_CURRENT.ZIP
Colony House,6235 Oram St,Dallas,Texas,20,sold,,2025-02-20,Anne Nelson Irrevocable Trust,"2Ck O&E, LLC",(972) 975-7126,Website,https://www.dallascad.org/ViewPDFs.aspx?type=3&id=\\DCAD.ORG\WEB\WEBDATA\WEBFORMS\DATA PRODUCTS\DCAD2026_CURRENT.ZIP
Courtyards At Lower Greenville (Ecu),5015 Bryan St,Dallas,Texas,20,sold,,2025-04-02,Pgh Alpine LLC,,,Website,https://www.dallascad.org/ViewPDFs.aspx?type=3&id=\\DCAD.ORG\WEB\WEBDATA\WEBFORMS\DATA PRODUCTS\DCAD2026_CURRENT.ZIP
Cimarron Place Phase 2,2615 N Buckner Blvd,Dallas,Texas,20,sold,,2025-02-24,Ugm Of Dallas,,,Website,https://www.dallascad.org/ViewPDFs.aspx?type=3&id=\\DCAD.ORG\WEB\WEBDATA\WEBFORMS\DATA PRODUCTS\DCAD2026_CURRENT.ZIP
Garrett On The Green,1417 N Garrett Ave,Dallas,Texas,20,sold,,2025-10-08,Ikkando Co LTD,,,Website,https://www.dallascad.org/ViewPDFs.aspx?type=3&id=\\DCAD.ORG\WEB\WEBDATA\WEBFORMS\DATA PRODUCTS\DCAD2026_CURRENT.ZIP
Grigsby Place,1625 Grigsby Ave,Dallas,Texas,20,sold,,2025-06-16,Grigsby Place LLC,,,Website,https://www.dallascad.org/ViewPDFs.aspx?type=3&id=\\DCAD.ORG\WEB\WEBDATA\WEBFORMS\DATA PRODUCTS\DCAD2026_CURRENT.ZIP
Hya Oak Lawn,3912 N Hall St,Dallas,Texas,20,sold,,2024-12-04,Hawlins Owner LLC,,,Website,https://www.dallascad.org/ViewPDFs.aspx?type=3&id=\\DCAD.ORG\WEB\WEBDATA\WEBFORMS\DATA PRODUCTS\DCAD2026_CURRENT.ZIP
Landmark At Lake Village East - 20 Units,6133 Marvin Loving Dr,Garland,Texas,20,sold,,2025-03-11,Edcouch Community Housing,,,Website,https://www.dallascad.org/ViewPDFs.aspx?type=3&id=\\DCAD.ORG\WEB\WEBDATA\WEBFORMS\DATA PRODUCTS\DCAD2026_CURRENT.ZIP
Manor Oaks,3913 Rawlins St,Dallas,Texas,20,sold,,2024-12-04,Hawlins Owner LLC,,,Website,https://www.dallascad.org/ViewPDFs.aspx?type=3&id=\\DCAD.ORG\WEB\WEBDATA\WEBFORMS\DATA PRODUCTS\DCAD2026_CURRENT.ZIP
Monticello Manor,4701 Mckinney Ave,Dallas,Texas,20,sold,,2025-06-10,4701 Mckinney Ave LLC &,,,Website,https://www.dallascad.org/ViewPDFs.aspx?type=3&id=\\DCAD.ORG\WEB\WEBDATA\WEBFORMS\DATA PRODUCTS\DCAD2026_CURRENT.ZIP
St Francis Apts,708 N Marsalis Ave,Dallas,Texas,20,sold,,2026-06-25,Nobel Source Company LLC,,,Website,https://www.dallascad.org/ViewPDFs.aspx?type=3&id=\\DCAD.ORG\WEB\WEBDATA\WEBFORMS\DATA PRODUCTS\DCAD2026_CURRENT.ZIP
Swiss Hamptons,4322 Swiss Ave,Dallas,Texas,20,sold,,2024-12-04,Swiss Hamptons Dallas LLC,,,Website,https://www.dallascad.org/ViewPDFs.aspx?type=3&id=\\DCAD.ORG\WEB\WEBDATA\WEBFORMS\DATA PRODUCTS\DCAD2026_CURRENT.ZIP
The Oaks At Carrell Street Apartments,722 Carrell St.,Tomball,Texas,20,under construction,2027-06-18,,,Oaks At Carrell Street LLC,(281) 394-1172,State project record,https://www.tdlr.texas.gov/TABS/Search/Project/TABS2025024549
2015 Johanna Dr,2015 Johanna Dr,Houston,Texas,18,sold,,2025-06-23,Johanna Ventures LLC,,,Website,https://download.hcad.org/data/CAMA/2026/Real_acct_owner.zip
2104 James Bowie Dr,2104 James Bowie Dr,Baytown,Texas,18,sold,,2025-07-18,Luna Bay Townhomes LLC,,,Website,https://download.hcad.org/data/CAMA/2026/Real_acct_owner.zip
8011 Bendell Dr,8011 Bendell Dr,Houston,Texas,18,sold,,2025-03-27,Robinson St LLC,,,Website,https://download.hcad.org/data/CAMA/2026/Real_acct_owner.zip
1920 Richmond Ave,1920 Richmond Ave,Houston,Texas,17,sold,,2025-05-09,Celina Commons LLC,,,Website,https://download.hcad.org/data/CAMA/2026/Real_acct_owner.zip
6010 Dashwood Dr,6010 Dashwood Dr,Houston,Texas,14,sold,,2024-11-25,Frida Garden LLC,,,Website,https://download.hcad.org/data/CAMA/2026/Real_acct_owner.zip
1017 Skylark Rd,1017 Skylark Rd,Pasadena,Texas,13,sold,,2024-12-19,Palms Townhomes LLC,,,Website,https://download.hcad.org/data/CAMA/2026/Real_acct_owner.zip
N Main Apartments,2600 N Main St.,Houston,Texas,12,under construction,2026-11-15,,,2600 N. Main,(713) 906-5149,State project record,https://www.tdlr.texas.gov/TABS/Search/Project/TABS2025023705
9607 Riddlewood Ln,9607 Riddlewood Ln,Houston,Texas,8,sold,,2025-05-07,Highlands Reidential Mortgage LTD,,,Website,https://download.hcad.org/data/CAMA/2026/Real_acct_owner.zip
RMSphere Asset Management Apartments,13303 Bammel North Houston Rd.,Houston,Texas,1,under construction,2026-08-28,,,RMSphere Asset Management Inc,(832) 491-4904,State project record,https://www.tdlr.texas.gov/TABS/Search/Project/TABS2025007118
Haggard Farm Townhomes,,Plano,Texas,,planned,,,,,,City filing,https://plano.legistar.com/LegislationDetail.aspx?ID=1540
Apartment complex on Sherman Street,"Sherman Street, Richardson, TX",Richardson,Texas,,planned,,,,,,News,https://communityimpact.com/richardson/housing-real-estate/richardson-city-council-approves-apartment-complex-on-sherman-street/
Collin Creek Multifamily,"811 N Central Expressway, Plano, TX 75075",Plano,Texas,,permitted,2027-07-30,,,,,City filing,https://www.zabalist.com/projects/TABS2026023342
JLB West Cityline,"3500 Routh Creek Pkwy, Richardson, TX 75082",Richardson,Texas,,permitted,2027-06-30,,,,,City filing,https://www.zabalist.com/projects/TABS2025022864
Haggard Farm,"Spring Creek Parkway and Parkwood Boulevard, Plano, TX 75024",Plano,Texas,,under construction,2027-10-01,,,,,News,https://communityimpact.com/plano/development/haggard-farm-development-going-vertical-in-coming-months/
1 N Atlantic St,1 N Atlantic St,Baytown,Texas,,sold,,2024-10-15,Smi Baytown I LLC,,,Website,https://download.hcad.org/data/CAMA/2026/Real_acct_owner.zip
10001 Mesa Dr,10001 Mesa Dr,Houston,Texas,,sold,,2024-10-03,Hchfc Mesa Gardens Landowner LLC,,,Website,https://download.hcad.org/data/CAMA/2026/Real_acct_owner.zip
10902 Pine Peak Way,10902 Pine Peak Way,Humble,Texas,,sold,,2025-10-24,Rk Glade Apartments LLC,,,Website,https://download.hcad.org/data/CAMA/2026/Real_acct_owner.zip
1401 South Lamar Multifamily and Garage,1401 S Lamar,Austin,Texas,,under construction,2025-09-01,,,Seamless SOLA I LP,(512) 330-9502,State project record,https://www.tdlr.texas.gov/TABS/Search/Project/TABS2025025389
16200 Highway 3,16200 Highway 3,Webster,Texas,,sold,,2025-09-23,Ch Realty X-Oht Mf Houston,,,Website,https://download.hcad.org/data/CAMA/2026/Real_acct_owner.zip
19th Street Apartments,2615 19th Street,Lubbock,Texas,,under construction,2028-06-01,,,Pinecrest 2601/2615 19th LLC,(646) 385-3169,State project record,https://www.tdlr.texas.gov/TABS/Search/Project/TABS2026008632
201 Boyett Street Apartments,201 Boyett St,College Station,Texas,,under construction,2027-06-02,,,"Parallel, Co",(512) 265-1130,State project record,https://www.tdlr.texas.gov/TABS/Search/Project/TABS2025009675
2121 Broadway Apartments,2121 Broadway St,Houston,Texas,,under construction,2026-08-28,,,"PMG Project Management Group, LLC",(713) 880-2626,State project record,https://www.tdlr.texas.gov/TABS/Search/Project/TABS2025014674
2215 Spring Stuebner Rd,2215 Spring Stuebner Rd,Spring,Texas,,sold,,2025-07-07,Northwoods Apartments LP,,,Website,https://download.hcad.org/data/CAMA/2026/Real_acct_owner.zip
23615 Kingsland Blvd,23615 Kingsland Blvd,Katy,Texas,,sold,,2025-06-23,Oht Katy Gap LP,"OHT Partners, LLC",(512) 813-7103,Website,https://download.hcad.org/data/CAMA/2026/Real_acct_owner.zip
24002 Colonial Pky,24002 Colonial Pky,Katy,Texas,,sold,,2024-09-15,Bellrock Market Station Holdings LP,,,Website,https://download.hcad.org/data/CAMA/2026/Real_acct_owner.zip
3810 Transportation Way Unit 329 - PLAN 3B,3810 Transportation Way Apt 329,San Marcos,Texas,,permitted,,,,,,City of San Marcos building permits,https://www.sanmarcostx.gov/254/Building-Permits
435 Janisch Rd,435 Janisch Rd,Houston,Texas,,sold,,2025-03-28,Janisch Road Apartments Ll,,,Website,https://download.hcad.org/data/CAMA/2026/Real_acct_owner.zip
4458 Nasa Road 1,4458 Nasa Road 1,Seabrook,Texas,,sold,,2025-09-26,Dpeg Management LLC,,,Website,https://download.hcad.org/data/CAMA/2026/Real_acct_owner.zip
450 Crawford St,"450 Crawford St, Fort Worth",Fort Worth,Texas,,permitted,,,,,,State permit data,https://www.tad.org/content/data-download/2026CommPermits.zip
5550 LBJ Multifamily - Phase I,5550 LBJ Freeway,Dallas,Texas,,under construction,2028-02-01,,,"LBJ Financial JV, LLC",(806) 224-3380,State project record,https://www.tdlr.texas.gov/TABS/Search/Project/TABS2026005264
5600 Dancy Rd,5600 Dancy Rd,Houston,Texas,,sold,,2024-09-19,Spr Sre Tanner Road II Owner LP C/O The Carlyle Group,,,Website,https://download.hcad.org/data/CAMA/2026/Real_acct_owner.zip
6401 Washington Ave,6401 Washington Ave,Houston,Texas,,sold,,2024-10-16,Lcp Mfiii Memorial LLC,,,Website,https://download.hcad.org/data/CAMA/2026/Real_acct_owner.zip
"77,578 Sf/ New Apartment W/Sitewrk (M/3)1-4-5-R2/A3-A/21 Ibc/Spk13",2611 Saint Charles St,Houston,Texas,,permitted,,,,,,Houston weekly permit list,https://www.houstontx.gov/planning/DevelopRegs/
807 Lehman St,807 Lehman St,Houston,Texas,,sold,,2024-11-22,Lehman Development Partners LLC,,,Website,https://download.hcad.org/data/CAMA/2026/Real_acct_owner.zip
810 Oak Ave,810 Oak Ave,Houston,Texas,,sold,,2024-11-11,Hchfc Lost Oaks Landowner LLC,,,Website,https://download.hcad.org/data/CAMA/2026/Real_acct_owner.zip
811 Park Lofts,811 Park Ave,San Antonio,Texas,,under construction,2027-03-01,,,811 And 815 E Park Ave LLC,(210) 540-6000,State project record,https://www.tdlr.texas.gov/TABS/Search/Project/TABS2026005754
904 Collier St (The Coop Planned),"904 Collier St, Fort Worth",Fort Worth,Texas,,permitted,,,,,,State permit data,https://www.tad.org/content/data-download/2026CommPermits.zip
ACU Apartment,525 East North 19th Street,Abilene,Texas,,under construction,2026-10-26,,,Abilene Christian University,(325) 674-2535,State project record,https://www.tdlr.texas.gov/TABS/Search/Project/TABS2026014371
AFF - 13039 SW 410 Building 1 - The Orion Apartments,"13039 SW 410, City of San Antonio, TX 78224",San Antonio,Texas,,permitted,,,,,,Website,https://data.sanantonio.gov/api/3/action/datastore_search_sql
Alpine At The Square,"701 Saginaw Square Blvd, Saginaw",Saginaw,Texas,,permitted,,,,,,State permit data,https://www.tad.org/content/data-download/2025CommPermits.zip
"Apartments At Mckaskle Road Building A, B, & C",15410 Mckaskle Road,Sugar Land,Texas,,under construction,2025-12-31,,,Partners Realty And Development LP,(281) 777-7944,State project record,https://www.tdlr.texas.gov/TABS/Search/Project/TABS2025001215
ASTORIA ADDITION Block 2 Lot 34R,"3741 Stalcup Rd, Fort Worth",Fort Worth,Texas,,permitted,,,,,,State permit data,https://www.tad.org/content/data-download/2026CommPermits.zip
Azle Ave Apts LLC,"5050 Azle Ave, Fort Worth",Fort Worth,Texas,,permitted,,,,,,State permit data,https://www.tad.org/content/data-download/2025CommPermits.zip
Apartments (3+ dwelling units),509 Debbie Lane Garage 9,Arlington,Texas,,permitted,,,,,,City of Arlington issued permits,https://opendata.arlingtontx.gov/
Apartments (3+ dwelling units),756 W Turner Warnell Road Bldg 3,Arlington,Texas,,permitted,,,,,,City of Arlington issued permits,https://opendata.arlingtontx.gov/
Apartments (3+ dwelling units),754 W Turner Warnell Road Bldg 4,Arlington,Texas,,permitted,,,,,,City of Arlington issued permits,https://opendata.arlingtontx.gov/
Apartments (3+ dwelling units),758 W Turner Warnell Road Bldg 2,Arlington,Texas,,permitted,,,,,,City of Arlington issued permits,https://opendata.arlingtontx.gov/
Apartments (3+ dwelling units),752 W Turner Warnell Road Bldg 5,Arlington,Texas,,permitted,,,,,,City of Arlington issued permits,https://opendata.arlingtontx.gov/
Apartments (3+ dwelling units),505 Mary Street,Arlington,Texas,,permitted,,,,,,City of Arlington issued permits,https://opendata.arlingtontx.gov/
Apartments (3+ dwelling units),714 Benge Drive Bldg 1,Arlington,Texas,,permitted,,,,,,City of Arlington issued permits,https://opendata.arlingtontx.gov/
Apartments (3+ dwelling units),710 Benge Drive Bldg 2,Arlington,Texas,,permitted,,,,,,City of Arlington issued permits,https://opendata.arlingtontx.gov/
Apartments (3+ dwelling units),712 Benge Drive Bldg 3,Arlington,Texas,,permitted,,,,,,City of Arlington issued permits,https://opendata.arlingtontx.gov/
Apartments (3+ dwelling units),509 DEBBIE LANE Unit 100,Arlington,Texas,,permitted,,,,,,City of Arlington issued permits,https://opendata.arlingtontx.gov/
Apartments (3+ dwelling units),3703 Dr. MLK JR. Drive Bldg 7,Arlington,Texas,,permitted,,,,,,City of Arlington issued permits,https://opendata.arlingtontx.gov/
Apartments (3+ dwelling units),3705 Dr. MLK JR. Drive Bldg 6,Arlington,Texas,,permitted,,,,,,City of Arlington issued permits,https://opendata.arlingtontx.gov/
Apartments (3+ dwelling units),3707 Dr. MLK JR. Drive Bldg 5,Arlington,Texas,,permitted,,,,,,City of Arlington issued permits,https://opendata.arlingtontx.gov/
Apartments (3+ dwelling units),3711 Dr. MLK JR. Drive Bldg 3,Arlington,Texas,,permitted,,,,,,City of Arlington issued permits,https://opendata.arlingtontx.gov/
Apartments (3+ dwelling units),1821 Mansfield Webb Rd,Arlington,Texas,,permitted,,,,,,City of Arlington issued permits,https://opendata.arlingtontx.gov/
Apartments (3+ dwelling units),1819 Mansfield Webb Rd,Arlington,Texas,,permitted,,,,,,City of Arlington issued permits,https://opendata.arlingtontx.gov/
Apartments (3+ dwelling units),1817 Mansfield Webb Rd,Arlington,Texas,,permitted,,,,,,City of Arlington issued permits,https://opendata.arlingtontx.gov/
Apartments (3+ dwelling units),1815 Mansfield Webb Rd,Arlington,Texas,,permitted,,,,,,City of Arlington issued permits,https://opendata.arlingtontx.gov/
Apartments (3+ dwelling units),1811 Mansfield Webb Rd,Arlington,Texas,,permitted,,,,,,City of Arlington issued permits,https://opendata.arlingtontx.gov/
Apartments (3+ dwelling units),1809 Mansfield Webb Rd,Arlington,Texas,,permitted,,,,,,City of Arlington issued permits,https://opendata.arlingtontx.gov/
Apartments (3+ dwelling units),1835 Mansfield Webb Rd,Arlington,Texas,,permitted,,,,,,City of Arlington issued permits,https://opendata.arlingtontx.gov/
Apartments (3+ dwelling units),1833 Mansfield Webb Rd,Arlington,Texas,,permitted,,,,,,City of Arlington issued permits,https://opendata.arlingtontx.gov/
Apartments (3+ dwelling units),1797 Mansfield Webb Rd,Arlington,Texas,,permitted,,,,,,City of Arlington issued permits,https://opendata.arlingtontx.gov/
Apartments (3+ dwelling units),1827 Mansfield Webb Rd,Arlington,Texas,,permitted,,,,,,City of Arlington issued permits,https://opendata.arlingtontx.gov/
Apartments (3+ dwelling units),1825 Mansfield Webb Rd,Arlington,Texas,,permitted,,,,,,City of Arlington issued permits,https://opendata.arlingtontx.gov/
Apartments (3+ dwelling units),1823 Mansfield Webb Rd,Arlington,Texas,,permitted,,,,,,City of Arlington issued permits,https://opendata.arlingtontx.gov/
Apartments (3+ dwelling units),1851 Mansfield Webb Rd,Arlington,Texas,,permitted,,,,,,City of Arlington issued permits,https://opendata.arlingtontx.gov/
Apartments (3+ dwelling units),1853 Mansfield Webb Rd,Arlington,Texas,,permitted,,,,,,City of Arlington issued permits,https://opendata.arlingtontx.gov/
Apartments (3+ dwelling units),1855 Mansfield Webb Rd,Arlington,Texas,,permitted,,,,,,City of Arlington issued permits,https://opendata.arlingtontx.gov/
Apartments (3+ dwelling units),1837 Mansfield Webb Rd,Arlington,Texas,,permitted,,,,,,City of Arlington issued permits,https://opendata.arlingtontx.gov/
Apartments (3+ dwelling units),1857 Mansfield Webb Rd,Arlington,Texas,,permitted,,,,,,City of Arlington issued permits,https://opendata.arlingtontx.gov/
Apartments (3+ dwelling units),1769 Mansfield Webb Rd,Arlington,Texas,,permitted,,,,,,City of Arlington issued permits,https://opendata.arlingtontx.gov/
Apartments (3+ dwelling units),1841 Mansfield Webb Road,Arlington,Texas,,permitted,,,,,,City of Arlington issued permits,https://opendata.arlingtontx.gov/
Apartments (3+ dwelling units),1843 Mansfield Webb Road,Arlington,Texas,,permitted,,,,,,City of Arlington issued permits,https://opendata.arlingtontx.gov/
Apartments (3+ dwelling units),1839 Mansfield Webb Rd,Arlington,Texas,,permitted,,,,,,City of Arlington issued permits,https://opendata.arlingtontx.gov/
Apartments (3+ dwelling units),1701 Mansfield Webb Rd Garage 1,Arlington,Texas,,permitted,,,,,,City of Arlington issued permits,https://opendata.arlingtontx.gov/
Apartments (3+ dwelling units),1701 Mansfield Webb Rd Garage 4,Arlington,Texas,,permitted,,,,,,City of Arlington issued permits,https://opendata.arlingtontx.gov/
Apartments (3+ dwelling units),800 W Bardin Road,Arlington,Texas,,permitted,,,,,,City of Arlington issued permits,https://opendata.arlingtontx.gov/
Apartments (3+ dwelling units),1727  WESTVIEW TER  Bldg OFFICE,Arlington,Texas,,permitted,,,,,,City of Arlington issued permits,https://opendata.arlingtontx.gov/
Apartments (3+ dwelling units),100 W Arbrook Boulevard,Arlington,Texas,,permitted,,,,,,City of Arlington issued permits,https://opendata.arlingtontx.gov/
Apartments (3+ dwelling units),206A Slaughter Street,Arlington,Texas,,permitted,,,,,,City of Arlington issued permits,https://opendata.arlingtontx.gov/
Apartments (3+ dwelling units),3925 VIRIDIAN VILLAGE DRIVE Unit E1,Arlington,Texas,,permitted,,,,,,City of Arlington issued permits,https://opendata.arlingtontx.gov/
Apartments (3+ dwelling units),1799 Mansfield Webb Rd,Arlington,Texas,,permitted,,,,,,City of Arlington issued permits,https://opendata.arlingtontx.gov/
Apartments (3+ dwelling units),1803 Mansfield Webb Rd,Arlington,Texas,,permitted,,,,,,City of Arlington issued permits,https://opendata.arlingtontx.gov/
Apartments (3+ dwelling units),1805 Mansfield Webb Rd,Arlington,Texas,,permitted,,,,,,City of Arlington issued permits,https://opendata.arlingtontx.gov/
Apartments (3+ dwelling units),1807 Mansfield Webb Rd,Arlington,Texas,,permitted,,,,,,City of Arlington issued permits,https://opendata.arlingtontx.gov/
Apartments (3+ dwelling units),1703 Mansfield Webb Rd,Arlington,Texas,,permitted,,,,,,City of Arlington issued permits,https://opendata.arlingtontx.gov/
Apartments (3+ dwelling units),1705 Mansfield Webb Rd,Arlington,Texas,,permitted,,,,,,City of Arlington issued permits,https://opendata.arlingtontx.gov/
Apartments (3+ dwelling units),1707 Mansfield Webb Rd,Arlington,Texas,,permitted,,,,,,City of Arlington issued permits,https://opendata.arlingtontx.gov/
Apartments (3+ dwelling units),1709 Mansfield Webb Rd,Arlington,Texas,,permitted,,,,,,City of Arlington issued permits,https://opendata.arlingtontx.gov/
Apartments (3+ dwelling units),1711 Mansfield Webb Rd,Arlington,Texas,,permitted,,,,,,City of Arlington issued permits,https://opendata.arlingtontx.gov/
Apartments (3+ dwelling units),1715 Mansfield Webb Rd,Arlington,Texas,,permitted,,,,,,City of Arlington issued permits,https://opendata.arlingtontx.gov/
Apartments (3+ dwelling units),1701 Mansfield Webb Rd Garage 5,Arlington,Texas,,permitted,,,,,,City of Arlington issued permits,https://opendata.arlingtontx.gov/
Apartments (3+ dwelling units),1701 Mansfield Webb Rd Garage 6,Arlington,Texas,,permitted,,,,,,City of Arlington issued permits,https://opendata.arlingtontx.gov/
Apartments (3+ dwelling units),1701 Mansfield Webb Rd Garage 7,Arlington,Texas,,permitted,,,,,,City of Arlington issued permits,https://opendata.arlingtontx.gov/
Apartments (3+ dwelling units),1701 Mansfield Webb Rd Garage 9,Arlington,Texas,,permitted,,,,,,City of Arlington issued permits,https://opendata.arlingtontx.gov/
Apartments (3+ dwelling units),1701 Mansfield Webb Rd Garage 8,Arlington,Texas,,permitted,,,,,,City of Arlington issued permits,https://opendata.arlingtontx.gov/
Apartments (3+ dwelling units),1701 Mansfield Webb Rd Garage 10,Arlington,Texas,,permitted,,,,,,City of Arlington issued permits,https://opendata.arlingtontx.gov/
Apartments (3+ dwelling units),1701 Mansfield Webb Rd Garage 12,Arlington,Texas,,permitted,,,,,,City of Arlington issued permits,https://opendata.arlingtontx.gov/
Apartments (3+ dwelling units),1701 Mansfield Webb Rd Garage 11,Arlington,Texas,,permitted,,,,,,City of Arlington issued permits,https://opendata.arlingtontx.gov/
Apartments (3+ dwelling units),1701 Mansfield Webb Rd Garage 3,Arlington,Texas,,permitted,,,,,,City of Arlington issued permits,https://opendata.arlingtontx.gov/
Apartments (3+ dwelling units),1701 Mansfield Webb Rd Garage 2,Arlington,Texas,,permitted,,,,,,City of Arlington issued permits,https://opendata.arlingtontx.gov/
Apartments (3+ dwelling units),1795 Mansfield Webb Rd,Arlington,Texas,,permitted,,,,,,City of Arlington issued permits,https://opendata.arlingtontx.gov/
Apartments (3+ dwelling units),1717 Mansfield Webb Rd,Arlington,Texas,,permitted,,,,,,City of Arlington issued permits,https://opendata.arlingtontx.gov/
Apartments (3+ dwelling units),1719 Mansfield Webb Rd,Arlington,Texas,,permitted,,,,,,City of Arlington issued permits,https://opendata.arlingtontx.gov/
Apartments (3+ dwelling units),1801 Mansfield Webb Rd,Arlington,Texas,,permitted,,,,,,City of Arlington issued permits,https://opendata.arlingtontx.gov/
Apartments (3+ dwelling units),1723 Mansfield Webb Rd,Arlington,Texas,,permitted,,,,,,City of Arlington issued permits,https://opendata.arlingtontx.gov/
Apartments (3+ dwelling units),1725 Mansfield Webb Rd,Arlington,Texas,,permitted,,,,,,City of Arlington issued permits,https://opendata.arlingtontx.gov/
Apartments (3+ dwelling units),1721 Mansfield Webb Rd,Arlington,Texas,,permitted,,,,,,City of Arlington issued permits,https://opendata.arlingtontx.gov/
Apartments (3+ dwelling units),8100 S Collins Street,Arlington,Texas,,permitted,,,,,,City of Arlington issued permits,https://opendata.arlingtontx.gov/
Apartments (3+ dwelling units),1831 Mansfield Webb Rd,Arlington,Texas,,permitted,,,,,,City of Arlington issued permits,https://opendata.arlingtontx.gov/
Apartments (3+ dwelling units),1829 Mansfield Webb Rd,Arlington,Texas,,permitted,,,,,,City of Arlington issued permits,https://opendata.arlingtontx.gov/
Apartments (3+ dwelling units),1793 Mansfield Webb Rd,Arlington,Texas,,permitted,,,,,,City of Arlington issued permits,https://opendata.arlingtontx.gov/
Apartments (3+ dwelling units),1791 Mansfield Webb Rd,Arlington,Texas,,permitted,,,,,,City of Arlington issued permits,https://opendata.arlingtontx.gov/
Apartments (3+ dwelling units),1789 Mansfield Webb Rd,Arlington,Texas,,permitted,,,,,,City of Arlington issued permits,https://opendata.arlingtontx.gov/
Apartments (3+ dwelling units),1787 Mansfield Webb Rd,Arlington,Texas,,permitted,,,,,,City of Arlington issued permits,https://opendata.arlingtontx.gov/
Apartments (3+ dwelling units),1785 Mansfield Webb Rd,Arlington,Texas,,permitted,,,,,,City of Arlington issued permits,https://opendata.arlingtontx.gov/
Apartments (3+ dwelling units),1779 Mansfield Webb Rd,Arlington,Texas,,permitted,,,,,,City of Arlington issued permits,https://opendata.arlingtontx.gov/
Apartments (3+ dwelling units),1777 Mansfield Webb Rd,Arlington,Texas,,permitted,,,,,,City of Arlington issued permits,https://opendata.arlingtontx.gov/
Apartments (3+ dwelling units),1745 Mansfield Webb Rd,Arlington,Texas,,permitted,,,,,,City of Arlington issued permits,https://opendata.arlingtontx.gov/
Apartments (3+ dwelling units),1741 Mansfield Webb Rd,Arlington,Texas,,permitted,,,,,,City of Arlington issued permits,https://opendata.arlingtontx.gov/
Apartments (3+ dwelling units),1739 Mansfield Webb Rd,Arlington,Texas,,permitted,,,,,,City of Arlington issued permits,https://opendata.arlingtontx.gov/
Apartments (3+ dwelling units),1737 Mansfield Webb Rd,Arlington,Texas,,permitted,,,,,,City of Arlington issued permits,https://opendata.arlingtontx.gov/
Apartments (3+ dwelling units),1735 Mansfield Webb Rd,Arlington,Texas,,permitted,,,,,,City of Arlington issued permits,https://opendata.arlingtontx.gov/
Apartments (3+ dwelling units),1733 Mansfield Webb Rd,Arlington,Texas,,permitted,,,,,,City of Arlington issued permits,https://opendata.arlingtontx.gov/
Apartments (3+ dwelling units),1731 Mansfield Webb Rd,Arlington,Texas,,permitted,,,,,,City of Arlington issued permits,https://opendata.arlingtontx.gov/
Apartments (3+ dwelling units),1729 Mansfield Webb Rd,Arlington,Texas,,permitted,,,,,,City of Arlington issued permits,https://opendata.arlingtontx.gov/
Apartments (3+ dwelling units),1727 Mansfield Webb Rd,Arlington,Texas,,permitted,,,,,,City of Arlington issued permits,https://opendata.arlingtontx.gov/
Apartments (3+ dwelling units),320 E STEPHENS STREET Bldg,Arlington,Texas,,permitted,,,,,,City of Arlington issued permits,https://opendata.arlingtontx.gov/
Apartments (3+ dwelling units),2533 W Randol Mill Road,Arlington,Texas,,permitted,,,,,,City of Arlington issued permits,https://opendata.arlingtontx.gov/
Apartments (3+ dwelling units),2551 W Randol Mill Rd,Arlington,Texas,,permitted,,,,,,City of Arlington issued permits,https://opendata.arlingtontx.gov/
Apartments (3+ dwelling units),2549 W Randol Mill Road,Arlington,Texas,,permitted,,,,,,City of Arlington issued permits,https://opendata.arlingtontx.gov/
Apartments (3+ dwelling units),2545 W Randol Mill Rd,Arlington,Texas,,permitted,,,,,,City of Arlington issued permits,https://opendata.arlingtontx.gov/
Apartments (3+ dwelling units),2541 W Randol Mill Rd,Arlington,Texas,,permitted,,,,,,City of Arlington issued permits,https://opendata.arlingtontx.gov/
Apartments (3+ dwelling units),2537 W Randol Mill Rd,Arlington,Texas,,permitted,,,,,,City of Arlington issued permits,https://opendata.arlingtontx.gov/
Apartments (3+ dwelling units),2559 W Randol Mill Rd,Arlington,Texas,,permitted,,,,,,City of Arlington issued permits,https://opendata.arlingtontx.gov/
Apartments (3+ dwelling units),2555 W Randol Mill Rd,Arlington,Texas,,permitted,,,,,,City of Arlington issued permits,https://opendata.arlingtontx.gov/
Apartments (3+ dwelling units),2567 W Randol Mill Rd,Arlington,Texas,,permitted,,,,,,City of Arlington issued permits,https://opendata.arlingtontx.gov/
Apartments (3+ dwelling units),2563 W Randol Mill Rd,Arlington,Texas,,permitted,,,,,,City of Arlington issued permits,https://opendata.arlingtontx.gov/
Apartments (3+ dwelling units),2571 W Randol Mill Road,Arlington,Texas,,permitted,,,,,,City of Arlington issued permits,https://opendata.arlingtontx.gov/
Apartments (3+ dwelling units),2575 W Randol Mill Rd,Arlington,Texas,,permitted,,,,,,City of Arlington issued permits,https://opendata.arlingtontx.gov/
Apartments (3+ dwelling units),2579 W Randol Mill Rd,Arlington,Texas,,permitted,,,,,,City of Arlington issued permits,https://opendata.arlingtontx.gov/
Apartments (3+ dwelling units),2583 W Randol Mill Rd,Arlington,Texas,,permitted,,,,,,City of Arlington issued permits,https://opendata.arlingtontx.gov/
Apartments (3+ dwelling units),2587 W Randol Mill Rd,Arlington,Texas,,permitted,,,,,,City of Arlington issued permits,https://opendata.arlingtontx.gov/
Apartments (3+ dwelling units),206F Slaughter Street,Arlington,Texas,,permitted,,,,,,City of Arlington issued permits,https://opendata.arlingtontx.gov/
Apartments (3+ dwelling units),206E Slaughter Street,Arlington,Texas,,permitted,,,,,,City of Arlington issued permits,https://opendata.arlingtontx.gov/
Apartments (3+ dwelling units),206D Slaughter Street,Arlington,Texas,,permitted,,,,,,City of Arlington issued permits,https://opendata.arlingtontx.gov/
Apartments (3+ dwelling units),206C Slaughter Street,Arlington,Texas,,permitted,,,,,,City of Arlington issued permits,https://opendata.arlingtontx.gov/
Apartments (3+ dwelling units),206B Slaughter Street,Arlington,Texas,,permitted,,,,,,City of Arlington issued permits,https://opendata.arlingtontx.gov/
Apartments (3+ dwelling units),1771 Mansfield Webb Rd,Arlington,Texas,,permitted,,,,,,City of Arlington issued permits,https://opendata.arlingtontx.gov/
Apartments (3+ dwelling units),1783 Mansfield Webb Rd,Arlington,Texas,,permitted,,,,,,City of Arlington issued permits,https://opendata.arlingtontx.gov/
Apartments (3+ dwelling units),1781 Mansfield Webb Rd,Arlington,Texas,,permitted,,,,,,City of Arlington issued permits,https://opendata.arlingtontx.gov/
Apartments (3+ dwelling units),1751 Mansfield Webb Rd,Arlington,Texas,,permitted,,,,,,City of Arlington issued permits,https://opendata.arlingtontx.gov/
Apartments (3+ dwelling units),1747 Mansfield Webb Rd,Arlington,Texas,,permitted,,,,,,City of Arlington issued permits,https://opendata.arlingtontx.gov/
Apartments (3+ dwelling units),1749 Mansfield Webb Rd,Arlington,Texas,,permitted,,,,,,City of Arlington issued permits,https://opendata.arlingtontx.gov/
Apartments (3+ dwelling units),1743 Mansfield Webb Rd,Arlington,Texas,,permitted,,,,,,City of Arlington issued permits,https://opendata.arlingtontx.gov/
Apartments (3+ dwelling units),1775 Mansfield Webb Rd,Arlington,Texas,,permitted,,,,,,City of Arlington issued permits,https://opendata.arlingtontx.gov/
Apartments (3+ dwelling units),1773 Mansfield Webb Rd,Arlington,Texas,,permitted,,,,,,City of Arlington issued permits,https://opendata.arlingtontx.gov/
Apartments (3+ dwelling units),300 E Stephens St Garage 9,Arlington,Texas,,permitted,,,,,,City of Arlington issued permits,https://opendata.arlingtontx.gov/
Apartments (3+ dwelling units),300 E Stephens St Garage 8,Arlington,Texas,,permitted,,,,,,City of Arlington issued permits,https://opendata.arlingtontx.gov/
Apartments (3+ dwelling units),300 E Stephens St Garage 7,Arlington,Texas,,permitted,,,,,,City of Arlington issued permits,https://opendata.arlingtontx.gov/
Apartments (3+ dwelling units),300 E Stephens St Garage 6,Arlington,Texas,,permitted,,,,,,City of Arlington issued permits,https://opendata.arlingtontx.gov/
Apartments (3+ dwelling units),300 E Stephens St Garage 5,Arlington,Texas,,permitted,,,,,,City of Arlington issued permits,https://opendata.arlingtontx.gov/
Apartments (3+ dwelling units),300 E Stephens St Garage 4,Arlington,Texas,,permitted,,,,,,City of Arlington issued permits,https://opendata.arlingtontx.gov/
Apartments (3+ dwelling units),300 E Stephens St Garage 3,Arlington,Texas,,permitted,,,,,,City of Arlington issued permits,https://opendata.arlingtontx.gov/
Apartments (3+ dwelling units),300 E Stephens St Garage 2,Arlington,Texas,,permitted,,,,,,City of Arlington issued permits,https://opendata.arlingtontx.gov/
Apartments (3+ dwelling units),300 E Stephens St Garage 1,Arlington,Texas,,permitted,,,,,,City of Arlington issued permits,https://opendata.arlingtontx.gov/
Apartments (3+ dwelling units),1753 Mansfield Webb Rd,Arlington,Texas,,permitted,,,,,,City of Arlington issued permits,https://opendata.arlingtontx.gov/
Apartments (3+ dwelling units),1761 Mansfield Webb Rd,Arlington,Texas,,permitted,,,,,,City of Arlington issued permits,https://opendata.arlingtontx.gov/
Apartments (3+ dwelling units),1757 Mansfield Webb Rd,Arlington,Texas,,permitted,,,,,,City of Arlington issued permits,https://opendata.arlingtontx.gov/
Apartments (3+ dwelling units),1755 Mansfield Webb Rd,Arlington,Texas,,permitted,,,,,,City of Arlington issued permits,https://opendata.arlingtontx.gov/
Apartments (3+ dwelling units),1759 Mansfield Webb Rd,Arlington,Texas,,permitted,,,,,,City of Arlington issued permits,https://opendata.arlingtontx.gov/
Apartments (3+ dwelling units),1767 Mansfield Webb Rd,Arlington,Texas,,permitted,,,,,,City of Arlington issued permits,https://opendata.arlingtontx.gov/
Apartments (3+ dwelling units),1765 Mansfield Webb Rd,Arlington,Texas,,permitted,,,,,,City of Arlington issued permits,https://opendata.arlingtontx.gov/
Apartments (3+ dwelling units),1763 Mansfield Webb Rd,Arlington,Texas,,permitted,,,,,,City of Arlington issued permits,https://opendata.arlingtontx.gov/
Apartments (3+ dwelling units),2403  BROWN BLV  Bldg OFFICE,Arlington,Texas,,permitted,,,,,,City of Arlington issued permits,https://opendata.arlingtontx.gov/
Apartments (3+ dwelling units),130 W Arbrook Boulevard,Arlington,Texas,,permitted,,,,,,City of Arlington issued permits,https://opendata.arlingtontx.gov/
Apartments (3+ dwelling units),110 W Arbrook Boulevard,Arlington,Texas,,permitted,,,,,,City of Arlington issued permits,https://opendata.arlingtontx.gov/
Apartments (3+ dwelling units),2345 Ascension Boulevard,Arlington,Texas,,permitted,,,,,,City of Arlington issued permits,https://opendata.arlingtontx.gov/
Apartments (3+ dwelling units),2341 Ascension Boulevard,Arlington,Texas,,permitted,,,,,,City of Arlington issued permits,https://opendata.arlingtontx.gov/
Apartments (3+ dwelling units),2337 Ascension Boulevard,Arlington,Texas,,permitted,,,,,,City of Arlington issued permits,https://opendata.arlingtontx.gov/
Apartments (3+ dwelling units),2333 Ascension Boulevard,Arlington,Texas,,permitted,,,,,,City of Arlington issued permits,https://opendata.arlingtontx.gov/
Apartments (3+ dwelling units),2329 Ascension Blv,Arlington,Texas,,permitted,,,,,,City of Arlington issued permits,https://opendata.arlingtontx.gov/
Apartments (3+ dwelling units),2323 Ascension Blv,Arlington,Texas,,permitted,,,,,,City of Arlington issued permits,https://opendata.arlingtontx.gov/
Apartments (3+ dwelling units),2319 Ascension Blv,Arlington,Texas,,permitted,,,,,,City of Arlington issued permits,https://opendata.arlingtontx.gov/
Apartments (3+ dwelling units),2315 Ascension Blv,Arlington,Texas,,permitted,,,,,,City of Arlington issued permits,https://opendata.arlingtontx.gov/
Apartments (3+ dwelling units),2309 Ascension Blv,Arlington,Texas,,permitted,,,,,,City of Arlington issued permits,https://opendata.arlingtontx.gov/
Apartments (3+ dwelling units),2305 Ascension Boulevard,Arlington,Texas,,permitted,,,,,,City of Arlington issued permits,https://opendata.arlingtontx.gov/
Apartments (3+ dwelling units),2301 Ascension Boulevard,Arlington,Texas,,permitted,,,,,,City of Arlington issued permits,https://opendata.arlingtontx.gov/
Apartments (3+ dwelling units),9580 Eden Road Bldg 2,Arlington,Texas,,permitted,,,,,,City of Arlington issued permits,https://opendata.arlingtontx.gov/
Apartments (3+ dwelling units),9588 Eden Road Bldg 5,Arlington,Texas,,permitted,,,,,,City of Arlington issued permits,https://opendata.arlingtontx.gov/
Apartments (3+ dwelling units),9586 Eden Road Bldg 4,Arlington,Texas,,permitted,,,,,,City of Arlington issued permits,https://opendata.arlingtontx.gov/
Apartments (3+ dwelling units),9582 Eden Road Bldg 3,Arlington,Texas,,permitted,,,,,,City of Arlington issued permits,https://opendata.arlingtontx.gov/
Apartments (3+ dwelling units),9584 Eden Road Bldg 1,Arlington,Texas,,permitted,,,,,,City of Arlington issued permits,https://opendata.arlingtontx.gov/
Apartments (3+ dwelling units),340 E STEPHENS STREET Bldg,Arlington,Texas,,permitted,,,,,,City of Arlington issued permits,https://opendata.arlingtontx.gov/
Apartments (3+ dwelling units),300 E Stephens Street,Arlington,Texas,,permitted,,,,,,City of Arlington issued permits,https://opendata.arlingtontx.gov/
Apartments at 1415 Enclave Pky,1415 Enclave Pky Bld 3,Houston,Texas,,permitted,,,,,,Houston weekly permit list,https://www.houstontx.gov/planning/DevelopRegs/
Apartments at 7900 Easthaven Blvd,7900 Easthaven Blvd Bld B,Houston,Texas,,permitted,,,,,,Houston weekly permit list,https://www.houstontx.gov/planning/DevelopRegs/
Autumn Parc Apartments,W Arkansas LN,Arlington,Texas,,under construction,2026-01-05,,,OM Housing,(214) 432-7610,State project record,https://www.tdlr.texas.gov/TABS/Search/Project/TABS2025000674
Avanti Hills Apartments,2235 East Glen Blvd.,Mesquite,Texas,,under construction,2028-01-28,,,KCG Avanti Hills LP,(317) 708-6519,State project record,https://www.tdlr.texas.gov/TABS/Search/Project/TABS2026007797
Avenue A Multifamily,1234 Avenue A,Denton,Texas,,under construction,2027-05-28,,,1234 Ave A LLC,(972) 965-2071,State project record,https://www.tdlr.texas.gov/TABS/Search/Project/TABS2025005363
Buena Vida Multifamily Phase 1,1525 E Tyler St,Brownsville,Texas,,under construction,2027-04-21,,,The Housing Authority Of The City Of Brownsville,(856) 214-1530,State project record,https://www.tdlr.texas.gov/TABS/Search/Project/TABS2025009832
Buena Vida Multifamily Phase 2,1500 Ringgold St,Brownsville,Texas,,under construction,2027-04-21,,,The Housing Authority Of The City Of Brownsville,(956) 214-1530,State project record,https://www.tdlr.texas.gov/TABS/Search/Project/TABS2025009834
Build-To-Rent Multi-Family (New Construction),Northeast corner of FM 1385 & Tudor Pl,Celina,Texas,,under construction,2027-01-01,,,Mrp Tmhcbtr LLC,(903) 521-5340,State project record,https://www.tdlr.texas.gov/TABS/Search/Project/TABS2025015127
Bulverde Multifamily Apartments,17626 Bulverde Avenue,San Antonio,Texas,,under construction,2026-02-28,,,"Bulverde Apartments 2022, LLC",(205) 443-4550,State project record,https://www.tdlr.texas.gov/TABS/Search/Project/TABS2026013108
Carrier Place One - Multi Tenant,"1517 W Carrier Pkwy, Grand Prairie",Grand Prairie,Texas,,permitted,,,,,,State permit data,https://www.tad.org/content/data-download/2026CommPermits.zip
Camp Wisdom Senior Living,1431 W Camp Wisdom Road,Dallas,Texas,,permitted,2028-10-16,,,"Texaz Perceptions Partners, LTD",(214) 739-5553,State project record,https://www.tdlr.texas.gov/TABS/Search/Project/TABS2026021731
Caville Boys and Girls Club,"5021 Ave G, Fort Worth",Fort Worth,Texas,,permitted,,,,,,State permit data,https://www.tad.org/content/data-download/2026CommPermits.zip
Collin Creek Multifamily S1,811 N Central Expressway,Plano,Texas,,under construction,2027-07-30,,,Centurion American,(469) 892-7200,State project record,https://www.tdlr.texas.gov/TABS/Search/Project/TABS2026023342
Copperfield Drive Apartments,4251 Boonville Road,Bryan,Texas,,under construction,2028-01-09,,,"Adam Development Properties, L.P.",(979) 776-1111,State project record,https://www.tdlr.texas.gov/TABS/Search/Project/TABS2026008710
Crescendo Apartments at Elm Park,34th Street and Milwaukee Avenue,Lubbock,Texas,,under construction,2027-03-31,,,"Tigris Holdings, LLC",(806) 687-8888,State project record,https://www.tdlr.texas.gov/TABS/Search/Project/TABS2025002457
Desert Pearl Apartments,12400 Vista Del Sol Drive,El Paso,Texas,,under construction,2026-09-01,,,EP Heritage Development,(915) 892-0400,State project record,https://www.tdlr.texas.gov/TABS/Search/Project/TABS2025019646
Dosuns Apartments,14805 Lindita Drive,Houston,Texas,,under construction,2028-03-10,,,Dosuns Holding Corporation,(210) 287-9339,State project record,https://www.tdlr.texas.gov/TABS/Search/Project/TABS2026010419
Durango Apartments,427 S Presa St,San Antonio,Texas,,permitted,2028-12-31,,,"Durango Owner, LLC",(609) 634-3332,State project record,https://www.tdlr.texas.gov/TABS/Search/Project/TABS2026024986
E. MLK Apartment,4810 E. MLK Blvd,Austin,Texas,,under construction,2027-12-01,,,2654 Imperial Crossing LLC,(281) 296-2367,State project record,https://www.tdlr.texas.gov/TABS/Search/Project/TABS2026010049
Eden Apartment Building,325 King Lane,Garland,Texas,,under construction,2028-01-31,,,Hills and Valleys Properties LLC,(972) 809-8722,State project record,https://www.tdlr.texas.gov/TABS/Search/Project/TABS2026007598
Epitome Thaxton Multi-Family,8318 Thaxton Rd,Austin,Texas,,under construction,2026-08-30,,,Epitome Development,(281) 216-9630,State project record,https://www.tdlr.texas.gov/TABS/Search/Project/TABS2025010869
Fort Worth City Hall,"200 Texas St, Fort Worth",Fort Worth,Texas,,permitted,,,,,,State permit data,https://www.tad.org/content/data-download/2026CommPermits.zip
Future Heights Of Crowley Apts,"7252 Crowley Rd, Fort Worth",Tdlr,Texas,,permitted,,,,,,State permit data,https://www.tad.org/content/data-download/2026CommPermits.zip
Falcon Senior Living,East State Highway 71,Horseshoe Bay,Texas,,under construction,2027-01-15,,,Falcon Senior Housing,(925) 708-8994,State project record,https://www.tdlr.texas.gov/TABS/Search/Project/TABS2025011961
Fort Worth Apartments,3320 Hemphill Street,Fort Worth,Texas,,under construction,2028-01-01,,,"Fort Worth Residences, LLC",(205) 202-9262,State project record,https://www.tdlr.texas.gov/TABS/Search/Project/TABS2026001191
Foxfern I-30 Apartments,305 W Interstate Highway 30,Grand Prairie,Texas,,under construction,2027-12-01,,,"Foxfern Holdings, LLC",(214) 729-9042,State project record,https://www.tdlr.texas.gov/TABS/Search/Project/TABS2026006454
Foxlake II Apartments,19615 Park Row Blvd.,Houston,Texas,,under construction,2027-12-01,,,"OHT Foxlake II, LP",(512) 220-7816,State project record,https://www.tdlr.texas.gov/TABS/Search/Project/TABS2025019864
Franklin Branch Apartments,3565 FM 1461,Mckinney,Texas,,permitted,2028-11-04,,,Franklin Branch Apartments Ltd.,(512) 202-9011,State project record,https://www.tdlr.texas.gov/TABS/Search/Project/TABS2026025468
Great Hearts Prairie View,"9001 NW Hwy 287, Fort Worth",Fort Worth,Texas,,permitted,,,,,,State permit data,https://www.tad.org/content/data-download/2026CommPermits.zip
Gateway West Apartments,North Gateway Boulevard,Forney,Texas,,under construction,2027-08-25,,,"Forney Residential XXIII, LP",(214) 360-1831,State project record,https://www.tdlr.texas.gov/TABS/Search/Project/TABS2025020563
Greenbriar Residences,5610 Greenbriar,Houston,Texas,,permitted,2029-09-15,,,Chaucer Eat LLC,(713) 348-6115,State project record,https://www.tdlr.texas.gov/TABS/Search/Project/TABS2027000841
Guerlain Luxury Apartments,Lot 2-Los Lagos Apt. Sub&#39;n. 2406 S. Raul Longoria,Edinburg,Texas,,under construction,2025-12-25,,,Apartment Guerlain no.1 LLC,(956) 605-9445,State project record,https://www.tdlr.texas.gov/TABS/Search/Project/TABS2025011931
HELU Blanco Trace Multifamily / The Entrada at San Marcos Bldg 1,428 Ivory St BLDG 1,San Marcos,Texas,,permitted,,,,,,City of San Marcos building permits,https://www.sanmarcostx.gov/254/Building-Permits
Horizon Estates Apartments,975 S. Horizon Blvd.,Socorro,Texas,,under construction,2027-09-30,,,Arh Horizon Estates LLC,(915) 532-3100,State project record,https://www.tdlr.texas.gov/TABS/Search/Project/TABS2026020039
Harmon Road Apartments,1701 E. Harmon Road,Fort Worth,Texas,,under construction,2027-08-01,,,DD East Harmon LLC,(770) 474-4345,State project record,https://www.tdlr.texas.gov/TABS/Search/Project/TABS2026010032
Haynes Lofts,9427 SE 410,San Antonio,Texas,,under construction,2027-09-15,,,Sabot Development LTD,(512) 565-7509,State project record,https://www.tdlr.texas.gov/TABS/Search/Project/TABS2025013167
Highway 3 Apartments,16200 State Highway 3,Webster,Texas,,under construction,2027-08-13,,,"OHT Dev Holding, LLC",(512) 220-7816,State project record,https://www.tdlr.texas.gov/TABS/Search/Project/TABS2025017346
Inwood Senior Living,3700 Inwood Road,Dallas,Texas,,under construction,2027-05-31,,,Harbert South Bay,(214) 370-2632,State project record,https://www.tdlr.texas.gov/TABS/Search/Project/TABS2025022308
Joe Brown Insurance,"3225 S University Dr, Fort Worth",Fort Worth,Texas,,permitted,,,,,,State permit data,https://www.tad.org/content/data-download/2026CommPermits.zip
Jps East - Parking / Magnolia Apts,"300 E Magnolia Ave, Fort Worth",Unassigned,Texas,,permitted,,,,,,State permit data,https://www.tad.org/content/data-download/2025CommPermits.zip
Lakeworth Multi Family Apartments,6251 Shady Oaks Manor Dr,Fort Worth,Texas,,under construction,2026-12-31,,,Lakeworth City Realty LLC,(214) 796-2983,State project record,https://www.tdlr.texas.gov/TABS/Search/Project/TABS2026012259
Lapiz Flats 40% Pctc,"2300 Ave H E, Grand Prairie",Grand Prairie,Texas,,permitted,,,,,,State permit data,https://www.tad.org/content/data-download/2026CommPermits.zip
Lofts at Birdwell Phase 1,TBD Birdwell Lane,Big Spring,Texas,,under construction,2027-05-01,,,Big Spring Multifamily #1 LP,(512) 658-9070,State project record,https://www.tdlr.texas.gov/TABS/Search/Project/TABS2026017966
Maranello - Premier Auto Residences,Mapleshade LN -NE corner appr. 235 LF east of Ohio,Plano,Texas,,under construction,2026-03-23,,,"Maranello – Plano, LP",(214) 597-3569,State project record,https://www.tdlr.texas.gov/TABS/Search/Project/TABS2025004910
Memphis Ave Apartment Complex,1103 N Memphis Ave,Lubbock,Texas,,under construction,2027-07-01,,,5G Memphis LLC,(806) 438-9328,State project record,https://www.tdlr.texas.gov/TABS/Search/Project/TABS2026011968
Mesa Hills Apartments,"1040 Mesa Hills El Paso, Tx 79912",El Paso,Texas,,under construction,2026-04-01,,,Housing Opportunity Management Enterprises,(915) 849-3631,State project record,https://www.tdlr.texas.gov/TABS/Search/Project/TABS2025009259
Mid-Town Pharr Apartments - site improvements,601 West Polk Ave.,Pharr,Texas,,under construction,2026-05-13,,,"Mid-Town Pharr, LLC, TX LLC",(956) 631-9500,State project record,https://www.tdlr.texas.gov/TABS/Search/Project/TABS2025009480
Monterey Villas Apartment Complex,6107 66th Street,Lubbock,Texas,,under construction,2026-11-01,,,8G Capital Holding LLC,(806) 438-9328,State project record,https://www.tdlr.texas.gov/TABS/Search/Project/TABS2025019063
Montrose Multifamily Development Foundation Package,1005 Westheimer Rd,Houston,Texas,,under construction,2028-01-21,,,Scd Montrose Houston LLC,(917) 438-4500,State project record,https://www.tdlr.texas.gov/TABS/Search/Project/TABS2025016217
Moontower Flats,1910 E Martin Luther King Jr Blvd,Austin,Texas,,under construction,2027-07-31,,,Building/Facility Owner: Texas State Affordable Housing Corporation,(512) 477-3562,State project record,https://www.tdlr.texas.gov/TABS/Search/Project/TABS2025020604
NRP 301 Lofts,13388 W. US Highway 90,San Antonio,Texas,,permitted,2028-07-01,,,301 Lofts Ltd.,(844) 677-0002,State project record,https://www.tdlr.texas.gov/TABS/Search/Project/TABS2026019962
Nacogdoches Apartments - Bld#  2-Apt. Bldg. & Clubhouse,"7010 Comanche Land, City Of San Antonio, TX 78233",San Antonio,Texas,,permitted,,,,,,Website,https://data.sanantonio.gov/api/3/action/datastore_search_sql
New Site Development for Willowbrook Apartments,Near Corner of Willowbrook St. & Valley Mills Dr.,Waco,Texas,,under construction,2026-10-01,,,"Willowbrook Apartments Waco, LLC",(254) 759-8027,State project record,https://www.tdlr.texas.gov/TABS/Search/Project/TABS2025002103
"New mixed-use project, includes structured parking garage, multi-family, and retail",6401 Smithfield,North Richland Hills,Texas,,under construction,2026-12-30,,,C2C Smithfield LP,(214) 505-5080,State project record,https://www.tdlr.texas.gov/TABS/Search/Project/TABS2025002557
North Fields Park Multi-Family Blk A Lot 4,PGA Parkway,Frisco,Texas,,under construction,2026-11-02,,,"North Fields Investment Partners, LP",(214) 978-8761,State project record,https://www.tdlr.texas.gov/TABS/Search/Project/TABS2026003137
Oht Altamesa LLC,"5554 Altamesa Blvd, Fort Worth",Fort Worth,Texas,,permitted,,,,,,State permit data,https://www.tad.org/content/data-download/2026CommPermits.zip
Oak Springs Apartments,2900 Oak Springs,Austin,Texas,,under construction,2028-10-31,,,2900 Oak Springs Horizontal Investors LP,(512) 774-4750,State project record,https://www.tdlr.texas.gov/TABS/Search/Project/TABS2026007992
Oak Street Family Multi-Family,401 E Oak Street,Granger,Texas,,under construction,2028-04-01,,,Hyo Sop Kim,(512) 565-0980,State project record,https://www.tdlr.texas.gov/TABS/Search/Project/TABS2026015953
Palm Village Apartments,1400 Palm Blvd.,Brownsville,Texas,,under construction,2027-04-13,,,Uptown Brownsville LLC,(956) 574-9373,State project record,https://www.tdlr.texas.gov/TABS/Search/Project/TABS2026016980
Pebble Hills Place Apartments,12670 Pebble Hills Blvd,El Paso,Texas,,under construction,2027-04-12,,,"GM Pebble Hills Place, LTD",(954) 507-6222,State project record,https://www.tdlr.texas.gov/TABS/Search/Project/TABS2026007793
Pelican Pearland Town Center Multifamily,3200 Business Center Dr,Pearland,Texas,,under construction,2027-01-15,,,"CRP / Pelican Pearland Venture, LLC",(713) 871-8170,State project record,https://www.tdlr.texas.gov/TABS/Search/Project/TABS2025007480
Prairie Lakes Multifamily,5081 FM 2001,Bula,Texas,,under construction,2028-07-31,,,"Continental Homes of Texas, LP",(972) 822-4848,State project record,https://www.tdlr.texas.gov/TABS/Search/Project/TABS2025017372
Prosper Elms Apartments,634 N. Teel Parkway,Prosper,Texas,,under construction,2027-09-01,,,Fidelity National Title Agency INC,(972) 422-2000,State project record,https://www.tdlr.texas.gov/TABS/Search/Project/TABS2025023098
Quarry Oaks Apartments,10911 Stonelake Boulevard,Austin,Texas,,under construction,2028-09-01,,,"10911 Stonelake, LP",(512) 638-2139,State project record,https://www.tdlr.texas.gov/TABS/Search/Project/TABS2026018898
Randol Mill Apartments,2601 W Randol Mill Road,Arlington,Texas,,under construction,2027-11-01,,,"OHT Dev Holdings, LLC",(469) 722-4652,State project record,https://www.tdlr.texas.gov/TABS/Search/Project/TABS2025025810
Roanoke Lofts,1104 Tx-114,Roanoke,Texas,,under construction,2026-10-15,,,Leeds Residential Inc.,(972) 754-1024,State project record,https://www.tdlr.texas.gov/TABS/Search/Project/TABS2025003222
Rock Creek Apartments - Phase 2,SW Brewer Blvd,Fort Worth,Texas,,under construction,2027-05-30,,,AMFP VI Chisholm Trail II LLC,(212) 203-4964,State project record,https://www.tdlr.texas.gov/TABS/Search/Project/TABS2025010443
Sam Houston Apartments,6125 South Sam Houston East Pky,Houston,Texas,,under construction,2026-05-01,,,8 Way Equity LLC,(713) 245-0779,State project record,https://www.tdlr.texas.gov/TABS/Search/Project/TABS2025023290
Southlake Brownstones,"351 Central Ave, Southlake",Southlake,Texas,,permitted,,,,,,State permit data,https://www.tad.org/content/data-download/2026CommPermits.zip
Sterlingshire Apartments,9002 Sterlingshire St,Houston,Texas,,permitted,2027-10-01,,,Sterlingshire Preservation LLC,(212) 507-9325,State project record,https://www.tdlr.texas.gov/TABS/Search/Project/TABS2026019665
San Antonio Courtyard Duplexes/Rental New Bldg 1 Apt 101 and Apt 102,411 W San Antonio St Apt 101,San Marcos,Texas,,permitted,,,,,,City of San Marcos building permits,https://www.sanmarcostx.gov/254/Building-Permits
St. Regis Residences,102 Asbury Street,Houston,Texas,,under construction,2028-06-02,,,"SR Luxury Condominium, LTD",(832) 795-7205,State project record,https://www.tdlr.texas.gov/TABS/Search/Project/TABS2026007491
The Calhoun Apts (In Development),"1000 Jones St, Fort Worth",Fort Worth,Texas,,permitted,,,,,,State permit data,https://www.tad.org/content/data-download/2026CommPermits.zip
The Apperson Apartments,1431 Apple Street,Dallas,Texas,,permitted,2029-01-31,,,Apple Caddo MF Venture LP,(903) 278-7923,State project record,https://www.tdlr.texas.gov/TABS/Search/Project/TABS2026023464
The Klein Residences,Sophie Lane,New Braunfels,Texas,,permitted,2029-06-01,,,Solms Residences LLC,(773) 682-4343,State project record,https://www.tdlr.texas.gov/TABS/Search/Project/TABS2026024527
The Legacy at Willow Bend Expansion - FLATS,6101 Ohio Dr.,Plano,Texas,,under construction,2026-05-01,,,The Legacy at Willow Bend Retirement Community Inc,(972) 468-6166,State project record,https://www.tdlr.texas.gov/TABS/Search/Project/TABS2025006463
The Lofts at Allen Ridge Phase II,North Judge Ely Blvd,Abilene,Texas,,permitted,2028-07-02,,,Abilene Christian University,(325) 518-6615,State project record,https://www.tdlr.texas.gov/TABS/Search/Project/TABS2026025156
The Springs Apartments Club / Bldg1,316 Northgate Rd Bldg 1,San Marcos,Texas,,permitted,,,,,,City of San Marcos building permits,https://www.sanmarcostx.gov/254/Building-Permits
Traditions Apartments,5068 Raymond Stotzer Parkway,College Station,Texas,,under construction,2026-12-04,,,McGrath Real Estate Partners,(832) 449-0551,State project record,https://www.tdlr.texas.gov/TABS/Search/Project/TABS2025016571
Trinity East Village Senior Apartments,2611 Saint Charles,Houston,Texas,,under construction,2027-10-31,,,Trinity East United Methodist Church,(832) 280-7554,State project record,https://www.tdlr.texas.gov/TABS/Search/Project/TABS2026004985
Union Grove Apartments,TBD Union Grove,Lufkin,Texas,,under construction,2027-06-01,,,Bruce Love,(936) 631-3110,State project record,https://www.tdlr.texas.gov/TABS/Search/Project/TABS2026001346
Village At Timarron,"601 E Southlake Blvd, Southlake",Tdlr,Texas,,permitted,,,,,,State permit data,https://www.tad.org/content/data-download/2026CommPermits.zip
Vacant Land - Commercial Phase 1,"4700 Lake Ridge Pkwy, Grand Prairie",Grand Prairie,Texas,,permitted,,,,,,State permit data,https://www.tad.org/content/data-download/2025CommPermits.zip
Vacant Land - Commercial Phase 2,"1701 University Dr, Fort Worth",Fort Worth,Texas,,permitted,,,,,,State permit data,https://www.tad.org/content/data-download/2026CommPermits.zip
Vacant Land / 80094694,"5220 E Lancaster Ave, Fort Worth",Tdlr,Texas,,permitted,,,,,,State permit data,https://www.tad.org/content/data-download/2026CommPermits.zip
Vacant Land Phase 1,"11450 Trinity Blvd, Fort Worth",Fort Worth,Texas,,permitted,,,,,,State permit data,https://www.tad.org/content/data-download/2026CommPermits.zip
Vacant Land Phase 2,"8601 North City Dr, Fort Worth",Fort Worth,Texas,,permitted,,,,,,State permit data,https://www.tad.org/content/data-download/2026CommPermits.zip
Vacant Land Phase 3,"S State Hwy 360, Grand Prairie",Grand Prairie,Texas,,permitted,,,,,,State permit data,https://www.tad.org/content/data-download/2026CommPermits.zip
Village East Apartments,2750 West Cantey Street,Fort Worth,Texas,,under construction,2026-07-01,,,Newsome Development,(785) 331-4644,State project record,https://www.tdlr.texas.gov/TABS/Search/Project/TABS2025026462
Well Site - 3701 W IH 20,"3701 W IH 20, Arlington",Arlington,Texas,,permitted,,,,,,State permit data,https://www.tad.org/content/data-download/2026CommPermits.zip
West Centerville Active Senior Living,505 West Centerville Rd,Garland,Texas,,under construction,2027-10-01,,,M& A Development,(804) 999-4449,State project record,https://www.tdlr.texas.gov/TABS/Search/Project/TABS2025019904
